{"type":"FeatureCollection","name":"districts","crs":{"type":"name","properties":{"name":"urn:ogc:def:crs:OGC:1.3:CRS84"}},"features":[{"type":"Feature","properties":{"province":"ACEH","district":"ACEH BARAT","id":"ACEH/ACEH BARAT","name":"ACEH BARAT"},"geometry":{"type":"Polygon","coordinates":[[[96.2603,4.7124],[96.2705,4.6977],[96.3603,4.6703],[96.4062,4.67],[96.4475,4.6231],[96.4851,4.6306],[96.4963,4.5596],[96.4909,4.5461],[96.4433,4.5278],[96.4593,4.5011],[96.4841,4.5001],[96.4822,4.4611],[96.4377,4.4251],[96.3721,4.4179],[96.364,4.3927],[96.3325,4.391],[96.3411,4.377],[96.3049,4.35],[96.3113,4.3376],[96.2588,4.2739],[96.252,4.2443],[96.2735,4.2073],[96.2754,4.1527],[96.2571,4.1365],[96.2384,4.1439],[96.2355,4.1214],[96.1897,4.1069],[96.1447,4.1419],[96.1273,4.1238],[96.0545,4.2068],[96.0244,4.1941],[95.8763,4.3698],[95.9575,4.5101],[96.0419,4.5855],[96.0259,4.6134],[96.0428,4.6599],[96.0002,4.7495],[96.1068,4.7497],[96.1045,4.6752],[96.1335,4.6754],[96.1411,4.7042],[96.1586,4.7107],[96.1676,4.7501],[96.2603,4.7124]]]}},{"type":"Feature","properties":{"province":"ACEH","district":"ACEH BARAT DAYA","id":"ACEH/ACEH BARAT DAYA","name":"ACEH BARAT DAYA"},"geometry":{"type":"Polygon","coordinates":[[[96.7301,4.0941],[96.7912,4.0509],[96.7985,3.9996],[96.8383,3.9544],[96.9839,3.9372],[97.0461,3.9584],[97.1116,3.9371],[97.1116,3.8329],[97.1545,3.7415],[97.1311,3.6843],[97.0356,3.6008],[96.9695,3.6183],[96.9399,3.5747],[96.9032,3.6022],[96.882,3.673],[96.8543,3.7009],[96.7731,3.7391],[96.6707,3.7464],[96.62,3.737],[96.6194,3.7626],[96.6064,3.7695],[96.6199,3.7902],[96.6107,3.8177],[96.5847,3.8338],[96.5961,3.8867],[96.6033,3.9082],[96.6213,3.9127],[96.6319,3.9634],[96.6991,3.9878],[96.7175,4.0096],[96.7129,4.0217],[96.7278,4.0397],[96.7189,4.0788],[96.7301,4.0941]]]}},{"type":"Feature","properties":{"province":"ACEH","district":"ACEH BESAR","id":"ACEH/ACEH BESAR","name":"ACEH BESAR"},"geometry":{"type":"Polygon","coordinates":[[[95.4338,5.6566],[95.4622,5.6466],[95.5151,5.5954],[95.5306,5.5997],[95.5315,5.6146],[95.6107,5.6278],[95.6858,5.5848],[95.7447,5.5694],[95.7287,5.5422],[95.7253,5.5233],[95.7373,5.5126],[95.726,5.5005],[95.7642,5.4676],[95.761,5.4443],[95.7749,5.4563],[95.7803,5.4426],[95.7533,5.4186],[95.7676,5.4035],[95.7485,5.3189],[95.767,5.3107],[95.7649,5.2898],[95.7914,5.2801],[95.7748,5.2534],[95.8399,5.1415],[95.8207,5.0855],[95.7336,5.053],[95.6483,5.0671],[95.6301,5.0917],[95.643,5.1468],[95.5878,5.2086],[95.5454,5.2058],[95.4987,5.2202],[95.4631,5.2103],[95.4209,5.225],[95.4015,5.2125],[95.3664,5.2542],[95.3248,5.2242],[95.3321,5.179],[95.3083,5.1676],[95.2421,5.2222],[95.2529,5.2397],[95.2328,5.2581],[95.2456,5.2752],[95.2296,5.2884],[95.2206,5.2716],[95.2118,5.2755],[95.2184,5.3242],[95.2309,5.3154],[95.2387,5.3246],[95.2219,5.3446],[95.2299,5.3623],[95.2433,5.3406],[95.2528,5.3764],[95.2424,5.425],[95.2296,5.4328],[95.2439,5.4576],[95.2286,5.4963],[95.1935,5.5275],[95.225,5.5757],[95.2395,5.57],[95.2393,5.5478],[95.2809,5.548],[95.2801,5.536],[95.3092,5.5171],[95.3436,5.5278],[95.3596,5.5412],[95.3576,5.5713],[95.3776,5.5691],[95.3688,5.5891],[95.3548,5.5836],[95.3503,5.5947],[95.4338,5.6566]]]}},{"type":"Feature","properties":{"province":"ACEH","district":"ACEH JAYA","id":"ACEH/ACEH JAYA","name":"ACEH JAYA"},"geometry":{"type":"Polygon","coordinates":[[[95.3925,5.2233],[95.4015,5.2125],[95.4209,5.225],[95.4631,5.2103],[95.5337,5.217],[95.5454,5.2058],[95.5878,5.2086],[95.5971,5.1922],[95.6143,5.1904],[95.6436,5.1445],[95.6318,5.1268],[95.639,5.0737],[95.7055,5.052],[95.7621,5.0555],[95.7835,5.0088],[95.8469,4.9544],[95.8562,4.9284],[95.8814,4.9159],[95.9013,4.8681],[95.952,4.8347],[95.9921,4.786],[95.9945,4.7556],[96.0428,4.6599],[96.0259,4.6134],[96.0419,4.5855],[95.9575,4.5101],[95.8763,4.3698],[95.61,4.6192],[95.5873,4.6319],[95.567,4.6268],[95.5836,4.6561],[95.5622,4.6673],[95.5562,4.6546],[95.541,4.6558],[95.5328,4.6846],[95.5058,4.707],[95.5136,4.7181],[95.4946,4.7486],[95.4534,4.7822],[95.4457,4.8078],[95.4125,4.8199],[95.4248,4.8416],[95.3978,4.8702],[95.4007,4.895],[95.3669,4.9481],[95.3814,4.9627],[95.3558,5.0037],[95.3673,5.0325],[95.3071,5.0811],[95.3206,5.0915],[95.3039,5.1098],[95.3016,5.1389],[95.306,5.1681],[95.3321,5.179],[95.3253,5.2248],[95.3674,5.2543],[95.3925,5.2233]]]}},{"type":"Feature","properties":{"province":"ACEH","district":"ACEH SELATAN","id":"ACEH/ACEH SELATAN","name":"ACEH SELATAN"},"geometry":{"type":"Polygon","coordinates":[[[97.2685,3.6489],[97.2841,3.6425],[97.2951,3.5952],[97.3739,3.639],[97.4035,3.6156],[97.4351,3.6361],[97.4631,3.6187],[97.4841,3.5432],[97.4509,3.5359],[97.3983,3.4504],[97.4403,3.3961],[97.4747,3.3232],[97.4641,3.2679],[97.4774,3.217],[97.6155,3.0921],[97.6429,3.0299],[97.6335,3.0072],[97.6406,2.9535],[97.7536,2.9271],[97.7722,2.9609],[97.7982,2.975],[97.8073,2.9607],[97.8148,2.983],[97.9067,2.9571],[97.9057,2.9118],[97.8586,2.8819],[97.8577,2.843],[97.7665,2.7881],[97.8252,2.6369],[97.791,2.4984],[97.71,2.4091],[97.6631,2.4002],[97.65,2.6761],[97.6146,2.8334],[97.5935,2.8791],[97.5784,2.8915],[97.5405,2.8842],[97.4864,2.9207],[97.427,2.9335],[97.3962,2.9606],[97.316,3.0551],[97.2553,3.2247],[97.2241,3.2317],[97.1937,3.2608],[97.1794,3.2497],[97.1694,3.2576],[97.0023,3.5474],[96.9425,3.5739],[96.9695,3.6183],[97.0356,3.6008],[97.1311,3.6843],[97.1545,3.7415],[97.2685,3.6489]]]}},{"type":"Feature","properties":{"province":"ACEH","district":"ACEH SINGKIL","id":"ACEH/ACEH SINGKIL","name":"ACEH SINGKIL"},"geometry":{"type":"Polygon","coordinates":[[[98.0314,2.5804],[98.0767,2.5747],[98.0861,2.5007],[98.1474,2.4237],[98.1966,2.3132],[98.1762,2.2358],[98.1273,2.1695],[97.9497,2.2704],[97.9134,2.2717],[97.8814,2.2432],[97.8003,2.2708],[97.7853,2.2314],[97.7345,2.3147],[97.665,2.3949],[97.7311,2.4218],[97.7912,2.5002],[97.865,2.4988],[97.855,2.5646],[98.0314,2.5804]]]}},{"type":"Feature","properties":{"province":"ACEH","district":"ACEH TAMIANG","id":"ACEH/ACEH TAMIANG","name":"ACEH TAMIANG"},"geometry":{"type":"Polygon","coordinates":[[[98.1194,4.5231],[98.1691,4.5024],[98.1865,4.4785],[98.2342,4.4636],[98.2341,4.4451],[98.2608,4.4242],[98.2593,4.4109],[98.2873,4.4174],[98.2735,4.3958],[98.2799,4.3307],[98.2546,4.2903],[98.2379,4.2836],[98.1988,4.3025],[98.1547,4.2891],[98.1438,4.2598],[98.072,4.2504],[98.0947,4.2086],[98.0876,4.1898],[98.062,4.1851],[98.0748,4.1452],[98.057,4.1339],[98.0402,4.0412],[98.0539,4.015],[98.0873,3.9995],[98.0937,3.9683],[98.0544,3.9438],[98.0131,3.952],[98.0078,3.9018],[97.9501,3.8888],[97.8755,3.9294],[97.8411,4.0008],[97.8126,4.0067],[97.7998,4.0933],[97.7555,4.1182],[97.7387,4.1458],[97.7326,4.2508],[97.7724,4.3205],[97.7617,4.336],[97.7849,4.3565],[97.8384,4.3698],[97.858,4.387],[97.9075,4.3903],[97.9321,4.3599],[97.9639,4.3698],[98.0024,4.4085],[98.0383,4.4166],[98.0459,4.4637],[98.0666,4.4926],[98.062,4.5109],[98.0843,4.5073],[98.0875,4.522],[98.1194,4.5231]]]}},{"type":"Feature","properties":{"province":"ACEH","district":"ACEH TENGAH","id":"ACEH/ACEH TENGAH","name":"ACEH TENGAH"},"geometry":{"type":"Polygon","coordinates":[[[96.6212,4.9525],[96.6759,4.9492],[96.6911,4.8377],[96.7084,4.8183],[96.6837,4.7555],[96.7025,4.7446],[96.7106,4.7526],[96.7468,4.7126],[96.7874,4.7132],[96.8091,4.6728],[96.822,4.6869],[96.8242,4.668],[97.0207,4.6439],[97.0508,4.6032],[97.1475,4.5791],[97.2322,4.6042],[97.3125,4.6046],[97.3171,4.5486],[97.2775,4.5196],[97.29,4.5006],[97.3132,4.5085],[97.3429,4.4999],[97.3466,4.4379],[97.3682,4.3822],[97.3494,4.25],[97.3589,4.2143],[97.2407,4.1745],[97.2159,4.2357],[97.162,4.2791],[97.1095,4.2365],[97.0151,4.2045],[97.0036,4.1763],[96.973,4.2002],[96.9281,4.2002],[96.8875,4.2211],[96.8366,4.2816],[96.7937,4.2804],[96.7189,4.3262],[96.7189,4.354],[96.6762,4.3668],[96.6718,4.3819],[96.6839,4.3942],[96.6278,4.4063],[96.6547,4.4494],[96.6887,4.4698],[96.6594,4.5023],[96.622,4.5142],[96.6066,4.5027],[96.6186,4.5306],[96.6557,4.5297],[96.6462,4.5569],[96.576,4.5756],[96.5031,4.6322],[96.4475,4.6231],[96.4052,4.6704],[96.3612,4.67],[96.2586,4.7055],[96.2821,4.7798],[96.3069,4.7633],[96.4704,4.762],[96.4773,4.8447],[96.4562,4.8615],[96.4699,4.8941],[96.4919,4.8895],[96.5111,4.9008],[96.5408,4.9369],[96.5731,4.9477],[96.5984,4.9385],[96.6212,4.9525]]]}},{"type":"Feature","properties":{"province":"ACEH","district":"ACEH TENGGARA","id":"ACEH/ACEH TENGGARA","name":"ACEH TENGGARA"},"geometry":{"type":"Polygon","coordinates":[[[98.0293,3.3308],[97.969,3.2737],[97.9046,3.2581],[97.9477,3.2008],[97.9424,3.1641],[97.9822,3.1161],[97.9752,3.073],[97.9528,3.065],[97.9365,3.0743],[97.9402,2.9927],[97.8952,3.0087],[97.8372,3.0033],[97.8082,2.9613],[97.7982,2.975],[97.7722,2.9609],[97.7536,2.9271],[97.644,2.9513],[97.6328,2.9763],[97.6429,3.0299],[97.6155,3.0921],[97.4774,3.217],[97.4641,3.2679],[97.4747,3.3232],[97.4403,3.3961],[97.3983,3.4504],[97.4509,3.5359],[97.4841,3.5432],[97.4631,3.6187],[97.4351,3.6361],[97.4035,3.6156],[97.3739,3.639],[97.295,3.5952],[97.2818,3.6462],[97.2065,3.6913],[97.2508,3.6923],[97.2935,3.6732],[97.3514,3.6759],[97.5741,3.7116],[97.636,3.7337],[97.8249,3.7506],[97.8005,3.7226],[97.8718,3.6126],[97.8681,3.5711],[97.9066,3.5552],[97.9212,3.4985],[97.9588,3.4832],[97.9335,3.4422],[97.9507,3.413],[97.948,3.3915],[98.0034,3.3689],[98.0293,3.3308]]]}},{"type":"Feature","properties":{"province":"ACEH","district":"ACEH TIMUR","id":"ACEH/ACEH TIMUR","name":"ACEH TIMUR"},"geometry":{"type":"Polygon","coordinates":[[[97.4978,5.2492],[97.5534,5.2123],[97.544,5.2045],[97.591,5.1437],[97.652,5.1232],[97.6578,5.0808],[97.6442,5.0847],[97.6447,5.0756],[97.6752,5.0479],[97.8403,4.9072],[97.8933,4.8857],[97.9072,4.8914],[97.9606,4.7414],[97.963,4.6654],[97.9958,4.6393],[98.0021,4.607],[97.9721,4.5612],[97.9792,4.5422],[97.9652,4.5303],[97.9168,4.5314],[97.8948,4.5047],[97.8908,4.4783],[97.8682,4.4725],[97.8678,4.4548],[97.9019,4.4435],[97.9177,4.451],[97.9276,4.4357],[97.9172,4.4195],[97.9659,4.4434],[97.972,4.418],[98.0027,4.4016],[97.9335,4.3601],[97.9074,4.3903],[97.8565,4.3868],[97.8384,4.3698],[97.7849,4.3565],[97.7617,4.336],[97.7724,4.3205],[97.7329,4.2492],[97.687,4.2469],[97.6463,4.2199],[97.6025,4.2506],[97.5625,4.1981],[97.5188,4.1844],[97.498,4.1557],[97.4246,4.1743],[97.3589,4.2143],[97.3494,4.25],[97.3682,4.3822],[97.3466,4.4379],[97.3429,4.4999],[97.3132,4.5085],[97.29,4.5006],[97.2795,4.5125],[97.2794,4.5239],[97.3171,4.5486],[97.3143,4.5976],[97.2964,4.6249],[97.2757,4.6285],[97.2619,4.6166],[97.2563,4.6492],[97.259,4.6616],[97.2895,4.6583],[97.3089,4.6708],[97.3282,4.706],[97.3186,4.739],[97.3379,4.7789],[97.3549,4.7719],[97.3639,4.7841],[97.3621,4.7678],[97.4242,4.7554],[97.4178,4.7689],[97.4003,4.7666],[97.4057,4.795],[97.4192,4.789],[97.4114,4.7807],[97.4352,4.7875],[97.4354,4.821],[97.4571,4.8222],[97.4428,4.8329],[97.4591,4.8466],[97.477,4.8393],[97.4881,4.8668],[97.5115,4.8825],[97.4968,4.8753],[97.5062,4.8913],[97.4928,4.8867],[97.4985,4.8992],[97.4835,4.9025],[97.4785,4.921],[97.4655,4.917],[97.4719,4.948],[97.4874,4.9417],[97.505,4.9588],[97.4846,4.9613],[97.5015,4.9667],[97.4907,4.9789],[97.5079,4.997],[97.4932,5.0146],[97.5145,5.0305],[97.4976,5.0508],[97.5135,5.0509],[97.5148,5.0728],[97.4917,5.0719],[97.4952,5.0859],[97.4843,5.0784],[97.4818,5.0975],[97.4682,5.0932],[97.4728,5.1035],[97.4596,5.112],[97.4781,5.1265],[97.4658,5.1535],[97.4983,5.1585],[97.4853,5.1821],[97.5009,5.1882],[97.4962,5.203],[97.4874,5.2001],[97.4996,5.2131],[97.4834,5.2398],[97.4978,5.2492]]]}},{"type":"Feature","properties":{"province":"ACEH","district":"ACEH UTARA","id":"ACEH/ACEH UTARA","name":"ACEH UTARA"},"geometry":{"type":"Polygon","coordinates":[[[96.9771,5.2627],[97.046,5.2426],[97.0266,5.1974],[97.0486,5.199],[97.0655,5.1621],[97.0882,5.1707],[97.0845,5.1451],[97.1087,5.1287],[97.1011,5.1135],[97.1525,5.0803],[97.1777,5.0837],[97.1763,5.1421],[97.2416,5.1545],[97.4836,5.2431],[97.4996,5.2131],[97.4874,5.1998],[97.5011,5.1891],[97.4872,5.188],[97.4871,5.1691],[97.5002,5.1685],[97.4869,5.1506],[97.4658,5.1535],[97.4781,5.1265],[97.4596,5.112],[97.4728,5.1035],[97.4682,5.0932],[97.4818,5.0975],[97.4843,5.0784],[97.4952,5.0859],[97.4917,5.0719],[97.5,5.0783],[97.5068,5.0665],[97.5115,5.0762],[97.5165,5.0605],[97.4976,5.0508],[97.5145,5.0305],[97.4932,5.0146],[97.5079,4.997],[97.4907,4.9789],[97.5015,4.9667],[97.4846,4.9613],[97.505,4.9588],[97.4874,4.9417],[97.4719,4.948],[97.4656,4.9159],[97.4785,4.921],[97.4835,4.9025],[97.499,4.8983],[97.4925,4.887],[97.5062,4.8913],[97.4968,4.8753],[97.5117,4.8831],[97.4881,4.8668],[97.477,4.8393],[97.4591,4.8466],[97.4428,4.8329],[97.4571,4.8222],[97.4354,4.821],[97.4352,4.7875],[97.4114,4.7807],[97.4192,4.789],[97.4057,4.795],[97.4003,4.7666],[97.4178,4.7689],[97.4242,4.7554],[97.3621,4.7678],[97.3632,4.7842],[97.3549,4.7719],[97.3378,4.7787],[97.3186,4.7371],[97.2522,4.758],[97.2802,4.8264],[97.2427,4.8735],[97.1456,4.9103],[97.1013,4.8985],[97.0213,4.9125],[97.0014,4.865],[96.9554,4.8588],[96.8462,4.8821],[96.8444,4.8981],[96.7883,4.9378],[96.821,4.9954],[96.8336,5.0888],[96.8757,5.1172],[96.8914,5.179],[96.9252,5.2107],[96.9082,5.2215],[96.9075,5.2511],[96.9771,5.2627]]]}},{"type":"Feature","properties":{"province":"DKI JAKARTA","district":"KEPULAUAN SERIBU","id":"DKI JAKARTA/KEPULAUAN SERIBU","name":"KEPULAUAN SERIBU"},"geometry":{"type":"Polygon","coordinates":[[[106.4854,-5.7943],[106.492,-5.7962],[106.5004,-5.7958],[106.4987,-5.7965],[106.5005,-5.7962],[106.4996,-5.797],[106.5003,-5.7977],[106.5012,-5.7961],[106.5007,-5.7984],[106.5116,-5.803],[106.5026,-5.8003],[106.5014,-5.8009],[106.4988,-5.7991],[106.4976,-5.7991],[106.4979,-5.8],[106.4895,-5.7964],[106.484,-5.7959],[106.4784,-5.7934],[106.4854,-5.7943]]]}},{"type":"Feature","properties":{"province":"SUMATERA BARAT","district":"AGAM","id":"SUMATERA BARAT/AGAM","name":"AGAM"},"geometry":{"type":"Polygon","coordinates":[[[100.294,-0.0367],[100.3251,-0.0545],[100.3433,-0.0932],[100.3799,-0.1129],[100.3786,-0.1481],[100.4047,-0.1608],[100.4108,-0.1774],[100.4443,-0.1856],[100.4451,-0.2044],[100.4648,-0.2212],[100.5281,-0.2452],[100.5435,-0.2625],[100.5122,-0.2958],[100.4706,-0.391],[100.3988,-0.3844],[100.3341,-0.3946],[100.3175,-0.4329],[100.2636,-0.479],[100.2217,-0.448],[100.215,-0.416],[100.1786,-0.414],[100.1581,-0.3944],[100.1511,-0.3481],[100.1013,-0.3353],[100.1024,-0.321],[100.0671,-0.3254],[100.0574,-0.3483],[100.0356,-0.3554],[100.0462,-0.3639],[99.9903,-0.3619],[99.9998,-0.3982],[99.9844,-0.3997],[99.9621,-0.434],[99.9138,-0.4032],[99.9144,-0.3795],[99.8829,-0.3435],[99.8168,-0.2964],[99.8012,-0.2292],[99.7706,-0.1758],[99.8055,-0.1819],[99.9873,-0.1589],[99.9864,-0.1316],[100.039,-0.0817],[100.092,-0.0808],[100.1605,-0.1077],[100.1882,-0.0925],[100.2021,-0.1118],[100.2131,-0.07],[100.245,-0.0742],[100.2653,-0.0323],[100.294,-0.0367]],[[100.3378,-0.2758],[100.343,-0.2971],[100.3705,-0.322],[100.4079,-0.3221],[100.3949,-0.2853],[100.3378,-0.2758]]]}},{"type":"Feature","properties":{"province":"NUSA TENGGARA TIMUR","district":"ALOR","id":"NUSA TENGGARA TIMUR/ALOR","name":"ALOR"},"geometry":{"type":"Polygon","coordinates":[[[124.5317,-8.1236],[124.604,-8.1264],[124.5908,-8.1848],[124.6086,-8.1974],[124.6668,-8.1615],[124.7511,-8.1462],[124.8739,-8.168],[124.9191,-8.1645],[124.9585,-8.1408],[124.9978,-8.1574],[125.0949,-8.1475],[125.1414,-8.2378],[125.1278,-8.2849],[125.1403,-8.3191],[125.1212,-8.3396],[125.0629,-8.3564],[124.8902,-8.3637],[124.7872,-8.4015],[124.6578,-8.3906],[124.5916,-8.4322],[124.5474,-8.442],[124.5054,-8.4177],[124.4274,-8.4582],[124.4176,-8.4592],[124.4137,-8.437],[124.3624,-8.4423],[124.3376,-8.4205],[124.3418,-8.3917],[124.4001,-8.3265],[124.4083,-8.2958],[124.4752,-8.2546],[124.5069,-8.2598],[124.5651,-8.2184],[124.5044,-8.2209],[124.4057,-8.2778],[124.3998,-8.22],[124.4517,-8.1488],[124.4783,-8.1294],[124.5317,-8.1236]]]}},{"type":"Feature","properties":{"province":"SUMATERA UTARA","district":"ASAHAN","id":"SUMATERA UTARA/ASAHAN","name":"ASAHAN"},"geometry":{"type":"Polygon","coordinates":[[[99.7379,3.1726],[99.7569,3.1685],[99.7709,3.1321],[99.8579,3.0352],[99.8905,3.0393],[99.9346,2.9743],[99.9787,2.9447],[99.9772,2.958],[99.99,2.9606],[99.987,2.8564],[99.9772,2.8471],[99.6946,2.5963],[99.6463,2.5756],[99.6091,2.5743],[99.5827,2.5915],[99.5701,2.5847],[99.56,2.6102],[99.5437,2.6155],[99.5376,2.5894],[99.5042,2.5858],[99.4656,2.5475],[99.4485,2.5674],[99.4605,2.5851],[99.4559,2.6044],[99.439,2.574],[99.4162,2.5627],[99.4082,2.5643],[99.4204,2.5993],[99.3852,2.5644],[99.3267,2.5659],[99.3054,2.5503],[99.305,2.5741],[99.2709,2.5428],[99.2035,2.5312],[99.1797,2.5384],[99.1686,2.56],[99.0898,2.5776],[99.0777,2.5971],[99.0787,2.6621],[99.126,2.693],[99.1257,2.7128],[99.2479,2.8122],[99.2662,2.8607],[99.3329,2.8942],[99.3764,2.8853],[99.3993,2.9152],[99.446,2.9315],[99.4551,2.9555],[99.4979,2.9822],[99.4973,3.0024],[99.5443,3.0377],[99.5701,3.085],[99.5495,3.029],[99.53,3.0216],[99.5523,3.0153],[99.5628,3.0184],[99.5535,3.0279],[99.591,3.039],[99.5956,3.0652],[99.6199,3.0931],[99.5927,3.1064],[99.6274,3.1271],[99.6208,3.137],[99.7021,3.1176],[99.7379,3.1726]],[[99.8054,3.0175],[99.7661,3.009],[99.7828,2.9704],[99.7572,2.9663],[99.7525,2.9443],[99.7752,2.9209],[99.8379,2.9381],[99.8356,2.9551],[99.8093,2.9749],[99.8172,3.0251],[99.8054,3.0175]]]}},{"type":"Feature","properties":{"province":"PAPUA","district":"ASMAT","id":"PAPUA/ASMAT","name":"ASMAT"},"geometry":{"type":"Polygon","coordinates":[[[137.8811,-4.5726],[137.9405,-4.6031],[137.9948,-4.5861],[138.0294,-4.6122],[138.0701,-4.5653],[138.1088,-4.5747],[138.1329,-4.5889],[138.1246,-4.6055],[138.1538,-4.676],[138.1927,-4.7135],[138.2022,-4.7029],[138.2112,-4.7095],[138.2435,-4.67],[138.2812,-4.6806],[138.3015,-4.6651],[138.3257,-4.6675],[138.3564,-4.7272],[138.3467,-4.7447],[138.3734,-4.7681],[138.3639,-4.7838],[138.373,-4.7983],[138.3755,-4.6886],[138.4192,-4.7139],[138.4592,-4.6885],[138.505,-4.722],[138.5869,-4.6986],[138.603,-4.7239],[138.7365,-4.7189],[138.7528,-4.7088],[138.7666,-4.7229],[138.8076,-4.7272],[138.7996,-4.7493],[138.8076,-4.767],[138.8546,-4.7016],[138.9427,-4.7638],[138.9789,-4.7573],[138.9897,-4.771],[138.9553,-4.7863],[138.9325,-4.8316],[139.0218,-4.8377],[139.0591,-4.8675],[139.0444,-4.8716],[139.0302,-4.859],[138.9971,-4.8737],[138.9945,-4.9015],[138.9574,-4.9233],[138.8886,-4.9217],[138.8879,-4.9568],[139.1566,-4.9933],[139.4982,-5.0023],[139.5487,-5.0392],[139.6216,-5.0588],[139.9874,-5.0575],[139.9805,-5.1186],[139.8902,-5.2419],[139.8793,-5.2818],[139.8514,-5.2977],[139.7641,-5.2872],[139.7246,-5.3043],[139.6947,-5.3637],[139.5637,-5.4153],[139.4934,-5.5098],[139.5038,-5.5985],[139.1377,-5.6461],[139.0925,-5.5625],[138.9229,-5.6566],[138.9187,-6.1527],[138.8723,-6.1785],[138.7832,-6.4031],[138.6044,-6.5238],[138.4221,-6.3487],[138.4329,-6.3232],[138.4118,-6.293],[138.3838,-6.2026],[138.3955,-6.1698],[138.3546,-6.1049],[138.35,-6.0738],[138.2846,-5.943],[138.2523,-5.9175],[138.2525,-5.8745],[138.2767,-5.841],[138.1659,-5.8137],[138.1542,-5.7677],[138.177,-5.7439],[138.1661,-5.7241],[138.1324,-5.721],[138.0933,-5.7457],[138.0661,-5.724],[138.0461,-5.6489],[138.0494,-5.5809],[138.0657,-5.556],[138.1341,-5.5367],[138.0816,-5.5337],[138.054,-5.5046],[138.0091,-5.5063],[137.8932,-5.3694],[137.8631,-5.3501],[137.847,-5.3719],[137.8125,-5.3806],[137.7739,-5.3626],[137.7688,-5.3482],[137.747,-5.3582],[137.7491,-5.3727],[137.7351,-5.3717],[137.7262,-5.3329],[137.7327,-5.3154],[137.7531,-5.3115],[137.6814,-5.2375],[137.6843,-5.2211],[137.6539,-5.2078],[137.6397,-5.2155],[137.5525,-5.1693],[137.5598,-5.1443],[137.6138,-5.14],[137.6508,-5.1119],[137.6641,-5.1167],[137.6458,-5.0992],[137.6543,-5.0793],[137.6372,-5.0712],[137.6676,-5.0284],[137.7006,-5.0342],[137.7446,-5.0041],[137.7858,-5.0277],[137.82,-5.0259],[137.8088,-5.0123],[137.8188,-5.0062],[137.8053,-5.0016],[137.832,-4.9759],[137.83,-4.9443],[137.8505,-4.9322],[137.8248,-4.8957],[137.8651,-4.8634],[137.8997,-4.764],[137.828,-4.7182],[137.8304,-4.7045],[137.8239,-4.7134],[137.8161,-4.6961],[137.8067,-4.7025],[137.8087,-4.6883],[137.7836,-4.6841],[137.74,-4.5956],[137.7439,-4.5759],[137.8115,-4.5697],[137.8279,-4.5415],[137.8811,-4.5726]]]}},{"type":"Feature","properties":{"province":"BALI","district":"BADUNG","id":"BALI/BADUNG","name":"BADUNG"},"geometry":{"type":"Polygon","coordinates":[[[115.23,-8.2402],[115.2514,-8.2625],[115.2493,-8.3383],[115.2253,-8.3914],[115.2448,-8.4779],[115.2299,-8.5252],[115.2494,-8.5823],[115.2442,-8.6014],[115.2273,-8.5917],[115.1802,-8.6162],[115.1725,-8.6823],[115.1876,-8.707],[115.1828,-8.7646],[115.2202,-8.7871],[115.2211,-8.753],[115.2401,-8.8038],[115.1985,-8.8417],[115.1234,-8.848],[115.0889,-8.8382],[115.0852,-8.8212],[115.1417,-8.7802],[115.164,-8.7796],[115.1686,-8.7594],[115.152,-8.7443],[115.1693,-8.722],[115.1437,-8.6717],[115.0992,-8.6373],[115.1198,-8.6109],[115.1374,-8.6088],[115.1382,-8.6184],[115.1559,-8.6004],[115.15,-8.5809],[115.183,-8.4991],[115.1809,-8.4506],[115.1984,-8.4457],[115.2032,-8.4882],[115.2174,-8.4382],[115.198,-8.3582],[115.2123,-8.3292],[115.1858,-8.2759],[115.1839,-8.2453],[115.23,-8.2402]]]}},{"type":"Feature","properties":{"province":"KALIMANTAN SELATAN","district":"BALANGAN","id":"KALIMANTAN SELATAN/BALANGAN","name":"BALANGAN"},"geometry":{"type":"Polygon","coordinates":[[[115.6949,-2.0405],[115.7217,-2.0627],[115.7818,-2.0534],[115.8138,-2.0716],[115.8147,-2.0981],[115.7972,-2.1079],[115.7851,-2.2155],[115.811,-2.2376],[115.8099,-2.2772],[115.8331,-2.2956],[115.817,-2.3193],[115.8314,-2.3331],[115.8363,-2.3852],[115.7907,-2.4353],[115.7947,-2.4786],[115.782,-2.5141],[115.7506,-2.5324],[115.6797,-2.5236],[115.6034,-2.5036],[115.5897,-2.4789],[115.5708,-2.4899],[115.5453,-2.4806],[115.5306,-2.4987],[115.5286,-2.4836],[115.4994,-2.4689],[115.4426,-2.4544],[115.4315,-2.4654],[115.3145,-2.4033],[115.3187,-2.3552],[115.3556,-2.3409],[115.3481,-2.3079],[115.3596,-2.2956],[115.4052,-2.2981],[115.4421,-2.2701],[115.4579,-2.2716],[115.4778,-2.2553],[115.492,-2.2114],[115.5513,-2.1866],[115.62,-2.125],[115.6178,-2.1133],[115.6442,-2.1275],[115.6876,-2.0768],[115.6949,-2.0405]]]}},{"type":"Feature","properties":{"province":"JAWA BARAT","district":"BANDUNG","id":"JAWA BARAT/BANDUNG","name":"BANDUNG"},"geometry":{"type":"Polygon","coordinates":[[[107.9147,-6.9528],[107.9162,-6.9682],[107.8894,-6.9825],[107.9064,-6.9902],[107.9101,-7.0359],[107.9384,-7.0438],[107.8493,-7.059],[107.8348,-7.0694],[107.8338,-7.0899],[107.8111,-7.098],[107.8072,-7.1429],[107.7883,-7.1615],[107.7647,-7.1557],[107.7367,-7.1734],[107.7062,-7.2379],[107.7377,-7.2642],[107.7265,-7.2979],[107.6965,-7.2823],[107.6676,-7.3012],[107.6577,-7.2898],[107.6078,-7.3093],[107.5992,-7.283],[107.555,-7.2506],[107.4926,-7.2587],[107.4422,-7.2426],[107.4226,-7.257],[107.3953,-7.2449],[107.3838,-7.2514],[107.3785,-7.2396],[107.3533,-7.2355],[107.3557,-7.2175],[107.3184,-7.1904],[107.289,-7.214],[107.2514,-7.2013],[107.2722,-7.1693],[107.2759,-7.1806],[107.3016,-7.1682],[107.3103,-7.1243],[107.3306,-7.0982],[107.4089,-7.0969],[107.4194,-7.0567],[107.4377,-7.046],[107.4777,-7.0572],[107.4817,-7.0225],[107.4694,-6.9985],[107.4865,-7.0],[107.4877,-6.9797],[107.5049,-6.9818],[107.5309,-6.942],[107.5276,-6.9169],[107.5439,-6.9194],[107.5838,-6.9619],[107.6943,-6.9695],[107.7161,-6.9613],[107.7381,-6.8996],[107.7149,-6.904],[107.7077,-6.8898],[107.7,-6.9083],[107.6701,-6.884],[107.6543,-6.8948],[107.6324,-6.8894],[107.6249,-6.8584],[107.6607,-6.8321],[107.69,-6.8292],[107.7034,-6.8403],[107.75,-6.8128],[107.741,-6.8549],[107.7588,-6.8992],[107.7536,-6.9557],[107.8285,-6.9716],[107.9147,-6.9528]]]}},{"type":"Feature","properties":{"province":"JAWA BARAT","district":"BANDUNG BARAT","id":"JAWA BARAT/BANDUNG BARAT","name":"BANDUNG BARAT"},"geometry":{"type":"Polygon","coordinates":[[[107.5938,-6.7285],[107.6007,-6.7614],[107.6711,-6.7763],[107.688,-6.7983],[107.7076,-6.7929],[107.7457,-6.8151],[107.7034,-6.8403],[107.69,-6.8292],[107.6607,-6.8321],[107.6229,-6.863],[107.616,-6.8471],[107.6045,-6.8594],[107.5976,-6.8369],[107.5705,-6.8828],[107.5518,-6.8294],[107.5396,-6.832],[107.5103,-6.8982],[107.5309,-6.942],[107.5049,-6.9818],[107.4876,-6.9798],[107.4865,-7.0],[107.4694,-6.9985],[107.4817,-7.0225],[107.4777,-7.0572],[107.4377,-7.046],[107.4194,-7.0567],[107.4089,-7.0969],[107.3762,-7.0922],[107.3707,-7.1035],[107.359,-7.0903],[107.3207,-7.1072],[107.2522,-7.0483],[107.1822,-7.0586],[107.1956,-7.0211],[107.1846,-6.996],[107.1902,-6.9681],[107.2509,-6.9285],[107.2832,-6.9233],[107.3411,-6.8857],[107.3493,-6.8658],[107.3435,-6.8489],[107.3243,-6.8518],[107.3142,-6.8007],[107.2844,-6.7744],[107.2936,-6.7327],[107.3237,-6.7226],[107.3435,-6.6945],[107.3708,-6.701],[107.3717,-6.6896],[107.4099,-6.6886],[107.4536,-6.701],[107.5126,-6.7544],[107.5548,-6.7746],[107.571,-6.7361],[107.5938,-6.7285]]]}},{"type":"Feature","properties":{"province":"SULAWESI TENGAH","district":"BANGGAI","id":"SULAWESI TENGAH/BANGGAI","name":"BANGGAI"},"geometry":{"type":"Polygon","coordinates":[[[123.0893,-0.5764],[123.113,-0.5703],[123.1672,-0.5844],[123.199,-0.5693],[123.2606,-0.5789],[123.4119,-0.6557],[123.3794,-0.6683],[123.3926,-0.6691],[123.3954,-0.6907],[123.4212,-0.7189],[123.4414,-0.7079],[123.4265,-0.7446],[123.4449,-0.7449],[123.4584,-0.7687],[123.4339,-0.8005],[123.4442,-0.8392],[123.4101,-0.8569],[123.3923,-0.8899],[123.3837,-0.9312],[123.3972,-0.9554],[123.3537,-1.0324],[123.3192,-1.0505],[123.2679,-1.0442],[123.2503,-1.0244],[123.2518,-1.0083],[123.2091,-0.9913],[123.1755,-0.9578],[123.1439,-0.9538],[123.1344,-0.9015],[123.1514,-0.9024],[123.1509,-0.8851],[123.099,-0.8349],[123.0616,-0.8684],[123.0745,-0.8831],[123.0638,-0.8823],[123.0595,-0.8974],[123.0366,-0.8956],[123.0415,-0.8703],[123.0355,-0.8888],[123.0283,-0.8816],[123.0318,-0.8958],[123.0227,-0.8956],[123.0412,-0.9097],[123.0061,-0.8942],[122.8923,-0.9295],[122.865,-0.9228],[122.8039,-0.9411],[122.7866,-0.9768],[122.797,-1.0068],[122.7287,-1.0862],[122.7148,-1.1346],[122.6668,-1.1396],[122.6621,-1.165],[122.6366,-1.1738],[122.6326,-1.2345],[122.5594,-1.2677],[122.5699,-1.2866],[122.5622,-1.3087],[122.4969,-1.356],[122.4727,-1.4039],[122.4229,-1.4363],[122.3914,-1.4941],[122.3044,-1.5341],[122.2191,-1.6018],[122.1841,-1.6115],[122.1581,-1.5985],[122.0909,-1.6217],[122.0581,-1.6173],[122.0339,-1.5798],[122.0328,-1.5528],[122.0526,-1.5244],[122.0431,-1.5108],[122.0534,-1.4877],[122.043,-1.4816],[122.0584,-1.431],[122.0311,-1.4054],[121.9849,-1.39],[121.9897,-1.3764],[122.0135,-1.3789],[122.0166,-1.3515],[122.0386,-1.3404],[122.1102,-1.3764],[122.1304,-1.344],[122.1194,-1.3315],[122.1314,-1.3235],[122.1268,-1.2752],[122.1111,-1.259],[122.0572,-1.2471],[122.0661,-1.2256],[122.0443,-1.1706],[122.0093,-1.1507],[122.0034,-1.1313],[121.9556,-1.1113],[121.9367,-1.1298],[121.9206,-1.096],[121.8755,-1.0725],[121.8537,-1.0132],[121.8549,-0.9755],[121.9469,-0.9967],[121.9813,-0.9731],[121.9903,-0.9486],[122.0218,-0.9363],[122.1013,-0.9622],[122.1487,-0.9103],[122.1489,-0.8591],[122.1685,-0.8418],[122.1616,-0.8172],[122.1894,-0.8144],[122.2021,-0.7883],[122.3068,-0.7951],[122.3359,-0.7775],[122.4158,-0.7843],[122.4604,-0.7588],[122.5116,-0.7676],[122.5264,-0.7871],[122.5788,-0.7844],[122.617,-0.762],[122.6374,-0.7661],[122.6381,-0.7819],[122.6558,-0.789],[122.6456,-0.7895],[122.6855,-0.8118],[122.7256,-0.8132],[122.7906,-0.7757],[122.8372,-0.7763],[122.8516,-0.7656],[122.8714,-0.7743],[122.9605,-0.7545],[122.9498,-0.736],[122.8928,-0.7387],[122.867,-0.7108],[122.7813,-0.705],[122.7235,-0.6635],[122.7764,-0.6714],[122.8066,-0.6344],[122.8229,-0.6298],[122.8165,-0.6402],[122.8402,-0.6422],[122.8639,-0.6214],[122.8795,-0.6395],[122.8952,-0.6355],[122.8967,-0.6154],[122.9071,-0.6259],[122.954,-0.6179],[122.9386,-0.6301],[122.9483,-0.6261],[122.9551,-0.644],[122.9687,-0.6185],[122.9888,-0.6228],[123.0121,-0.6005],[123.0408,-0.5954],[123.0565,-0.5642],[123.0893,-0.5764]]]}},{"type":"Feature","properties":{"province":"SULAWESI TENGAH","district":"BANGGAI KEPULAUAN","id":"SULAWESI TENGAH/BANGGAI KEPULAUAN","name":"BANGGAI KEPULAUAN"},"geometry":{"type":"Polygon","coordinates":[[[123.1713,-1.1488],[123.194,-1.1537],[123.2211,-1.2079],[123.2485,-1.2292],[123.2297,-1.2321],[123.2176,-1.2703],[123.1874,-1.264],[123.1978,-1.2887],[123.1835,-1.3204],[123.2069,-1.3369],[123.2169,-1.3644],[123.2193,-1.3512],[123.2274,-1.3589],[123.2392,-1.3824],[123.2283,-1.3868],[123.2424,-1.4008],[123.2836,-1.3583],[123.279,-1.3296],[123.2911,-1.3119],[123.2808,-1.3187],[123.3136,-1.3043],[123.331,-1.2665],[123.3753,-1.2215],[123.3986,-1.235],[123.4042,-1.2182],[123.4128,-1.2243],[123.4036,-1.2518],[123.4287,-1.2697],[123.4455,-1.2669],[123.4425,-1.2342],[123.4868,-1.2694],[123.5185,-1.2624],[123.556,-1.2779],[123.5576,-1.3293],[123.5347,-1.3592],[123.5393,-1.3953],[123.5132,-1.4538],[123.4897,-1.4695],[123.4728,-1.4621],[123.4579,-1.5187],[123.4396,-1.5048],[123.4397,-1.517],[123.416,-1.519],[123.4125,-1.5306],[123.3709,-1.4972],[123.3546,-1.5246],[123.3556,-1.4724],[123.3265,-1.4496],[123.3255,-1.4151],[123.2956,-1.4103],[123.2761,-1.4423],[123.2568,-1.4415],[123.258,-1.4866],[123.248,-1.4888],[123.2378,-1.5506],[123.2455,-1.5799],[123.2344,-1.5948],[123.2581,-1.6088],[123.2548,-1.6389],[123.2368,-1.6441],[123.2257,-1.5952],[123.2088,-1.6197],[123.1927,-1.6085],[123.1798,-1.6324],[123.1546,-1.6405],[123.1543,-1.6134],[123.1145,-1.6116],[123.1112,-1.5905],[123.1012,-1.6027],[123.0977,-1.5916],[123.1076,-1.5656],[123.1279,-1.5669],[123.1848,-1.5141],[123.1724,-1.4536],[123.1632,-1.4531],[123.1705,-1.3945],[123.1556,-1.3354],[123.1658,-1.3027],[123.1418,-1.297],[123.1218,-1.3181],[123.1212,-1.2941],[123.037,-1.421],[122.9989,-1.5156],[122.9638,-1.5459],[122.9462,-1.5444],[122.9139,-1.5953],[122.8685,-1.5954],[122.8489,-1.5777],[122.8388,-1.5102],[122.8377,-1.5242],[122.8188,-1.4997],[122.8204,-1.4823],[122.7985,-1.4915],[122.785,-1.4634],[122.7953,-1.3712],[122.8264,-1.2845],[122.8708,-1.2496],[122.9053,-1.1819],[122.9453,-1.1848],[122.9729,-1.2159],[122.9773,-1.2034],[123.0337,-1.1772],[123.1058,-1.1604],[123.1449,-1.2108],[123.1713,-1.1488]]]}},{"type":"Feature","properties":{"province":"SULAWESI TENGAH","district":"BANGGAI LAUT","id":"SULAWESI TENGAH/BANGGAI LAUT","name":"BANGGAI LAUT"},"geometry":{"type":"Polygon","coordinates":[[[123.5327,-1.4792],[123.5469,-1.4911],[123.562,-1.5438],[123.5595,-1.5986],[123.5771,-1.6101],[123.5973,-1.5933],[123.623,-1.6236],[123.6205,-1.6395],[123.6037,-1.6305],[123.6201,-1.6515],[123.6081,-1.6748],[123.613,-1.6982],[123.5982,-1.7142],[123.5818,-1.7077],[123.5679,-1.7282],[123.5548,-1.7176],[123.5361,-1.7259],[123.5176,-1.7005],[123.5132,-1.7247],[123.4899,-1.7149],[123.4724,-1.6532],[123.486,-1.6336],[123.4796,-1.6148],[123.4988,-1.6015],[123.4941,-1.581],[123.4797,-1.5828],[123.4787,-1.5474],[123.4998,-1.527],[123.5059,-1.4963],[123.527,-1.5096],[123.5304,-1.4846],[123.5215,-1.4861],[123.5327,-1.4792]]]}},{"type":"Feature","properties":{"province":"KEPULAUAN BANGKA BELITUNG","district":"BANGKA","id":"KEPULAUAN BANGKA BELITUNG/BANGKA","name":"BANGKA"},"geometry":{"type":"Polygon","coordinates":[[[105.916,-1.502],[105.9216,-1.5161],[105.9091,-1.5319],[105.9228,-1.5468],[105.9503,-1.5605],[105.981,-1.551],[106.0483,-1.6003],[106.0545,-1.62],[106.0322,-1.6146],[106.0235,-1.6294],[106.0256,-1.6763],[106.0731,-1.7477],[106.095,-1.7575],[106.1027,-1.7894],[106.1298,-1.8041],[106.1195,-1.8151],[106.1279,-1.8416],[106.1116,-1.8419],[106.1338,-1.8514],[106.1246,-1.8671],[106.1356,-1.8549],[106.1714,-1.8725],[106.1861,-1.9026],[106.1621,-1.9255],[106.149,-1.9837],[106.1581,-2.0882],[106.1298,-2.0966],[106.1416,-2.0759],[106.1309,-2.0573],[106.1065,-2.0658],[106.101,-2.0818],[106.0598,-2.067],[106.0454,-2.0744],[106.0402,-2.1133],[106.0898,-2.1411],[106.0715,-2.1606],[106.0431,-2.1641],[106.0207,-2.2126],[106.0228,-2.2341],[105.9797,-2.2283],[105.9589,-2.2454],[105.925,-2.2096],[105.9152,-2.2701],[105.879,-2.3265],[105.8236,-2.3486],[105.825,-2.3076],[105.7875,-2.2497],[105.7912,-2.1775],[105.7397,-2.1326],[105.7222,-2.047],[105.7724,-2.0489],[105.7807,-1.9981],[105.8115,-1.9939],[105.767,-1.9758],[105.7092,-1.9769],[105.7028,-1.8988],[105.7499,-1.8735],[105.7557,-1.8396],[105.7404,-1.8269],[105.7608,-1.8112],[105.7461,-1.7781],[105.7749,-1.7672],[105.7854,-1.8063],[105.811,-1.8137],[105.8297,-1.8028],[105.7965,-1.7818],[105.7868,-1.7542],[105.7546,-1.7277],[105.7405,-1.6865],[105.7574,-1.6786],[105.7531,-1.6515],[105.7648,-1.6487],[105.7343,-1.635],[105.7428,-1.6127],[105.7201,-1.5818],[105.7203,-1.5419],[105.7027,-1.5302],[105.8153,-1.5312],[105.8776,-1.5199],[105.8829,-1.5021],[105.916,-1.502]]]}},{"type":"Feature","properties":{"province":"KEPULAUAN BANGKA BELITUNG","district":"BANGKA BARAT","id":"KEPULAUAN BANGKA BELITUNG/BANGKA BARAT","name":"BANGKA BARAT"},"geometry":{"type":"Polygon","coordinates":[[[105.5978,-1.5277],[105.6413,-1.6431],[105.6799,-1.6547],[105.7238,-1.6439],[105.6522,-1.7163],[105.6554,-1.7464],[105.672,-1.7635],[105.7006,-1.7827],[105.743,-1.7815],[105.7607,-1.8099],[105.7404,-1.8269],[105.7557,-1.8396],[105.7488,-1.8758],[105.7035,-1.8942],[105.7092,-1.9769],[105.767,-1.9758],[105.8115,-1.9939],[105.7807,-1.9981],[105.7724,-2.0489],[105.7222,-2.047],[105.7397,-2.1326],[105.6494,-2.1172],[105.5913,-2.1231],[105.5597,-2.0857],[105.5662,-2.0707],[105.4894,-2.0927],[105.4463,-2.1339],[105.4187,-2.119],[105.3845,-2.1306],[105.3571,-2.12],[105.2979,-2.1543],[105.2589,-2.0861],[105.2293,-2.0665],[105.1554,-2.0708],[105.1309,-2.0853],[105.1085,-2.024],[105.1321,-1.9792],[105.1254,-1.9594],[105.1638,-1.9292],[105.2745,-1.8928],[105.3486,-1.8465],[105.3894,-1.7967],[105.3997,-1.75],[105.3896,-1.7347],[105.3434,-1.7015],[105.3202,-1.6984],[105.3671,-1.6801],[105.3438,-1.6709],[105.3446,-1.6482],[105.3846,-1.642],[105.3909,-1.6071],[105.4266,-1.6042],[105.4607,-1.5645],[105.5362,-1.5657],[105.5599,-1.5506],[105.5636,-1.5283],[105.5978,-1.5277]]]}},{"type":"Feature","properties":{"province":"KEPULAUAN BANGKA BELITUNG","district":"BANGKA SELATAN","id":"KEPULAUAN BANGKA BELITUNG/BANGKA SELATAN","name":"BANGKA SELATAN"},"geometry":{"type":"Polygon","coordinates":[[[106.031,-2.4421],[106.0226,-2.4697],[106.0341,-2.5137],[106.0529,-2.5146],[106.0605,-2.4915],[106.0703,-2.5003],[106.1032,-2.4894],[106.1468,-2.5061],[106.1879,-2.5594],[106.2388,-2.5833],[106.2895,-2.5697],[106.3111,-2.5471],[106.3908,-2.567],[106.4576,-2.5635],[106.4476,-2.5841],[106.454,-2.6076],[106.4608,-2.6236],[106.4884,-2.6196],[106.4932,-2.6758],[106.5093,-2.6509],[106.5682,-2.652],[106.5613,-2.6635],[106.5796,-2.684],[106.6335,-2.6949],[106.6424,-2.7173],[106.6626,-2.7161],[106.6021,-2.8634],[106.5921,-2.9393],[106.6089,-2.9631],[106.6754,-2.9751],[106.6943,-3.0029],[106.7399,-3.005],[106.7288,-3.0318],[106.7431,-3.0565],[106.7324,-3.0729],[106.7396,-3.0854],[106.6591,-3.1021],[106.6452,-3.083],[106.6082,-3.0885],[106.5851,-3.0768],[106.5515,-3.094],[106.5526,-3.1085],[106.5382,-3.101],[106.514,-3.1166],[106.4912,-3.0908],[106.4928,-3.0522],[106.4417,-3.0114],[106.4245,-2.9713],[106.3367,-2.9676],[106.3212,-2.9326],[106.2838,-2.9046],[106.2334,-2.8999],[106.1825,-2.8714],[106.1424,-2.8755],[106.0936,-2.8372],[105.9502,-2.8196],[105.9534,-2.7825],[105.9195,-2.7435],[105.9017,-2.6625],[105.8866,-2.6443],[105.8989,-2.6058],[105.8909,-2.5887],[105.9281,-2.535],[105.9526,-2.5349],[105.9616,-2.5221],[105.9718,-2.5295],[105.9925,-2.5128],[105.9846,-2.4883],[105.998,-2.4546],[106.031,-2.4421]]]}},{"type":"Feature","properties":{"province":"KEPULAUAN BANGKA BELITUNG","district":"BANGKA TENGAH","id":"KEPULAUAN BANGKA BELITUNG/BANGKA TENGAH","name":"BANGKA TENGAH"},"geometry":{"type":"Polygon","coordinates":[[[106.1226,-2.1522],[106.1327,-2.146],[106.1568,-2.1607],[106.1781,-2.148],[106.2284,-2.2608],[106.2372,-2.3279],[106.2996,-2.421],[106.3499,-2.4622],[106.3948,-2.4781],[106.4463,-2.4723],[106.4994,-2.5041],[106.8487,-2.5725],[106.8319,-2.5889],[106.8062,-2.594],[106.8235,-2.5882],[106.8105,-2.5777],[106.7722,-2.6078],[106.7523,-2.604],[106.7076,-2.6429],[106.6561,-2.7212],[106.6393,-2.7144],[106.6335,-2.6949],[106.5796,-2.684],[106.5613,-2.6635],[106.5682,-2.652],[106.5093,-2.6509],[106.4932,-2.6758],[106.4884,-2.6196],[106.4608,-2.6236],[106.454,-2.6076],[106.4476,-2.5841],[106.4576,-2.5635],[106.3908,-2.567],[106.3111,-2.5471],[106.2895,-2.5697],[106.2388,-2.5833],[106.1879,-2.5594],[106.1468,-2.5061],[106.1032,-2.4894],[106.0703,-2.5003],[106.0605,-2.4915],[106.0529,-2.5146],[106.0341,-2.5137],[106.0226,-2.4697],[106.0285,-2.441],[105.998,-2.4546],[105.9846,-2.4883],[105.9925,-2.5128],[105.9429,-2.5337],[105.9262,-2.4592],[105.8792,-2.426],[105.8348,-2.4129],[105.8023,-2.3623],[105.8173,-2.3377],[105.8355,-2.3485],[105.8782,-2.3275],[105.9152,-2.2701],[105.925,-2.2096],[105.9589,-2.2454],[105.9797,-2.2283],[106.0205,-2.236],[106.0451,-2.1621],[106.0691,-2.1617],[106.0889,-2.1445],[106.1226,-2.1522]]]}},{"type":"Feature","properties":{"province":"JAWA TIMUR","district":"BANGKALAN","id":"JAWA TIMUR/BANGKALAN","name":"BANGKALAN"},"geometry":{"type":"Polygon","coordinates":[[[113.0345,-6.8797],[113.1247,-6.893],[113.1179,-6.933],[113.096,-6.9378],[113.0994,-6.9573],[113.1104,-6.9871],[113.1284,-6.9769],[113.1475,-6.99],[113.1328,-7.0328],[113.1103,-7.0301],[113.122,-7.0746],[113.1078,-7.081],[113.1154,-7.116],[113.1078,-7.1076],[113.0931,-7.1327],[113.0975,-7.1571],[113.0729,-7.1492],[113.0573,-7.1637],[113.0484,-7.1844],[113.0597,-7.1986],[113.0405,-7.2128],[113.0013,-7.2095],[112.865,-7.1621],[112.7769,-7.1593],[112.7229,-7.1761],[112.6918,-7.1552],[112.7064,-7.0981],[112.6861,-7.0955],[112.6738,-7.0735],[112.681,-7.0346],[112.7235,-7.0389],[112.7821,-6.9919],[112.829,-6.9295],[112.8272,-6.907],[112.8412,-6.9156],[112.8636,-6.892],[113.0345,-6.8797]]]}},{"type":"Feature","properties":{"province":"BALI","district":"BANGLI","id":"BALI/BANGLI","name":"BANGLI"},"geometry":{"type":"Polygon","coordinates":[[[115.4344,-8.1806],[115.4537,-8.1985],[115.4381,-8.2174],[115.448,-8.2455],[115.459,-8.2439],[115.4299,-8.2674],[115.4193,-8.3219],[115.3986,-8.3442],[115.4144,-8.4341],[115.4031,-8.462],[115.3752,-8.4613],[115.3576,-8.5209],[115.3364,-8.5237],[115.3175,-8.4337],[115.3368,-8.3848],[115.3364,-8.3695],[115.3247,-8.3669],[115.3282,-8.3305],[115.2949,-8.3382],[115.2832,-8.3149],[115.2625,-8.3328],[115.251,-8.3145],[115.2501,-8.2567],[115.2323,-8.2403],[115.2424,-8.1852],[115.2792,-8.1607],[115.3029,-8.1727],[115.32,-8.1418],[115.329,-8.1617],[115.344,-8.149],[115.3585,-8.1645],[115.416,-8.1739],[115.4152,-8.1852],[115.4344,-8.1806]]]}},{"type":"Feature","properties":{"province":"KALIMANTAN SELATAN","district":"BANJAR","id":"KALIMANTAN SELATAN/BANJAR","name":"BANJAR"},"geometry":{"type":"Polygon","coordinates":[[[115.5557,-2.8311],[115.5773,-2.8835],[115.5958,-2.8916],[115.5772,-2.9309],[115.5542,-2.9445],[115.5573,-2.9846],[115.5329,-2.98],[115.5121,-3.0084],[115.5191,-3.0332],[115.4834,-3.0628],[115.4877,-3.0962],[115.4713,-3.1128],[115.4344,-3.1192],[115.4236,-3.1419],[115.4147,-3.2219],[115.4459,-3.2251],[115.4374,-3.2596],[115.4022,-3.2363],[115.3921,-3.2504],[115.4289,-3.296],[115.3961,-3.3624],[115.3907,-3.4374],[115.4115,-3.4517],[115.3516,-3.5034],[115.305,-3.5167],[115.2256,-3.599],[115.1113,-3.6385],[115.0896,-3.6736],[115.0414,-3.7022],[115.0272,-3.6931],[114.9926,-3.7011],[114.9311,-3.7288],[114.9268,-3.7043],[114.9631,-3.6341],[114.932,-3.6233],[114.9108,-3.5676],[114.8848,-3.5561],[114.9052,-3.5321],[114.9064,-3.4973],[114.8908,-3.4722],[114.9014,-3.475],[114.9048,-3.4545],[114.8451,-3.4375],[114.84,-3.4255],[114.7838,-3.4212],[114.7476,-3.3911],[114.7358,-3.3984],[114.7366,-3.3841],[114.7193,-3.3775],[114.6746,-3.4608],[114.6821,-3.5178],[114.513,-3.5425],[114.4988,-3.5189],[114.5151,-3.5017],[114.5198,-3.4328],[114.5068,-3.388],[114.5223,-3.3634],[114.549,-3.374],[114.5699,-3.3668],[114.5862,-3.3821],[114.6329,-3.3465],[114.657,-3.3484],[114.6596,-3.3356],[114.6283,-3.3131],[114.6386,-3.2756],[114.7804,-3.2305],[114.7891,-3.2028],[114.8219,-3.2007],[114.8256,-3.1651],[114.8691,-3.1366],[114.8692,-3.064],[114.8306,-3.0945],[114.8284,-3.0153],[115.0258,-3.1343],[115.0251,-3.1629],[115.0646,-3.1678],[115.1231,-3.1961],[115.1656,-3.1882],[115.1748,-3.1626],[115.1986,-3.1752],[115.2444,-3.1557],[115.2419,-3.1358],[115.1812,-3.1307],[115.168,-3.1147],[115.2163,-3.0473],[115.2386,-3.0479],[115.2778,-2.9979],[115.3225,-2.9689],[115.3451,-2.9653],[115.3536,-2.9834],[115.3875,-2.979],[115.3986,-2.9959],[115.435,-2.9769],[115.4777,-2.9403],[115.543,-2.8336],[115.5557,-2.8311]]]}},{"type":"Feature","properties":{"province":"JAWA TENGAH","district":"BANJARNEGARA","id":"JAWA TENGAH/BANJARNEGARA","name":"BANJARNEGARA"},"geometry":{"type":"Polygon","coordinates":[[[109.9169,-7.1899],[109.9066,-7.2216],[109.8549,-7.2408],[109.8402,-7.286],[109.7512,-7.3887],[109.8295,-7.4198],[109.8328,-7.4465],[109.7878,-7.448],[109.7654,-7.4364],[109.6844,-7.5035],[109.646,-7.4948],[109.6382,-7.4788],[109.5871,-7.5156],[109.5626,-7.5093],[109.545,-7.5227],[109.4979,-7.5033],[109.404,-7.5409],[109.3623,-7.5152],[109.3617,-7.4854],[109.3731,-7.478],[109.4024,-7.4758],[109.4026,-7.4672],[109.4182,-7.4791],[109.4393,-7.4486],[109.4472,-7.4557],[109.4819,-7.4412],[109.5053,-7.4502],[109.5017,-7.4113],[109.5464,-7.4053],[109.5185,-7.3428],[109.5275,-7.3234],[109.5626,-7.3323],[109.5673,-7.3007],[109.5847,-7.2933],[109.5694,-7.2647],[109.5386,-7.2444],[109.5899,-7.207],[109.6113,-7.2108],[109.6358,-7.1766],[109.681,-7.1732],[109.6899,-7.1951],[109.7264,-7.202],[109.7528,-7.1795],[109.7991,-7.171],[109.833,-7.1895],[109.8484,-7.1777],[109.877,-7.1909],[109.8868,-7.1786],[109.9043,-7.1958],[109.9169,-7.1899]]]}},{"type":"Feature","properties":{"province":"SULAWESI SELATAN","district":"BANTAENG","id":"SULAWESI SELATAN/BANTAENG","name":"BANTAENG"},"geometry":{"type":"Polygon","coordinates":[[[119.9556,-5.3544],[119.9701,-5.3915],[120.0287,-5.3933],[120.0355,-5.4082],[120.0263,-5.4117],[120.0902,-5.4887],[120.1012,-5.5858],[120.0634,-5.5875],[119.9377,-5.5444],[119.9074,-5.5767],[119.902,-5.5591],[119.8574,-5.5523],[119.8541,-5.5149],[119.8759,-5.5295],[119.8798,-5.4909],[119.937,-5.407],[119.9314,-5.3642],[119.9556,-5.3544]]]}},{"type":"Feature","properties":{"province":"DAERAH ISTIMEWA YOGYAKARTA","district":"BANTUL","id":"DAERAH ISTIMEWA YOGYAKARTA/BANTUL","name":"BANTUL"},"geometry":{"type":"Polygon","coordinates":[[[110.3511,-7.7682],[110.3513,-7.825],[110.3751,-7.8244],[110.3877,-7.8399],[110.3933,-7.8263],[110.4051,-7.8304],[110.397,-7.7862],[110.4129,-7.7832],[110.43,-7.8359],[110.4814,-7.8174],[110.5213,-7.8337],[110.4889,-7.8378],[110.4675,-7.8667],[110.4757,-7.8893],[110.4978,-7.9003],[110.492,-7.9384],[110.4726,-7.9536],[110.4772,-7.9714],[110.4634,-7.9684],[110.4665,-7.9542],[110.4546,-7.9672],[110.4494,-7.9469],[110.4435,-7.9668],[110.397,-7.9671],[110.3973,-7.9807],[110.3482,-7.9743],[110.3524,-7.9935],[110.3315,-7.9991],[110.339,-8.0281],[110.2115,-7.9855],[110.2479,-7.9282],[110.2687,-7.9278],[110.2733,-7.9105],[110.2574,-7.8662],[110.2214,-7.8374],[110.234,-7.813],[110.2867,-7.7846],[110.2804,-7.8185],[110.2924,-7.8352],[110.3166,-7.8237],[110.316,-7.8052],[110.3306,-7.8066],[110.3511,-7.7682]]]}},{"type":"Feature","properties":{"province":"SUMATERA SELATAN","district":"BANYUASIN","id":"SUMATERA SELATAN/BANYUASIN","name":"BANYUASIN"},"geometry":{"type":"Polygon","coordinates":[[[104.621,-2.9653],[104.6488,-2.987],[104.6337,-2.9942],[104.6377,-3.0129],[104.6108,-3.0481],[104.5957,-3.0531],[104.5828,-3.0344],[104.545,-3.033],[104.536,-3.0578],[104.4976,-3.0808],[104.3183,-3.0549],[104.2696,-3.0219],[104.2534,-3.0328],[104.233,-3.0201],[104.1931,-3.0518],[104.1659,-3.0503],[104.1752,-2.9185],[104.2317,-2.9084],[104.2299,-2.8852],[104.1835,-2.8847],[104.1707,-2.8723],[104.1852,-2.8131],[104.1713,-2.7606],[104.1918,-2.7606],[104.1959,-2.7235],[104.2256,-2.689],[104.2629,-2.6822],[104.2672,-2.6644],[104.2944,-2.659],[104.3022,-2.6444],[104.2533,-2.6242],[104.214,-2.6322],[104.1402,-2.551],[104.1525,-2.5177],[104.1307,-2.4809],[104.1014,-2.4663],[104.096,-2.4415],[104.0761,-2.4368],[104.0791,-2.4518],[104.0616,-2.4518],[104.0547,-2.3621],[104.0389,-2.3302],[104.0613,-2.2965],[104.0936,-2.3118],[104.1424,-2.3884],[104.2794,-2.4398],[104.3426,-2.4066],[104.474,-2.4142],[104.5146,-2.3745],[104.5204,-2.3827],[104.5387,-2.3681],[104.5482,-2.3793],[104.6054,-2.3769],[104.6422,-2.3433],[104.6841,-2.3352],[104.6336,-2.241],[104.5644,-2.2471],[104.5105,-2.2296],[104.4885,-2.2039],[104.4681,-2.2197],[104.4552,-2.1912],[104.429,-2.1909],[104.4005,-2.1505],[104.3837,-2.1462],[104.3702,-2.0553],[104.3556,-2.0553],[104.3382,-2.011],[104.2916,-1.9829],[104.2007,-1.8664],[104.1628,-1.7927],[104.1446,-1.7155],[104.4191,-1.627],[104.4342,-1.6409],[104.4643,-1.6419],[104.4692,-1.66],[104.4811,-1.6565],[104.5256,-1.7118],[104.5053,-1.7232],[104.5082,-1.7504],[104.4836,-1.7869],[104.5036,-1.8093],[104.472,-1.8568],[104.4722,-1.913],[104.4931,-1.9232],[104.5048,-1.9692],[104.589,-2.008],[104.6113,-2.0058],[104.6549,-1.9644],[104.6986,-1.9991],[104.8276,-2.0038],[104.8597,-2.0292],[104.891,-2.0793],[104.9025,-2.1909],[104.8442,-2.2487],[104.7887,-2.2803],[104.7432,-2.3594],[104.7014,-2.3424],[104.7022,-2.3631],[104.73,-2.39],[104.7876,-2.3838],[104.8391,-2.3377],[104.8464,-2.2861],[104.9005,-2.2791],[104.9181,-2.289],[104.9101,-2.3363],[105.0068,-2.3331],[105.0384,-2.3525],[105.0456,-2.3764],[105.0771,-2.3608],[105.1051,-2.3685],[105.1089,-2.3829],[105.2098,-2.326],[105.2971,-2.3735],[105.4187,-2.3908],[105.4811,-2.3863],[105.5713,-2.4118],[105.5255,-2.4231],[105.4948,-2.451],[105.4808,-2.4466],[105.4724,-2.4643],[105.4275,-2.4484],[105.4004,-2.4575],[105.3779,-2.4453],[105.3344,-2.4482],[105.3064,-2.4887],[105.3122,-2.4995],[105.2855,-2.509],[105.2528,-2.5532],[105.2287,-2.5418],[105.2008,-2.5823],[105.2051,-2.6312],[105.1796,-2.6346],[105.1741,-2.6472],[105.2147,-2.6854],[105.2056,-2.7321],[105.2552,-2.7562],[105.2487,-2.8072],[105.2782,-2.8267],[105.2786,-2.8516],[105.2571,-2.8558],[105.259,-2.8823],[105.2706,-2.898],[105.2852,-2.8827],[105.299,-2.9041],[105.2885,-2.958],[105.3051,-2.9783],[105.293,-2.994],[105.2811,-2.9753],[105.2603,-2.9826],[105.2327,-3.0208],[105.209,-3.1097],[105.1891,-3.1068],[105.1311,-2.9424],[105.0833,-3.0001],[105.0843,-3.1049],[105.0444,-3.114],[105.0503,-3.1485],[104.9842,-3.1529],[104.9614,-3.1684],[104.8837,-3.1422],[104.88,-3.0989],[104.8549,-3.11],[104.8303,-3.0908],[104.8301,-3.074],[104.8023,-3.0722],[104.8061,-3.0554],[104.7902,-3.0535],[104.7884,-3.0289],[104.8114,-3.0405],[104.8086,-3.0204],[104.8366,-3.0134],[104.8346,-2.9867],[104.8618,-2.9684],[104.8641,-2.9462],[104.8547,-2.9474],[104.8427,-2.9201],[104.8513,-2.9078],[104.8332,-2.8958],[104.8196,-2.9164],[104.7884,-2.9007],[104.7683,-2.916],[104.7273,-2.8969],[104.7144,-2.8656],[104.7101,-2.8759],[104.6839,-2.8707],[104.6663,-2.8913],[104.6821,-2.9087],[104.6795,-2.964],[104.6562,-2.974],[104.6346,-2.9571],[104.6434,-2.9343],[104.6234,-2.9283],[104.6119,-2.9593],[104.621,-2.9653]],[[104.6185,-2.9658],[104.6185,-2.9658],[104.6185,-2.9658],[104.6185,-2.9658]]]}},{"type":"Feature","properties":{"province":"JAWA TENGAH","district":"BANYUMAS","id":"JAWA TENGAH/BANYUMAS","name":"BANYUMAS"},"geometry":{"type":"Polygon","coordinates":[[[109.3617,-7.4854],[109.3643,-7.5175],[109.404,-7.5409],[109.433,-7.5364],[109.4154,-7.5697],[109.4464,-7.6207],[109.415,-7.6485],[109.3884,-7.6453],[109.3813,-7.6658],[109.3576,-7.6525],[109.3592,-7.6394],[109.2616,-7.6199],[109.2676,-7.5919],[109.1806,-7.5492],[109.1532,-7.5786],[109.0663,-7.573],[109.0582,-7.556],[109.0034,-7.5445],[109.0044,-7.5274],[108.9729,-7.5184],[108.9564,-7.4958],[108.9644,-7.486],[108.9561,-7.47],[108.9174,-7.462],[108.8996,-7.4723],[108.8893,-7.4503],[108.9112,-7.4465],[108.9385,-7.4179],[108.938,-7.3865],[108.9554,-7.3669],[108.9457,-7.3624],[108.9758,-7.3349],[109.0281,-7.3262],[109.0348,-7.3515],[109.0645,-7.3386],[109.0871,-7.295],[109.1188,-7.2966],[109.1306,-7.2823],[109.1231,-7.2755],[109.2237,-7.2463],[109.2549,-7.2806],[109.3126,-7.4104],[109.3335,-7.4301],[109.3411,-7.4574],[109.3318,-7.4696],[109.3266,-7.4625],[109.3209,-7.4823],[109.3374,-7.4935],[109.3452,-7.4782],[109.3617,-7.4854]]]}},{"type":"Feature","properties":{"province":"JAWA TIMUR","district":"BANYUWANGI","id":"JAWA TIMUR/BANYUWANGI","name":"BANYUWANGI"},"geometry":{"type":"Polygon","coordinates":[[[114.3065,-7.8852],[114.3328,-7.9069],[114.424,-7.9354],[114.4341,-8.031],[114.4298,-8.0658],[114.3985,-8.1211],[114.4018,-8.15],[114.3802,-8.2041],[114.3902,-8.2344],[114.3658,-8.2792],[114.3407,-8.4171],[114.3554,-8.4702],[114.3707,-8.4799],[114.3513,-8.5293],[114.3764,-8.532],[114.3883,-8.4812],[114.3827,-8.4484],[114.3953,-8.4531],[114.4079,-8.5694],[114.4421,-8.6344],[114.458,-8.6385],[114.481,-8.6179],[114.5144,-8.6501],[114.5684,-8.6593],[114.5973,-8.7004],[114.6053,-8.7175],[114.5953,-8.7507],[114.5667,-8.7731],[114.5324,-8.7802],[114.4461,-8.7526],[114.3446,-8.7423],[114.3765,-8.7054],[114.3698,-8.6706],[114.3285,-8.6294],[114.259,-8.6018],[114.2265,-8.6036],[114.2206,-8.6449],[114.0955,-8.6147],[114.0845,-8.629],[114.0598,-8.6262],[114.0497,-8.6465],[114.015,-8.5898],[113.9965,-8.5914],[113.9969,-8.6076],[113.9901,-8.5987],[113.9565,-8.6135],[113.9475,-8.5994],[113.966,-8.5963],[113.9687,-8.5832],[113.9463,-8.5587],[113.9254,-8.5603],[113.9093,-8.5791],[113.8761,-8.557],[113.8376,-8.5537],[113.8551,-8.5196],[113.8422,-8.4945],[113.8547,-8.43],[113.8904,-8.4104],[113.9103,-8.442],[113.9473,-8.4018],[113.9237,-8.3843],[113.909,-8.3469],[113.9242,-8.3349],[113.935,-8.2708],[113.9667,-8.2323],[113.9579,-8.2058],[114.0468,-8.1252],[114.0786,-8.1268],[114.1465,-8.101],[114.1844,-8.1209],[114.2137,-8.0998],[114.2197,-8.0737],[114.2488,-8.0456],[114.2251,-7.983],[114.2831,-7.8972],[114.3065,-7.8852]]]}},{"type":"Feature","properties":{"province":"KALIMANTAN SELATAN","district":"BARITO KUALA","id":"KALIMANTAN SELATAN/BARITO KUALA","name":"BARITO KUALA"},"geometry":{"type":"Polygon","coordinates":[[[114.8595,-2.5265],[114.8043,-2.7423],[114.8115,-2.8068],[114.8394,-2.87],[114.7992,-2.9568],[114.8149,-2.9922],[114.8266,-2.9928],[114.8306,-3.0945],[114.8692,-3.064],[114.8691,-3.1366],[114.8256,-3.1651],[114.8219,-3.2007],[114.7891,-3.2028],[114.7804,-3.2305],[114.6251,-3.2851],[114.6019,-3.2889],[114.5689,-3.2674],[114.5618,-3.3152],[114.5068,-3.388],[114.5198,-3.4328],[114.5127,-3.5132],[114.4988,-3.5189],[114.4852,-3.4994],[114.4293,-3.4997],[114.353,-3.4644],[114.3471,-3.4201],[114.3628,-3.3871],[114.3496,-3.3488],[114.3599,-3.3164],[114.3748,-3.287],[114.4359,-3.2426],[114.4495,-3.2096],[114.4237,-3.1799],[114.5261,-3.0867],[114.5182,-3.0778],[114.5335,-3.0813],[114.5458,-3.0678],[114.5281,-3.0449],[114.5226,-3.0043],[114.5052,-2.9997],[114.5302,-2.9698],[114.5259,-2.9527],[114.5361,-2.9595],[114.5442,-2.949],[114.5169,-2.9196],[114.5384,-2.9273],[114.5672,-2.864],[114.5989,-2.8908],[114.6153,-2.8845],[114.5977,-2.8156],[114.6667,-2.7986],[114.6794,-2.7788],[114.6705,-2.7546],[114.6785,-2.7391],[114.718,-2.7408],[114.762,-2.7204],[114.7908,-2.6699],[114.7965,-2.5928],[114.8595,-2.5265]]]}},{"type":"Feature","properties":{"province":"KALIMANTAN TENGAH","district":"BARITO SELATAN","id":"KALIMANTAN TENGAH/BARITO SELATAN","name":"BARITO SELATAN"},"geometry":{"type":"Polygon","coordinates":[[[115.4545,-1.4616],[115.4336,-1.4522],[115.4354,-1.4964],[115.391,-1.5205],[115.3594,-1.5879],[115.3621,-1.6204],[115.332,-1.6093],[115.3145,-1.6447],[115.1032,-1.6312],[115.0469,-1.659],[114.9443,-1.7893],[114.9413,-1.9836],[114.9252,-2.0893],[114.9339,-2.1149],[114.9134,-2.1684],[114.932,-2.1921],[114.9171,-2.2269],[114.9452,-2.2205],[114.9143,-2.2414],[115.0014,-2.3957],[114.8826,-2.4886],[114.8332,-2.5625],[114.7973,-2.5915],[114.7868,-2.5849],[114.7795,-2.6062],[114.7173,-2.5675],[114.7698,-2.4932],[114.7588,-2.4578],[114.7268,-2.4627],[114.7369,-2.4394],[114.6443,-2.4048],[114.6805,-2.3245],[114.6941,-2.1551],[114.6168,-2.0167],[114.6205,-1.9076],[114.5968,-1.6699],[114.6242,-1.6041],[114.6138,-1.5515],[114.6619,-1.4082],[114.6681,-1.3193],[114.7482,-1.3411],[114.8946,-1.3536],[114.991,-1.3186],[115.0538,-1.3274],[115.0843,-1.3057],[115.1277,-1.3137],[115.1456,-1.2967],[115.1773,-1.2912],[115.1913,-1.3138],[115.2443,-1.3204],[115.2416,-1.3675],[115.3008,-1.3343],[115.3194,-1.2872],[115.365,-1.2559],[115.3979,-1.2509],[115.4131,-1.2706],[115.401,-1.3553],[115.4227,-1.3778],[115.4136,-1.4006],[115.4476,-1.4043],[115.4377,-1.4448],[115.4545,-1.4616]]]}},{"type":"Feature","properties":{"province":"KALIMANTAN TENGAH","district":"BARITO TIMUR","id":"KALIMANTAN TENGAH/BARITO TIMUR","name":"BARITO TIMUR"},"geometry":{"type":"Polygon","coordinates":[[[115.3621,-1.6204],[115.3741,-1.6527],[115.3469,-1.6746],[115.3344,-1.748],[115.311,-1.7973],[115.3135,-1.8254],[115.2999,-1.8244],[115.3195,-1.8921],[115.4202,-1.892],[115.417,-1.9121],[115.431,-1.9249],[115.4213,-1.9333],[115.4433,-1.9467],[115.4201,-1.974],[115.4161,-2.0128],[115.3969,-2.0131],[115.4086,-2.0583],[115.3636,-2.0442],[115.355,-2.0945],[115.3358,-2.0958],[115.2973,-2.1437],[115.3024,-2.1826],[115.2903,-2.2239],[115.2647,-2.2263],[115.2437,-2.192],[115.2542,-2.2094],[115.1073,-2.3049],[115.089,-2.3488],[115.0014,-2.3957],[114.9143,-2.2414],[114.9452,-2.2205],[114.9171,-2.2269],[114.932,-2.1921],[114.9134,-2.1684],[114.9339,-2.1149],[114.9252,-2.0893],[114.9413,-1.9836],[114.9443,-1.7893],[115.0469,-1.659],[115.1032,-1.6312],[115.3145,-1.6447],[115.332,-1.6093],[115.3621,-1.6204]]]}},{"type":"Feature","properties":{"province":"KALIMANTAN TENGAH","district":"BARITO UTARA","id":"KALIMANTAN TENGAH/BARITO UTARA","name":"BARITO UTARA"},"geometry":{"type":"Polygon","coordinates":[[[115.2916,-0.0496],[115.2913,-0.0781],[115.309,-0.0805],[115.3165,-0.0971],[115.3096,-0.1178],[115.2871,-0.1281],[115.286,-0.1452],[115.2709,-0.1427],[115.2404,-0.1671],[115.2985,-0.2104],[115.2732,-0.2433],[115.2579,-0.2396],[115.2465,-0.2523],[115.2532,-0.3026],[115.2249,-0.3117],[115.2325,-0.3605],[115.2626,-0.4009],[115.2479,-0.4098],[115.2688,-0.4491],[115.2985,-0.4559],[115.3071,-0.486],[115.2975,-0.4941],[115.3071,-0.511],[115.2936,-0.5165],[115.2829,-0.5488],[115.3367,-0.5435],[115.3809,-0.5722],[115.3565,-0.6134],[115.3777,-0.6295],[115.3727,-0.6537],[115.3571,-0.6705],[115.3256,-0.6715],[115.3419,-0.6862],[115.3466,-0.7204],[115.3008,-0.745],[115.3009,-0.7612],[115.286,-0.7713],[115.2895,-0.7994],[115.3,-0.7972],[115.3417,-0.8391],[115.3499,-0.8912],[115.3572,-0.8636],[115.3753,-0.8772],[115.3816,-0.8518],[115.3977,-0.8649],[115.3992,-0.8453],[115.4137,-0.8735],[115.4739,-0.8725],[115.4776,-0.882],[115.5473,-0.8544],[115.5914,-0.935],[115.6309,-0.9763],[115.6246,-1.0166],[115.6792,-1.0089],[115.6999,-1.0297],[115.7109,-1.075],[115.7496,-1.1049],[115.7565,-1.1335],[115.7664,-1.1377],[115.8198,-1.0886],[115.842,-1.0963],[115.8494,-1.1718],[115.8249,-1.1786],[115.7772,-1.2312],[115.7588,-1.3126],[115.7093,-1.3389],[115.6676,-1.3348],[115.6256,-1.3507],[115.5979,-1.3799],[115.5567,-1.398],[115.5125,-1.452],[115.4883,-1.4492],[115.4714,-1.4296],[115.4554,-1.4616],[115.4377,-1.4448],[115.4476,-1.4043],[115.4136,-1.4006],[115.4227,-1.3778],[115.401,-1.3553],[115.4131,-1.2706],[115.3979,-1.2509],[115.365,-1.2559],[115.3194,-1.2872],[115.3008,-1.3343],[115.2416,-1.3675],[115.2443,-1.3204],[115.1913,-1.3138],[115.1773,-1.2912],[115.1456,-1.2967],[115.1277,-1.3137],[115.0843,-1.3057],[115.0538,-1.3274],[114.991,-1.3186],[114.8946,-1.3536],[114.7482,-1.3411],[114.6681,-1.3193],[114.6618,-1.2654],[114.6836,-1.2428],[114.6974,-1.1643],[114.6772,-1.1559],[114.6267,-1.171],[114.5101,-1.126],[114.5236,-1.0945],[114.4889,-1.0817],[114.4782,-1.0648],[114.4832,-1.0433],[114.4536,-1.0186],[114.483,-0.9786],[114.4726,-0.9652],[114.5045,-0.9504],[114.4996,-0.9276],[114.5216,-0.9034],[114.5554,-0.9156],[114.5697,-0.8753],[114.6534,-0.8599],[114.7365,-0.7683],[114.7921,-0.7638],[114.7898,-0.7506],[114.8302,-0.7433],[114.8729,-0.7126],[114.8886,-0.6763],[114.9284,-0.6372],[114.923,-0.6172],[114.9777,-0.5888],[115.0099,-0.5265],[115.0002,-0.5169],[115.0188,-0.5012],[115.0111,-0.4632],[115.0203,-0.3922],[115.0081,-0.3641],[115.0387,-0.3381],[115.013,-0.2662],[115.0392,-0.24],[115.0198,-0.2138],[115.0465,-0.2025],[115.0505,-0.1607],[115.0703,-0.1479],[115.0871,-0.1544],[115.12,-0.1491],[115.1264,-0.1364],[115.1504,-0.139],[115.1463,-0.1211],[115.1652,-0.0874],[115.1814,-0.0947],[115.1837,-0.0811],[115.2284,-0.0724],[115.2617,-0.0479],[115.2916,-0.0496]]]}},{"type":"Feature","properties":{"province":"SULAWESI SELATAN","district":"BARRU","id":"SULAWESI SELATAN/BARRU","name":"BARRU"},"geometry":{"type":"Polygon","coordinates":[[[119.6209,-4.0674],[119.6427,-4.0786],[119.6672,-4.0694],[119.7197,-4.0774],[119.7509,-4.1254],[119.7303,-4.151],[119.73,-4.1734],[119.7573,-4.1935],[119.7576,-4.2065],[119.7218,-4.2145],[119.7062,-4.2316],[119.7561,-4.2888],[119.7585,-4.4803],[119.7915,-4.4956],[119.79,-4.5132],[119.811,-4.5425],[119.7989,-4.5655],[119.8026,-4.5916],[119.7594,-4.6257],[119.7601,-4.684],[119.7869,-4.6884],[119.8257,-4.7177],[119.8178,-4.7505],[119.801,-4.7635],[119.7734,-4.7539],[119.7489,-4.7981],[119.6981,-4.7892],[119.6824,-4.7712],[119.696,-4.7566],[119.6916,-4.7208],[119.6611,-4.7262],[119.6546,-4.7161],[119.6667,-4.6539],[119.6397,-4.6273],[119.6252,-4.5741],[119.5896,-4.5557],[119.581,-4.5304],[119.5995,-4.4739],[119.5963,-4.4166],[119.6124,-4.3687],[119.6137,-4.3786],[119.6273,-4.3648],[119.6205,-4.3379],[119.6372,-4.3193],[119.6367,-4.2999],[119.6225,-4.2952],[119.5947,-4.2404],[119.6252,-4.2362],[119.6083,-4.2166],[119.638,-4.1734],[119.6141,-4.1443],[119.6206,-4.1123],[119.6054,-4.1038],[119.6209,-4.0674]]]}},{"type":"Feature","properties":{"province":"JAWA TENGAH","district":"BATANG","id":"JAWA TENGAH/BATANG","name":"BATANG"},"geometry":{"type":"Polygon","coordinates":[[[109.7109,-6.867],[109.8756,-6.9162],[109.9824,-6.9243],[110.0263,-6.9118],[110.045,-6.9212],[110.0308,-6.9301],[110.051,-6.9415],[110.051,-6.98],[110.0132,-7.0186],[109.9743,-7.0337],[109.9774,-7.0818],[109.9214,-7.189],[109.9043,-7.1958],[109.8868,-7.1786],[109.877,-7.1909],[109.8484,-7.1777],[109.833,-7.1895],[109.7789,-7.1559],[109.7714,-7.1137],[109.7435,-7.1113],[109.7388,-7.0999],[109.7594,-7.0694],[109.749,-6.9997],[109.7312,-7.0031],[109.7214,-6.9862],[109.7065,-6.9857],[109.7029,-6.965],[109.6733,-6.9353],[109.697,-6.9262],[109.7109,-6.867]]]}},{"type":"Feature","properties":{"province":"JAMBI","district":"BATANGHARI","id":"JAMBI/BATANGHARI","name":"BATANGHARI"},"geometry":{"type":"Polygon","coordinates":[[[103.3037,-1.3489],[103.346,-1.3873],[103.3548,-1.4415],[103.3842,-1.4837],[103.4322,-1.4664],[103.4742,-1.4779],[103.463,-1.5178],[103.4728,-1.5439],[103.4006,-1.6559],[103.43,-1.6788],[103.4185,-1.6787],[103.4253,-1.7031],[103.4004,-1.7275],[103.4023,-1.7511],[103.4207,-1.7539],[103.4321,-1.7731],[103.4164,-1.8172],[103.3939,-1.8346],[103.4105,-1.8683],[103.3203,-1.8682],[103.3144,-1.9135],[103.3402,-1.9949],[103.3702,-1.9942],[103.3699,-2.0466],[103.4544,-2.0479],[103.4464,-2.1736],[103.4602,-2.1777],[103.4521,-2.2219],[103.4631,-2.2655],[103.4476,-2.3162],[103.4619,-2.3397],[103.4538,-2.3596],[103.4384,-2.3424],[103.4058,-2.3351],[103.3493,-2.2654],[103.3384,-2.2713],[103.3327,-2.249],[103.3011,-2.2218],[103.3034,-2.1993],[103.2776,-2.1479],[103.2589,-2.1331],[103.2305,-2.1358],[103.2101,-2.0592],[103.1916,-2.0409],[103.2059,-2.0139],[103.1808,-1.9759],[103.1996,-1.9561],[103.1994,-1.9096],[103.1768,-1.9236],[103.169,-1.9584],[103.1328,-1.9582],[103.1329,-1.9701],[103.0942,-1.9657],[103.0872,-1.9802],[103.0796,-1.9536],[102.9794,-1.9435],[102.9656,-1.9576],[102.9554,-1.9509],[102.9419,-1.9729],[102.9075,-1.9643],[102.888,-1.9799],[102.8008,-1.9906],[102.8018,-1.9324],[102.7126,-1.9534],[102.6279,-1.9214],[102.6156,-1.9054],[102.5477,-1.9179],[102.4771,-1.8914],[102.496,-1.8794],[102.497,-1.8521],[102.5657,-1.887],[102.5903,-1.882],[102.6643,-1.8134],[102.6678,-1.7569],[102.7142,-1.7184],[102.707,-1.7043],[102.7274,-1.7044],[102.7269,-1.6831],[102.7871,-1.6335],[102.8046,-1.5796],[102.7935,-1.5267],[102.8241,-1.4668],[102.8086,-1.4231],[102.8223,-1.3964],[102.8573,-1.3896],[102.8656,-1.3715],[102.8913,-1.3708],[102.9608,-1.4213],[103.0193,-1.4386],[103.0294,-1.455],[103.0429,-1.4137],[103.0622,-1.4053],[103.0552,-1.3873],[103.11,-1.4005],[103.1501,-1.3772],[103.1702,-1.3891],[103.2071,-1.3598],[103.2223,-1.3915],[103.2667,-1.4036],[103.2935,-1.3832],[103.2852,-1.3529],[103.3037,-1.3489]]]}},{"type":"Feature","properties":{"province":"SUMATERA UTARA","district":"BATU BARA","id":"SUMATERA UTARA/BATU BARA","name":"BATU BARA"},"geometry":{"type":"Polygon","coordinates":[[[99.3203,3.4323],[99.3687,3.3978],[99.4204,3.3863],[99.4887,3.3441],[99.4869,3.3177],[99.5582,3.2375],[99.6916,3.2034],[99.7382,3.1652],[99.7021,3.1176],[99.6208,3.137],[99.6274,3.1271],[99.5927,3.1064],[99.6199,3.0934],[99.5956,3.0652],[99.5956,3.045],[99.5535,3.0279],[99.5628,3.0184],[99.5513,3.0152],[99.53,3.0216],[99.5495,3.029],[99.557,3.0615],[99.569,3.0626],[99.5712,3.0842],[99.5513,3.0998],[99.5298,3.1043],[99.5245,3.0844],[99.5021,3.095],[99.5215,3.1028],[99.5161,3.1175],[99.4969,3.1151],[99.495,3.1257],[99.4498,3.1339],[99.4176,3.1552],[99.3699,3.1511],[99.4021,3.2572],[99.3708,3.2481],[99.3567,3.2198],[99.3449,3.2878],[99.305,3.3043],[99.3017,3.2832],[99.2654,3.2793],[99.2602,3.2596],[99.2356,3.2568],[99.2266,3.2044],[99.2068,3.2247],[99.2314,3.257],[99.2235,3.2796],[99.2433,3.2803],[99.261,3.3065],[99.2723,3.3537],[99.2935,3.3789],[99.2823,3.3935],[99.3203,3.4323]]]}},{"type":"Feature","properties":{"province":"JAWA BARAT","district":"BEKASI","id":"JAWA BARAT/BEKASI","name":"BEKASI"},"geometry":{"type":"Polygon","coordinates":[[[107.0159,-5.9268],[107.036,-5.9364],[107.0202,-5.9188],[107.0428,-5.9255],[107.0327,-5.9564],[107.0744,-5.9686],[107.0713,-5.9436],[107.047,-5.9261],[107.0963,-5.9376],[107.0844,-5.9908],[107.1016,-6.0162],[107.0939,-6.0274],[107.1113,-6.0289],[107.1266,-6.0543],[107.1362,-6.0496],[107.1303,-6.0615],[107.1405,-6.0572],[107.1436,-6.0713],[107.1857,-6.0766],[107.1891,-6.0893],[107.2216,-6.1039],[107.2468,-6.1011],[107.2485,-6.1161],[107.2653,-6.1113],[107.2706,-6.1297],[107.2812,-6.1276],[107.2824,-6.148],[107.2927,-6.1414],[107.2786,-6.162],[107.2966,-6.2029],[107.291,-6.217],[107.2722,-6.2169],[107.2837,-6.2259],[107.2691,-6.232],[107.2761,-6.267],[107.255,-6.2948],[107.2174,-6.3151],[107.2266,-6.3492],[107.215,-6.3499],[107.2048,-6.3757],[107.2212,-6.3842],[107.2214,-6.4081],[107.1962,-6.423],[107.2169,-6.4614],[107.1822,-6.4678],[107.174,-6.4858],[107.0554,-6.4357],[107.0625,-6.3991],[107.0235,-6.4094],[106.991,-6.3635],[107.0163,-6.3579],[107.0165,-6.3304],[107.029,-6.3301],[107.0412,-6.3074],[107.0366,-6.2827],[107.0141,-6.2864],[107.0179,-6.2628],[107.0417,-6.2452],[107.0303,-6.2266],[107.0338,-6.1988],[107.0064,-6.1932],[107.0106,-6.1724],[106.9716,-6.1689],[106.9706,-6.0883],[107.0161,-6.0769],[106.9967,-6.0528],[106.9718,-6.0526],[107.0064,-6.0496],[107.0161,-6.0345],[107.0131,-6.0232],[106.9949,-6.0282],[106.9933,-6.0127],[107.0061,-6.0158],[106.9948,-6.0074],[107.0088,-6.0006],[107.0163,-5.9586],[107.0044,-5.941],[106.9907,-5.9417],[107.0086,-5.92],[107.0159,-5.9268]]]}},{"type":"Feature","properties":{"province":"KEPULAUAN BANGKA BELITUNG","district":"BELITUNG","id":"KEPULAUAN BANGKA BELITUNG/BELITUNG","name":"BELITUNG"},"geometry":{"type":"Polygon","coordinates":[[[107.8177,-2.5272],[107.8336,-2.5318],[107.8338,-2.5544],[107.9035,-2.5771],[107.9236,-2.5608],[107.9381,-2.566],[107.9464,-2.5982],[107.9274,-2.6214],[107.8951,-2.6329],[107.8791,-2.6921],[107.9059,-2.7121],[107.9454,-2.7094],[107.9451,-2.7326],[107.9654,-2.736],[107.9842,-2.777],[107.9336,-2.8],[107.8662,-2.8027],[107.8489,-2.8236],[107.8716,-2.8778],[107.8239,-2.8797],[107.7839,-2.8619],[107.7474,-2.888],[107.7591,-2.8986],[107.7514,-2.9056],[107.7644,-2.944],[107.7905,-2.9738],[107.8337,-3.0089],[107.8642,-3.0176],[107.8482,-3.0594],[107.8102,-3.0862],[107.8494,-3.121],[107.8317,-3.1398],[107.8326,-3.1641],[107.7671,-3.1917],[107.7084,-3.1931],[107.6393,-3.24],[107.6081,-3.2442],[107.5846,-3.1963],[107.6293,-3.1429],[107.5826,-3.0866],[107.5811,-3.0469],[107.5607,-3.0002],[107.5672,-2.985],[107.5839,-2.9831],[107.6151,-2.9132],[107.5863,-2.9121],[107.5654,-2.9312],[107.5307,-2.9369],[107.529,-2.9209],[107.5986,-2.8578],[107.5987,-2.8139],[107.581,-2.7961],[107.613,-2.7807],[107.5998,-2.7828],[107.6054,-2.7636],[107.6394,-2.7471],[107.6229,-2.7469],[107.6287,-2.7163],[107.6098,-2.7054],[107.6265,-2.6891],[107.6464,-2.6266],[107.6286,-2.5954],[107.6683,-2.5544],[107.6862,-2.5647],[107.719,-2.5471],[107.7654,-2.5571],[107.8177,-2.5272]]]}},{"type":"Feature","properties":{"province":"KEPULAUAN BANGKA BELITUNG","district":"BELITUNG TIMUR","id":"KEPULAUAN BANGKA BELITUNG/BELITUNG TIMUR","name":"BELITUNG TIMUR"},"geometry":{"type":"Polygon","coordinates":[[[107.9509,-2.5682],[108.0104,-2.5851],[108.0026,-2.6182],[108.0246,-2.6434],[108.0292,-2.6363],[108.0293,-2.653],[108.0414,-2.5989],[108.0645,-2.6086],[108.087,-2.5972],[108.1131,-2.632],[108.127,-2.629],[108.1553,-2.6539],[108.148,-2.6737],[108.1628,-2.6858],[108.1711,-2.6689],[108.1963,-2.683],[108.1918,-2.6909],[108.2703,-2.7512],[108.2663,-2.7698],[108.2996,-2.8481],[108.2942,-2.8788],[108.2634,-2.8971],[108.2472,-2.9552],[108.2079,-3.0133],[108.213,-3.0701],[108.1794,-3.1217],[108.2085,-3.145],[108.1848,-3.1423],[108.1749,-3.1596],[108.1187,-3.1789],[108.0816,-3.169],[108.0683,-3.1888],[108.0866,-3.2067],[108.0824,-3.2445],[108.0147,-3.2441],[107.9847,-3.2725],[107.9675,-3.2356],[107.9586,-3.2373],[107.9741,-3.1946],[107.9643,-3.1682],[107.949,-3.157],[107.9416,-3.165],[107.9496,-3.1563],[107.9325,-3.151],[107.9294,-3.1263],[107.8857,-3.1169],[107.8805,-3.1094],[107.899,-3.098],[107.8887,-3.0815],[107.8482,-3.0601],[107.8641,-3.0174],[107.8337,-3.0089],[107.7905,-2.9738],[107.7644,-2.944],[107.7514,-2.9056],[107.7591,-2.8986],[107.7474,-2.888],[107.7839,-2.8619],[107.8239,-2.8797],[107.8716,-2.8778],[107.8489,-2.8236],[107.8662,-2.8027],[107.9336,-2.8],[107.9842,-2.777],[107.9654,-2.736],[107.9451,-2.7326],[107.9454,-2.7094],[107.9059,-2.7121],[107.8791,-2.6921],[107.8951,-2.6329],[107.9379,-2.6101],[107.9471,-2.5896],[107.9393,-2.5729],[107.9509,-2.5682]]]}},{"type":"Feature","properties":{"province":"NUSA TENGGARA TIMUR","district":"BELU","id":"NUSA TENGGARA TIMUR/BELU","name":"BELU"},"geometry":{"type":"Polygon","coordinates":[[[125.0108,-9.3005],[124.9883,-9.3301],[124.9955,-9.3519],[124.9866,-9.3743],[124.9613,-9.3931],[124.9164,-9.3817],[124.899,-9.3585],[124.8806,-9.3856],[124.843,-9.3855],[124.8434,-9.3602],[124.8288,-9.3624],[124.8173,-9.3432],[124.844,-9.3261],[124.8576,-9.2614],[124.826,-9.2425],[124.8363,-9.2173],[124.8096,-9.1682],[124.8272,-9.1456],[124.8136,-9.102],[124.8202,-9.0763],[124.7962,-9.0119],[124.8095,-9.0181],[124.8203,-9.0018],[124.8486,-9.0085],[124.8783,-8.9801],[124.9451,-8.957],[124.9526,-8.9646],[124.934,-8.9954],[124.9317,-9.0281],[124.9403,-9.0472],[124.9838,-9.0662],[125.0766,-9.0219],[125.112,-8.9675],[125.1844,-9.0254],[125.1876,-9.0733],[125.1706,-9.1229],[125.1933,-9.1562],[125.1749,-9.175],[125.1343,-9.1744],[125.097,-9.2018],[125.0527,-9.1688],[125.0139,-9.1695],[124.9827,-9.1914],[124.9816,-9.2418],[124.9968,-9.2634],[124.9944,-9.29],[125.0108,-9.3005]]]}},{"type":"Feature","properties":{"province":"ACEH","district":"BENER MERIAH","id":"ACEH/BENER MERIAH","name":"BENER MERIAH"},"geometry":{"type":"Polygon","coordinates":[[[97.3125,4.6046],[97.2322,4.6042],[97.1475,4.5791],[97.0508,4.6032],[97.0207,4.6439],[96.8242,4.668],[96.822,4.6869],[96.8091,4.6728],[96.7874,4.7132],[96.7468,4.7126],[96.7106,4.7526],[96.7022,4.7446],[96.6836,4.7557],[96.7015,4.779],[96.7084,4.8183],[96.6911,4.8377],[96.6758,4.9494],[96.6165,4.9556],[96.5984,4.9385],[96.5731,4.9477],[96.6296,4.9687],[96.746,4.966],[96.8444,4.8981],[96.8462,4.8821],[96.9554,4.8588],[97.0014,4.865],[97.0224,4.9127],[97.1013,4.8985],[97.1387,4.9119],[97.2427,4.8735],[97.2821,4.8163],[97.2522,4.758],[97.3196,4.7367],[97.3287,4.7117],[97.3015,4.6622],[97.2586,4.6612],[97.2612,4.6177],[97.2913,4.6263],[97.3125,4.6046]]]}},{"type":"Feature","properties":{"province":"RIAU","district":"BENGKALIS","id":"RIAU/BENGKALIS","name":"BENGKALIS"},"geometry":{"type":"Polygon","coordinates":[[[101.7254,1.6712],[101.7628,1.6589],[102.0043,1.4592],[102.09,1.4014],[102.1486,1.3791],[102.1586,1.362],[102.1505,1.2713],[102.1686,1.2285],[102.1652,1.2017],[102.1481,1.2045],[102.1491,1.1873],[102.1019,1.1485],[102.0946,1.1204],[102.0668,1.1138],[102.0653,1.0931],[102.0376,1.0874],[102.0333,1.0322],[102.0203,1.0322],[101.979,0.98],[101.9101,1.0891],[101.8872,1.1762],[101.8568,1.2015],[101.777,1.212],[101.7128,1.2118],[101.599,1.034],[101.5475,0.9217],[101.5245,0.9315],[101.5155,0.9536],[101.4562,0.985],[101.4551,1.0044],[101.4168,1.0229],[101.3397,1.0282],[101.2823,1.0597],[101.2313,1.0068],[101.1926,0.9996],[101.1281,1.0201],[101.0789,1.003],[100.984,1.082],[100.9924,1.207],[100.9789,1.2638],[100.9883,1.2981],[100.9677,1.3309],[100.9734,1.3488],[101.0212,1.3527],[101.1053,1.4107],[101.2427,1.4809],[101.2658,1.4652],[101.2645,1.4901],[101.2771,1.49],[101.2774,1.4674],[101.3171,1.4747],[101.4356,1.4472],[101.4493,1.4943],[101.5066,1.4933],[101.5281,1.5956],[101.598,1.6002],[101.6183,1.5455],[101.6407,1.5479],[101.6243,1.5886],[101.6422,1.6099],[101.7185,1.6227],[101.7254,1.6712]]]}},{"type":"Feature","properties":{"province":"KALIMANTAN BARAT","district":"BENGKAYANG","id":"KALIMANTAN BARAT/BENGKAYANG","name":"BENGKAYANG"},"geometry":{"type":"Polygon","coordinates":[[[109.7591,1.5349],[109.7986,1.5047],[109.8034,1.4651],[109.8393,1.4828],[109.8373,1.4219],[109.8939,1.4146],[109.9291,1.4255],[109.9633,1.4041],[109.9794,1.2985],[110.0656,1.2643],[110.0651,1.209],[110.0866,1.2179],[110.0972,1.199],[110.1277,1.1948],[110.1019,1.1573],[110.1298,1.1004],[110.131,1.0818],[110.1129,1.0625],[110.1437,1.0253],[110.1127,1.0076],[110.0707,1.0398],[109.9953,1.0254],[109.9422,1.0314],[109.9244,0.9893],[109.9318,0.9491],[109.9028,0.9261],[109.8999,0.9058],[109.8711,0.8942],[109.8672,0.867],[109.7722,0.8503],[109.7692,0.832],[109.6926,0.8476],[109.6606,0.7531],[109.5987,0.735],[109.5654,0.7117],[109.5206,0.7048],[109.5233,0.7164],[109.4889,0.7334],[109.4767,0.7709],[109.4592,0.7565],[109.4282,0.7618],[109.412,0.7359],[109.3492,0.7763],[109.3244,0.7575],[109.3154,0.7266],[109.2737,0.7203],[109.278,0.7413],[109.2618,0.7528],[109.2546,0.7284],[109.2252,0.7195],[109.2198,0.7024],[109.1726,0.701],[109.1516,0.6818],[109.1435,0.6463],[109.12,0.6377],[109.0831,0.5909],[109.0304,0.5764],[108.9985,0.5427],[108.9905,0.5548],[108.9703,0.5326],[108.9518,0.5305],[108.9259,0.5586],[108.9285,0.6259],[108.9158,0.6644],[108.8728,0.708],[108.8801,0.7714],[108.8613,0.7919],[108.8517,0.786],[108.8415,0.8166],[108.8781,0.8402],[108.9181,0.7954],[108.9675,0.7717],[108.9546,0.7582],[108.9744,0.764],[108.9934,0.7456],[109.0511,0.7452],[109.048,0.7584],[109.0715,0.756],[109.0765,0.7829],[109.0515,0.7883],[109.0507,0.8365],[109.094,0.8434],[109.1127,0.871],[109.1623,0.8943],[109.1746,0.9076],[109.1577,0.9324],[109.1623,0.9495],[109.2176,0.9763],[109.2417,1.0185],[109.3134,1.0269],[109.378,0.9981],[109.4247,1.0449],[109.4786,1.0143],[109.5015,1.0216],[109.5326,1.114],[109.5534,1.1311],[109.5615,1.1887],[109.5901,1.1992],[109.5911,1.2153],[109.6206,1.2414],[109.6254,1.3197],[109.6068,1.3284],[109.6158,1.3627],[109.5769,1.3805],[109.608,1.3888],[109.6106,1.4315],[109.6582,1.4366],[109.7189,1.4757],[109.7591,1.5349]]]}},{"type":"Feature","properties":{"province":"BENGKULU","district":"BENGKULU SELATAN","id":"BENGKULU/BENGKULU SELATAN","name":"BENGKULU SELATAN"},"geometry":{"type":"Polygon","coordinates":[[[103.0027,-4.1605],[103.0603,-4.1958],[103.0631,-4.211],[103.0512,-4.219],[103.0848,-4.2679],[103.1171,-4.249],[103.1378,-4.2576],[103.1594,-4.2361],[103.1666,-4.2472],[103.1907,-4.2361],[103.2037,-4.2481],[103.2241,-4.2407],[103.2889,-4.262],[103.2796,-4.2905],[103.2376,-4.2909],[103.201,-4.3077],[103.2013,-4.3933],[103.1676,-4.3993],[103.1211,-4.4822],[103.0803,-4.5086],[103.0802,-4.5592],[103.0068,-4.5207],[102.8995,-4.4879],[102.8836,-4.4406],[102.7962,-4.3545],[102.8126,-4.3236],[102.8266,-4.3198],[102.843,-4.3446],[102.8623,-4.2824],[102.9178,-4.2568],[102.908,-4.2416],[102.8811,-4.2415],[102.9004,-4.1785],[102.9415,-4.1825],[102.9602,-4.1648],[103.0027,-4.1605]]]}},{"type":"Feature","properties":{"province":"BENGKULU","district":"BENGKULU TENGAH","id":"BENGKULU/BENGKULU TENGAH","name":"BENGKULU TENGAH"},"geometry":{"type":"Polygon","coordinates":[[[102.4213,-3.4937],[102.4245,-3.5241],[102.4464,-3.5291],[102.4337,-3.5491],[102.4832,-3.5566],[102.5136,-3.5928],[102.5282,-3.6561],[102.5779,-3.6834],[102.583,-3.7454],[102.597,-3.748],[102.6203,-3.8022],[102.5634,-3.8082],[102.5533,-3.833],[102.5098,-3.8371],[102.4893,-3.8599],[102.4621,-3.8437],[102.3937,-3.8709],[102.3915,-3.8542],[102.3617,-3.8551],[102.3542,-3.8127],[102.3324,-3.7976],[102.3298,-3.7734],[102.3147,-3.7746],[102.2986,-3.7411],[102.2576,-3.7557],[102.2329,-3.7153],[102.2448,-3.7073],[102.2383,-3.6841],[102.1995,-3.6477],[102.2156,-3.6331],[102.199,-3.593],[102.2332,-3.5618],[102.2427,-3.608],[102.2585,-3.6049],[102.2639,-3.5491],[102.3309,-3.53],[102.3693,-3.4947],[102.3904,-3.4956],[102.4168,-3.4762],[102.4213,-3.4937]]]}},{"type":"Feature","properties":{"province":"BENGKULU","district":"BENGKULU UTARA","id":"BENGKULU/BENGKULU UTARA","name":"BENGKULU UTARA"},"geometry":{"type":"Polygon","coordinates":[[[101.8727,-2.7308],[101.9191,-2.7356],[101.9263,-2.7703],[101.9668,-2.8245],[102.0193,-2.8559],[102.0422,-2.9841],[102.0966,-3.0169],[102.1419,-3.0774],[102.1271,-3.1704],[102.146,-3.2058],[102.1664,-3.2239],[102.1912,-3.2211],[102.2363,-3.2411],[102.2508,-3.2635],[102.291,-3.2838],[102.2966,-3.3228],[102.2702,-3.3649],[102.3741,-3.3813],[102.3692,-3.404],[102.4034,-3.4342],[102.4168,-3.4762],[102.3904,-3.4956],[102.3693,-3.4947],[102.3309,-3.53],[102.2604,-3.5515],[102.2585,-3.6049],[102.2427,-3.608],[102.2332,-3.5618],[102.2104,-3.5757],[102.199,-3.593],[102.2156,-3.6331],[102.1997,-3.6474],[102.0882,-3.5585],[101.9275,-3.4791],[101.907,-3.4345],[101.7922,-3.3689],[101.6223,-3.2448],[101.5319,-3.1286],[101.5741,-3.1107],[101.5799,-3.1194],[101.5882,-3.1025],[101.6098,-3.106],[101.635,-3.0738],[101.6931,-3.0619],[101.7003,-3.0451],[101.7244,-3.0383],[101.7614,-2.982],[101.7897,-2.9844],[101.7845,-2.9376],[101.8108,-2.92],[101.8067,-2.8842],[101.8616,-2.8009],[101.8579,-2.7449],[101.8602,-2.7306],[101.8727,-2.7308]]]}},{"type":"Feature","properties":{"province":"KALIMANTAN TIMUR","district":"BERAU","id":"KALIMANTAN TIMUR/BERAU","name":"BERAU"},"geometry":{"type":"Polygon","coordinates":[[[117.2152,2.564],[117.2213,2.5439],[117.2057,2.5454],[117.1917,2.4969],[117.2309,2.4794],[117.2885,2.4918],[117.2832,2.5038],[117.2981,2.5089],[117.3074,2.5333],[117.3299,2.5234],[117.3926,2.5614],[117.4115,2.5042],[117.4326,2.5015],[117.4416,2.5188],[117.4551,2.5102],[117.4619,2.479],[117.471,2.5311],[117.5396,2.5214],[117.5721,2.5015],[117.6086,2.5222],[117.6697,2.4481],[117.688,2.4064],[117.7053,2.3972],[117.7212,2.3463],[117.7469,2.3269],[117.761,2.335],[117.8116,2.3264],[117.8219,2.3613],[117.8638,2.3929],[117.9003,2.4047],[117.9183,2.3936],[117.9587,2.4269],[117.9987,2.4355],[118.0214,2.36],[118.0379,2.3619],[118.0464,2.3794],[118.0665,2.357],[118.0777,2.3144],[118.0858,2.3258],[118.0945,2.3112],[118.0851,2.2889],[118.0966,2.2914],[118.0964,2.2759],[118.0779,2.2507],[118.0194,2.1969],[117.9455,2.1811],[117.9064,2.2113],[117.8944,2.1959],[117.817,2.2021],[117.6899,2.1809],[117.7238,2.1358],[117.7153,2.1024],[117.7266,2.0837],[117.7104,2.0784],[117.72,2.0614],[117.6893,2.0637],[117.7019,2.036],[117.718,2.0264],[117.7404,2.0453],[117.7698,2.0113],[117.8242,2.0101],[117.8211,1.9882],[117.8069,1.9861],[117.8321,1.9115],[117.8614,1.87],[117.8698,1.8816],[117.8897,1.8727],[117.8981,1.8364],[117.9184,1.8132],[117.9677,1.7898],[118.0481,1.7832],[118.0667,1.7618],[118.0536,1.7297],[118.1346,1.6339],[118.1647,1.6266],[118.2998,1.5298],[118.3879,1.4957],[118.372,1.488],[118.3778,1.4821],[118.4105,1.4867],[118.4081,1.4557],[118.4176,1.4621],[118.4206,1.4482],[118.3828,1.4308],[118.3892,1.4226],[118.4267,1.432],[118.4158,1.4269],[118.4289,1.4264],[118.4293,1.4137],[118.4014,1.4053],[118.4083,1.3964],[118.4333,1.3989],[118.4402,1.3732],[118.4594,1.3991],[118.4688,1.3956],[118.4541,1.37],[118.4624,1.3586],[118.4648,1.3767],[118.4803,1.3849],[118.4876,1.3611],[118.5167,1.3755],[118.5056,1.3627],[118.5154,1.3537],[118.563,1.3665],[118.606,1.3223],[118.7123,1.2506],[118.7686,1.1901],[118.7691,1.1664],[118.7212,1.154],[118.7729,1.1495],[118.7959,1.1163],[118.8278,1.1012],[118.8368,1.0505],[118.8534,1.0471],[118.8691,1.0662],[118.8888,1.0667],[118.9451,1.0584],[118.9488,1.046],[118.9026,1.0089],[118.8671,1.0083],[118.8564,0.9854],[118.7871,0.9958],[118.7507,1.1086],[118.6993,1.1222],[118.6024,1.1117],[118.5886,1.1256],[118.5733,1.2328],[118.5228,1.2776],[118.4824,1.2898],[118.4168,1.283],[118.3806,1.2618],[118.3489,1.2851],[118.31,1.1778],[118.2229,1.1869],[118.1876,1.1699],[118.0385,1.1619],[117.9946,1.201],[117.9818,1.2575],[117.9411,1.2791],[117.907,1.3248],[117.9074,1.3419],[117.8372,1.3658],[117.85,1.3877],[117.8408,1.421],[117.8464,1.4286],[117.8543,1.4197],[117.8652,1.4393],[117.8322,1.4873],[117.8387,1.5159],[117.8197,1.5976],[117.7924,1.6123],[117.7553,1.678],[117.7249,1.6951],[117.6644,1.671],[117.6638,1.6298],[117.6424,1.59],[117.614,1.589],[117.6046,1.6085],[117.5883,1.6024],[117.5805,1.6127],[117.5599,1.5894],[117.549,1.598],[117.5286,1.5366],[117.4945,1.5013],[117.4557,1.5574],[117.443,1.5547],[117.394,1.5909],[117.3734,1.513],[117.334,1.4881],[117.3339,1.4512],[117.3045,1.4382],[117.2798,1.4464],[117.2754,1.4216],[117.2588,1.4188],[117.2408,1.3819],[117.2226,1.3858],[117.2118,1.4099],[117.1892,1.3785],[117.1359,1.3818],[117.085,1.4131],[117.0683,1.4051],[117.0349,1.4223],[117.0085,1.4107],[116.9786,1.4721],[116.9845,1.5223],[116.9272,1.5763],[116.927,1.6083],[116.9015,1.6093],[116.9109,1.6415],[116.8874,1.6418],[116.8924,1.6762],[116.8534,1.672],[116.8405,1.6926],[116.8198,1.6795],[116.7602,1.6937],[116.7621,1.6827],[116.6986,1.6651],[116.6845,1.6434],[116.659,1.6428],[116.6447,1.6649],[116.6195,1.6671],[116.6037,1.6923],[116.5441,1.6953],[116.5281,1.7239],[116.5021,1.7133],[116.4605,1.7248],[116.4402,1.7477],[116.4705,1.7599],[116.4893,1.7859],[116.4156,1.8225],[116.3862,1.7877],[116.3535,1.7778],[116.351,1.8032],[116.2943,1.8681],[116.2561,1.8538],[116.2401,1.8618],[116.2064,1.8372],[116.1838,1.841],[116.1752,1.9018],[116.1994,1.9508],[116.1945,1.9857],[116.2296,2.0111],[116.2349,2.0314],[116.2125,2.0605],[116.2203,2.0934],[116.2524,2.1063],[116.2878,2.103],[116.2993,2.12],[116.3154,2.1151],[116.3477,2.1634],[116.3476,2.181],[116.3052,2.2077],[116.2898,2.2356],[116.3349,2.2907],[116.4021,2.2979],[116.4128,2.2821],[116.4288,2.2889],[116.455,2.2769],[116.4765,2.2907],[116.4667,2.3254],[116.4984,2.334],[116.5042,2.3481],[116.5019,2.382],[116.4866,2.3986],[116.4966,2.407],[116.4967,2.4523],[116.5674,2.4535],[116.5779,2.4273],[116.6276,2.4154],[116.6302,2.391],[116.6503,2.4047],[116.6629,2.3844],[116.6861,2.3991],[116.7076,2.3787],[116.7177,2.4054],[116.7334,2.4098],[116.7306,2.4244],[116.7523,2.4383],[116.7565,2.4839],[116.7915,2.5089],[116.8064,2.4976],[116.8447,2.5195],[116.8756,2.5071],[116.8875,2.4765],[116.8983,2.5014],[116.9267,2.504],[116.9616,2.476],[116.983,2.4319],[117.024,2.4586],[117.0155,2.4977],[117.048,2.5478],[117.1337,2.5362],[117.171,2.5617],[117.2152,2.564]]]}},{"type":"Feature","properties":{"province":"PAPUA","district":"BIAK NUMFOR","id":"PAPUA/BIAK NUMFOR","name":"BIAK NUMFOR"},"geometry":{"type":"Polygon","coordinates":[[[135.8144,-0.6864],[135.8662,-0.7073],[135.9244,-0.7902],[135.9418,-0.7876],[136.0293,-0.8371],[136.0352,-0.859],[136.0502,-0.8557],[136.0396,-0.8959],[136.0603,-0.887],[136.0913,-0.9173],[136.098,-0.9585],[136.1517,-0.9959],[136.1726,-1.0445],[136.2568,-1.0173],[136.2893,-1.0296],[136.2957,-1.0546],[136.3238,-1.0742],[136.3637,-1.064],[136.3855,-1.0724],[136.3822,-1.0879],[136.3147,-1.1404],[136.145,-1.1997],[136.074,-1.1855],[136.0376,-1.1481],[136.0009,-1.1424],[135.9387,-1.1421],[135.9057,-1.178],[135.8578,-1.1666],[135.8021,-1.0984],[135.8197,-1.0873],[135.8293,-1.031],[135.7938,-0.9839],[135.7649,-0.8854],[135.7742,-0.876],[135.7361,-0.8072],[135.7639,-0.7698],[135.7823,-0.7682],[135.7708,-0.7425],[135.7874,-0.7297],[135.7943,-0.7168],[135.7805,-0.7181],[135.8018,-0.6885],[135.8144,-0.6864]]]}},{"type":"Feature","properties":{"province":"NUSA TENGGARA BARAT","district":"BIMA","id":"NUSA TENGGARA BARAT/BIMA","name":"BIMA"},"geometry":{"type":"Polygon","coordinates":[[[118.5035,-8.2511],[118.6458,-8.2895],[118.6858,-8.3449],[118.6956,-8.3781],[118.6852,-8.3937],[118.698,-8.3968],[118.6833,-8.4116],[118.6929,-8.4201],[118.6865,-8.4598],[118.6671,-8.4847],[118.6618,-8.5105],[118.6711,-8.5196],[118.6527,-8.5471],[118.6726,-8.5389],[118.6753,-8.5168],[118.6948,-8.5162],[118.7134,-8.4954],[118.7406,-8.5172],[118.7901,-8.5138],[118.8013,-8.5324],[118.8352,-8.4967],[118.8749,-8.4832],[118.896,-8.4898],[118.8749,-8.4358],[118.8081,-8.4117],[118.8023,-8.4277],[118.7697,-8.4027],[118.7409,-8.4034],[118.7369,-8.3388],[118.7652,-8.3098],[118.8211,-8.2807],[119.001,-8.3104],[118.9915,-8.375],[119.0173,-8.3981],[119.0289,-8.4422],[119.0469,-8.4382],[119.039,-8.4552],[119.0511,-8.4519],[119.0537,-8.464],[119.0351,-8.467],[119.048,-8.4772],[119.0398,-8.5033],[119.052,-8.5139],[119.0134,-8.5381],[119.0258,-8.551],[119.0152,-8.5748],[119.037,-8.5959],[119.0321,-8.6345],[119.0554,-8.6526],[119.1297,-8.63],[119.1091,-8.5962],[119.1305,-8.6034],[119.1506,-8.5928],[119.1471,-8.5672],[119.1669,-8.557],[119.1748,-8.5666],[119.1597,-8.58],[119.1833,-8.5857],[119.1923,-8.61],[119.1724,-8.611],[119.1827,-8.6336],[119.1706,-8.6248],[119.1705,-8.6353],[119.1606,-8.6276],[119.1506,-8.637],[119.1717,-8.6474],[119.1568,-8.6571],[119.1575,-8.6723],[119.1761,-8.6981],[119.1479,-8.7107],[119.1724,-8.7238],[119.1341,-8.7371],[119.1332,-8.7527],[119.1048,-8.726],[119.1003,-8.7511],[119.036,-8.733],[118.9717,-8.7489],[118.9079,-8.6801],[118.8813,-8.6891],[118.8752,-8.7005],[118.8879,-8.7087],[118.8462,-8.7301],[118.8148,-8.7032],[118.7752,-8.7098],[118.7606,-8.6928],[118.72,-8.739],[118.6952,-8.7394],[118.6965,-8.7524],[118.7265,-8.7593],[118.7263,-8.7776],[118.7465,-8.764],[118.8349,-8.7714],[118.8991,-8.7627],[118.9241,-8.7884],[118.9506,-8.7903],[118.946,-8.8053],[118.9598,-8.8176],[118.9447,-8.8309],[118.8647,-8.8464],[118.8507,-8.8336],[118.8363,-8.8458],[118.7581,-8.797],[118.7301,-8.8024],[118.7204,-8.7928],[118.6995,-8.807],[118.6377,-8.8139],[118.6025,-8.84],[118.5585,-8.8479],[118.5193,-8.8785],[118.4773,-8.8833],[118.5112,-8.72],[118.5364,-8.6814],[118.536,-8.649],[118.5195,-8.6392],[118.5002,-8.5478],[118.5139,-8.5062],[118.5067,-8.4785],[118.4822,-8.4604],[118.5246,-8.4283],[118.5426,-8.3949],[118.4447,-8.2684],[118.4636,-8.2459],[118.5035,-8.2511]]]}},{"type":"Feature","properties":{"province":"KEPULAUAN RIAU","district":"BINTAN","id":"KEPULAUAN RIAU/BINTAN","name":"BINTAN"},"geometry":{"type":"Polygon","coordinates":[[[104.5726,1.2292],[104.5868,1.2221],[104.5774,1.155],[104.5972,1.1254],[104.6352,1.1084],[104.6574,1.0453],[104.6552,1.0012],[104.6341,0.986],[104.6469,0.9599],[104.6393,0.9464],[104.6599,0.9429],[104.6601,0.9145],[104.6199,0.9007],[104.611,0.8311],[104.593,0.8099],[104.5187,0.8274],[104.5131,0.8493],[104.5456,0.8808],[104.5455,0.9415],[104.5277,0.9456],[104.5216,0.9773],[104.4982,0.977],[104.5,0.9911],[104.4764,0.9891],[104.4734,0.9775],[104.4408,0.9972],[104.4637,1.0222],[104.4852,1.0162],[104.4885,1.035],[104.4759,1.0272],[104.4527,1.055],[104.4172,1.0397],[104.4167,1.0548],[104.4046,1.0537],[104.4054,1.0343],[104.3741,1.0104],[104.3213,1.0421],[104.3207,1.0246],[104.339,1.0254],[104.3316,0.995],[104.2596,1.0],[104.2272,1.0189],[104.2368,1.0385],[104.2137,1.0715],[104.2387,1.1238],[104.3286,1.1378],[104.3152,1.1609],[104.3303,1.1639],[104.312,1.1822],[104.3296,1.1791],[104.339,1.1912],[104.3715,1.1789],[104.3937,1.204],[104.4993,1.1687],[104.5367,1.1819],[104.5514,1.2004],[104.5461,1.2176],[104.5726,1.2292]]]}},{"type":"Feature","properties":{"province":"ACEH","district":"BIREUEN","id":"ACEH/BIREUEN","name":"BIREUEN"},"geometry":{"type":"Polygon","coordinates":[[[96.8489,5.2764],[96.8796,5.2489],[96.9116,5.2483],[96.9082,5.2215],[96.9252,5.2109],[96.8914,5.179],[96.8757,5.1172],[96.8336,5.0888],[96.821,4.9954],[96.7865,4.94],[96.746,4.966],[96.6277,4.9685],[96.5387,4.936],[96.5159,4.9046],[96.4807,4.8892],[96.4346,4.9374],[96.3766,4.9304],[96.3343,4.9509],[96.3271,4.9679],[96.3648,5.0464],[96.335,5.1505],[96.3433,5.2265],[96.3977,5.2096],[96.4661,5.2369],[96.489,5.2068],[96.5332,5.1985],[96.5797,5.2136],[96.6407,5.2141],[96.7324,5.2513],[96.8489,5.2764]]]}},{"type":"Feature","properties":{"province":"JAWA TIMUR","district":"BLITAR","id":"JAWA TIMUR/BLITAR","name":"BLITAR"},"geometry":{"type":"Polygon","coordinates":[[[112.4603,-7.9394],[112.478,-7.9706],[112.4745,-8.0138],[112.4534,-8.0569],[112.4546,-8.1417],[112.4155,-8.1663],[112.3921,-8.1618],[112.3668,-8.1749],[112.3892,-8.2152],[112.3781,-8.2401],[112.3884,-8.2853],[112.3599,-8.3484],[112.3283,-8.3316],[112.3163,-8.3425],[112.286,-8.3319],[112.2635,-8.3503],[112.2209,-8.3425],[112.2166,-8.3259],[112.1555,-8.3286],[112.1406,-8.3147],[112.1298,-8.3255],[112.1104,-8.3124],[112.0291,-8.3172],[112.0288,-8.1682],[112.0786,-8.1875],[112.1165,-8.1576],[112.122,-8.1253],[111.9969,-8.0921],[111.9947,-8.0592],[111.9725,-8.0436],[111.9557,-7.9981],[111.9754,-8.0126],[111.9812,-7.9969],[112.0908,-7.9916],[112.0963,-7.97],[112.1784,-7.9741],[112.3112,-7.9283],[112.3705,-7.9572],[112.4072,-7.9503],[112.4322,-7.9303],[112.4521,-7.9265],[112.4603,-7.9394]],[[112.1836,-8.0568],[112.1721,-8.0582],[112.1613,-8.0849],[112.1335,-8.0836],[112.1359,-8.109],[112.1476,-8.1095],[112.1564,-8.1349],[112.2005,-8.0928],[112.1909,-8.0853],[112.1985,-8.0654],[112.1836,-8.0568]]]}},{"type":"Feature","properties":{"province":"JAWA TENGAH","district":"BLORA","id":"JAWA TENGAH/BLORA","name":"BLORA"},"geometry":{"type":"Polygon","coordinates":[[[111.2634,-6.8558],[111.3777,-6.8915],[111.413,-6.8825],[111.4254,-6.8941],[111.4535,-6.8758],[111.4881,-6.8812],[111.4979,-6.8941],[111.533,-6.8892],[111.5438,-6.909],[111.5856,-6.9063],[111.5673,-6.9523],[111.6228,-6.9801],[111.6135,-7.035],[111.6281,-7.0754],[111.6126,-7.0822],[111.622,-7.1084],[111.606,-7.1279],[111.6106,-7.1435],[111.5842,-7.1707],[111.5872,-7.1856],[111.5658,-7.1873],[111.5668,-7.2065],[111.5498,-7.2046],[111.5367,-7.2159],[111.5416,-7.2275],[111.5027,-7.2483],[111.4878,-7.2429],[111.4903,-7.2604],[111.4773,-7.2519],[111.4616,-7.2624],[111.4519,-7.248],[111.4514,-7.2741],[111.438,-7.2697],[111.4419,-7.2896],[111.4236,-7.3102],[111.4576,-7.3216],[111.4462,-7.3371],[111.4627,-7.3455],[111.4418,-7.3511],[111.4449,-7.3611],[111.4599,-7.3535],[111.4625,-7.3781],[111.4202,-7.3457],[111.3471,-7.3362],[111.3445,-7.319],[111.2865,-7.2892],[111.2436,-7.285],[111.2229,-7.2549],[111.2432,-7.2387],[111.2492,-7.1771],[111.2266,-7.0976],[111.2161,-7.0967],[111.218,-7.0303],[111.1694,-6.984],[111.1107,-6.9774],[111.1039,-6.9172],[111.1173,-6.909],[111.1365,-6.9204],[111.1438,-6.8995],[111.1628,-6.9089],[111.2015,-6.8966],[111.2031,-6.8746],[111.2219,-6.8691],[111.2254,-6.8494],[111.2431,-6.8629],[111.2634,-6.8558]]]}},{"type":"Feature","properties":{"province":"GORONTALO","district":"BOALEMO","id":"GORONTALO/BOALEMO","name":"BOALEMO"},"geometry":{"type":"Polygon","coordinates":[[[122.2513,0.8701],[122.2476,0.8537],[122.2642,0.8441],[122.2451,0.8138],[122.2515,0.7907],[122.2829,0.7793],[122.3413,0.795],[122.4078,0.7575],[122.4662,0.7583],[122.4819,0.7345],[122.5021,0.7353],[122.4932,0.7276],[122.5068,0.7087],[122.5437,0.7003],[122.569,0.6598],[122.5943,0.6565],[122.6392,0.566],[122.6283,0.5389],[122.6494,0.5176],[122.6513,0.4833],[122.6433,0.4761],[122.6195,0.4977],[122.6091,0.4878],[122.5933,0.4949],[122.6019,0.5101],[122.5852,0.5111],[122.5949,0.5033],[122.5782,0.4931],[122.5605,0.5002],[122.5664,0.514],[122.5524,0.5142],[122.5578,0.5005],[122.5457,0.4903],[122.5441,0.5081],[122.5198,0.5018],[122.5147,0.5113],[122.5165,0.4975],[122.5056,0.5061],[122.5124,0.5133],[122.4624,0.5017],[122.447,0.5165],[122.436,0.4998],[122.3893,0.5213],[122.366,0.5021],[122.3547,0.5098],[122.3521,0.4931],[122.3381,0.4926],[122.3327,0.5096],[122.324,0.4926],[122.3179,0.5084],[122.316,0.49],[122.2856,0.4871],[122.2934,0.4811],[122.2814,0.475],[122.2334,0.4873],[122.1484,0.4629],[122.1478,0.4805],[122.1209,0.4947],[122.1268,0.667],[122.1105,0.7365],[122.1013,0.9018],[122.1814,0.9117],[122.2007,0.8982],[122.2481,0.9138],[122.2513,0.8701]]]}},{"type":"Feature","properties":{"province":"JAWA BARAT","district":"BOGOR","id":"JAWA BARAT/BOGOR","name":"BOGOR"},"geometry":{"type":"Polygon","coordinates":[[[106.991,-6.3635],[107.0235,-6.4094],[107.0625,-6.3991],[107.0554,-6.4357],[107.1736,-6.4849],[107.1647,-6.5109],[107.1787,-6.552],[107.2272,-6.6022],[107.2123,-6.6404],[107.1699,-6.6387],[107.1346,-6.6705],[107.0513,-6.6566],[106.9925,-6.6678],[107.004,-6.6883],[106.985,-6.7447],[106.9652,-6.7705],[106.947,-6.7608],[106.918,-6.7875],[106.7776,-6.7548],[106.7406,-6.7153],[106.6938,-6.7448],[106.6591,-6.7318],[106.656,-6.7477],[106.6326,-6.755],[106.589,-6.7437],[106.5765,-6.7174],[106.5247,-6.7624],[106.4663,-6.7506],[106.4295,-6.682],[106.43,-6.58],[106.4038,-6.5167],[106.4119,-6.468],[106.4012,-6.4551],[106.4405,-6.4495],[106.4546,-6.4272],[106.4254,-6.3498],[106.4658,-6.305],[106.484,-6.3246],[106.4763,-6.3507],[106.5193,-6.3549],[106.5319,-6.3396],[106.5133,-6.3257],[106.5268,-6.3246],[106.5773,-6.3386],[106.5939,-6.3627],[106.7188,-6.3587],[106.7379,-6.4383],[106.7876,-6.439],[106.7943,-6.4511],[106.8233,-6.4444],[106.8242,-6.4619],[106.8502,-6.436],[106.8554,-6.4556],[106.8821,-6.4566],[106.8919,-6.4273],[106.9147,-6.415],[106.9218,-6.3889],[106.9455,-6.3685],[106.9666,-6.3031],[106.9809,-6.3151],[106.9662,-6.3424],[106.991,-6.3635]],[[106.7827,-6.5149],[106.7651,-6.5155],[106.7625,-6.5497],[106.7399,-6.5423],[106.7355,-6.5653],[106.7629,-6.5831],[106.7905,-6.6276],[106.7716,-6.6537],[106.7848,-6.6604],[106.7952,-6.6437],[106.81,-6.6462],[106.8191,-6.672],[106.8439,-6.6786],[106.8485,-6.6476],[106.8319,-6.6136],[106.8293,-6.5504],[106.803,-6.5382],[106.7963,-6.5509],[106.7827,-6.5149]]]}},{"type":"Feature","properties":{"province":"JAWA TIMUR","district":"BOJONEGORO","id":"JAWA TIMUR/BOJONEGORO","name":"BOJONEGORO"},"geometry":{"type":"Polygon","coordinates":[[[112.1522,-7.1094],[112.1657,-7.1178],[112.1515,-7.1579],[112.1396,-7.158],[112.1095,-7.2224],[112.0871,-7.2297],[112.09,-7.304],[112.0726,-7.3333],[112.089,-7.3585],[112.0849,-7.3785],[112.0693,-7.397],[112.0242,-7.3956],[112.0197,-7.4098],[111.9432,-7.4063],[111.9598,-7.4269],[111.9404,-7.4401],[111.821,-7.4396],[111.8004,-7.4611],[111.7698,-7.4695],[111.5749,-7.3486],[111.5426,-7.3708],[111.4626,-7.363],[111.4569,-7.3518],[111.4449,-7.3611],[111.4455,-7.3451],[111.4627,-7.3455],[111.4462,-7.3371],[111.4576,-7.3216],[111.4236,-7.3102],[111.4419,-7.2896],[111.4385,-7.2689],[111.4514,-7.2741],[111.4516,-7.2481],[111.4616,-7.2624],[111.4773,-7.2519],[111.4903,-7.2604],[111.4878,-7.2429],[111.5027,-7.2483],[111.5416,-7.2275],[111.5367,-7.2159],[111.5498,-7.2046],[111.5668,-7.2065],[111.5658,-7.1873],[111.5872,-7.1856],[111.5842,-7.1707],[111.6106,-7.1435],[111.606,-7.1279],[111.622,-7.1084],[111.6126,-7.0822],[111.6281,-7.0754],[111.6135,-7.035],[111.6221,-6.9864],[111.6514,-6.9998],[111.6576,-7.037],[111.6938,-7.0541],[111.7119,-7.081],[111.8165,-7.0872],[111.862,-7.1297],[111.8779,-7.1333],[111.8863,-7.1217],[111.8992,-7.1363],[111.9304,-7.1328],[111.9334,-7.1602],[111.9535,-7.1317],[111.9746,-7.1416],[111.9843,-7.163],[111.9944,-7.1151],[112.0106,-7.1303],[112.0032,-7.1093],[112.0204,-7.0874],[112.0178,-7.0681],[112.0313,-7.0791],[112.0443,-7.0712],[112.0413,-7.0817],[112.0828,-7.0659],[112.0856,-7.0856],[112.1229,-7.0884],[112.1219,-7.1077],[112.1313,-7.097],[112.1522,-7.1094]]]}},{"type":"Feature","properties":{"province":"SULAWESI UTARA","district":"BOLAANG MONGONDOW","id":"SULAWESI UTARA/BOLAANG MONGONDOW","name":"BOLAANG MONGONDOW"},"geometry":{"type":"Polygon","coordinates":[[[124.2988,1.0018],[124.3174,1.0084],[124.3335,0.988],[124.3548,0.9864],[124.3764,0.9529],[124.3661,0.9209],[124.3774,0.9124],[124.3796,0.8699],[124.4366,0.8282],[124.4189,0.8073],[124.436,0.7863],[124.4182,0.7689],[124.3571,0.7553],[124.3205,0.7745],[124.306,0.7524],[124.2557,0.7504],[124.2524,0.7072],[124.2705,0.7139],[124.288,0.6991],[124.2941,0.6591],[124.3185,0.6668],[124.3417,0.6484],[124.3375,0.6151],[124.2967,0.5612],[124.3101,0.5679],[124.3193,0.5441],[124.2706,0.5263],[124.2389,0.5422],[124.2492,0.5154],[124.2328,0.5105],[124.2178,0.5375],[124.1789,0.5224],[124.1811,0.5393],[124.1607,0.5617],[124.1397,0.5591],[124.1133,0.5273],[124.0633,0.5192],[124.0254,0.4779],[123.9683,0.4654],[123.9298,0.4313],[123.8589,0.4593],[123.7916,0.4407],[123.7371,0.4657],[123.6975,0.4566],[123.6902,0.4863],[123.7202,0.5264],[123.7136,0.5632],[123.6429,0.5735],[123.6341,0.5998],[123.6655,0.6176],[123.6988,0.613],[123.7312,0.6481],[123.7414,0.6853],[123.7193,0.7256],[123.7005,0.7324],[123.7106,0.7591],[123.6889,0.7941],[123.727,0.8641],[123.7362,0.8653],[123.7526,0.8309],[123.7657,0.8381],[123.7573,0.8548],[123.7861,0.8302],[123.8043,0.8371],[123.7917,0.8556],[123.839,0.8391],[123.9135,0.8521],[123.9374,0.8339],[123.9593,0.8373],[123.9628,0.8458],[123.9317,0.8601],[124.0727,0.9212],[124.1379,0.9288],[124.2033,0.99],[124.2978,1.0108],[124.2988,1.0018]]]}},{"type":"Feature","properties":{"province":"SULAWESI UTARA","district":"BOLAANG MONGONDOW SELATAN","id":"SULAWESI UTARA/BOLAANG MONGONDOW SELATAN","name":"BOLAANG MONGONDOW SELATAN"},"geometry":{"type":"Polygon","coordinates":[[[124.3466,0.6089],[124.3746,0.5986],[124.3822,0.5811],[124.4398,0.5667],[124.4355,0.5346],[124.4601,0.5178],[124.4759,0.4665],[124.4504,0.4668],[124.4531,0.4441],[124.4125,0.455],[124.3615,0.445],[124.3602,0.4316],[124.3557,0.4533],[124.3417,0.4496],[124.3389,0.434],[124.3233,0.4459],[124.3144,0.4104],[124.3039,0.4279],[124.2714,0.4291],[124.2884,0.4071],[124.2249,0.3955],[124.2199,0.3827],[124.2124,0.3978],[124.1916,0.398],[124.0802,0.3878],[124.0528,0.361],[124.0457,0.3774],[124.036,0.3689],[123.9927,0.3749],[123.977,0.3594],[123.8832,0.3477],[123.8599,0.3279],[123.8202,0.337],[123.7788,0.3121],[123.7075,0.3194],[123.677,0.2957],[123.6482,0.3074],[123.6283,0.2923],[123.574,0.3218],[123.4941,0.3071],[123.4736,0.3203],[123.4979,0.3821],[123.5502,0.4338],[123.523,0.4641],[123.5228,0.4901],[123.5523,0.5107],[123.5261,0.5418],[123.5368,0.579],[123.587,0.5869],[123.6092,0.5618],[123.6429,0.5735],[123.6818,0.563],[123.7096,0.5708],[123.7202,0.5264],[123.6902,0.4863],[123.6985,0.4562],[123.7371,0.4657],[123.7916,0.4407],[123.8589,0.4593],[123.9298,0.4313],[123.9683,0.4654],[124.0254,0.4779],[124.0633,0.5192],[124.1133,0.5273],[124.1397,0.5591],[124.1607,0.5617],[124.1811,0.5393],[124.1789,0.5224],[124.2178,0.5375],[124.2328,0.5105],[124.2492,0.5154],[124.2389,0.5422],[124.2538,0.5436],[124.2562,0.5271],[124.2938,0.532],[124.3199,0.5457],[124.3101,0.5679],[124.2967,0.5612],[124.3016,0.572],[124.3159,0.574],[124.3375,0.6151],[124.3466,0.6089]]]}},{"type":"Feature","properties":{"province":"SULAWESI UTARA","district":"BOLAANG MONGONDOW TIMUR","id":"SULAWESI UTARA/BOLAANG MONGONDOW TIMUR","name":"BOLAANG MONGONDOW TIMUR"},"geometry":{"type":"Polygon","coordinates":[[[124.6517,0.9541],[124.6347,0.8908],[124.6612,0.8694],[124.6836,0.8693],[124.6997,0.8411],[124.6705,0.829],[124.6268,0.7707],[124.6294,0.7129],[124.6149,0.7003],[124.5983,0.7066],[124.592,0.6832],[124.5815,0.6961],[124.5768,0.6719],[124.5551,0.6509],[124.5434,0.6244],[124.566,0.6188],[124.569,0.5798],[124.5397,0.5887],[124.5231,0.5614],[124.4938,0.5484],[124.4893,0.5282],[124.4994,0.5265],[124.5131,0.4732],[124.4964,0.4668],[124.4895,0.4872],[124.4759,0.4665],[124.4601,0.5178],[124.4355,0.5346],[124.4398,0.5667],[124.3816,0.5813],[124.3746,0.5986],[124.3376,0.6146],[124.3438,0.6509],[124.3795,0.6579],[124.3489,0.7432],[124.4385,0.7863],[124.4648,0.7308],[124.4696,0.7624],[124.4905,0.7756],[124.4973,0.8203],[124.5508,0.8545],[124.5794,0.9219],[124.5999,0.943],[124.6517,0.9541]]]}},{"type":"Feature","properties":{"province":"SULAWESI UTARA","district":"BOLAANG MONGONDOW UTARA","id":"SULAWESI UTARA/BOLAANG MONGONDOW UTARA","name":"BOLAANG MONGONDOW UTARA"},"geometry":{"type":"Polygon","coordinates":[[[123.2487,0.9588],[123.2617,0.9144],[123.2685,0.9247],[123.281,0.9127],[123.3436,0.9076],[123.3506,0.9205],[123.3555,0.902],[123.3731,0.9132],[123.3943,0.8987],[123.4005,0.9156],[123.417,0.8911],[123.4463,0.9051],[123.5251,0.8864],[123.5924,0.9044],[123.6814,0.8758],[123.6995,0.8583],[123.7104,0.8735],[123.7263,0.8664],[123.6889,0.7941],[123.7106,0.7591],[123.7005,0.7324],[123.7193,0.7256],[123.7414,0.6853],[123.7261,0.6379],[123.6988,0.613],[123.6655,0.6176],[123.6406,0.6056],[123.6429,0.5735],[123.6083,0.5619],[123.587,0.5869],[123.5467,0.5753],[123.5091,0.5844],[123.4875,0.6016],[123.485,0.6269],[123.3594,0.6514],[123.3221,0.6987],[123.2736,0.6982],[123.2471,0.717],[123.2462,0.7339],[123.2686,0.7681],[123.2711,0.8026],[123.2063,0.8571],[123.1217,0.8887],[123.1123,0.9154],[123.1191,0.9263],[123.1413,0.923],[123.1787,0.9017],[123.1989,0.92],[123.1761,0.9317],[123.1678,0.9516],[123.211,0.9383],[123.2396,0.9425],[123.2487,0.9588]]]}},{"type":"Feature","properties":{"province":"SULAWESI TENGGARA","district":"BOMBANA","id":"SULAWESI TENGGARA/BOMBANA","name":"BOMBANA"},"geometry":{"type":"Polygon","coordinates":[[[121.9878,-4.4265],[122.0471,-4.4688],[122.0509,-4.4866],[122.1078,-4.5081],[122.1072,-4.5393],[122.0893,-4.5429],[122.0304,-4.6564],[122.0318,-4.7182],[122.0474,-4.7701],[122.1203,-4.8187],[122.0917,-4.8255],[122.0752,-4.8585],[122.0676,-4.8495],[122.0438,-4.8755],[122.0258,-4.871],[122.0226,-4.8931],[122.0014,-4.8999],[122.0052,-4.8845],[121.9838,-4.9012],[121.8944,-4.8801],[121.816,-4.8344],[121.784,-4.8449],[121.7347,-4.8363],[121.7096,-4.8552],[121.6841,-4.851],[121.6637,-4.8107],[121.6322,-4.805],[121.6283,-4.7772],[121.6168,-4.7956],[121.5504,-4.7726],[121.5067,-4.7362],[121.5081,-4.7141],[121.4929,-4.694],[121.4668,-4.6841],[121.4707,-4.5914],[121.5579,-4.5685],[121.5663,-4.579],[121.5928,-4.5773],[121.6221,-4.5597],[121.6501,-4.5684],[121.6696,-4.6152],[121.7104,-4.5272],[121.7236,-4.5241],[121.7241,-4.4917],[121.7821,-4.4557],[121.8031,-4.4207],[121.8819,-4.3773],[121.9878,-4.4265]]]}},{"type":"Feature","properties":{"province":"JAWA TIMUR","district":"BONDOWOSO","id":"JAWA TIMUR/BONDOWOSO","name":"BONDOWOSO"},"geometry":{"type":"Polygon","coordinates":[[[114.2243,-7.9867],[114.2488,-8.0456],[114.2197,-8.0737],[114.2137,-8.0998],[114.1844,-8.1209],[114.1465,-8.101],[114.0533,-8.1282],[114.0276,-8.1127],[114.0028,-8.0743],[113.8932,-8.0155],[113.872,-8.0325],[113.8438,-8.0206],[113.857,-8.0417],[113.8126,-8.0461],[113.8022,-8.0577],[113.7729,-8.0368],[113.7492,-8.0494],[113.7476,-8.065],[113.7262,-8.0236],[113.6872,-8.0115],[113.6701,-7.968],[113.6295,-7.9725],[113.6233,-7.9622],[113.7225,-7.879],[113.7397,-7.7889],[113.7934,-7.8028],[113.8016,-7.8165],[113.8343,-7.8131],[113.8532,-7.7944],[113.904,-7.8036],[113.9182,-7.7888],[113.9348,-7.7927],[113.9508,-7.7652],[113.9924,-7.7778],[114.0078,-7.755],[114.0663,-7.7594],[114.0794,-7.7707],[114.0925,-7.8754],[114.1111,-7.9096],[114.1276,-7.993],[114.1745,-7.9694],[114.2243,-7.9867]]]}},{"type":"Feature","properties":{"province":"SULAWESI SELATAN","district":"BONE","id":"SULAWESI SELATAN/BONE","name":"BONE"},"geometry":{"type":"Polygon","coordinates":[[[120.3614,-4.2224],[120.3729,-4.2325],[120.3646,-4.299],[120.3878,-4.3136],[120.3933,-4.3337],[120.377,-4.3666],[120.3606,-4.3689],[120.3468,-4.4262],[120.4015,-4.4799],[120.3766,-4.5143],[120.385,-4.549],[120.3972,-4.5492],[120.3837,-4.559],[120.3995,-4.6064],[120.4348,-4.625],[120.4581,-4.6582],[120.3996,-4.7107],[120.3833,-4.8382],[120.3367,-4.8398],[120.3058,-4.8679],[120.3,-4.8864],[120.312,-4.9109],[120.2924,-4.9233],[120.3082,-4.9381],[120.2942,-4.9508],[120.3083,-5.0037],[120.2877,-5.0386],[120.3009,-5.0437],[120.2893,-5.1135],[120.2646,-5.1019],[120.2608,-5.1162],[120.2324,-5.0875],[120.2075,-5.1],[120.1874,-5.069],[120.1647,-5.0785],[120.1299,-5.0444],[120.1063,-5.071],[120.0814,-5.0776],[120.0556,-5.1275],[119.9832,-5.1229],[119.968,-5.14],[119.9225,-5.133],[119.8929,-5.0954],[119.8615,-5.0901],[119.8462,-5.0488],[119.885,-5.0003],[119.8975,-4.9166],[119.9241,-4.9002],[119.9496,-4.8598],[119.9487,-4.8449],[119.9315,-4.8461],[119.9475,-4.8002],[119.9718,-4.7776],[119.8847,-4.7183],[119.867,-4.7441],[119.8087,-4.761],[119.807,-4.8082],[119.7845,-4.8065],[119.7664,-4.8245],[119.761,-4.8059],[119.7399,-4.8035],[119.7203,-4.8214],[119.6962,-4.7879],[119.7489,-4.7981],[119.7733,-4.7539],[119.8014,-4.7635],[119.8226,-4.7422],[119.8172,-4.7072],[119.7603,-4.6853],[119.7594,-4.6257],[119.8026,-4.5916],[119.799,-4.5648],[119.8175,-4.5321],[119.8526,-4.545],[119.8597,-4.5274],[119.893,-4.5355],[119.9025,-4.5153],[119.9764,-4.5393],[119.9946,-4.5211],[120.0433,-4.5214],[120.058,-4.4981],[120.0655,-4.4352],[120.049,-4.3991],[120.0888,-4.4071],[120.0967,-4.3914],[120.0944,-4.3351],[120.0615,-4.3206],[120.0739,-4.2976],[120.0701,-4.2703],[120.0945,-4.2428],[120.1126,-4.2443],[120.1278,-4.2237],[120.2253,-4.2353],[120.2372,-4.267],[120.2529,-4.2744],[120.2929,-4.2434],[120.3376,-4.2404],[120.3614,-4.2224]]]}},{"type":"Feature","properties":{"province":"GORONTALO","district":"BONE BOLANGO","id":"GORONTALO/BONE BOLANGO","name":"BONE BOLANGO"},"geometry":{"type":"Polygon","coordinates":[[[123.249,0.7478],[123.2471,0.717],[123.2736,0.6982],[123.3224,0.6985],[123.3594,0.6514],[123.3842,0.6397],[123.4862,0.6265],[123.4875,0.6016],[123.5332,0.5774],[123.5261,0.5418],[123.5523,0.5107],[123.5228,0.4901],[123.5231,0.4634],[123.5502,0.4338],[123.4979,0.3821],[123.4937,0.3568],[123.4803,0.3537],[123.4808,0.3207],[123.4591,0.3377],[123.4158,0.3118],[123.3452,0.3063],[123.2676,0.3223],[123.228,0.3487],[123.1946,0.3937],[123.1565,0.4037],[123.1216,0.4564],[123.0867,0.4781],[123.0999,0.5023],[123.0795,0.5281],[123.091,0.5803],[123.062,0.5901],[123.0747,0.6095],[123.056,0.6295],[123.0807,0.6955],[123.0701,0.803],[123.1235,0.7885],[123.1337,0.7659],[123.1595,0.774],[123.1671,0.7519],[123.2152,0.762],[123.249,0.7478]]]}},{"type":"Feature","properties":{"province":"PAPUA","district":"BOVEN DIGOEL","id":"PAPUA/BOVEN DIGOEL","name":"BOVEN DIGOEL"},"geometry":{"type":"Polygon","coordinates":[[[141.0007,-5.169],[141.0,-6.3223],[140.9597,-6.3259],[140.9695,-6.3446],[140.9599,-6.3539],[140.9775,-6.3649],[140.9439,-6.3725],[140.9423,-6.3843],[140.9823,-6.3895],[140.9421,-6.4127],[140.9561,-6.4191],[140.9535,-6.4334],[140.9173,-6.423],[140.9186,-6.4365],[140.9389,-6.4449],[140.9252,-6.467],[140.9467,-6.4675],[140.9611,-6.4862],[140.9209,-6.5034],[140.9299,-6.5369],[140.9221,-6.5512],[140.9367,-6.5619],[140.8905,-6.5625],[140.8891,-6.5738],[140.9105,-6.5705],[140.9037,-6.5925],[140.8893,-6.6056],[140.8824,-6.5933],[140.8425,-6.6103],[140.8495,-6.6312],[140.8225,-6.6463],[140.8012,-6.6432],[140.8043,-6.6673],[140.783,-6.6872],[140.7194,-6.6959],[140.707,-6.736],[140.7274,-6.7586],[140.7264,-6.7869],[140.7452,-6.8132],[140.752,-6.8516],[140.7404,-6.8731],[140.7624,-6.8763],[140.7545,-6.8857],[140.788,-6.934],[140.7923,-6.9804],[140.8203,-6.9999],[140.8264,-7.0445],[140.8031,-7.0527],[140.7585,-7.0285],[140.7053,-7.0389],[140.6845,-7.0257],[140.6754,-7.0396],[140.6297,-7.0395],[140.62,-7.0608],[140.5887,-7.0526],[140.6001,-7.0052],[140.5685,-7.0009],[140.5706,-6.9858],[140.5513,-6.9674],[140.559,-6.9458],[140.5825,-6.9504],[140.5879,-6.9293],[140.5596,-6.8981],[140.5714,-6.8845],[140.5587,-6.8468],[140.5677,-6.8357],[140.5526,-6.834],[140.5571,-6.8089],[140.5422,-6.7997],[140.534,-6.7125],[140.4913,-6.739],[140.4907,-6.804],[140.424,-6.8839],[140.398,-6.9008],[140.3611,-6.8944],[140.354,-6.9279],[140.3204,-6.9376],[140.3266,-6.9509],[140.2552,-6.9811],[140.2348,-7.022],[140.1824,-7.0553],[140.1798,-7.0858],[140.1016,-7.15],[140.0848,-7.2101],[140.0607,-7.1403],[140.0794,-7.0806],[140.0669,-7.0184],[140.041,-6.9748],[140.0568,-6.9512],[140.0522,-6.9295],[140.0758,-6.9201],[140.066,-6.4656],[139.9397,-6.4685],[139.8866,-6.4997],[139.7976,-6.4979],[139.7177,-6.4336],[139.7075,-6.3933],[139.8213,-6.2656],[139.8112,-6.2154],[139.8274,-6.1895],[139.8628,-6.1702],[139.858,-5.9079],[139.8426,-5.8146],[139.7177,-5.7377],[139.7134,-5.6876],[139.8169,-5.5819],[139.7726,-5.3038],[139.7571,-5.2939],[139.7755,-5.2863],[139.8514,-5.2977],[139.8803,-5.2809],[139.8903,-5.2416],[139.9706,-5.1434],[139.9874,-5.0575],[139.8876,-5.0608],[139.9497,-5.041],[140.0206,-5.0414],[140.0409,-5.0536],[140.1099,-5.0293],[140.1118,-5.0551],[140.1856,-5.0383],[140.2159,-5.056],[140.238,-5.0475],[140.2572,-5.0609],[140.2843,-5.1214],[140.2686,-5.1345],[140.295,-5.1311],[140.2964,-5.154],[140.316,-5.1697],[140.3521,-5.1747],[140.353,-5.1865],[140.3875,-5.1962],[140.3879,-5.2127],[140.4128,-5.2119],[140.4348,-5.2279],[140.5158,-5.226],[140.522,-5.242],[140.5449,-5.2382],[140.5542,-5.2561],[140.5934,-5.2504],[140.6363,-5.2647],[140.7243,-5.2324],[140.7416,-5.2458],[140.799,-5.2246],[140.8233,-5.2363],[140.8696,-5.2215],[140.9009,-5.1918],[140.9897,-5.1934],[141.0007,-5.169]]]}},{"type":"Feature","properties":{"province":"JAWA TENGAH","district":"BOYOLALI","id":"JAWA TENGAH/BOYOLALI","name":"BOYOLALI"},"geometry":{"type":"Polygon","coordinates":[[[110.8374,-7.2627],[110.8042,-7.2625],[110.7942,-7.275],[110.8032,-7.3275],[110.7866,-7.3635],[110.8022,-7.3684],[110.7727,-7.3923],[110.7689,-7.4157],[110.7822,-7.4328],[110.7713,-7.4421],[110.8046,-7.4592],[110.8154,-7.5227],[110.8079,-7.5345],[110.781,-7.5237],[110.7092,-7.5323],[110.7113,-7.5487],[110.7265,-7.5537],[110.7026,-7.5936],[110.6002,-7.5691],[110.5971,-7.5883],[110.5732,-7.5821],[110.5451,-7.6033],[110.5439,-7.6255],[110.5306,-7.6261],[110.4654,-7.545],[110.3771,-7.5121],[110.4166,-7.4953],[110.4496,-7.4295],[110.4808,-7.4025],[110.5074,-7.4066],[110.5173,-7.4397],[110.5388,-7.4341],[110.5564,-7.4499],[110.5756,-7.4255],[110.5963,-7.4509],[110.5659,-7.4437],[110.583,-7.4476],[110.5786,-7.4639],[110.6017,-7.4904],[110.6615,-7.4967],[110.6553,-7.4729],[110.6284,-7.4666],[110.6487,-7.4476],[110.6217,-7.4544],[110.6385,-7.4058],[110.6231,-7.3809],[110.6364,-7.3704],[110.6322,-7.3384],[110.6434,-7.3251],[110.608,-7.3344],[110.5999,-7.2918],[110.6241,-7.2856],[110.6371,-7.2636],[110.6231,-7.2225],[110.6622,-7.2236],[110.693,-7.2411],[110.7058,-7.2151],[110.6902,-7.1894],[110.7422,-7.1391],[110.7438,-7.1643],[110.768,-7.1766],[110.7602,-7.1864],[110.7855,-7.1939],[110.7668,-7.2444],[110.8019,-7.2347],[110.8309,-7.1976],[110.8584,-7.2118],[110.8286,-7.2395],[110.8374,-7.2627]],[[110.5806,-7.4509],[110.5767,-7.4516],[110.5756,-7.4531],[110.5788,-7.4531],[110.5807,-7.4521],[110.5806,-7.4509]]]}},{"type":"Feature","properties":{"province":"JAWA TENGAH","district":"BREBES","id":"JAWA TENGAH/BREBES","name":"BREBES"},"geometry":{"type":"Polygon","coordinates":[[[109.1021,-6.8402],[109.0757,-6.8753],[109.0751,-6.9943],[109.066,-6.9754],[109.0328,-6.9841],[109.0185,-7.0245],[109.0246,-7.0446],[109.0041,-7.0411],[108.9877,-7.0606],[108.9693,-7.0604],[108.9845,-7.1113],[108.9513,-7.1275],[108.9659,-7.1509],[108.9927,-7.1357],[109.0565,-7.15],[109.0582,-7.1243],[109.0725,-7.128],[109.0843,-7.1477],[109.0576,-7.1916],[109.1133,-7.2116],[109.1475,-7.2408],[109.1746,-7.2315],[109.1969,-7.2497],[109.1651,-7.2712],[109.1231,-7.2755],[109.1306,-7.2823],[109.1188,-7.2966],[109.0871,-7.295],[109.0645,-7.3386],[109.034,-7.3514],[109.0281,-7.3262],[108.9552,-7.3362],[108.9465,-7.3095],[108.932,-7.3209],[108.9104,-7.2877],[108.8644,-7.2706],[108.8647,-7.2434],[108.818,-7.2311],[108.8152,-7.2032],[108.7872,-7.2098],[108.7752,-7.1985],[108.7241,-7.1952],[108.6969,-7.1668],[108.6937,-7.1529],[108.7255,-7.1156],[108.7673,-7.1133],[108.7784,-7.0951],[108.7875,-7.0561],[108.7763,-7.0388],[108.7926,-7.031],[108.7941,-7.0085],[108.758,-6.9842],[108.7634,-6.9398],[108.7528,-6.9206],[108.7612,-6.8961],[108.7787,-6.8748],[108.7929,-6.8801],[108.8247,-6.8323],[108.8295,-6.7859],[108.8484,-6.8187],[108.8684,-6.8067],[108.9474,-6.8248],[108.969,-6.8056],[109.0125,-6.8052],[109.0208,-6.7838],[109.0439,-6.8025],[109.0376,-6.7851],[109.0531,-6.7902],[109.0663,-6.7585],[109.0646,-6.7898],[109.0794,-6.7689],[109.0757,-6.7837],[109.0861,-6.7731],[109.0877,-6.7821],[109.0652,-6.809],[109.1021,-6.8402]]]}},{"type":"Feature","properties":{"province":"BALI","district":"BULELENG","id":"BALI/BULELENG","name":"BULELENG"},"geometry":{"type":"Polygon","coordinates":[[[115.1838,-8.0617],[115.339,-8.1117],[115.4572,-8.1666],[115.4175,-8.1857],[115.4118,-8.1719],[115.3585,-8.1645],[115.3549,-8.1512],[115.338,-8.1481],[115.3287,-8.1615],[115.32,-8.1418],[115.3029,-8.1727],[115.2796,-8.1607],[115.2455,-8.1759],[115.2323,-8.2399],[115.1745,-8.2459],[115.1386,-8.2711],[115.1258,-8.3084],[115.1059,-8.2983],[115.082,-8.314],[115.0329,-8.3016],[115.0129,-8.3125],[114.9813,-8.2893],[114.9501,-8.3605],[114.9344,-8.3589],[114.9275,-8.3828],[114.8703,-8.3374],[114.8239,-8.3331],[114.8116,-8.2511],[114.772,-8.258],[114.7517,-8.2234],[114.7015,-8.2011],[114.6843,-8.2317],[114.6549,-8.2275],[114.5973,-8.1766],[114.5044,-8.2097],[114.4912,-8.1918],[114.4599,-8.195],[114.4559,-8.1775],[114.4706,-8.166],[114.4449,-8.1576],[114.4322,-8.1191],[114.4388,-8.0947],[114.4891,-8.0938],[114.5226,-8.1338],[114.5222,-8.1546],[114.5551,-8.1311],[114.5684,-8.1412],[114.5618,-8.132],[114.5799,-8.1209],[114.5948,-8.1237],[114.5865,-8.1295],[114.595,-8.1396],[114.618,-8.1229],[114.6574,-8.1442],[114.6938,-8.1443],[114.8233,-8.1922],[114.8679,-8.1963],[115.0013,-8.1756],[115.1164,-8.0813],[115.1838,-8.0617]]]}},{"type":"Feature","properties":{"province":"SULAWESI SELATAN","district":"BULUKUMBA","id":"SULAWESI SELATAN/BULUKUMBA","name":"BULUKUMBA"},"geometry":{"type":"Polygon","coordinates":[[[120.2658,-5.2875],[120.2989,-5.2879],[120.3047,-5.3019],[120.3363,-5.2871],[120.3619,-5.3224],[120.4051,-5.3416],[120.4029,-5.3784],[120.4338,-5.4453],[120.4229,-5.4613],[120.4512,-5.4768],[120.4448,-5.5579],[120.4723,-5.6225],[120.3945,-5.5866],[120.3571,-5.5241],[120.3182,-5.5067],[120.2772,-5.5374],[120.2212,-5.5401],[120.1916,-5.566],[120.1058,-5.589],[120.0912,-5.4907],[120.0263,-5.4117],[120.0355,-5.4082],[120.0288,-5.3934],[119.9721,-5.3924],[119.9578,-5.3815],[119.957,-5.3445],[119.9985,-5.3197],[120.0396,-5.3469],[120.0743,-5.3391],[120.0782,-5.3159],[120.1251,-5.3116],[120.1406,-5.2884],[120.1698,-5.314],[120.2658,-5.2875]]]}},{"type":"Feature","properties":{"province":"KALIMANTAN UTARA","district":"BULUNGAN","id":"KALIMANTAN UTARA/BULUNGAN","name":"BULUNGAN"},"geometry":{"type":"Polygon","coordinates":[[[117.3097,3.411],[117.3296,3.3996],[117.3304,3.3756],[117.3693,3.3723],[117.3917,3.342],[117.3792,3.308],[117.4448,3.3412],[117.5045,3.322],[117.5243,3.2934],[117.512,3.2745],[117.4553,3.2776],[117.4222,3.2481],[117.4004,3.2613],[117.3791,3.2295],[117.3076,3.2071],[117.3161,3.1654],[117.368,3.1815],[117.4001,3.1609],[117.4244,3.1732],[117.4453,3.1608],[117.4651,3.1295],[117.4499,3.1228],[117.4787,3.0983],[117.4451,3.0792],[117.4411,3.0491],[117.5212,3.0683],[117.5444,3.0678],[117.571,3.046],[117.6223,3.0596],[117.6189,3.0178],[117.5995,3.0162],[117.5765,2.9813],[117.6036,2.9727],[117.6669,2.9878],[117.6632,2.9635],[117.6961,2.9518],[117.6751,2.9318],[117.7024,2.9324],[117.7159,2.9115],[117.6924,2.8967],[117.7195,2.8913],[117.7114,2.8646],[117.6693,2.856],[117.6917,2.8528],[117.6956,2.8375],[117.737,2.8151],[117.6769,2.7989],[117.6745,2.7868],[117.7289,2.7737],[117.7461,2.7519],[117.7852,2.7483],[117.8002,2.6262],[117.944,2.4666],[117.9881,2.435],[117.9183,2.3936],[117.9003,2.4047],[117.8638,2.3929],[117.8219,2.3613],[117.8116,2.3264],[117.761,2.335],[117.7469,2.3269],[117.7212,2.3463],[117.7053,2.3972],[117.688,2.4064],[117.6697,2.4481],[117.6086,2.5222],[117.5721,2.5015],[117.5396,2.5214],[117.471,2.5311],[117.4619,2.479],[117.4551,2.5102],[117.4416,2.5188],[117.4326,2.5015],[117.4115,2.5042],[117.3926,2.5614],[117.3299,2.5234],[117.3074,2.5333],[117.2981,2.5089],[117.2832,2.5038],[117.2885,2.4918],[117.2309,2.4794],[117.1917,2.4969],[117.2057,2.5454],[117.2216,2.5449],[117.2061,2.5689],[117.1568,2.5562],[117.1337,2.5362],[117.0555,2.5507],[117.0155,2.4977],[117.024,2.4586],[116.983,2.4319],[116.9616,2.476],[116.9294,2.5026],[116.8983,2.5014],[116.8875,2.4765],[116.8756,2.5071],[116.8403,2.5195],[116.8064,2.4976],[116.7915,2.5089],[116.7565,2.4839],[116.7523,2.4383],[116.7306,2.4244],[116.7334,2.4098],[116.7177,2.4054],[116.7076,2.3787],[116.6861,2.3991],[116.6629,2.3844],[116.6503,2.4047],[116.6302,2.391],[116.6276,2.4154],[116.5779,2.4273],[116.5674,2.4535],[116.4967,2.4523],[116.4966,2.407],[116.4866,2.3986],[116.5019,2.382],[116.5042,2.3481],[116.4984,2.334],[116.4667,2.3254],[116.4765,2.2907],[116.455,2.2769],[116.4288,2.2889],[116.4128,2.2821],[116.4021,2.2979],[116.3349,2.2907],[116.2898,2.2356],[116.303,2.2098],[116.3492,2.1781],[116.3144,2.1145],[116.2993,2.12],[116.2863,2.1025],[116.2283,2.0962],[116.1903,2.125],[116.1581,2.123],[116.148,2.1526],[116.0965,2.1703],[116.0553,2.1457],[116.011,2.1915],[115.9885,2.2616],[116.0349,2.2557],[116.0602,2.3163],[116.104,2.3569],[116.1231,2.3936],[116.1779,2.4049],[116.2289,2.4825],[116.2706,2.4845],[116.3095,2.5743],[116.2966,2.5877],[116.2921,2.6323],[116.3261,2.6911],[116.4321,2.7774],[116.4355,2.8116],[116.4553,2.8258],[116.4927,2.8276],[116.5502,2.8787],[116.5838,2.8904],[116.5865,2.9165],[116.6144,2.9294],[116.6084,2.9487],[116.637,2.9742],[116.6577,2.9741],[116.6631,3.007],[116.745,3.0416],[116.7495,3.0675],[116.7248,3.103],[116.7406,3.1706],[116.768,3.1643],[116.7802,3.2275],[116.794,3.2355],[116.7822,3.2915],[116.761,3.3047],[116.7508,3.3344],[116.732,3.3328],[116.71,3.3539],[116.7071,3.3712],[116.7351,3.3698],[116.7607,3.3845],[116.7855,3.3708],[116.8187,3.387],[116.9001,3.3967],[116.9239,3.3839],[116.9672,3.4044],[117.0026,3.3912],[117.0482,3.4069],[117.0668,3.3883],[117.0912,3.3904],[117.0949,3.3664],[117.116,3.3483],[117.1727,3.3584],[117.1871,3.3351],[117.226,3.3373],[117.2472,3.3138],[117.2833,3.394],[117.2831,3.4253],[117.3097,3.411]]]}},{"type":"Feature","properties":{"province":"JAMBI","district":"BUNGO","id":"JAMBI/BUNGO","name":"BUNGO"},"geometry":{"type":"Polygon","coordinates":[[[101.9098,-1.1377],[101.9438,-1.1307],[101.9381,-1.1451],[101.9666,-1.1392],[101.9623,-1.1535],[101.9716,-1.1548],[101.9442,-1.1736],[101.9615,-1.2273],[101.9197,-1.2501],[101.9364,-1.3474],[102.0037,-1.3525],[102.0401,-1.3916],[102.0788,-1.3916],[102.093,-1.4136],[102.1387,-1.4224],[102.1452,-1.446],[102.1821,-1.4443],[102.1834,-1.4602],[102.2106,-1.4761],[102.222,-1.468],[102.2513,-1.4789],[102.2912,-1.4603],[102.2902,-1.4435],[102.3295,-1.51],[102.3142,-1.535],[102.3144,-1.5689],[102.4769,-1.5712],[102.489,-1.5953],[102.489,-1.646],[102.5129,-1.6395],[102.5131,-1.6494],[102.4564,-1.6556],[102.4519,-1.6853],[102.4055,-1.7007],[102.3446,-1.676],[102.3271,-1.7019],[102.1941,-1.7679],[102.1845,-1.7862],[102.1337,-1.7907],[102.1432,-1.8134],[102.1305,-1.8539],[102.1106,-1.8727],[102.058,-1.8774],[102.035,-1.9046],[101.9962,-1.9092],[101.9774,-1.8708],[101.9213,-1.8394],[101.883,-1.8469],[101.8287,-1.8207],[101.7882,-1.8291],[101.7345,-1.8773],[101.6607,-1.8718],[101.6291,-1.8887],[101.4375,-1.6958],[101.4765,-1.6767],[101.49,-1.6458],[101.5233,-1.6361],[101.5676,-1.5793],[101.5867,-1.5785],[101.6163,-1.5484],[101.6228,-1.527],[101.6563,-1.5123],[101.6562,-1.4984],[101.6911,-1.4899],[101.7218,-1.4311],[101.6937,-1.4084],[101.6949,-1.3941],[101.7281,-1.3549],[101.7118,-1.3363],[101.6798,-1.3506],[101.6717,-1.3321],[101.6888,-1.324],[101.6919,-1.2805],[101.7176,-1.26],[101.7238,-1.2382],[101.816,-1.2178],[101.8741,-1.1422],[101.891,-1.137],[101.8882,-1.1231],[101.9098,-1.1377]]]}},{"type":"Feature","properties":{"province":"SULAWESI TENGAH","district":"BUOL","id":"SULAWESI TENGAH/BUOL","name":"BUOL"},"geometry":{"type":"Polygon","coordinates":[[[121.4437,1.3134],[121.4689,1.3017],[121.4699,1.2654],[121.4592,1.2505],[121.4157,1.2406],[121.4342,1.2234],[121.4196,1.1857],[121.4825,1.1091],[121.5548,1.0627],[121.629,1.0605],[121.651,1.0396],[121.6593,1.0561],[121.6513,1.0612],[121.6846,1.0716],[121.7155,1.0391],[121.7031,1.0704],[121.7102,1.0805],[121.7411,1.0612],[121.7435,1.0722],[121.8101,1.078],[121.8244,1.0921],[121.8594,1.0848],[121.861,1.0931],[121.8824,1.0798],[121.9267,1.1027],[121.9482,1.0576],[121.959,1.0598],[121.954,1.0392],[121.9839,1.0221],[122.0421,1.0466],[122.066,1.0737],[122.0755,1.0591],[122.1092,1.0677],[122.123,1.0446],[122.1308,1.0537],[122.1559,1.0485],[122.1633,1.0322],[122.1867,1.0558],[122.1957,1.0386],[122.0418,0.9885],[122.0174,0.9549],[122.0395,0.9616],[122.0394,0.9445],[122.0155,0.9091],[121.9548,0.9073],[121.9394,0.9273],[121.9226,0.9274],[121.888,0.978],[121.8512,0.9933],[121.8136,0.9508],[121.6035,0.8727],[121.542,0.8794],[121.5332,0.8533],[121.4941,0.8393],[121.3488,0.8523],[121.3631,0.8011],[121.317,0.7851],[121.2889,0.799],[121.2371,0.8015],[121.2186,0.7914],[121.2152,0.7737],[121.1872,0.7591],[121.1876,0.7217],[121.1653,0.6793],[121.092,0.7022],[121.062,0.7052],[121.0549,0.694],[121.015,0.7114],[120.9744,0.6904],[120.8825,0.7046],[120.8926,0.7405],[120.9141,0.7374],[120.9237,0.7795],[120.9964,0.8063],[121.0001,0.8264],[120.9833,0.8321],[121.008,0.8605],[121.0293,1.0],[121.01,1.0301],[121.0432,1.0467],[121.0589,1.0759],[121.0943,1.0887],[121.099,1.1076],[121.1281,1.1305],[121.1323,1.1785],[121.1573,1.2185],[121.1743,1.2168],[121.1774,1.2688],[121.23,1.2379],[121.2692,1.2319],[121.3097,1.2563],[121.3423,1.2617],[121.356,1.2488],[121.4047,1.2621],[121.4437,1.3134]]]}},{"type":"Feature","properties":{"province":"MALUKU","district":"BURU","id":"MALUKU/BURU","name":"BURU"},"geometry":{"type":"Polygon","coordinates":[[[126.7125,-3.0568],[126.7906,-3.0589],[126.8675,-3.0958],[126.8887,-3.1263],[126.9095,-3.1228],[126.9333,-3.1434],[126.9853,-3.139],[127.0603,-3.1841],[127.1077,-3.2271],[127.1218,-3.2743],[127.0985,-3.2845],[127.0723,-3.2596],[127.0305,-3.2649],[127.0417,-3.3295],[127.0542,-3.3374],[127.0732,-3.3238],[127.0749,-3.374],[127.1353,-3.3791],[127.1415,-3.3506],[127.1647,-3.3357],[127.1818,-3.356],[127.2589,-3.3738],[127.2689,-3.3925],[127.2484,-3.4512],[127.251,-3.5931],[127.2402,-3.6238],[127.1901,-3.601],[127.1926,-3.5684],[127.1531,-3.513],[127.1222,-3.5211],[127.1038,-3.5123],[127.0606,-3.5391],[127.0375,-3.5782],[126.976,-3.602],[126.9575,-3.6389],[126.9308,-3.6335],[126.8469,-3.6609],[126.7995,-3.6419],[126.7988,-3.6639],[126.7507,-3.6704],[126.7487,-3.6586],[126.7256,-3.6553],[126.6805,-3.534],[126.643,-3.5086],[126.6325,-3.5268],[126.6185,-3.5262],[126.5963,-3.4581],[126.5493,-3.4495],[126.5138,-3.4704],[126.4785,-3.4739],[126.433,-3.3903],[126.33,-3.351],[126.3081,-3.3176],[126.2414,-3.2897],[126.2106,-3.3049],[126.1907,-3.2895],[126.1481,-3.2978],[126.1103,-3.2756],[126.1019,-3.1785],[126.1245,-3.1511],[126.1763,-3.1815],[126.2228,-3.1833],[126.2279,-3.1381],[126.2616,-3.1321],[126.3003,-3.0933],[126.3417,-3.1015],[126.4069,-3.0807],[126.4683,-3.0846],[126.6002,-3.0633],[126.6747,-3.0702],[126.7125,-3.0568]]]}},{"type":"Feature","properties":{"province":"MALUKU","district":"BURU SELATAN","id":"MALUKU/BURU SELATAN","name":"BURU SELATAN"},"geometry":{"type":"Polygon","coordinates":[[[126.1003,-3.1125],[126.1245,-3.1511],[126.1019,-3.1785],[126.1103,-3.2756],[126.1481,-3.2978],[126.1907,-3.2895],[126.2106,-3.3049],[126.2414,-3.2897],[126.3081,-3.3176],[126.33,-3.351],[126.433,-3.3903],[126.4785,-3.4739],[126.5138,-3.4704],[126.5493,-3.4495],[126.5963,-3.4581],[126.6185,-3.5262],[126.6325,-3.5268],[126.643,-3.5086],[126.6805,-3.534],[126.7256,-3.6553],[126.7487,-3.6586],[126.7497,-3.67],[126.7988,-3.6639],[126.7995,-3.6419],[126.8469,-3.6609],[126.9308,-3.6335],[126.9575,-3.6389],[126.976,-3.602],[127.0375,-3.5782],[127.0606,-3.5391],[127.1038,-3.5123],[127.1222,-3.5211],[127.1531,-3.513],[127.1926,-3.5684],[127.1901,-3.601],[127.2402,-3.6238],[127.2381,-3.6335],[127.2212,-3.6617],[127.1922,-3.6756],[127.1384,-3.661],[127.051,-3.6892],[126.9633,-3.7526],[126.9545,-3.7707],[126.8111,-3.8045],[126.741,-3.8572],[126.7211,-3.8458],[126.6843,-3.8605],[126.6391,-3.8232],[126.6203,-3.8278],[126.5622,-3.7921],[126.5152,-3.7947],[126.5223,-3.7817],[126.5024,-3.7853],[126.4545,-3.7465],[126.4141,-3.7328],[126.396,-3.7191],[126.3997,-3.7095],[126.3858,-3.718],[126.3489,-3.7009],[126.332,-3.6779],[126.2808,-3.6637],[126.233,-3.6185],[126.1969,-3.6232],[126.1819,-3.613],[126.1515,-3.5258],[126.0743,-3.4778],[126.046,-3.4417],[126.0404,-3.3981],[126.0072,-3.3584],[126.0185,-3.3346],[126.0077,-3.3197],[126.0052,-3.2621],[126.0193,-3.2409],[126.0116,-3.194],[126.0181,-3.1731],[126.1003,-3.1125]]]}},{"type":"Feature","properties":{"province":"SULAWESI TENGGARA","district":"BUTON","id":"SULAWESI TENGGARA/BUTON","name":"BUTON"},"geometry":{"type":"Polygon","coordinates":[[[122.8429,-5.0871],[122.8536,-5.1125],[122.8807,-5.1126],[122.9501,-5.1467],[122.9198,-5.178],[122.9445,-5.2163],[122.9632,-5.2102],[123.0029,-5.1499],[123.0334,-5.1358],[123.0681,-5.1612],[123.0592,-5.1921],[123.0825,-5.173],[123.1046,-5.1885],[123.0919,-5.2167],[123.1148,-5.2056],[123.152,-5.2483],[123.181,-5.2468],[123.1962,-5.2714],[123.2245,-5.2791],[123.2169,-5.3029],[123.131,-5.3994],[123.0156,-5.4442],[122.9969,-5.4012],[122.9763,-5.3941],[122.9238,-5.4365],[122.8719,-5.4547],[122.8487,-5.4848],[122.8439,-5.5226],[122.8806,-5.5068],[122.8971,-5.518],[122.8979,-5.5518],[122.8228,-5.652],[122.7914,-5.6037],[122.7889,-5.4877],[122.7416,-5.4786],[122.7702,-5.4135],[122.7601,-5.3758],[122.7261,-5.3548],[122.7202,-5.3201],[122.6838,-5.3222],[122.7324,-5.2421],[122.754,-5.239],[122.7552,-5.2548],[122.7712,-5.254],[122.8113,-5.2211],[122.7842,-5.1844],[122.7544,-5.2285],[122.7565,-5.185],[122.7371,-5.1699],[122.7711,-5.1112],[122.7911,-5.106],[122.7891,-5.0824],[122.8247,-5.0687],[122.8429,-5.0871]]]}},{"type":"Feature","properties":{"province":"SULAWESI TENGGARA","district":"BUTON SELATAN","id":"SULAWESI TENGGARA/BUTON SELATAN","name":"BUTON SELATAN"},"geometry":{"type":"Polygon","coordinates":[[[122.7467,-5.4828],[122.7889,-5.4877],[122.7914,-5.6037],[122.8228,-5.652],[122.8051,-5.6915],[122.7784,-5.703],[122.7545,-5.6952],[122.7658,-5.6664],[122.7492,-5.6389],[122.7245,-5.6913],[122.7099,-5.6745],[122.7227,-5.6285],[122.7133,-5.6192],[122.6666,-5.69],[122.6367,-5.6951],[122.6106,-5.656],[122.6138,-5.636],[122.5737,-5.5381],[122.6214,-5.5069],[122.6612,-5.5092],[122.6705,-5.4963],[122.7273,-5.496],[122.7467,-5.4828]]]}},{"type":"Feature","properties":{"province":"SULAWESI TENGGARA","district":"BUTON TENGAH","id":"SULAWESI TENGGARA/BUTON TENGAH","name":"BUTON TENGAH"},"geometry":{"type":"Polygon","coordinates":[[[122.3197,-5.1448],[122.3534,-5.1511],[122.3673,-5.1863],[122.4076,-5.1916],[122.4073,-5.2098],[122.4497,-5.2346],[122.5282,-5.1951],[122.5614,-5.2279],[122.6069,-5.2232],[122.5786,-5.2537],[122.6237,-5.2504],[122.64,-5.2652],[122.6461,-5.2955],[122.6395,-5.3568],[122.6182,-5.3714],[122.6168,-5.3456],[122.5945,-5.3646],[122.6034,-5.4079],[122.5954,-5.434],[122.5663,-5.4112],[122.5465,-5.4403],[122.5198,-5.4371],[122.5125,-5.4062],[122.5246,-5.3969],[122.5395,-5.3316],[122.5204,-5.3113],[122.5399,-5.2606],[122.4796,-5.2999],[122.4982,-5.3458],[122.4838,-5.3737],[122.4681,-5.3613],[122.4648,-5.4029],[122.408,-5.3993],[122.3824,-5.3343],[122.4487,-5.313],[122.3975,-5.3129],[122.3773,-5.3248],[122.3703,-5.3408],[122.3817,-5.3682],[122.3614,-5.3906],[122.2732,-5.3888],[122.2686,-5.3132],[122.3159,-5.2382],[122.3035,-5.198],[122.316,-5.186],[122.3072,-5.1496],[122.3197,-5.1448]]]}},{"type":"Feature","properties":{"province":"SULAWESI TENGGARA","district":"BUTON UTARA","id":"SULAWESI TENGGARA/BUTON UTARA","name":"BUTON UTARA"},"geometry":{"type":"Polygon","coordinates":[[[123.0756,-4.3665],[123.0784,-4.4019],[123.0451,-4.4244],[123.0722,-4.4344],[123.0806,-4.4595],[123.1001,-4.4544],[123.1144,-4.4833],[123.1142,-4.4747],[123.139,-4.4823],[123.1479,-4.5168],[123.2091,-4.6131],[123.1854,-4.6315],[123.1919,-4.6421],[123.182,-4.6432],[123.1774,-4.6709],[123.2001,-4.6858],[123.1907,-4.6647],[123.2008,-4.6572],[123.2115,-4.698],[123.2021,-4.7771],[123.2132,-4.8583],[123.2048,-4.8668],[123.1745,-4.8383],[123.1761,-4.771],[123.1333,-4.7571],[123.1507,-4.7337],[123.121,-4.7161],[123.1122,-4.6938],[123.1007,-4.7943],[123.0754,-4.7888],[123.0787,-4.7491],[123.0629,-4.7526],[123.056,-4.7701],[123.0336,-4.7458],[123.0236,-4.7651],[123.0397,-4.8024],[122.994,-4.8261],[123.0087,-4.8823],[123.0016,-4.9362],[122.9694,-4.952],[122.9553,-5.002],[122.9528,-5.0255],[122.9691,-5.0272],[122.9802,-5.0587],[122.9738,-5.1153],[122.9501,-5.1467],[122.8807,-5.1126],[122.8536,-5.1125],[122.8322,-5.0736],[122.8493,-5.038],[122.8911,-5.0102],[122.8881,-4.9159],[122.9116,-4.8831],[122.9161,-4.8504],[122.9138,-4.827],[122.8798,-4.7754],[122.8947,-4.7506],[122.9021,-4.6711],[122.9225,-4.6583],[122.928,-4.6102],[122.8877,-4.6051],[122.8621,-4.6215],[122.8478,-4.5908],[122.8665,-4.5258],[122.9077,-4.4604],[122.9932,-4.3944],[123.0756,-4.3665]]]}},{"type":"Feature","properties":{"province":"JAWA BARAT","district":"CIAMIS","id":"JAWA BARAT/CIAMIS","name":"CIAMIS"},"geometry":{"type":"Polygon","coordinates":[[[108.3857,-7.0735],[108.4255,-7.0949],[108.4394,-7.1179],[108.5113,-7.1319],[108.5085,-7.1609],[108.5853,-7.2185],[108.5818,-7.2537],[108.556,-7.2878],[108.5592,-7.3323],[108.5238,-7.3593],[108.4892,-7.35],[108.4697,-7.3616],[108.4782,-7.3688],[108.4696,-7.3819],[108.5441,-7.4123],[108.5671,-7.4445],[108.6002,-7.3945],[108.6156,-7.4058],[108.6311,-7.3817],[108.6505,-7.3882],[108.6663,-7.3531],[108.6831,-7.3694],[108.6875,-7.4],[108.7231,-7.4306],[108.7181,-7.4694],[108.7061,-7.4772],[108.6984,-7.4618],[108.6487,-7.4679],[108.6597,-7.5128],[108.6466,-7.5403],[108.5278,-7.5739],[108.527,-7.5269],[108.4943,-7.5315],[108.4531,-7.5036],[108.4271,-7.5006],[108.4426,-7.4883],[108.4254,-7.4863],[108.4206,-7.4231],[108.3961,-7.4088],[108.4149,-7.377],[108.4057,-7.3603],[108.3424,-7.3559],[108.3235,-7.3394],[108.278,-7.3345],[108.2699,-7.3189],[108.2525,-7.3214],[108.1986,-7.2828],[108.1881,-7.262],[108.1993,-7.2307],[108.1925,-7.1702],[108.2014,-7.1375],[108.2199,-7.1233],[108.2196,-7.0879],[108.167,-7.0635],[108.2096,-7.0534],[108.245,-7.0666],[108.3146,-7.0566],[108.3424,-7.07],[108.3558,-7.0516],[108.3857,-7.0735]]]}},{"type":"Feature","properties":{"province":"JAWA BARAT","district":"CIANJUR","id":"JAWA BARAT/CIANJUR","name":"CIANJUR"},"geometry":{"type":"Polygon","coordinates":[[[107.3021,-6.7284],[107.2904,-6.7367],[107.2844,-6.7744],[107.3142,-6.8007],[107.3243,-6.8518],[107.3435,-6.8489],[107.3493,-6.8658],[107.3411,-6.8857],[107.2832,-6.9233],[107.2509,-6.9285],[107.1902,-6.9681],[107.1846,-6.996],[107.1956,-7.0211],[107.1819,-7.0581],[107.2522,-7.0483],[107.3182,-7.1033],[107.3042,-7.1647],[107.2759,-7.1806],[107.2722,-7.1693],[107.2514,-7.2013],[107.289,-7.214],[107.3184,-7.1904],[107.3557,-7.2175],[107.3533,-7.2355],[107.3785,-7.2396],[107.3836,-7.2514],[107.3953,-7.2449],[107.4226,-7.257],[107.4422,-7.2426],[107.4777,-7.2552],[107.4549,-7.2921],[107.4846,-7.3569],[107.4738,-7.4015],[107.4319,-7.4236],[107.4203,-7.4621],[107.4261,-7.5028],[107.2397,-7.4881],[107.0797,-7.4523],[106.7938,-7.4368],[106.7898,-7.4097],[106.7808,-7.4156],[106.7771,-7.402],[106.8231,-7.3625],[106.8586,-7.3542],[106.8557,-7.362],[106.8754,-7.364],[106.8953,-7.3414],[106.9094,-7.3493],[106.9151,-7.323],[106.9341,-7.3341],[106.9406,-7.3178],[106.9672,-7.3122],[106.976,-7.2847],[106.9603,-7.2603],[106.9826,-7.2224],[106.9579,-7.1645],[106.9659,-7.1449],[106.9364,-7.1171],[106.9587,-7.0326],[106.9824,-7.0137],[106.9959,-7.0318],[107.0394,-7.0459],[107.0594,-7.0232],[107.0325,-6.9837],[107.0417,-6.9628],[107.064,-6.9615],[107.0486,-6.9422],[107.0484,-6.9106],[107.0318,-6.8971],[107.0315,-6.8714],[106.996,-6.8344],[106.9929,-6.799],[106.9645,-6.7679],[106.985,-6.7447],[107.0039,-6.6885],[106.9924,-6.6678],[107.0513,-6.6566],[107.1346,-6.6705],[107.1699,-6.6387],[107.2123,-6.6404],[107.2272,-6.6022],[107.2684,-6.6446],[107.2514,-6.6939],[107.2892,-6.7087],[107.3021,-6.7284]]]}},{"type":"Feature","properties":{"province":"JAWA TENGAH","district":"CILACAP","id":"JAWA TENGAH/CILACAP","name":"CILACAP"},"geometry":{"type":"Polygon","coordinates":[[[108.6633,-7.1556],[108.6955,-7.1519],[108.7241,-7.1952],[108.7752,-7.1985],[108.7872,-7.2098],[108.8152,-7.2032],[108.818,-7.2311],[108.8647,-7.2434],[108.8653,-7.2716],[108.9104,-7.2877],[108.932,-7.3209],[108.9465,-7.3095],[108.9552,-7.3362],[108.976,-7.3347],[108.9457,-7.3624],[108.9554,-7.3669],[108.938,-7.3865],[108.9385,-7.4179],[108.9112,-7.4465],[108.8894,-7.4501],[108.8993,-7.4721],[108.9174,-7.462],[108.9561,-7.47],[108.9644,-7.486],[108.9564,-7.4958],[108.9729,-7.5184],[109.0044,-7.5274],[109.0034,-7.5445],[109.0582,-7.556],[109.0663,-7.573],[109.1532,-7.5786],[109.1806,-7.5492],[109.2147,-7.5645],[109.2676,-7.5919],[109.2616,-7.6199],[109.3595,-7.6396],[109.3576,-7.6525],[109.3904,-7.67],[109.3788,-7.6868],[109.3939,-7.6964],[109.3917,-7.7254],[109.2392,-7.6956],[109.1456,-7.6889],[109.1316,-7.6992],[109.14,-7.6901],[109.1072,-7.6826],[109.0417,-7.707],[109.0159,-7.7522],[108.9673,-7.7124],[108.9381,-7.7198],[108.9251,-7.7062],[108.8969,-7.7093],[108.8877,-7.6929],[108.876,-7.6945],[108.8596,-7.6585],[108.7878,-7.6693],[108.7318,-7.6134],[108.7508,-7.5919],[108.7548,-7.5593],[108.7174,-7.4805],[108.7234,-7.4311],[108.6868,-7.399],[108.6763,-7.3576],[108.648,-7.337],[108.5986,-7.3505],[108.5584,-7.3347],[108.556,-7.2878],[108.5857,-7.2425],[108.5626,-7.1708],[108.6351,-7.1387],[108.6633,-7.1556]]]}},{"type":"Feature","properties":{"province":"JAWA BARAT","district":"CIREBON","id":"JAWA BARAT/CIREBON","name":"CIREBON"},"geometry":{"type":"Polygon","coordinates":[[[108.5391,-6.5164],[108.563,-6.6906],[108.5429,-6.6965],[108.5488,-6.7256],[108.5182,-6.7372],[108.5443,-6.7963],[108.5702,-6.7501],[108.5911,-6.7433],[108.6025,-6.7634],[108.6264,-6.7695],[108.6534,-6.7467],[108.6762,-6.7649],[108.685,-6.8005],[108.7188,-6.8106],[108.7317,-6.7983],[108.7503,-6.8154],[108.7962,-6.7916],[108.8112,-6.7724],[108.8037,-6.7592],[108.8447,-6.7358],[108.8466,-6.758],[108.827,-6.7686],[108.8247,-6.8323],[108.7929,-6.8801],[108.7787,-6.8748],[108.7612,-6.8961],[108.7528,-6.922],[108.7634,-6.9392],[108.7605,-6.988],[108.7373,-7.006],[108.7175,-6.9943],[108.7256,-6.9627],[108.7155,-6.9438],[108.6829,-6.9233],[108.6693,-6.9404],[108.656,-6.9367],[108.6658,-6.9172],[108.6543,-6.9026],[108.621,-6.9104],[108.523,-6.8703],[108.5247,-6.8576],[108.5081,-6.852],[108.5125,-6.7912],[108.4559,-6.7991],[108.4473,-6.7825],[108.419,-6.7818],[108.398,-6.7951],[108.399,-6.7736],[108.3588,-6.7507],[108.3702,-6.7332],[108.3583,-6.714],[108.3681,-6.6992],[108.3366,-6.6715],[108.346,-6.625],[108.3235,-6.6195],[108.3609,-6.5548],[108.4323,-6.5206],[108.4468,-6.5321],[108.4433,-6.5647],[108.456,-6.5729],[108.5391,-6.5164]]]}},{"type":"Feature","properties":{"province":"SUMATERA UTARA","district":"DAIRI","id":"SUMATERA UTARA/DAIRI","name":"DAIRI"},"geometry":{"type":"Polygon","coordinates":[[[98.5783,2.83],[98.6289,2.7949],[98.5723,2.7244],[98.5603,2.5802],[98.5197,2.5567],[98.4675,2.5492],[98.4222,2.6357],[98.357,2.6598],[98.34,2.6788],[98.3392,2.7022],[98.307,2.6961],[98.2774,2.7174],[98.2469,2.7086],[98.2052,2.7291],[98.1784,2.7603],[98.1703,2.7539],[98.1058,2.7901],[98.0994,2.8227],[98.0553,2.8188],[98.0391,2.8475],[97.993,2.8818],[97.9443,2.899],[97.9567,2.9604],[97.9539,2.9845],[97.9362,2.9895],[97.9474,3.0069],[97.9431,3.047],[97.9301,3.0547],[97.9365,3.0743],[97.9611,3.0649],[97.9883,3.0916],[98.0376,3.0782],[98.0358,3.1087],[98.0593,3.1106],[98.0778,3.0749],[98.1131,3.0547],[98.139,3.0485],[98.1598,3.0703],[98.182,3.069],[98.1984,3.0465],[98.1985,2.9901],[98.2489,2.9312],[98.2963,2.9676],[98.3457,2.9659],[98.3698,2.9327],[98.4306,2.9174],[98.4382,2.8919],[98.4842,2.8702],[98.4827,2.8606],[98.5321,2.8794],[98.5408,2.8582],[98.5783,2.83]]]}},{"type":"Feature","properties":{"province":"PAPUA","district":"DEIYAI","id":"PAPUA/DEIYAI","name":"DEIYAI"},"geometry":{"type":"Polygon","coordinates":[[[136.9226,-4.1285],[136.9277,-4.1694],[136.8749,-4.1845],[136.8268,-4.2355],[136.7876,-4.2444],[136.7988,-4.3031],[136.7851,-4.3144],[136.7391,-4.3114],[136.7154,-4.3864],[136.6862,-4.4023],[136.6435,-4.3772],[136.5997,-4.3946],[136.5748,-4.3702],[136.5659,-4.3324],[136.5195,-4.3272],[136.5272,-4.3188],[136.5181,-4.3064],[136.4849,-4.3172],[136.446,-4.3093],[136.3956,-4.3371],[136.317,-4.3464],[136.3057,-4.3288],[136.2525,-4.3288],[136.2495,-4.3427],[136.2024,-4.3615],[136.1529,-4.343],[136.1299,-4.3775],[136.0776,-4.4028],[136.0243,-4.3917],[136.0051,-4.3702],[136.0309,-4.3647],[136.0405,-4.332],[136.0342,-4.2942],[136.003,-4.2807],[136.0177,-4.2409],[136.0096,-4.2264],[136.0239,-4.2108],[136.0407,-4.2141],[136.0472,-4.1841],[136.0904,-4.1546],[136.0727,-4.1402],[136.1053,-4.0926],[136.0866,-4.0776],[136.0881,-4.0626],[136.1076,-4.0456],[136.1599,-4.0462],[136.166,-4.0286],[136.1826,-4.0252],[136.1801,-4.0],[136.1925,-3.9825],[136.2211,-3.9992],[136.2734,-3.9802],[136.3149,-3.9957],[136.3487,-3.9726],[136.3571,-3.9896],[136.3486,-3.9954],[136.3625,-4.0051],[136.5085,-4.0208],[136.5715,-4.0639],[136.5664,-4.0841],[136.6018,-4.0973],[136.6022,-4.128],[136.5767,-4.1332],[136.5739,-4.1481],[136.6982,-4.1924],[136.7706,-4.1654],[136.7607,-4.1253],[136.737,-4.12],[136.7232,-4.0906],[136.7782,-4.0783],[136.9226,-4.1285]]]}},{"type":"Feature","properties":{"province":"SUMATERA UTARA","district":"DELI SERDANG","id":"SUMATERA UTARA/DELI SERDANG","name":"DELI SERDANG"},"geometry":{"type":"Polygon","coordinates":[[[98.7453,3.5369],[98.7213,3.5433],[98.7383,3.5814],[98.717,3.5897],[98.7443,3.5964],[98.706,3.5953],[98.7099,3.6266],[98.6934,3.6265],[98.6922,3.6435],[98.7026,3.6562],[98.669,3.6759],[98.7036,3.6723],[98.7048,3.7151],[98.7151,3.7257],[98.731,3.7206],[98.7021,3.7512],[98.707,3.7718],[98.7241,3.7732],[98.7591,3.7595],[98.7741,3.7308],[98.8255,3.7073],[98.9433,3.6758],[98.9376,3.6249],[98.9186,3.6013],[98.9331,3.5682],[98.9356,3.5024],[98.9142,3.4507],[98.9143,3.3618],[98.8454,3.3404],[98.7998,3.304],[98.7376,3.2251],[98.7327,3.1453],[98.7137,3.1075],[98.7145,3.0667],[98.6953,3.041],[98.6936,3.0718],[98.6301,3.0692],[98.6291,3.124],[98.6016,3.1629],[98.6225,3.2332],[98.5583,3.1998],[98.5389,3.2469],[98.4872,3.2364],[98.4685,3.2471],[98.47,3.2765],[98.5092,3.3085],[98.4959,3.3912],[98.51,3.4957],[98.5246,3.5222],[98.5106,3.5319],[98.4986,3.5758],[98.5396,3.5754],[98.5332,3.6209],[98.5121,3.6318],[98.5185,3.6681],[98.5012,3.6724],[98.5041,3.7433],[98.5363,3.7922],[98.5515,3.7899],[98.582,3.8104],[98.5855,3.8343],[98.6032,3.8346],[98.6046,3.8688],[98.655,3.9055],[98.6803,3.9023],[98.6977,3.877],[98.7102,3.7948],[98.6813,3.789],[98.6755,3.7757],[98.6329,3.7763],[98.6254,3.7627],[98.6528,3.7286],[98.6189,3.7087],[98.6335,3.6842],[98.6587,3.6753],[98.6666,3.6351],[98.6526,3.6152],[98.5993,3.6193],[98.6119,3.5559],[98.5933,3.5411],[98.6027,3.5341],[98.5929,3.4952],[98.6172,3.4983],[98.628,3.5182],[98.6465,3.4802],[98.6577,3.5224],[98.6755,3.5149],[98.6966,3.5189],[98.6984,3.5311],[98.7429,3.5275],[98.7453,3.5369]]]}},{"type":"Feature","properties":{"province":"JAWA TENGAH","district":"DEMAK","id":"JAWA TENGAH/DEMAK","name":"DEMAK"},"geometry":{"type":"Polygon","coordinates":[[[110.7583,-6.7942],[110.7974,-6.8383],[110.8336,-6.8504],[110.786,-6.9113],[110.789,-6.9316],[110.7774,-6.9331],[110.7765,-6.964],[110.7645,-6.9689],[110.7742,-6.9756],[110.7612,-6.9832],[110.7727,-6.9898],[110.7639,-7.0001],[110.7757,-7.0019],[110.7531,-7.0181],[110.7626,-7.0219],[110.7292,-7.0329],[110.6937,-7.0183],[110.6693,-7.0542],[110.6908,-7.0218],[110.6732,-7.0081],[110.6785,-6.9872],[110.6585,-6.9725],[110.6244,-6.9756],[110.6258,-7.0105],[110.6056,-7.0506],[110.561,-7.0841],[110.5817,-7.1193],[110.5705,-7.1482],[110.5009,-7.1198],[110.4997,-7.0967],[110.4772,-7.0875],[110.501,-7.0674],[110.4814,-7.0537],[110.4832,-7.0294],[110.4992,-7.0261],[110.5019,-7.0095],[110.4902,-7.0034],[110.5017,-6.9928],[110.5025,-6.9579],[110.4777,-6.9396],[110.5018,-6.9411],[110.4782,-6.9239],[110.5044,-6.9407],[110.518,-6.9372],[110.5111,-6.9301],[110.5267,-6.935],[110.4881,-6.9155],[110.496,-6.9085],[110.5295,-6.9331],[110.4945,-6.9038],[110.5289,-6.8479],[110.5221,-6.835],[110.5464,-6.821],[110.5761,-6.7725],[110.5648,-6.7629],[110.5493,-6.772],[110.5379,-6.7488],[110.5613,-6.7497],[110.5489,-6.7309],[110.5654,-6.721],[110.5766,-6.7365],[110.622,-6.7082],[110.6644,-6.7168],[110.6674,-6.7651],[110.6949,-6.7684],[110.7048,-6.7948],[110.7583,-6.7942]]]}},{"type":"Feature","properties":{"province":"SUMATERA BARAT","district":"DHARMASRAYA","id":"SUMATERA BARAT/DHARMASRAYA","name":"DHARMASRAYA"},"geometry":{"type":"Polygon","coordinates":[[[101.4562,-1.6832],[101.4369,-1.6959],[101.4292,-1.6836],[101.4314,-1.6416],[101.473,-1.5918],[101.5097,-1.573],[101.5409,-1.5142],[101.5273,-1.485],[101.5574,-1.4624],[101.5607,-1.4443],[101.6094,-1.4373],[101.6264,-1.4128],[101.6721,-1.3886],[101.5969,-1.3489],[101.587,-1.3253],[101.515,-1.3377],[101.5257,-1.3042],[101.4692,-1.2819],[101.4678,-1.2589],[101.4471,-1.2413],[101.4501,-1.211],[101.4108,-1.1841],[101.4029,-1.1505],[101.4412,-1.0865],[101.4403,-1.0592],[101.4601,-1.0306],[101.4536,-1.011],[101.4289,-1.0047],[101.4038,-1.038],[101.3443,-1.0436],[101.3507,-1.1315],[101.2995,-1.1436],[101.2901,-1.1743],[101.2633,-1.1667],[101.2577,-1.1432],[101.2323,-1.1511],[101.198,-1.107],[101.1666,-1.1028],[101.1656,-1.0555],[101.1423,-1.037],[101.1839,-1.0299],[101.1825,-1.0061],[101.2045,-0.9677],[101.191,-0.9512],[101.2082,-0.9464],[101.2099,-0.9218],[101.258,-0.9334],[101.2874,-0.962],[101.3109,-0.951],[101.3255,-0.9669],[101.353,-0.9551],[101.3967,-0.9751],[101.3962,-0.9404],[101.4204,-0.927],[101.4134,-0.8993],[101.4388,-0.8823],[101.4542,-0.8342],[101.5206,-0.848],[101.5478,-0.8211],[101.5908,-0.8475],[101.6477,-0.8237],[101.7358,-0.8764],[101.7345,-0.8965],[101.6986,-0.9383],[101.7433,-0.9496],[101.7538,-0.9752],[101.8034,-0.9641],[101.8236,-0.9776],[101.8152,-1.0016],[101.8296,-1.1096],[101.8455,-1.1119],[101.853,-1.1002],[101.8664,-1.112],[101.8768,-1.0936],[101.8929,-1.1062],[101.8842,-1.1347],[101.8172,-1.2172],[101.7267,-1.2348],[101.6919,-1.2805],[101.6945,-1.3076],[101.6885,-1.3244],[101.6738,-1.3268],[101.6751,-1.348],[101.7118,-1.3363],[101.7247,-1.3427],[101.7282,-1.3652],[101.6949,-1.3941],[101.6937,-1.4084],[101.7218,-1.4311],[101.6911,-1.4899],[101.6562,-1.4984],[101.6563,-1.5123],[101.6228,-1.527],[101.588,-1.5773],[101.5676,-1.5793],[101.5233,-1.6361],[101.49,-1.6458],[101.4765,-1.6767],[101.4562,-1.6832]]]}},{"type":"Feature","properties":{"province":"PAPUA","district":"DOGIYAI","id":"PAPUA/DOGIYAI","name":"DOGIYAI"},"geometry":{"type":"Polygon","coordinates":[[[136.1263,-3.8568],[136.1441,-3.9467],[136.1678,-3.9621],[136.1947,-3.9505],[136.2077,-3.9581],[136.1889,-3.972],[136.1826,-4.0252],[136.166,-4.0286],[136.1599,-4.0462],[136.1076,-4.0456],[136.0903,-4.0588],[136.0864,-4.0773],[136.1053,-4.0926],[136.0727,-4.1402],[136.0904,-4.1546],[136.0472,-4.1841],[136.0407,-4.2141],[136.0239,-4.2108],[136.01,-4.2255],[136.0177,-4.2409],[136.003,-4.2807],[135.9029,-4.2813],[135.8213,-4.2981],[135.8048,-4.2828],[135.7566,-4.282],[135.7218,-4.2612],[135.7113,-4.2687],[135.7087,-4.2425],[135.6754,-4.1939],[135.6193,-4.2326],[135.599,-4.2061],[135.5844,-4.2184],[135.5028,-4.2027],[135.4594,-4.2514],[135.4169,-4.2442],[135.3579,-4.1934],[135.3449,-4.2009],[135.3292,-4.1885],[135.3032,-4.208],[135.3013,-4.1881],[135.2776,-4.1669],[135.2471,-4.1793],[135.1953,-4.1771],[135.1793,-4.1952],[135.1275,-4.1644],[135.1381,-4.1392],[135.1197,-4.1205],[135.151,-4.0888],[135.1482,-4.0766],[135.0978,-4.0841],[135.0843,-4.0602],[135.0875,-4.0508],[135.1141,-4.061],[135.1662,-4.0537],[135.1699,-4.0631],[135.1957,-4.0585],[135.2712,-4.0828],[135.3342,-4.0661],[135.3176,-4.0395],[135.2824,-4.0343],[135.25,-4.0061],[135.2415,-3.9106],[135.2681,-3.8931],[135.2754,-3.833],[135.3001,-3.8239],[135.2906,-3.803],[135.3137,-3.8194],[135.3047,-3.8599],[135.3624,-3.8627],[135.4118,-3.8935],[135.4447,-3.8647],[135.4954,-3.8892],[135.5301,-3.9323],[135.5527,-3.9307],[135.5691,-3.9468],[135.583,-3.9273],[135.6239,-3.9333],[135.6501,-3.9214],[135.6965,-3.8794],[135.7681,-3.9102],[135.8501,-3.8916],[135.9544,-3.9154],[135.9697,-3.8927],[136.0112,-3.9027],[136.0408,-3.8543],[136.06,-3.8861],[136.1029,-3.911],[136.1267,-3.8893],[136.1263,-3.8568]]]}},{"type":"Feature","properties":{"province":"NUSA TENGGARA BARAT","district":"DOMPU","id":"NUSA TENGGARA BARAT/DOMPU","name":"DOMPU"},"geometry":{"type":"Polygon","coordinates":[[[117.7697,-8.1494],[117.8551,-8.2151],[117.9288,-8.22],[117.9733,-8.273],[118.0245,-8.2992],[118.0494,-8.3395],[118.2074,-8.4373],[118.2721,-8.4393],[118.2984,-8.4287],[118.3229,-8.4056],[118.3229,-8.3601],[118.3351,-8.3655],[118.3412,-8.3444],[118.356,-8.3523],[118.3888,-8.3285],[118.3892,-8.3036],[118.4435,-8.2689],[118.4517,-8.2754],[118.5426,-8.3949],[118.5246,-8.4283],[118.4822,-8.4604],[118.5067,-8.4785],[118.5139,-8.5062],[118.5002,-8.5478],[118.5195,-8.6392],[118.536,-8.649],[118.5364,-8.6814],[118.495,-8.7753],[118.5,-8.7965],[118.4738,-8.8669],[118.4797,-8.8847],[118.418,-8.8717],[118.3796,-8.8284],[118.3717,-8.7797],[118.407,-8.7593],[118.4288,-8.7203],[118.4183,-8.6927],[118.4331,-8.6737],[118.4179,-8.6582],[118.4212,-8.6241],[118.3871,-8.609],[118.3855,-8.6539],[118.406,-8.6723],[118.3771,-8.6947],[118.3538,-8.6845],[118.333,-8.7129],[118.3122,-8.6934],[118.1884,-8.7057],[118.1758,-8.6548],[118.2038,-8.6728],[118.2404,-8.6501],[118.2472,-8.6655],[118.2575,-8.6512],[118.2692,-8.6587],[118.2646,-8.642],[118.2796,-8.6432],[118.2879,-8.6257],[118.278,-8.5909],[118.2506,-8.5871],[118.2492,-8.5674],[118.2301,-8.5511],[118.2091,-8.5522],[118.1939,-8.5709],[118.1801,-8.5325],[118.1427,-8.514],[118.131,-8.4822],[118.1054,-8.4952],[118.0821,-8.4507],[117.9804,-8.4648],[117.8466,-8.372],[117.8179,-8.3687],[117.817,-8.3514],[117.7644,-8.2894],[117.6909,-8.2348],[117.71,-8.22],[117.724,-8.1501],[117.7697,-8.1494]]]}},{"type":"Feature","properties":{"province":"SULAWESI TENGAH","district":"DONGGALA","id":"SULAWESI TENGAH/DONGGALA","name":"DONGGALA"},"geometry":{"type":"Polygon","coordinates":[[[120.1028,0.7484],[120.1367,0.7479],[120.1519,0.7241],[120.1962,0.7006],[120.1925,0.5996],[120.2031,0.574],[120.1592,0.5318],[120.1568,0.4711],[120.1299,0.4584],[120.1133,0.4317],[120.1275,0.4097],[120.0829,0.3861],[120.0742,0.3457],[120.0571,0.3355],[120.055,0.2862],[120.0796,0.2732],[120.0958,0.2434],[120.0922,0.2049],[120.0417,0.1733],[120.036,0.1287],[120.0001,0.1231],[119.9984,0.1099],[119.9612,0.0857],[119.9503,0.0553],[119.9573,0.028],[119.938,-0.0101],[119.9429,-0.0717],[119.8985,-0.1386],[119.9354,-0.21],[119.9124,-0.2379],[119.9218,-0.2586],[119.9055,-0.2694],[119.9275,-0.3037],[119.9105,-0.371],[119.923,-0.3933],[119.9224,-0.4429],[119.9377,-0.4484],[119.9428,-0.4686],[119.9354,-0.504],[119.9769,-0.5693],[120.0004,-0.5855],[120.0022,-0.633],[120.0201,-0.6424],[120.0152,-0.6654],[120.0325,-0.6837],[120.0321,-0.7035],[120.0142,-0.713],[120.0245,-0.7798],[119.995,-0.8077],[119.9694,-0.8124],[119.9599,-0.8017],[119.9018,-0.8001],[119.8973,-0.7748],[119.8721,-0.7736],[119.9082,-0.7556],[119.8776,-0.7343],[119.9076,-0.7311],[119.9374,-0.7057],[119.929,-0.6969],[119.8778,-0.7046],[119.8721,-0.683],[119.9247,-0.6515],[119.8745,-0.6597],[119.8457,-0.6975],[119.824,-0.6896],[119.7599,-0.4973],[119.7537,-0.4378],[119.7642,-0.4006],[119.751,-0.3681],[119.8175,-0.198],[119.7983,-0.1566],[119.8099,-0.1362],[119.7911,-0.1233],[119.737,-0.1444],[119.7011,-0.138],[119.6529,-0.0962],[119.6513,-0.0762],[119.6049,-0.0087],[119.666,-0.0185],[119.6651,0.0186],[119.7323,-0.0225],[119.7375,-0.0609],[119.7678,-0.0777],[119.7748,-0.1114],[119.8211,-0.1172],[119.841,-0.099],[119.8831,-0.0191],[119.8774,0.0823],[119.8493,0.1259],[119.7768,0.1909],[119.7711,0.214],[119.8078,0.2361],[119.8356,0.2158],[119.8877,0.2108],[119.9025,0.2209],[119.8931,0.2866],[119.8722,0.2941],[119.8455,0.3342],[119.8502,0.3543],[119.8885,0.3921],[119.878,0.4478],[119.901,0.479],[119.9998,0.4832],[120.0451,0.5127],[120.0163,0.6655],[120.0364,0.6888],[120.038,0.7177],[120.0539,0.7122],[120.0639,0.7349],[120.1028,0.7484]]]}},{"type":"Feature","properties":{"province":"SUMATERA SELATAN","district":"EMPAT LAWANG","id":"SUMATERA SELATAN/EMPAT LAWANG","name":"EMPAT LAWANG"},"geometry":{"type":"Polygon","coordinates":[[[103.2022,-3.5013],[103.1678,-3.5089],[103.1801,-3.5318],[103.1631,-3.5612],[103.1377,-3.5568],[103.1387,-3.5868],[103.1196,-3.6117],[103.1299,-3.6132],[103.1199,-3.6136],[103.1024,-3.6539],[103.1193,-3.7099],[103.0882,-3.7652],[103.1381,-3.8163],[103.1085,-3.9324],[103.1069,-3.9743],[103.1236,-4.0065],[102.9629,-4.0201],[102.9119,-3.9696],[102.8615,-3.9929],[102.8454,-3.9772],[102.8171,-3.9786],[102.749,-3.8912],[102.7012,-3.8547],[102.6836,-3.8612],[102.6697,-3.826],[102.6203,-3.8022],[102.6581,-3.7717],[102.6927,-3.7584],[102.6968,-3.7699],[102.7344,-3.7463],[102.7345,-3.7174],[102.7706,-3.7082],[102.7739,-3.6757],[102.8078,-3.6128],[102.7946,-3.5829],[102.8102,-3.5299],[102.8596,-3.5479],[102.9003,-3.6154],[102.9353,-3.5906],[102.9726,-3.5317],[102.9947,-3.5248],[103.0056,-3.4673],[102.9985,-3.4129],[103.0425,-3.4167],[103.0443,-3.4326],[103.1019,-3.475],[103.1758,-3.4524],[103.2022,-3.5013]]]}},{"type":"Feature","properties":{"province":"NUSA TENGGARA TIMUR","district":"ENDE","id":"NUSA TENGGARA TIMUR/ENDE","name":"ENDE"},"geometry":{"type":"Polygon","coordinates":[[[122.025,-8.4435],[122.0188,-8.4669],[122.0103,-8.464],[122.0191,-8.4726],[122.0119,-8.5063],[121.9857,-8.5435],[122.0054,-8.5551],[121.9906,-8.6057],[121.9655,-8.6131],[121.9762,-8.6257],[121.9735,-8.6546],[121.9589,-8.6589],[121.9582,-8.6854],[121.9271,-8.7117],[121.9521,-8.7534],[121.9933,-8.7536],[121.9946,-8.8062],[121.9243,-8.8314],[121.8617,-8.8349],[121.8139,-8.8707],[121.7742,-8.8827],[121.6703,-8.8484],[121.6625,-8.8896],[121.6438,-8.9058],[121.625,-8.893],[121.6411,-8.8398],[121.5914,-8.8045],[121.4138,-8.7925],[121.4166,-8.7443],[121.3948,-8.7203],[121.4133,-8.6878],[121.4589,-8.655],[121.5209,-8.635],[121.526,-8.5958],[121.5381,-8.6018],[121.5423,-8.584],[121.5808,-8.5715],[121.5655,-8.5523],[121.571,-8.5305],[121.6117,-8.5588],[121.6015,-8.5411],[121.6074,-8.4785],[121.6403,-8.474],[121.6417,-8.4986],[121.6647,-8.493],[121.6805,-8.5124],[121.7269,-8.4951],[121.8003,-8.5106],[121.8311,-8.5],[121.8436,-8.482],[121.8713,-8.4988],[121.9134,-8.4956],[121.9574,-8.4438],[121.9561,-8.4733],[121.9833,-8.4467],[122.025,-8.4435]]]}},{"type":"Feature","properties":{"province":"SULAWESI SELATAN","district":"ENREKANG","id":"SULAWESI SELATAN/ENREKANG","name":"ENREKANG"},"geometry":{"type":"Polygon","coordinates":[[[120.0407,-3.3693],[120.0254,-3.3881],[120.0395,-3.4099],[120.06,-3.4063],[120.0975,-3.488],[120.0615,-3.5371],[120.0373,-3.5474],[120.0272,-3.5957],[119.9921,-3.6304],[119.9953,-3.66],[119.9516,-3.6603],[119.9229,-3.6854],[119.9372,-3.7086],[119.9405,-3.7618],[119.9682,-3.7958],[119.9067,-3.8227],[119.873,-3.8187],[119.8458,-3.7789],[119.8232,-3.7673],[119.8161,-3.7447],[119.7589,-3.7128],[119.765,-3.6864],[119.7401,-3.6144],[119.7221,-3.5643],[119.6998,-3.5449],[119.6923,-3.5016],[119.7062,-3.4728],[119.6856,-3.446],[119.6948,-3.4474],[119.6927,-3.4262],[119.702,-3.4248],[119.6963,-3.3872],[119.7254,-3.3828],[119.7143,-3.2908],[119.7711,-3.2743],[119.7817,-3.2376],[119.8151,-3.2455],[119.8502,-3.2809],[119.879,-3.2695],[119.8819,-3.2568],[119.9066,-3.2595],[119.9219,-3.2638],[119.9373,-3.2935],[119.9979,-3.3034],[120.0017,-3.3343],[120.0407,-3.3693]]]}},{"type":"Feature","properties":{"province":"PAPUA BARAT","district":"FAKFAK","id":"PAPUA BARAT/FAKFAK","name":"FAKFAK"},"geometry":{"type":"Polygon","coordinates":[[[132.986,-2.5793],[133.0168,-2.5946],[133.0195,-2.6208],[133.0669,-2.6373],[133.0839,-2.6779],[133.0477,-2.692],[133.0431,-2.7035],[133.0565,-2.7178],[133.1366,-2.747],[133.1619,-2.78],[133.2132,-2.8019],[133.1973,-2.8281],[133.2237,-2.8495],[133.1816,-2.913],[133.1573,-2.9292],[133.2092,-2.9389],[133.2792,-2.9916],[133.3444,-2.9933],[133.3748,-2.9743],[133.4156,-3.0245],[133.4881,-3.0407],[133.5005,-3.096],[132.8689,-3.9541],[132.8738,-3.9643],[132.8408,-3.9667],[132.8346,-3.9482],[132.823,-3.9614],[132.8067,-3.9407],[132.8187,-3.9235],[132.8447,-3.9573],[132.8431,-3.9248],[132.7832,-3.8209],[132.7836,-3.7887],[132.7338,-3.6868],[132.7256,-3.6362],[132.7516,-3.6249],[132.768,-3.6365],[132.8913,-3.6447],[132.9018,-3.6348],[132.8939,-3.613],[132.9027,-3.5738],[132.9195,-3.575],[132.9396,-3.5539],[132.9076,-3.5469],[132.9232,-3.5344],[132.9005,-3.53],[132.8885,-3.5032],[132.8853,-3.4715],[132.8964,-3.4617],[132.852,-3.4771],[132.816,-3.4435],[132.8176,-3.4057],[132.7996,-3.3598],[132.8437,-3.2979],[132.8076,-3.292],[132.7991,-3.2792],[132.8083,-3.2606],[132.7849,-3.2624],[132.7964,-3.2721],[132.7842,-3.2759],[132.7703,-3.2566],[132.7512,-3.2775],[132.7278,-3.2793],[132.7286,-3.3371],[132.6623,-3.3156],[132.6399,-3.2666],[132.5962,-3.2287],[132.6381,-3.2206],[132.6454,-3.1904],[132.6334,-3.1769],[132.5981,-3.1749],[132.6029,-3.16],[132.5821,-3.1637],[132.5622,-3.1098],[132.4803,-3.035],[132.4188,-3.0],[132.4218,-2.9904],[132.3498,-2.9648],[132.3444,-2.9526],[132.3622,-2.9483],[132.3477,-2.932],[132.3444,-2.9471],[132.3123,-2.9349],[132.3127,-2.9238],[132.3078,-2.9347],[132.2164,-2.9247],[132.207,-2.9049],[132.2028,-2.9283],[132.1856,-2.9113],[132.186,-2.9287],[132.1444,-2.93],[132.1537,-2.941],[132.1001,-2.9281],[132.1199,-2.9379],[132.1095,-2.9402],[132.1182,-2.9485],[132.087,-2.9597],[132.0797,-2.9158],[132.0577,-2.8866],[132.0448,-2.9235],[132.031,-2.898],[131.9881,-2.8901],[131.9823,-2.9242],[131.9761,-2.8793],[132.0294,-2.8759],[132.0364,-2.866],[132.0218,-2.8518],[132.0394,-2.8365],[131.9784,-2.8298],[132.0714,-2.7885],[132.0361,-2.7689],[132.0036,-2.7804],[131.9501,-2.7686],[132.0496,-2.7298],[132.0669,-2.7487],[132.0744,-2.725],[132.0858,-2.7259],[132.081,-2.741],[132.1063,-2.745],[132.1101,-2.7316],[132.0869,-2.7191],[132.0949,-2.7087],[132.1213,-2.7255],[132.1289,-2.7093],[132.1425,-2.7228],[132.2072,-2.7017],[132.134,-2.6857],[132.1164,-2.6975],[132.1114,-2.6906],[132.1424,-2.6644],[132.228,-2.6536],[132.3544,-2.6659],[132.3936,-2.6866],[132.4387,-2.6779],[132.439,-2.6882],[132.416,-2.6942],[132.4552,-2.7071],[132.4481,-2.7238],[132.4205,-2.7238],[132.4374,-2.7367],[132.4645,-2.7296],[132.4518,-2.724],[132.4667,-2.7095],[132.4972,-2.7116],[132.4669,-2.6939],[132.4879,-2.6802],[132.5868,-2.6923],[132.6418,-2.7278],[132.6676,-2.7693],[132.733,-2.8032],[132.7699,-2.7803],[132.7909,-2.7871],[132.7888,-2.7719],[132.8079,-2.7689],[132.986,-2.5793]]]}},{"type":"Feature","properties":{"province":"NUSA TENGGARA TIMUR","district":"FLORES TIMUR","id":"NUSA TENGGARA TIMUR/FLORES TIMUR","name":"FLORES TIMUR"},"geometry":{"type":"Polygon","coordinates":[[[122.8671,-8.0636],[122.9722,-8.1329],[122.9688,-8.1862],[122.9568,-8.1962],[122.9796,-8.2151],[122.983,-8.2511],[123.0181,-8.2814],[123.0206,-8.3154],[122.9644,-8.3518],[122.9138,-8.3285],[122.8784,-8.3844],[122.8932,-8.4204],[122.8876,-8.4486],[122.8602,-8.4527],[122.8253,-8.4291],[122.7831,-8.4229],[122.7788,-8.4572],[122.7903,-8.4844],[122.8321,-8.5178],[122.8422,-8.5425],[122.8311,-8.5897],[122.78,-8.6127],[122.7372,-8.6084],[122.7256,-8.6334],[122.6774,-8.6221],[122.6542,-8.6371],[122.6557,-8.5623],[122.6869,-8.4847],[122.6734,-8.4597],[122.6847,-8.4387],[122.6828,-8.3843],[122.7239,-8.3603],[122.7659,-8.3632],[122.8111,-8.2979],[122.8821,-8.2888],[122.9123,-8.2175],[122.9397,-8.1997],[122.9008,-8.1759],[122.8661,-8.1762],[122.8091,-8.1983],[122.7878,-8.2355],[122.7308,-8.2248],[122.7849,-8.1503],[122.7827,-8.1079],[122.8307,-8.0964],[122.8443,-8.0702],[122.8671,-8.0636]]]}},{"type":"Feature","properties":{"province":"JAWA BARAT","district":"GARUT","id":"JAWA BARAT/GARUT","name":"GARUT"},"geometry":{"type":"Polygon","coordinates":[[[107.9193,-6.9473],[108.0421,-6.9964],[108.0821,-6.9871],[108.1364,-7.0604],[108.118,-7.0781],[108.1225,-7.1148],[108.0994,-7.1029],[108.068,-7.1302],[108.0877,-7.1627],[108.0634,-7.2202],[107.9895,-7.2452],[107.9736,-7.2703],[107.9225,-7.289],[107.9471,-7.3309],[107.9045,-7.3627],[107.9409,-7.3934],[107.9515,-7.4218],[107.9469,-7.5404],[107.9352,-7.5573],[107.9403,-7.581],[107.9169,-7.5975],[107.9271,-7.7004],[107.9069,-7.737],[107.8747,-7.7402],[107.8433,-7.7353],[107.8315,-7.7026],[107.7899,-7.6811],[107.6904,-7.6682],[107.6752,-7.6284],[107.6007,-7.5711],[107.4999,-7.5352],[107.4832,-7.5389],[107.4738,-7.5185],[107.4233,-7.5052],[107.4203,-7.4626],[107.4338,-7.4204],[107.4744,-7.4004],[107.4848,-7.3525],[107.4549,-7.2921],[107.4806,-7.2516],[107.5574,-7.2515],[107.5992,-7.283],[107.6078,-7.3093],[107.6577,-7.2898],[107.6676,-7.3012],[107.6962,-7.2823],[107.7155,-7.2992],[107.731,-7.2947],[107.7223,-7.2895],[107.7377,-7.2641],[107.7062,-7.2379],[107.7367,-7.1734],[107.7647,-7.1557],[107.7883,-7.1615],[107.8072,-7.1429],[107.8111,-7.098],[107.8338,-7.0899],[107.8348,-7.0694],[107.8493,-7.059],[107.9384,-7.0438],[107.9101,-7.0359],[107.9064,-6.9902],[107.8894,-6.9825],[107.9162,-6.9682],[107.9193,-6.9473]]]}},{"type":"Feature","properties":{"province":"ACEH","district":"GAYO LUES","id":"ACEH/GAYO LUES","name":"GAYO LUES"},"geometry":{"type":"Polygon","coordinates":[[[97.3589,4.2143],[97.4246,4.1743],[97.4988,4.1557],[97.5188,4.1844],[97.5625,4.1981],[97.6025,4.2506],[97.6463,4.2199],[97.687,4.2469],[97.7329,4.2492],[97.7387,4.1458],[97.7555,4.1182],[97.7998,4.0933],[97.8126,4.0067],[97.8411,4.0008],[97.8688,3.9382],[97.8956,3.924],[97.9219,3.8459],[97.9087,3.8184],[97.8258,3.7507],[97.636,3.7337],[97.5691,3.7107],[97.2935,3.6732],[97.2508,3.6923],[97.2065,3.6913],[97.1544,3.7415],[97.1116,3.8329],[97.1087,3.8875],[97.1195,3.916],[97.1044,3.9435],[97.0461,3.9584],[96.9839,3.9372],[96.8383,3.9544],[96.7985,3.9996],[96.7907,4.0516],[96.7445,4.0927],[96.7161,4.0975],[96.749,4.1604],[96.7936,4.2031],[96.7937,4.2804],[96.8366,4.2816],[96.8875,4.2211],[96.93,4.1996],[96.973,4.2002],[96.9992,4.1759],[97.0151,4.2045],[97.1095,4.2365],[97.162,4.2791],[97.2159,4.2357],[97.2407,4.1745],[97.3589,4.2143]]]}},{"type":"Feature","properties":{"province":"BALI","district":"GIANYAR","id":"BALI/GIANYAR","name":"GIANYAR"},"geometry":{"type":"Polygon","coordinates":[[[115.3576,-8.5209],[115.3711,-8.5749],[115.2749,-8.6504],[115.246,-8.6164],[115.2492,-8.566],[115.2299,-8.5252],[115.2448,-8.4779],[115.2253,-8.3914],[115.251,-8.3145],[115.2625,-8.3328],[115.2832,-8.3149],[115.2949,-8.3382],[115.3282,-8.3305],[115.3247,-8.3669],[115.3364,-8.3695],[115.3368,-8.3843],[115.3175,-8.4337],[115.324,-8.4906],[115.3364,-8.5237],[115.3576,-8.5209]]]}},{"type":"Feature","properties":{"province":"GORONTALO","district":"GORONTALO","id":"GORONTALO/GORONTALO","name":"GORONTALO"},"geometry":{"type":"Polygon","coordinates":[[[123.0701,0.803],[123.0807,0.6955],[123.056,0.6295],[123.0745,0.6088],[123.027,0.5636],[123.0306,0.5468],[122.995,0.5516],[123.0406,0.496],[123.0003,0.4955],[122.9888,0.4847],[122.8222,0.4976],[122.6925,0.4732],[122.6849,0.5042],[122.6295,0.5335],[122.6392,0.566],[122.6038,0.6406],[122.5952,0.639],[122.6008,0.6494],[122.569,0.6598],[122.5437,0.7003],[122.5068,0.7087],[122.4932,0.7276],[122.5014,0.7358],[122.4823,0.7343],[122.4718,0.7554],[122.4501,0.7537],[122.4428,0.7657],[122.4309,0.7551],[122.3989,0.7604],[122.3819,0.7806],[122.3413,0.795],[122.2829,0.7793],[122.2513,0.7909],[122.2451,0.8138],[122.2642,0.8441],[122.2476,0.8537],[122.2481,0.9138],[122.2617,0.9292],[122.2787,0.9103],[122.3238,0.9261],[122.4175,0.8849],[122.4562,0.8888],[122.4934,0.8716],[122.507,0.8867],[122.5354,0.8702],[122.5795,0.8751],[122.5996,0.8434],[122.6435,0.8476],[122.6853,0.8063],[122.7559,0.7645],[122.78,0.7709],[122.8242,0.7458],[122.8489,0.7618],[122.8805,0.7603],[122.9069,0.7312],[122.9058,0.703],[122.9207,0.6917],[122.9301,0.7119],[122.9761,0.7263],[122.975,0.7467],[123.0058,0.7829],[123.0377,0.7825],[123.0701,0.803]]]}},{"type":"Feature","properties":{"province":"GORONTALO","district":"GORONTALO UTARA","id":"GORONTALO/GORONTALO UTARA","name":"GORONTALO UTARA"},"geometry":{"type":"Polygon","coordinates":[[[122.3349,1.0405],[122.3698,0.9929],[122.3934,1.014],[122.4119,0.9932],[122.4353,0.994],[122.4523,1.0316],[122.489,0.9896],[122.5617,0.9597],[122.6115,0.944],[122.6244,0.9639],[122.6386,0.9422],[122.6496,0.9488],[122.6641,0.935],[122.6879,0.894],[122.7224,0.8867],[122.7129,0.8671],[122.7396,0.8806],[122.7664,0.8616],[122.772,0.8791],[122.8038,0.8472],[122.7853,0.8492],[122.7956,0.8336],[122.8235,0.8396],[122.849,0.8005],[122.8609,0.8278],[122.9219,0.8612],[122.9308,0.8849],[122.9509,0.894],[122.9504,0.9229],[122.9766,0.9379],[122.9464,0.9375],[122.9392,0.9584],[122.9861,0.968],[123.0027,0.9563],[122.9974,0.9439],[123.0266,0.9325],[123.0469,0.9394],[123.0588,0.9187],[123.08,0.9189],[123.0872,0.9065],[123.0947,0.9303],[123.1191,0.9263],[123.1217,0.8887],[123.2267,0.8443],[123.2741,0.7867],[123.249,0.7478],[123.2152,0.762],[123.1671,0.7519],[123.1595,0.774],[123.1337,0.7659],[123.1241,0.7881],[123.0735,0.8061],[123.0377,0.7825],[123.0058,0.7829],[122.975,0.7467],[122.9761,0.7263],[122.9301,0.7119],[122.9207,0.6917],[122.9058,0.703],[122.9069,0.7312],[122.8805,0.7603],[122.8489,0.7618],[122.8242,0.7458],[122.78,0.7709],[122.7559,0.7645],[122.6853,0.8063],[122.6435,0.8476],[122.5996,0.8434],[122.5795,0.8751],[122.5354,0.8702],[122.507,0.8867],[122.4877,0.8723],[122.4562,0.8888],[122.4157,0.8855],[122.3498,0.9215],[122.3238,0.9261],[122.2787,0.9103],[122.2617,0.9292],[122.2101,0.8995],[122.1819,0.9117],[122.11,0.8985],[122.087,0.909],[122.033,0.8858],[121.998,0.8912],[121.982,0.907],[122.0155,0.9091],[122.0347,0.9305],[122.0395,0.9616],[122.0178,0.9561],[122.0694,1.0048],[122.0889,0.9983],[122.1894,1.0397],[122.2102,1.02],[122.2226,1.025],[122.2207,0.9958],[122.2387,0.9932],[122.2424,1.0103],[122.3147,1.0056],[122.3349,1.0405]]]}},{"type":"Feature","properties":{"province":"SULAWESI SELATAN","district":"GOWA","id":"SULAWESI SELATAN/GOWA","name":"GOWA"},"geometry":{"type":"Polygon","coordinates":[[[119.8828,-5.0935],[119.9225,-5.133],[119.9704,-5.1392],[119.9731,-5.1586],[120.0319,-5.1845],[120.0248,-5.1999],[119.9904,-5.2052],[119.9966,-5.2315],[119.9287,-5.3416],[119.9371,-5.3878],[119.9083,-5.4205],[119.8731,-5.4313],[119.7863,-5.5694],[119.731,-5.563],[119.6994,-5.5311],[119.7006,-5.497],[119.6691,-5.5162],[119.6643,-5.4775],[119.6257,-5.4683],[119.6361,-5.4585],[119.6526,-5.4655],[119.627,-5.4205],[119.646,-5.3966],[119.5696,-5.293],[119.5418,-5.3064],[119.5231,-5.2998],[119.5024,-5.3232],[119.4634,-5.3133],[119.456,-5.3302],[119.4754,-5.3298],[119.4495,-5.3574],[119.4568,-5.3756],[119.4265,-5.3982],[119.4324,-5.4386],[119.4107,-5.4367],[119.4209,-5.4113],[119.407,-5.4056],[119.3654,-5.4221],[119.369,-5.3967],[119.4006,-5.3822],[119.3912,-5.3736],[119.4043,-5.3646],[119.3945,-5.3106],[119.3764,-5.2924],[119.4044,-5.2486],[119.4137,-5.2523],[119.3997,-5.1881],[119.4555,-5.192],[119.4637,-5.1743],[119.5158,-5.19],[119.5206,-5.1634],[119.5496,-5.1598],[119.5667,-5.1731],[119.6042,-5.1469],[119.6384,-5.1761],[119.6856,-5.1664],[119.7488,-5.1831],[119.7758,-5.2078],[119.7992,-5.212],[119.8642,-5.1615],[119.8556,-5.1494],[119.8711,-5.1206],[119.8581,-5.111],[119.8642,-5.0918],[119.8828,-5.0935]],[[119.4271,-5.2545],[119.4219,-5.2551],[119.421,-5.2607],[119.4266,-5.2623],[119.4271,-5.2545]],[[119.4402,-5.2496],[119.4416,-5.2481],[119.4403,-5.2468],[119.4402,-5.2496]]]}},{"type":"Feature","properties":{"province":"JAWA TIMUR","district":"GRESIK","id":"JAWA TIMUR/GRESIK","name":"GRESIK"},"geometry":{"type":"Polygon","coordinates":[[[112.5564,-6.847],[112.5776,-6.8509],[112.5835,-6.8899],[112.6069,-6.8765],[112.6171,-6.8909],[112.6195,-6.9138],[112.6083,-6.9257],[112.596,-6.9175],[112.5941,-6.9377],[112.6153,-6.9932],[112.6504,-7.0187],[112.6507,-7.0561],[112.6341,-7.0649],[112.6343,-7.098],[112.6226,-7.1108],[112.6476,-7.1114],[112.6225,-7.1112],[112.6464,-7.1236],[112.6249,-7.1286],[112.6478,-7.1282],[112.6396,-7.1377],[112.6569,-7.1441],[112.6763,-7.1821],[112.6267,-7.1963],[112.621,-7.2087],[112.5976,-7.2038],[112.5992,-7.2233],[112.5901,-7.2152],[112.6041,-7.2496],[112.6311,-7.2603],[112.6217,-7.2827],[112.6301,-7.3146],[112.6492,-7.3146],[112.6482,-7.3335],[112.6578,-7.3305],[112.6646,-7.3514],[112.5885,-7.3703],[112.5663,-7.3979],[112.4946,-7.4085],[112.4757,-7.3852],[112.473,-7.3532],[112.4856,-7.3402],[112.4783,-7.3049],[112.4109,-7.3119],[112.3912,-7.3335],[112.3704,-7.3216],[112.4107,-7.3045],[112.4124,-7.2729],[112.3969,-7.2648],[112.4191,-7.2318],[112.5015,-7.1918],[112.5059,-7.1636],[112.47,-7.1589],[112.476,-7.1257],[112.498,-7.1256],[112.5013,-7.1068],[112.5356,-7.0961],[112.5317,-7.082],[112.5525,-7.0505],[112.5236,-7.039],[112.5192,-7.0471],[112.4985,-7.0308],[112.5118,-7.0127],[112.4975,-7.0172],[112.4811,-7.0029],[112.451,-7.0154],[112.4522,-7.0011],[112.3673,-6.9877],[112.3671,-6.9777],[112.3768,-6.9527],[112.4052,-6.9605],[112.4253,-6.9515],[112.4241,-6.9109],[112.4484,-6.8848],[112.44,-6.8743],[112.4787,-6.9003],[112.5197,-6.9059],[112.5418,-6.8775],[112.522,-6.8666],[112.5564,-6.847]]]}},{"type":"Feature","properties":{"province":"JAWA TENGAH","district":"GROBOGAN","id":"JAWA TENGAH/GROBOGAN","name":"GROBOGAN"},"geometry":{"type":"Polygon","coordinates":[[[111.098,-6.9304],[111.1118,-6.9788],[111.1694,-6.984],[111.218,-7.0303],[111.2161,-7.0967],[111.2266,-7.0976],[111.2492,-7.1771],[111.2432,-7.2387],[111.2229,-7.2549],[111.204,-7.2445],[111.1778,-7.2646],[111.1465,-7.2645],[111.1027,-7.2473],[111.0578,-7.2706],[111.0299,-7.2567],[110.9724,-7.2816],[110.9222,-7.2696],[110.9173,-7.282],[110.877,-7.2773],[110.8279,-7.2486],[110.8437,-7.2164],[110.8587,-7.2136],[110.8492,-7.2015],[110.8309,-7.1976],[110.8019,-7.2347],[110.7668,-7.2444],[110.7855,-7.1939],[110.7602,-7.1864],[110.768,-7.1766],[110.7438,-7.1643],[110.7424,-7.1391],[110.6902,-7.1894],[110.7058,-7.2151],[110.693,-7.2411],[110.6441,-7.219],[110.6131,-7.2277],[110.6136,-7.1975],[110.5918,-7.2031],[110.5555,-7.1869],[110.5463,-7.1951],[110.5379,-7.1805],[110.5705,-7.1621],[110.5817,-7.1193],[110.561,-7.0841],[110.6056,-7.0506],[110.6258,-7.0105],[110.6244,-6.9756],[110.6585,-6.9725],[110.6785,-6.9872],[110.6732,-7.0081],[110.6908,-7.0218],[110.6693,-7.0542],[110.6937,-7.0183],[110.7292,-7.0329],[110.7626,-7.0219],[110.7531,-7.0181],[110.7757,-7.0019],[110.7639,-7.0001],[110.7727,-6.9898],[110.7612,-6.9832],[110.7742,-6.9756],[110.7645,-6.9689],[110.7786,-6.9487],[110.8122,-7.0007],[110.8277,-7.002],[110.8355,-6.9911],[110.8516,-6.9999],[110.879,-6.9707],[110.9058,-6.9827],[110.9151,-6.9611],[110.9315,-6.9728],[110.9481,-6.9637],[110.9627,-6.9733],[111.0605,-6.9696],[111.0859,-6.9619],[111.08,-6.946],[111.098,-6.9304]]]}},{"type":"Feature","properties":{"province":"KALIMANTAN TENGAH","district":"GUNUNG MAS","id":"KALIMANTAN TENGAH/GUNUNG MAS","name":"GUNUNG MAS"},"geometry":{"type":"Polygon","coordinates":[[[113.76,-0.4817],[113.755,-0.5454],[113.7356,-0.5501],[113.7271,-0.5675],[113.736,-0.6006],[113.6964,-0.6342],[113.6782,-0.6754],[113.6993,-0.7023],[113.6796,-0.7578],[113.6835,-0.7963],[113.748,-0.8421],[113.784,-0.9306],[113.809,-0.9587],[113.928,-0.9997],[113.9854,-1.0665],[113.97,-1.1117],[114.0048,-1.2903],[114.008,-1.4735],[113.9831,-1.5321],[113.9736,-1.5206],[113.9244,-1.5378],[113.8647,-1.5274],[113.8443,-1.583],[113.798,-1.6041],[113.6482,-1.5847],[113.6103,-1.6299],[113.5638,-1.6534],[113.5311,-1.655],[113.502,-1.6445],[113.4776,-1.605],[113.3998,-1.5411],[113.3613,-1.5255],[113.1857,-1.2517],[113.1837,-1.2165],[113.2037,-1.1677],[113.2387,-1.1546],[113.2489,-1.1078],[113.2863,-1.0644],[113.2299,-0.9424],[113.2196,-0.8929],[113.2342,-0.8626],[113.2006,-0.8354],[113.1901,-0.8023],[113.1979,-0.7841],[113.1847,-0.7442],[113.2238,-0.7044],[113.2269,-0.6808],[113.1923,-0.6135],[113.1726,-0.602],[113.1583,-0.5446],[113.1941,-0.5081],[113.2182,-0.5062],[113.2465,-0.4502],[113.2609,-0.4493],[113.2547,-0.4351],[113.2711,-0.4245],[113.2559,-0.3842],[113.3241,-0.3971],[113.3739,-0.3781],[113.4048,-0.3505],[113.4155,-0.3037],[113.4438,-0.2908],[113.4549,-0.3089],[113.4915,-0.3129],[113.4682,-0.3806],[113.5145,-0.3864],[113.5402,-0.3759],[113.582,-0.3914],[113.5829,-0.372],[113.6322,-0.3452],[113.65,-0.3633],[113.7219,-0.3858],[113.7333,-0.4052],[113.7176,-0.4186],[113.76,-0.4817]]]}},{"type":"Feature","properties":{"province":"DAERAH ISTIMEWA YOGYAKARTA","district":"GUNUNGKIDUL","id":"DAERAH ISTIMEWA YOGYAKARTA/GUNUNGKIDUL","name":"GUNUNGKIDUL"},"geometry":{"type":"Polygon","coordinates":[[[110.565,-7.7832],[110.5821,-7.7891],[110.5759,-7.8059],[110.5858,-7.8086],[110.6507,-7.7924],[110.6577,-7.8048],[110.6712,-7.7861],[110.6818,-7.8063],[110.7088,-7.8052],[110.7133,-7.7908],[110.7523,-7.825],[110.7679,-7.8082],[110.7856,-7.8167],[110.7557,-8.0249],[110.7887,-8.1108],[110.7856,-8.1507],[110.8037,-8.1625],[110.8147,-8.1378],[110.8305,-8.1363],[110.8153,-8.1535],[110.8138,-8.1796],[110.8326,-8.1692],[110.8346,-8.2034],[110.799,-8.1891],[110.7081,-8.2003],[110.7077,-8.1836],[110.674,-8.1812],[110.604,-8.1452],[110.4365,-8.1],[110.3755,-8.0715],[110.339,-8.0281],[110.3315,-7.9991],[110.3524,-7.9935],[110.3482,-7.9743],[110.3973,-7.9807],[110.397,-7.9671],[110.4435,-7.9668],[110.4494,-7.9469],[110.4546,-7.9672],[110.4665,-7.9542],[110.4634,-7.9684],[110.4775,-7.9712],[110.4726,-7.9536],[110.492,-7.9384],[110.4978,-7.9003],[110.4757,-7.8893],[110.4675,-7.8667],[110.4889,-7.8378],[110.5424,-7.8234],[110.5438,-7.7922],[110.565,-7.7832]]]}},{"type":"Feature","properties":{"province":"MALUKU UTARA","district":"HALMAHERA BARAT","id":"MALUKU UTARA/HALMAHERA BARAT","name":"HALMAHERA BARAT"},"geometry":{"type":"Polygon","coordinates":[[[127.7426,1.9688],[127.7488,1.9465],[127.7675,1.9596],[127.7907,1.911],[127.7481,1.8686],[127.7346,1.7974],[127.7166,1.79],[127.7032,1.7057],[127.7352,1.6041],[127.7295,1.5386],[127.711,1.4882],[127.6706,1.4622],[127.6833,1.4441],[127.658,1.4188],[127.6761,1.377],[127.6539,1.3276],[127.6406,1.3284],[127.6345,1.2749],[127.6494,1.2714],[127.6473,1.2523],[127.6239,1.2378],[127.6443,1.1716],[127.6199,1.1404],[127.6253,1.1163],[127.6038,1.1084],[127.6147,1.0813],[127.602,1.0704],[127.6064,1.0438],[127.6466,1.0378],[127.6505,1.0219],[127.641,1.0167],[127.6456,0.9994],[127.6025,0.9713],[127.601,0.9562],[127.6254,0.9409],[127.6284,0.9197],[127.6495,0.9005],[127.6379,0.8824],[127.6486,0.8614],[127.6663,0.8673],[127.6818,0.8541],[127.694,0.8791],[127.6937,0.8406],[127.7313,0.7596],[127.6988,0.7551],[127.6616,0.7756],[127.6239,0.7779],[127.6206,0.7996],[127.6386,0.8218],[127.6399,0.8513],[127.624,0.845],[127.6291,0.8614],[127.6142,0.8542],[127.6103,0.8648],[127.5673,0.8657],[127.5481,0.8803],[127.5433,0.8616],[127.527,0.8584],[127.5439,0.8837],[127.5255,0.8772],[127.5291,0.8854],[127.4911,0.8926],[127.4909,0.9267],[127.5122,0.9531],[127.5118,0.973],[127.4723,1.0064],[127.4947,1.0148],[127.5016,1.0434],[127.4793,1.0644],[127.4235,1.0496],[127.424,1.0322],[127.4007,1.0413],[127.4127,1.0474],[127.3972,1.0604],[127.3991,1.0839],[127.4223,1.1092],[127.4318,1.1426],[127.399,1.1952],[127.4236,1.2649],[127.4827,1.3504],[127.4862,1.3944],[127.5267,1.4484],[127.5377,1.4962],[127.5291,1.5514],[127.5107,1.5571],[127.5284,1.5855],[127.5515,1.5887],[127.5403,1.6511],[127.5487,1.6651],[127.5595,1.6648],[127.5546,1.6394],[127.5648,1.662],[127.5688,1.6528],[127.5852,1.661],[127.5843,1.6904],[127.5505,1.7115],[127.5764,1.7253],[127.5755,1.7597],[127.6137,1.7834],[127.6464,1.824],[127.6421,1.8373],[127.6937,1.9318],[127.7426,1.9688]]]}},{"type":"Feature","properties":{"province":"MALUKU UTARA","district":"HALMAHERA SELATAN","id":"MALUKU UTARA/HALMAHERA SELATAN","name":"HALMAHERA SELATAN"},"geometry":{"type":"Polygon","coordinates":[[[127.6456,-1.3312],[127.6687,-1.3489],[127.6722,-1.3317],[127.6906,-1.3526],[127.7019,-1.353],[127.7067,-1.3361],[127.76,-1.3531],[127.7766,-1.3796],[127.7924,-1.3725],[127.8009,-1.4139],[127.8395,-1.4256],[127.8355,-1.4361],[127.8786,-1.4393],[127.8902,-1.4254],[127.9355,-1.4486],[127.9781,-1.4841],[127.9917,-1.5123],[128.0118,-1.5162],[128.0121,-1.5304],[128.0584,-1.5661],[128.0781,-1.5666],[128.0718,-1.5795],[128.09,-1.5837],[128.1109,-1.5604],[128.1202,-1.5654],[128.1658,-1.6177],[128.1563,-1.683],[128.0886,-1.7214],[128.024,-1.7267],[127.98,-1.6988],[127.8897,-1.6827],[127.8164,-1.7007],[127.7153,-1.6868],[127.6738,-1.706],[127.6617,-1.7273],[127.617,-1.7173],[127.5972,-1.7378],[127.4974,-1.7239],[127.4823,-1.7031],[127.4339,-1.6793],[127.4227,-1.6586],[127.4089,-1.6625],[127.3919,-1.6203],[127.4123,-1.5648],[127.4062,-1.5248],[127.4322,-1.4956],[127.4187,-1.4947],[127.4168,-1.4776],[127.4325,-1.4693],[127.4441,-1.4338],[127.4147,-1.4198],[127.4406,-1.4088],[127.4477,-1.4159],[127.4373,-1.4261],[127.4852,-1.4465],[127.4932,-1.4386],[127.5043,-1.4532],[127.5072,-1.4345],[127.5171,-1.4358],[127.513,-1.4172],[127.6456,-1.3312]]]}},{"type":"Feature","properties":{"province":"MALUKU UTARA","district":"HALMAHERA TENGAH","id":"MALUKU UTARA/HALMAHERA TENGAH","name":"HALMAHERA TENGAH"},"geometry":{"type":"Polygon","coordinates":[[[127.9979,0.6564],[128.0817,0.6224],[128.117,0.5911],[128.2111,0.6008],[128.2612,0.5755],[128.273,0.5489],[128.3168,0.5545],[128.3585,0.5106],[128.4833,0.49],[128.4888,0.4723],[128.5043,0.4771],[128.5101,0.4433],[128.562,0.4159],[128.5812,0.4345],[128.6205,0.4428],[128.6352,0.4845],[128.6684,0.4972],[128.6886,0.4449],[128.6868,0.4041],[128.6662,0.3614],[128.6725,0.342],[128.7944,0.3142],[128.8366,0.2921],[128.8652,0.2655],[128.8762,0.2274],[128.9033,0.2078],[128.8655,0.2235],[128.8432,0.2617],[128.6186,0.316],[128.5588,0.3181],[128.5011,0.3545],[128.485,0.3902],[128.4579,0.4037],[128.422,0.3929],[128.3797,0.4066],[128.2807,0.3963],[128.2431,0.4116],[128.2402,0.4242],[128.232,0.4109],[128.199,0.4311],[128.1788,0.4284],[128.1722,0.4558],[128.1404,0.4637],[128.1103,0.4548],[128.0788,0.4772],[127.9777,0.471],[127.9757,0.4827],[127.9294,0.4652],[127.9032,0.436],[127.9123,0.4004],[127.8953,0.3845],[127.9062,0.3644],[127.8861,0.3651],[127.8934,0.3578],[127.8794,0.3536],[127.8743,0.2981],[127.8627,0.2968],[127.8756,0.289],[127.8789,0.302],[127.8877,0.2857],[127.9211,0.2733],[127.9131,0.2472],[127.9217,0.1769],[127.8953,0.1648],[127.8948,0.1491],[127.8696,0.125],[127.8517,0.1363],[127.824,0.1254],[127.8089,0.1498],[127.7878,0.1535],[127.8237,0.2094],[127.7973,0.2485],[127.8195,0.2726],[127.7986,0.3174],[127.8065,0.3737],[127.7751,0.4129],[127.7686,0.4543],[127.7795,0.4855],[127.8003,0.481],[127.806,0.4901],[127.8066,0.5261],[127.8259,0.5424],[127.8316,0.5756],[127.7921,0.6432],[127.8167,0.6438],[127.829,0.6227],[127.8537,0.6177],[127.8672,0.6327],[127.948,0.6283],[127.9979,0.6564]]]}},{"type":"Feature","properties":{"province":"MALUKU UTARA","district":"HALMAHERA TIMUR","id":"MALUKU UTARA/HALMAHERA TIMUR","name":"HALMAHERA TIMUR"},"geometry":{"type":"Polygon","coordinates":[[[128.6713,1.5898],[128.7251,1.5679],[128.7313,1.5336],[128.6965,1.5369],[128.6965,1.5043],[128.6842,1.5068],[128.6794,1.4935],[128.7128,1.4173],[128.7582,1.3946],[128.7417,1.3703],[128.7415,1.3106],[128.7104,1.2894],[128.7194,1.2481],[128.6908,1.1984],[128.6882,1.0952],[128.6992,1.0652],[128.61,1.0434],[128.5339,0.9716],[128.5061,0.9728],[128.4411,0.9297],[128.4159,0.9315],[128.3847,0.911],[128.3344,0.9121],[128.2797,0.8668],[128.3125,0.8166],[128.2495,0.8418],[128.2513,0.8248],[128.2056,0.8076],[128.1983,0.7895],[128.2393,0.7347],[128.2492,0.7288],[128.2583,0.7416],[128.3239,0.652],[128.3375,0.6591],[128.3629,0.6524],[128.3491,0.6476],[128.3549,0.641],[128.4345,0.6324],[128.4746,0.599],[128.5233,0.5918],[128.5711,0.5623],[128.6422,0.5546],[128.6543,0.5433],[128.6783,0.5503],[128.6891,0.5269],[128.6772,0.5008],[128.6352,0.4845],[128.6205,0.4428],[128.5812,0.4345],[128.562,0.4159],[128.5101,0.4433],[128.5043,0.4771],[128.4888,0.4723],[128.4833,0.49],[128.3585,0.5106],[128.3168,0.5545],[128.273,0.5489],[128.2612,0.5755],[128.2111,0.6008],[128.117,0.5911],[128.0817,0.6224],[128.0014,0.6567],[127.948,0.6283],[127.8672,0.6327],[127.8537,0.6177],[127.829,0.6227],[127.8167,0.6438],[127.7921,0.6432],[127.7576,0.7514],[127.7164,0.7788],[127.7088,0.8257],[127.6937,0.8406],[127.694,0.8791],[127.7085,0.8513],[127.7351,0.8374],[127.7362,0.8212],[127.7958,0.7984],[127.7974,0.7876],[127.8819,0.8279],[127.8882,0.8514],[127.9308,0.8768],[127.9232,0.9593],[127.9343,0.9925],[127.9462,0.9946],[127.9333,1.0047],[127.9538,1.0212],[127.9817,1.0867],[128.0322,1.1159],[128.1657,1.1245],[128.1953,1.164],[128.1999,1.2059],[128.1796,1.243],[128.1458,1.2536],[128.1009,1.2389],[128.0864,1.2551],[128.0941,1.2851],[128.1196,1.2899],[128.1677,1.3674],[128.2461,1.4209],[128.3012,1.4331],[128.3444,1.4593],[128.3687,1.4997],[128.467,1.5504],[128.5146,1.5329],[128.555,1.5678],[128.6139,1.569],[128.6266,1.5824],[128.6713,1.5898]]]}},{"type":"Feature","properties":{"province":"MALUKU UTARA","district":"HALMAHERA UTARA","id":"MALUKU UTARA/HALMAHERA UTARA","name":"HALMAHERA UTARA"},"geometry":{"type":"Polygon","coordinates":[[[127.9584,2.2205],[127.9776,2.2073],[127.9802,2.1809],[128.0529,2.201],[128.0676,2.197],[128.0651,2.1736],[127.9544,2.0401],[127.9515,1.9908],[127.8514,1.9251],[127.8522,1.8662],[127.8411,1.8441],[127.8607,1.8056],[127.8824,1.8081],[127.8913,1.7961],[127.9329,1.8088],[127.9543,1.7919],[127.9603,1.7677],[127.9833,1.7676],[128.0119,1.7371],[128.0215,1.689],[127.994,1.6689],[127.9999,1.6236],[127.987,1.6176],[128.0005,1.5972],[128.0372,1.5806],[128.0095,1.4258],[128.0237,1.4045],[127.9949,1.3926],[127.9873,1.366],[128.0106,1.3141],[127.9766,1.3062],[127.9723,1.2761],[127.9188,1.2274],[127.9028,1.1499],[127.8263,1.1482],[127.8027,1.1071],[127.7902,1.1071],[127.7584,1.069],[127.6509,1.0223],[127.6258,0.9726],[127.6412,0.9348],[127.6311,0.9221],[127.6497,0.9173],[127.6611,0.8682],[127.6834,0.8687],[127.667,0.8741],[127.6743,0.8833],[127.6883,0.8785],[127.6875,0.8575],[127.6729,0.8531],[127.6663,0.8673],[127.6497,0.8609],[127.6401,0.8725],[127.6495,0.9005],[127.6284,0.9197],[127.6254,0.9409],[127.601,0.9562],[127.6025,0.9713],[127.6456,0.9994],[127.641,1.0167],[127.6505,1.0219],[127.6466,1.0378],[127.6064,1.0438],[127.6021,1.0708],[127.6147,1.082],[127.6037,1.1076],[127.6253,1.1163],[127.6199,1.1404],[127.6443,1.1716],[127.6239,1.2378],[127.6473,1.2523],[127.6494,1.2714],[127.6345,1.2749],[127.6406,1.3284],[127.6539,1.3276],[127.6758,1.3758],[127.6571,1.4111],[127.6833,1.4441],[127.6706,1.4622],[127.711,1.4882],[127.7295,1.5386],[127.7352,1.6041],[127.7032,1.7057],[127.7166,1.79],[127.7346,1.7974],[127.7481,1.8686],[127.7907,1.911],[127.7675,1.9596],[127.7517,1.9456],[127.7435,1.963],[127.8372,2.0904],[127.9001,2.1341],[127.9328,2.18],[127.959,2.1959],[127.9584,2.2205]]]}},{"type":"Feature","properties":{"province":"KALIMANTAN SELATAN","district":"HULU SUNGAI SELATAN","id":"KALIMANTAN SELATAN/HULU SUNGAI SELATAN","name":"HULU SUNGAI SELATAN"},"geometry":{"type":"Polygon","coordinates":[[[115.1547,-2.5546],[115.1752,-2.5576],[115.1568,-2.568],[115.1704,-2.6005],[115.1581,-2.6114],[115.1734,-2.6369],[115.1885,-2.6321],[115.2313,-2.6825],[115.2914,-2.6905],[115.295,-2.7003],[115.327,-2.6966],[115.423,-2.7761],[115.4452,-2.7792],[115.4853,-2.7281],[115.5478,-2.7292],[115.5881,-2.7136],[115.5979,-2.7213],[115.5921,-2.7544],[115.5695,-2.8148],[115.543,-2.8336],[115.5123,-2.8851],[115.462,-2.8721],[115.443,-2.8891],[115.3824,-2.8817],[115.3812,-2.9159],[115.3444,-2.9372],[115.3022,-2.9221],[115.2957,-2.9329],[115.266,-2.9303],[115.2317,-2.8683],[115.1886,-2.8703],[115.0944,-2.8289],[115.068,-2.8448],[115.0741,-2.7864],[115.0246,-2.7796],[114.9981,-2.7571],[114.8646,-2.5282],[114.9164,-2.5231],[114.9251,-2.5038],[114.9985,-2.4991],[115.1547,-2.5546]]]}},{"type":"Feature","properties":{"province":"KALIMANTAN SELATAN","district":"HULU SUNGAI TENGAH","id":"KALIMANTAN SELATAN/HULU SUNGAI TENGAH","name":"HULU SUNGAI TENGAH"},"geometry":{"type":"Polygon","coordinates":[[[115.7506,-2.5324],[115.7594,-2.5525],[115.7812,-2.5458],[115.796,-2.5679],[115.8187,-2.5619],[115.8196,-2.6014],[115.809,-2.6167],[115.7569,-2.6167],[115.7569,-2.6002],[115.7445,-2.6168],[115.7116,-2.59],[115.6896,-2.5904],[115.6767,-2.6131],[115.7272,-2.6388],[115.7469,-2.6667],[115.732,-2.6846],[115.7152,-2.6767],[115.7166,-2.6646],[115.7077,-2.7022],[115.6652,-2.7211],[115.6596,-2.7681],[115.5896,-2.7602],[115.5979,-2.7213],[115.5751,-2.7115],[115.5478,-2.7292],[115.4825,-2.7292],[115.4409,-2.7826],[115.3782,-2.746],[115.327,-2.6966],[115.295,-2.7003],[115.2914,-2.6905],[115.2313,-2.6825],[115.1581,-2.6114],[115.1704,-2.6005],[115.1568,-2.568],[115.1752,-2.5576],[115.1547,-2.5546],[115.2485,-2.5325],[115.2956,-2.5098],[115.3414,-2.4684],[115.3565,-2.4963],[115.3823,-2.5051],[115.4021,-2.4524],[115.4315,-2.4654],[115.4426,-2.4544],[115.4956,-2.4675],[115.5286,-2.4836],[115.5306,-2.4987],[115.5453,-2.4806],[115.5708,-2.4899],[115.5897,-2.4789],[115.6034,-2.5036],[115.7506,-2.5324]]]}},{"type":"Feature","properties":{"province":"KALIMANTAN SELATAN","district":"HULU SUNGAI UTARA","id":"KALIMANTAN SELATAN/HULU SUNGAI UTARA","name":"HULU SUNGAI UTARA"},"geometry":{"type":"Polygon","coordinates":[[[115.3487,-2.3399],[115.3187,-2.3552],[115.3126,-2.4005],[115.3982,-2.4448],[115.3823,-2.5051],[115.3565,-2.4963],[115.3414,-2.4684],[115.2956,-2.5098],[115.2485,-2.5325],[115.1547,-2.5546],[114.9985,-2.4991],[114.9251,-2.5038],[114.9155,-2.5235],[114.8593,-2.5263],[114.8743,-2.4971],[114.9346,-2.4418],[115.089,-2.3488],[115.1072,-2.305],[115.1255,-2.2946],[115.2138,-2.3402],[115.2819,-2.3596],[115.301,-2.3411],[115.3487,-2.3399]]]}},{"type":"Feature","properties":{"province":"SUMATERA UTARA","district":"HUMBANG HASUNDUTAN","id":"SUMATERA UTARA/HUMBANG HASUNDUTAN","name":"HUMBANG HASUNDUTAN"},"geometry":{"type":"Polygon","coordinates":[[[98.8498,2.3559],[98.8456,2.3438],[98.8573,2.3369],[98.9492,2.3187],[98.9626,2.2674],[98.945,2.2639],[98.9181,2.2242],[98.8841,2.2191],[98.8858,2.2048],[98.8119,2.221],[98.8212,2.1732],[98.841,2.162],[98.7349,2.1286],[98.7253,2.1194],[98.7322,2.1042],[98.7147,2.1028],[98.7162,2.0757],[98.6904,2.0531],[98.6793,2.0166],[98.6439,1.9989],[98.6084,2.0217],[98.6086,2.0603],[98.5957,2.0822],[98.5639,2.0727],[98.4998,2.0806],[98.3937,2.1172],[98.3099,2.1617],[98.2776,2.2036],[98.2773,2.2542],[98.2661,2.2636],[98.2618,2.3414],[98.2514,2.3542],[98.3028,2.3353],[98.2987,2.4175],[98.3488,2.423],[98.3639,2.4587],[98.4093,2.462],[98.4214,2.4764],[98.4574,2.4365],[98.5239,2.4264],[98.5371,2.4405],[98.5592,2.4378],[98.6188,2.3958],[98.6734,2.4062],[98.7302,2.4388],[98.7512,2.4342],[98.8077,2.374],[98.8498,2.3559]]]}},{"type":"Feature","properties":{"province":"RIAU","district":"INDRAGIRI HILIR","id":"RIAU/INDRAGIRI HILIR","name":"INDRAGIRI HILIR"},"geometry":{"type":"Polygon","coordinates":[[[103.3562,0.5351],[103.4125,0.522],[103.4879,0.46],[103.5345,0.438],[103.5883,0.3899],[103.6029,0.3458],[103.6565,0.3344],[103.7099,0.3],[103.7578,0.211],[103.7807,0.075],[103.8136,-0.0036],[103.6847,-0.0277],[103.6141,-0.0061],[103.5695,-0.0355],[103.595,-0.0373],[103.5811,-0.0621],[103.5144,-0.0915],[103.4921,-0.0849],[103.4732,-0.1024],[103.4692,-0.12],[103.5015,-0.1457],[103.4556,-0.1838],[103.4713,-0.2096],[103.5115,-0.2016],[103.5305,-0.2236],[103.5567,-0.216],[103.6393,-0.2253],[103.6652,-0.2537],[103.7088,-0.2564],[103.7594,-0.3002],[103.7857,-0.342],[103.7156,-0.3501],[103.6226,-0.3901],[103.5909,-0.3913],[103.5841,-0.4009],[103.6062,-0.4205],[103.6064,-0.4361],[103.5437,-0.5035],[103.5105,-0.5166],[103.4563,-0.5059],[103.4214,-0.5219],[103.4381,-0.5527],[103.4238,-0.5993],[103.431,-0.6179],[103.4067,-0.6372],[103.4251,-0.6699],[103.4045,-0.6922],[103.4062,-0.7063],[103.437,-0.711],[103.4279,-0.7342],[103.4411,-0.7317],[103.4458,-0.75],[103.4372,-0.7781],[103.4089,-0.77],[103.4017,-0.7873],[103.3528,-0.7992],[103.3464,-0.7792],[103.3122,-0.7647],[103.3015,-0.7813],[103.1118,-0.7466],[103.0808,-0.7619],[103.0036,-0.7547],[102.9278,-0.8661],[102.7858,-0.9792],[102.7693,-1.0116],[102.7809,-1.0322],[102.7532,-1.0238],[102.751,-1.044],[102.7317,-1.0497],[102.729,-1.0802],[102.6816,-1.0814],[102.6832,-1.0959],[102.6347,-1.1256],[102.6302,-1.1075],[102.6067,-1.0978],[102.6014,-1.0425],[102.5746,-1.0068],[102.5646,-0.9182],[102.5805,-0.8732],[102.6766,-0.7777],[102.6374,-0.7446],[102.6409,-0.7078],[102.6509,-0.6811],[102.6906,-0.6529],[102.6861,-0.564],[102.7186,-0.5584],[102.6864,-0.5126],[102.7186,-0.412],[102.6933,-0.339],[102.6954,0.0859],[102.8469,0.1522],[103.0736,0.3134],[103.2114,0.3688],[103.2691,0.438],[103.3516,0.4848],[103.3472,0.5378],[103.3562,0.5351]]]}},{"type":"Feature","properties":{"province":"RIAU","district":"INDRAGIRI HULU","id":"RIAU/INDRAGIRI HULU","name":"INDRAGIRI HULU"},"geometry":{"type":"Polygon","coordinates":[[[102.6954,0.0859],[102.6933,-0.339],[102.7186,-0.412],[102.6864,-0.5126],[102.7186,-0.5584],[102.6861,-0.564],[102.6906,-0.6529],[102.6509,-0.6811],[102.6409,-0.7078],[102.6374,-0.7446],[102.6766,-0.7777],[102.5805,-0.8732],[102.5659,-0.9054],[102.5746,-1.0068],[102.6014,-1.0425],[102.608,-1.1013],[102.5522,-1.1047],[102.5419,-1.0869],[102.537,-1.1002],[102.5086,-1.0836],[102.48,-1.0891],[102.4407,-1.0309],[102.3746,-1.0342],[102.3831,-0.9936],[102.3575,-0.9678],[102.3235,-0.9619],[102.3038,-0.9186],[102.2572,-0.9198],[102.2029,-0.9471],[102.1903,-0.945],[102.189,-0.9163],[102.1747,-0.9172],[102.1665,-0.8998],[102.1442,-0.8991],[102.1172,-0.9211],[102.0656,-0.8895],[102.0483,-0.9003],[102.0119,-0.8778],[101.9861,-0.8811],[101.9624,-0.9173],[101.9488,-0.9077],[101.9268,-0.9152],[101.916,-0.8831],[101.8537,-0.8772],[101.862,-0.8597],[101.8743,-0.871],[101.8965,-0.8445],[101.8935,-0.8259],[101.8613,-0.8347],[101.8608,-0.8165],[101.8403,-0.8141],[101.8167,-0.8502],[101.7771,-0.7972],[101.7974,-0.6759],[101.7828,-0.6509],[101.8276,-0.6193],[101.8306,-0.5718],[101.8658,-0.5647],[101.9123,-0.5336],[101.9139,-0.3997],[101.8987,-0.3868],[101.9578,-0.4018],[101.9853,-0.3945],[102.0165,-0.3536],[102.0471,-0.3418],[102.048,-0.314],[102.0872,-0.298],[102.0872,-0.2883],[102.1434,-0.2875],[102.2144,-0.1653],[102.4147,-0.1655],[102.4674,-0.117],[102.5335,0.0682],[102.583,0.0882],[102.6954,0.0859]]]}},{"type":"Feature","properties":{"province":"JAWA BARAT","district":"INDRAMAYU","id":"JAWA BARAT/INDRAMAYU","name":"INDRAMAYU"},"geometry":{"type":"Polygon","coordinates":[[[108.199,-6.2221],[108.2407,-6.2497],[108.3214,-6.2548],[108.3353,-6.2729],[108.3401,-6.2527],[108.3486,-6.2472],[108.3575,-6.2624],[108.3579,-6.2502],[108.3852,-6.3577],[108.453,-6.4353],[108.5426,-6.4847],[108.539,-6.5161],[108.4546,-6.5731],[108.4433,-6.5647],[108.4376,-6.5221],[108.3941,-6.5344],[108.3609,-6.5548],[108.3236,-6.6208],[108.3154,-6.6078],[108.3077,-6.6242],[108.2938,-6.6085],[108.2925,-6.6209],[108.2808,-6.6206],[108.2739,-6.59],[108.2237,-6.5733],[108.2074,-6.5734],[108.1877,-6.6098],[108.1726,-6.6032],[108.1622,-6.6144],[108.1198,-6.5412],[108.0734,-6.5752],[108.0709,-6.6141],[108.0491,-6.6234],[108.0428,-6.6406],[108.0318,-6.6371],[108.028,-6.664],[107.9395,-6.6254],[107.9061,-6.5939],[107.8553,-6.5791],[107.8514,-6.5716],[107.8937,-6.5571],[107.9208,-6.5136],[107.9151,-6.4987],[107.9058,-6.5045],[107.9192,-6.4836],[107.8979,-6.4824],[107.8862,-6.4559],[107.8973,-6.4247],[107.8905,-6.4036],[107.9004,-6.4055],[107.8959,-6.3945],[107.9235,-6.3599],[107.9254,-6.2796],[107.9118,-6.2698],[107.9196,-6.2498],[107.9722,-6.264],[108.0314,-6.3069],[108.1298,-6.3352],[108.2119,-6.2755],[108.2021,-6.2418],[108.1677,-6.2289],[108.199,-6.2221]]]}},{"type":"Feature","properties":{"province":"PAPUA","district":"INTAN JAYA","id":"PAPUA/INTAN JAYA","name":"INTAN JAYA"},"geometry":{"type":"Polygon","coordinates":[[[136.8694,-3.252],[136.9231,-3.3056],[136.9183,-3.3298],[136.9441,-3.3393],[136.9454,-3.4129],[136.966,-3.432],[136.9831,-3.4923],[137.005,-3.502],[137.0278,-3.5457],[137.0426,-3.5337],[137.1119,-3.5631],[137.1288,-3.5481],[137.171,-3.5509],[137.2874,-3.4699],[137.2824,-3.5059],[137.3084,-3.5551],[137.3574,-3.5922],[137.3509,-3.616],[137.262,-3.7057],[137.2391,-3.7148],[137.2075,-3.7763],[137.2071,-3.8123],[137.2461,-3.8407],[137.2551,-3.8792],[137.235,-3.8928],[137.2421,-3.9294],[137.2145,-3.957],[137.1969,-3.944],[137.1507,-3.952],[137.1411,-3.9631],[137.1497,-3.9885],[137.111,-4.018],[137.1183,-4.0314],[137.1051,-4.0369],[137.0217,-3.9428],[136.9947,-3.8385],[136.861,-3.8266],[136.8419,-3.8028],[136.8056,-3.8073],[136.7143,-3.7744],[136.6812,-3.7482],[136.6642,-3.7535],[136.6165,-3.7289],[136.5838,-3.7291],[136.5649,-3.7109],[136.59,-3.6762],[136.5789,-3.6129],[136.5406,-3.6107],[136.5136,-3.5877],[136.4988,-3.5971],[136.4701,-3.5549],[136.4359,-3.5572],[136.4176,-3.5184],[136.4223,-3.4989],[136.3892,-3.4735],[136.3688,-3.4351],[136.3702,-3.4013],[136.3921,-3.3558],[136.3948,-3.2969],[136.3563,-3.1873],[136.321,-3.1678],[136.3143,-3.1327],[136.3358,-3.0889],[136.324,-3.0662],[136.3354,-3.0542],[136.3254,-3.0548],[136.3258,-3.0184],[136.3384,-3.0286],[136.4031,-3.0137],[136.4373,-3.0548],[136.4535,-3.0486],[136.4632,-3.0623],[136.5723,-3.0465],[136.5788,-3.0644],[136.5577,-3.0847],[136.5546,-3.1244],[136.5426,-3.1533],[136.5207,-3.1593],[136.5173,-3.1844],[136.5327,-3.2258],[136.5673,-3.254],[136.6181,-3.2363],[136.6342,-3.2449],[136.6656,-3.2251],[136.7106,-3.2259],[136.7434,-3.2435],[136.7419,-3.2627],[136.7581,-3.2756],[136.8006,-3.2659],[136.8261,-3.2818],[136.8512,-3.2537],[136.8694,-3.252]]]}},{"type":"Feature","properties":{"province":"PAPUA","district":"JAYAPURA","id":"PAPUA/JAYAPURA","name":"JAYAPURA"},"geometry":{"type":"Polygon","coordinates":[[[140.1143,-2.3252],[140.1439,-2.3493],[140.1399,-2.3245],[140.1518,-2.324],[140.153,-2.3706],[140.1895,-2.3808],[140.2304,-2.4197],[140.2324,-2.4027],[140.2534,-2.401],[140.2648,-2.4226],[140.2955,-2.4259],[140.3002,-2.4439],[140.3368,-2.4488],[140.3365,-2.4653],[140.3552,-2.4459],[140.3718,-2.4559],[140.372,-2.4214],[140.3552,-2.4027],[140.3472,-2.4083],[140.3482,-2.3955],[140.4333,-2.412],[140.4605,-2.4319],[140.4877,-2.4284],[140.4975,-2.4442],[140.5254,-2.4278],[140.5406,-2.4476],[140.5589,-2.4391],[140.5605,-2.4503],[140.5941,-2.4553],[140.6131,-2.4397],[140.6527,-2.4763],[140.6388,-2.5051],[140.6033,-2.5158],[140.6261,-2.5749],[140.6148,-2.6128],[140.6334,-2.7225],[140.6231,-2.7712],[140.5739,-2.7585],[140.5253,-2.7798],[140.5021,-2.774],[140.4908,-2.7544],[140.4687,-2.7527],[140.4481,-2.7776],[140.4066,-2.783],[140.3749,-2.8172],[140.4141,-2.846],[140.3894,-2.8636],[140.4042,-2.9234],[140.3824,-2.9421],[140.3867,-2.9761],[140.4122,-3.0141],[140.3963,-3.0237],[140.3724,-3.0126],[140.3591,-3.0308],[140.4083,-3.0825],[140.3926,-3.1018],[140.4073,-3.1336],[140.3242,-3.1796],[140.3178,-3.1937],[140.3371,-3.2089],[140.3136,-3.2921],[140.3237,-3.3288],[140.3509,-3.3379],[140.3433,-3.3587],[140.3631,-3.352],[140.3624,-3.3694],[140.3704,-3.3674],[140.3626,-3.3844],[140.3494,-3.3815],[140.3596,-3.3909],[140.3482,-3.4022],[140.3689,-3.4691],[140.3371,-3.486],[140.3524,-3.4902],[140.3506,-3.501],[140.3661,-3.4935],[140.3641,-3.5151],[140.3789,-3.5141],[140.3736,-3.5332],[140.3618,-3.5285],[140.3859,-3.5542],[140.3758,-3.5817],[140.3969,-3.6298],[140.3736,-3.6624],[140.3464,-3.6698],[140.3518,-3.6841],[140.3418,-3.6884],[140.3649,-3.6826],[140.358,-3.7107],[140.372,-3.7086],[140.3873,-3.7302],[140.3741,-3.7446],[140.3513,-3.739],[140.3211,-3.7543],[140.2853,-3.7179],[140.275,-3.6709],[140.2055,-3.6777],[140.1981,-3.6972],[140.163,-3.7077],[140.0871,-3.6826],[140.0647,-3.6491],[140.0502,-3.6734],[140.0212,-3.68],[140.0197,-3.7015],[140.0046,-3.7024],[139.9894,-3.6575],[139.9575,-3.6394],[139.9675,-3.6127],[139.9207,-3.6249],[139.9122,-3.6452],[139.9065,-3.6336],[139.8894,-3.6439],[139.9007,-3.625],[139.8817,-3.6082],[139.8588,-3.6132],[139.8758,-3.6012],[139.8636,-3.5857],[139.8212,-3.5774],[139.7995,-3.5919],[139.8065,-3.567],[139.7702,-3.5618],[139.7827,-3.5216],[139.7578,-3.5101],[139.7371,-3.5484],[139.7187,-3.5216],[139.7025,-3.5428],[139.6752,-3.5318],[139.7028,-3.5592],[139.6895,-3.5999],[139.7036,-3.6373],[139.6628,-3.6643],[139.626,-3.6642],[139.6219,-3.7097],[139.5951,-3.7272],[139.5926,-3.7051],[139.518,-3.6576],[139.5279,-3.6335],[139.5049,-3.5627],[139.5176,-3.5555],[139.5062,-3.5425],[139.5198,-3.525],[139.4987,-3.5163],[139.5051,-3.4977],[139.496,-3.4869],[139.4848,-3.5185],[139.4724,-3.5221],[139.4664,-3.4933],[139.4857,-3.4708],[139.441,-3.4373],[139.4771,-3.4111],[139.4701,-3.3988],[139.4959,-3.3689],[139.4969,-3.3306],[139.5133,-3.3083],[139.4863,-3.2345],[139.4944,-3.2037],[139.4764,-3.1867],[139.4849,-3.1861],[139.4789,-3.1668],[139.4971,-3.1632],[139.5182,-3.1324],[139.5007,-3.0976],[139.5358,-3.0719],[139.5207,-2.9424],[139.5896,-2.88],[139.5371,-2.8182],[139.4696,-2.7943],[139.4456,-2.8072],[139.426,-2.8007],[139.423,-2.7131],[139.382,-2.6995],[139.3607,-2.6719],[139.396,-2.6429],[139.4174,-2.59],[139.4857,-2.6234],[139.4956,-2.6017],[139.5113,-2.6164],[139.5582,-2.6078],[139.5514,-2.5875],[139.5769,-2.5681],[139.5828,-2.54],[139.6426,-2.5412],[139.6606,-2.5553],[139.7592,-2.5292],[139.7763,-2.5016],[139.7691,-2.487],[139.7828,-2.4792],[139.7567,-2.466],[139.7521,-2.4076],[139.7831,-2.4029],[139.9761,-2.4428],[139.9865,-2.4386],[139.9843,-2.3917],[139.9931,-2.3722],[140.0013,-2.3762],[139.9994,-2.3599],[140.0667,-2.3575],[140.0834,-2.3296],[140.1143,-2.3252]]]}},{"type":"Feature","properties":{"province":"PAPUA","district":"JAYAWIJAYA","id":"PAPUA/JAYAWIJAYA","name":"JAYAWIJAYA"},"geometry":{"type":"Polygon","coordinates":[[[139.0172,-3.8638],[139.0268,-3.9261],[139.0048,-3.9558],[139.0105,-3.9655],[139.0396,-3.9631],[139.0749,-3.9324],[139.1054,-3.9342],[139.1873,-3.9918],[139.1755,-4.0054],[139.1999,-4.0452],[139.1891,-4.0613],[139.2092,-4.0792],[139.2214,-4.1271],[139.2128,-4.1821],[139.1077,-4.175],[139.0617,-4.1929],[139.0153,-4.1914],[138.9862,-4.223],[138.9257,-4.2278],[138.9193,-4.2574],[138.8632,-4.2621],[138.8229,-4.2417],[138.8027,-4.2099],[138.781,-4.2205],[138.7393,-4.3109],[138.7661,-4.3409],[138.7611,-4.367],[138.7749,-4.3861],[138.7701,-4.4736],[138.6256,-4.4733],[138.6109,-4.4468],[138.5929,-4.4432],[138.5833,-4.4019],[138.6185,-4.3802],[138.6051,-4.3546],[138.6655,-4.1656],[138.6828,-4.0571],[138.6945,-4.0305],[138.7393,-4.0189],[138.7463,-3.9973],[138.7274,-3.9822],[138.7336,-3.9525],[138.7109,-3.9199],[138.7207,-3.8825],[138.7114,-3.8716],[138.6929,-3.8755],[138.6594,-3.8429],[138.6345,-3.7668],[138.6655,-3.752],[138.6754,-3.7796],[138.7237,-3.7763],[138.7374,-3.7936],[138.7497,-3.7887],[138.7903,-3.8092],[138.8819,-3.7925],[138.9058,-3.8116],[138.9045,-3.868],[138.9285,-3.8678],[138.9633,-3.893],[138.9987,-3.8872],[138.9998,-3.8681],[139.0172,-3.8638]]]}},{"type":"Feature","properties":{"province":"JAWA TIMUR","district":"JEMBER","id":"JAWA TIMUR/JEMBER","name":"JEMBER"},"geometry":{"type":"Polygon","coordinates":[[[113.6676,-7.968],[113.6872,-8.0115],[113.7262,-8.0236],[113.7476,-8.065],[113.7492,-8.0494],[113.7729,-8.0368],[113.8022,-8.0577],[113.8126,-8.0461],[113.857,-8.0417],[113.8438,-8.0206],[113.872,-8.0325],[113.8932,-8.0155],[114.0028,-8.0743],[114.0468,-8.1242],[113.9575,-8.2065],[113.9667,-8.2323],[113.935,-8.2708],[113.9242,-8.3349],[113.909,-8.3469],[113.9237,-8.3843],[113.9473,-8.4018],[113.9103,-8.442],[113.8904,-8.4104],[113.8547,-8.43],[113.8422,-8.4945],[113.8551,-8.5196],[113.8376,-8.5537],[113.8296,-8.5272],[113.8147,-8.5584],[113.8059,-8.5543],[113.8166,-8.5362],[113.8045,-8.5204],[113.8124,-8.5023],[113.792,-8.4877],[113.7878,-8.4986],[113.7589,-8.5022],[113.7561,-8.5186],[113.7348,-8.5257],[113.7318,-8.5148],[113.7125,-8.5282],[113.7182,-8.4849],[113.7031,-8.4825],[113.6896,-8.505],[113.6842,-8.4911],[113.6466,-8.4944],[113.639,-8.4546],[113.6003,-8.4356],[113.5827,-8.444],[113.5694,-8.4252],[113.5532,-8.4362],[113.4858,-8.4156],[113.4724,-8.3834],[113.4316,-8.379],[113.3886,-8.4003],[113.3598,-8.3512],[113.3035,-8.3072],[113.3198,-8.2651],[113.3131,-8.2288],[113.3533,-8.2036],[113.3795,-8.1578],[113.3623,-8.1181],[113.3667,-8.0859],[113.3487,-8.0547],[113.391,-7.9972],[113.4654,-8.0275],[113.4759,-8.0255],[113.4822,-7.994],[113.5331,-8.0092],[113.5628,-7.9827],[113.5953,-7.976],[113.614,-7.9921],[113.6289,-7.9757],[113.6676,-7.968]]]}},{"type":"Feature","properties":{"province":"BALI","district":"JEMBRANA","id":"BALI/JEMBRANA","name":"JEMBRANA"},"geometry":{"type":"Polygon","coordinates":[[[114.4391,-8.1607],[114.4423,-8.1809],[114.4595,-8.1669],[114.4581,-8.1939],[114.4912,-8.1918],[114.5044,-8.2097],[114.5973,-8.1766],[114.6549,-8.2275],[114.6843,-8.2317],[114.7015,-8.2011],[114.7517,-8.2234],[114.772,-8.258],[114.8116,-8.2511],[114.8239,-8.3331],[114.8703,-8.3374],[114.9017,-8.3713],[114.9331,-8.3807],[114.9156,-8.4671],[114.7485,-8.399],[114.623,-8.4076],[114.584,-8.3994],[114.5191,-8.3308],[114.5176,-8.3068],[114.4542,-8.2297],[114.4318,-8.174],[114.4391,-8.1607]]]}},{"type":"Feature","properties":{"province":"SULAWESI SELATAN","district":"JENEPONTO","id":"SULAWESI SELATAN/JENEPONTO","name":"JENEPONTO"},"geometry":{"type":"Polygon","coordinates":[[[119.9393,-5.3988],[119.8798,-5.4909],[119.8759,-5.5295],[119.8541,-5.5149],[119.8574,-5.5523],[119.902,-5.5591],[119.9059,-5.5822],[119.8635,-5.6111],[119.8522,-5.6355],[119.8391,-5.6348],[119.8543,-5.6575],[119.848,-5.6658],[119.7898,-5.7011],[119.7045,-5.7028],[119.6474,-5.682],[119.6398,-5.66],[119.658,-5.6427],[119.6121,-5.6128],[119.5885,-5.6223],[119.5797,-5.6565],[119.5572,-5.6488],[119.5448,-5.6195],[119.5533,-5.595],[119.5601,-5.6113],[119.5692,-5.6048],[119.5123,-5.5693],[119.5183,-5.5485],[119.4875,-5.5108],[119.4861,-5.4904],[119.5283,-5.4812],[119.508,-5.4547],[119.5297,-5.4319],[119.5735,-5.4466],[119.6394,-5.4305],[119.6526,-5.4656],[119.6361,-5.4585],[119.6256,-5.4681],[119.6643,-5.4775],[119.665,-5.5132],[119.7005,-5.497],[119.7064,-5.5449],[119.7316,-5.5633],[119.7862,-5.5695],[119.8731,-5.4313],[119.9085,-5.4204],[119.9395,-5.382],[119.9393,-5.3988]]]}},{"type":"Feature","properties":{"province":"JAWA TENGAH","district":"JEPARA","id":"JAWA TENGAH/JEPARA","name":"JEPARA"},"geometry":{"type":"Polygon","coordinates":[[[110.9192,-6.4048],[110.9721,-6.4127],[110.9739,-6.4557],[110.9126,-6.4997],[110.9079,-6.6141],[110.9024,-6.6265],[110.8894,-6.6174],[110.8594,-6.6279],[110.8332,-6.6891],[110.8391,-6.7029],[110.8205,-6.7077],[110.8223,-6.7328],[110.8369,-6.7379],[110.8292,-6.7564],[110.7922,-6.7544],[110.7676,-6.7701],[110.7583,-6.7942],[110.705,-6.7948],[110.6949,-6.7684],[110.6669,-6.7645],[110.6661,-6.7175],[110.622,-6.7082],[110.5943,-6.7245],[110.618,-6.7084],[110.6465,-6.6535],[110.6382,-6.6188],[110.6552,-6.5964],[110.6438,-6.5847],[110.6618,-6.5738],[110.6444,-6.5567],[110.683,-6.5216],[110.6643,-6.5026],[110.691,-6.4981],[110.7282,-6.4458],[110.8116,-6.4264],[110.8378,-6.4072],[110.9192,-6.4048]]]}},{"type":"Feature","properties":{"province":"JAWA TIMUR","district":"JOMBANG","id":"JAWA TIMUR/JOMBANG","name":"JOMBANG"},"geometry":{"type":"Polygon","coordinates":[[[112.3456,-7.3453],[112.3319,-7.38],[112.3529,-7.4133],[112.3327,-7.4544],[112.4049,-7.4613],[112.3743,-7.4872],[112.3637,-7.5528],[112.3873,-7.6143],[112.3834,-7.6436],[112.41,-7.645],[112.4556,-7.7792],[112.418,-7.7642],[112.3969,-7.776],[112.3018,-7.7268],[112.2523,-7.7261],[112.1654,-7.613],[112.1166,-7.6037],[112.1116,-7.5659],[112.1508,-7.5292],[112.1521,-7.5061],[112.1691,-7.4896],[112.1549,-7.4633],[112.1252,-7.4521],[112.1236,-7.4624],[112.0796,-7.4737],[112.0633,-7.4213],[112.0757,-7.3839],[112.1066,-7.3838],[112.1871,-7.3522],[112.3119,-7.3653],[112.3078,-7.3518],[112.3456,-7.3453]],[[112.3289,-7.3459],[112.3286,-7.3475],[112.3304,-7.3479],[112.3295,-7.3487],[112.3306,-7.3508],[112.3321,-7.3502],[112.3326,-7.3481],[112.3303,-7.3471],[112.3311,-7.3462],[112.3289,-7.3459]]]}},{"type":"Feature","properties":{"province":"PAPUA BARAT","district":"KAIMANA","id":"PAPUA BARAT/KAIMANA","name":"KAIMANA"},"geometry":{"type":"Polygon","coordinates":[[[133.9945,-2.7871],[134.0336,-2.8144],[134.023,-2.8287],[134.0635,-2.9277],[134.1004,-2.9356],[134.121,-2.9567],[134.1427,-3.0174],[134.1925,-3.0141],[134.2077,-3.1364],[134.1969,-3.1455],[134.198,-3.1815],[134.2231,-3.242],[134.209,-3.2571],[134.2315,-3.3002],[134.2609,-3.325],[134.2467,-3.3533],[134.253,-3.3634],[134.2898,-3.3874],[134.3449,-3.4701],[134.3931,-3.4616],[134.4353,-3.4871],[134.4468,-3.4799],[134.502,-3.4991],[134.5332,-3.4796],[134.5411,-3.4918],[134.5511,-3.4792],[134.599,-3.4755],[134.6056,-3.4622],[134.5873,-3.4228],[134.5941,-3.4009],[134.62,-3.4025],[134.6244,-3.3713],[134.5864,-3.3043],[134.6241,-3.3189],[134.6818,-3.2956],[134.6939,-3.3082],[134.7146,-3.3011],[134.7276,-3.3183],[134.7273,-3.3609],[134.7519,-3.3704],[134.7605,-3.3878],[134.8098,-3.3694],[134.8561,-3.3884],[134.8687,-3.4242],[134.9178,-3.4392],[134.9249,-3.4765],[134.9574,-3.4904],[134.9863,-3.5422],[135.0067,-3.5514],[134.9885,-3.5819],[135.0102,-3.5825],[135.0143,-3.5988],[135.0499,-3.6107],[135.0721,-3.5842],[135.1189,-3.5792],[135.1346,-3.5822],[135.1391,-3.6125],[135.1744,-3.5736],[135.1947,-3.5768],[135.2027,-3.5851],[135.1815,-3.6089],[135.1891,-3.6244],[135.1592,-3.6325],[135.135,-3.683],[135.1481,-3.7469],[135.2451,-3.824],[135.2753,-3.8243],[135.2909,-3.8068],[135.2996,-3.8191],[135.2754,-3.833],[135.2681,-3.8931],[135.2417,-3.91],[135.25,-4.0061],[135.2824,-4.0343],[135.3176,-4.0395],[135.3342,-4.0661],[135.2712,-4.0828],[135.1957,-4.0585],[135.1699,-4.0631],[135.1662,-4.0537],[135.1141,-4.061],[135.0426,-4.0491],[135.0408,-4.0669],[135.0034,-4.0922],[134.9905,-4.1358],[134.929,-4.1672],[134.8829,-4.161],[134.8753,-4.1911],[134.8586,-4.1897],[134.8392,-4.2227],[134.8026,-4.237],[134.7219,-4.1954],[134.7157,-4.1346],[134.7008,-4.1197],[134.6564,-4.1286],[134.6984,-4.1197],[134.7122,-4.1361],[134.693,-4.1403],[134.6293,-4.1183],[134.6544,-4.052],[134.6486,-4.1024],[134.6563,-4.0733],[134.6781,-4.0848],[134.6757,-4.0743],[134.7247,-4.0568],[134.675,-4.0438],[134.662,-3.9822],[134.7183,-3.9557],[134.7329,-3.9641],[134.7685,-3.9341],[134.8338,-3.9507],[134.8462,-3.9856],[134.8663,-3.9816],[134.8655,-4.0038],[134.8815,-3.9939],[134.8686,-3.977],[134.9465,-3.9829],[134.947,-3.9704],[134.9703,-3.9621],[134.9635,-3.9481],[134.9167,-3.9647],[134.9084,-3.9518],[134.9323,-3.9338],[134.8878,-3.9327],[134.8758,-3.9505],[134.7713,-3.9162],[134.741,-3.9182],[134.7396,-3.9397],[134.7118,-3.9195],[134.6761,-3.9198],[134.6548,-3.9274],[134.6683,-3.9379],[134.6259,-3.9526],[134.6043,-3.9993],[134.5696,-3.9987],[134.5453,-4.0365],[134.5062,-4.0437],[134.4921,-4.0296],[134.4979,-4.0171],[134.4464,-3.9811],[134.4697,-3.9859],[134.4753,-3.9725],[134.4382,-3.9182],[134.4064,-3.9237],[134.3326,-3.8779],[134.3258,-3.8948],[134.3604,-3.9159],[134.3421,-3.9146],[134.3603,-3.9495],[134.3498,-3.9662],[134.2694,-3.937],[134.3336,-4.0205],[134.3175,-4.0452],[134.2906,-4.0479],[134.2905,-4.025],[134.25,-3.9771],[134.2385,-3.9668],[134.246,-3.9837],[134.2114,-3.9708],[134.1629,-3.9266],[134.1692,-3.8903],[134.1614,-3.9114],[134.1445,-3.8942],[134.12,-3.9099],[134.1054,-3.8984],[134.1914,-3.8328],[134.1748,-3.8233],[134.1738,-3.7761],[134.1557,-3.7797],[134.1363,-3.7406],[134.1274,-3.7623],[134.1108,-3.7487],[134.0982,-3.7662],[134.1178,-3.7917],[134.0596,-3.8222],[134.0411,-3.7824],[133.9842,-3.8228],[133.979,-3.8479],[133.9634,-3.8467],[133.9709,-3.8535],[133.9603,-3.8623],[133.9136,-3.7846],[133.918,-3.7509],[133.942,-3.7723],[133.9338,-3.7489],[133.9128,-3.7493],[133.9069,-3.6993],[133.8389,-3.6303],[133.8328,-3.5554],[133.7839,-3.6006],[133.8163,-3.727],[133.7523,-3.6456],[133.6901,-3.6705],[133.7075,-3.6037],[133.6551,-3.512],[133.6211,-3.4765],[133.6335,-3.4694],[133.6351,-3.4478],[133.7004,-3.4122],[133.6644,-3.3194],[133.6765,-3.3167],[133.6682,-3.2276],[133.7015,-3.2088],[133.6985,-3.1709],[133.7726,-3.1748],[133.7715,-3.1142],[133.7999,-3.1192],[133.8271,-3.089],[133.8347,-3.0193],[133.8606,-3.0548],[133.8968,-3.0762],[133.8867,-3.1019],[133.8967,-3.1161],[133.9109,-3.1132],[133.9031,-3.0733],[133.8861,-3.0722],[133.8584,-3.0262],[133.8531,-2.9407],[133.8142,-2.9064],[133.8035,-2.9109],[133.8256,-2.9439],[133.8071,-2.9605],[133.7926,-3.0292],[133.7569,-3.0197],[133.7504,-3.0322],[133.7299,-3.0285],[133.6665,-3.1196],[133.6476,-3.1226],[133.6494,-3.1586],[133.6721,-3.2095],[133.6479,-3.2346],[133.6652,-3.3021],[133.6529,-3.3256],[133.6645,-3.3396],[133.6496,-3.3951],[133.6328,-3.4165],[133.6068,-3.4087],[133.5824,-3.4263],[133.5407,-3.429],[133.5208,-3.3778],[133.4961,-3.3718],[133.5174,-3.4355],[133.4805,-3.4398],[133.4779,-3.4505],[133.5498,-3.4541],[133.5975,-3.5292],[133.581,-3.5724],[133.5134,-3.6062],[133.4544,-3.6686],[133.4019,-3.6981],[133.4092,-3.7084],[133.3951,-3.7493],[133.4149,-3.8012],[133.4505,-3.8201],[133.4583,-3.8578],[133.3999,-3.8864],[133.4035,-3.9024],[133.3274,-3.9811],[133.3155,-4.0132],[133.2681,-4.0354],[133.2503,-4.0727],[133.1513,-4.071],[133.07,-4.0547],[133.0268,-4.0772],[133.0193,-4.1181],[132.9129,-4.0846],[132.9177,-4.048],[132.8413,-3.9901],[132.8371,-3.9652],[132.8738,-3.9643],[132.8689,-3.9541],[133.4971,-3.1106],[133.5001,-3.0731],[133.5711,-3.0633],[133.5709,-3.0405],[133.5912,-3.0224],[133.5833,-3.009],[133.6046,-2.9729],[133.6482,-2.9651],[133.6593,-2.9367],[133.7118,-2.915],[133.731,-2.8844],[133.7227,-2.8225],[133.7353,-2.8117],[133.7782,-2.8086],[133.7978,-2.7931],[133.8095,-2.8069],[133.8601,-2.788],[133.868,-2.8099],[133.897,-2.8019],[133.9296,-2.8176],[133.9378,-2.8485],[133.9613,-2.8655],[133.9897,-2.8517],[133.9695,-2.8134],[133.9945,-2.7871]]]}},{"type":"Feature","properties":{"province":"RIAU","district":"KAMPAR","id":"RIAU/KAMPAR","name":"KAMPAR"},"geometry":{"type":"Polygon","coordinates":[[[101.0083,0.9576],[101.0621,0.9245],[101.0559,0.8881],[101.0656,0.9152],[101.0874,0.9201],[101.3793,0.7688],[101.3797,0.7337],[101.3202,0.7139],[101.3247,0.6918],[101.3752,0.7106],[101.3971,0.6894],[101.3758,0.6456],[101.3233,0.5967],[101.3318,0.5869],[101.3232,0.58],[101.3412,0.5818],[101.3497,0.5607],[101.3697,0.5658],[101.3745,0.5544],[101.3322,0.4766],[101.3643,0.4415],[101.4473,0.4204],[101.4545,0.4439],[101.4805,0.4497],[101.4787,0.4619],[101.4961,0.4448],[101.5436,0.4323],[101.5635,0.4611],[101.5894,0.4641],[101.6,0.4457],[101.5921,0.4142],[101.6136,0.3976],[101.6111,0.3827],[101.6367,0.3833],[101.6343,0.3573],[101.6143,0.3404],[101.637,0.3186],[101.6668,0.3163],[101.6651,0.2783],[101.585,0.2681],[101.5847,0.1957],[101.5696,0.1923],[101.5678,0.2024],[101.5676,0.1309],[101.5038,0.1012],[101.4971,0.0651],[101.5172,0.053],[101.5223,-0.005],[101.534,-0.0025],[101.5467,-0.0437],[101.5151,-0.064],[101.5186,-0.1001],[101.4976,-0.1029],[101.4795,-0.073],[101.4577,-0.0672],[101.3924,-0.0994],[101.3497,-0.1046],[101.3378,-0.0797],[101.2964,-0.0497],[101.2647,0.0094],[101.2428,-0.0565],[101.198,-0.1134],[101.2007,-0.1784],[101.1527,-0.2385],[101.1357,-0.2877],[101.1404,-0.3332],[101.1009,-0.3791],[101.0414,-0.3761],[101.0374,-0.3507],[100.9922,-0.3158],[100.9485,-0.3121],[100.9013,-0.3252],[100.8898,-0.3416],[100.8725,-0.345],[100.8608,-0.3322],[100.845,-0.3428],[100.8353,-0.3244],[100.8454,-0.3162],[100.8429,-0.29],[100.813,-0.2757],[100.8019,-0.2426],[100.7747,-0.2144],[100.7839,-0.186],[100.753,-0.1318],[100.7569,-0.097],[100.738,-0.0409],[100.7584,-0.0436],[100.767,-0.0208],[100.7809,-0.0301],[100.8059,-0.0197],[100.8165,-0.0488],[100.8239,-0.0197],[100.8426,-0.0056],[100.8446,0.0339],[100.8646,0.0452],[100.8331,0.0685],[100.8271,0.0555],[100.8002,0.0502],[100.7742,0.1022],[100.7863,0.1067],[100.7878,0.1275],[100.8209,0.1454],[100.8354,0.1409],[100.8492,0.1623],[100.843,0.2233],[100.8173,0.2597],[100.7735,0.2513],[100.7668,0.2336],[100.6996,0.2485],[100.6869,0.1903],[100.6727,0.1853],[100.6264,0.2194],[100.6257,0.2342],[100.5878,0.2515],[100.559,0.3047],[100.5341,0.3044],[100.5236,0.3192],[100.496,0.305],[100.4708,0.3113],[100.4293,0.3604],[100.437,0.3843],[100.4607,0.4014],[100.4458,0.4178],[100.4653,0.4335],[100.4617,0.4458],[100.5312,0.4462],[100.5556,0.4721],[100.5424,0.5019],[100.5712,0.5281],[100.7195,0.3899],[100.7867,0.4042],[100.7942,0.388],[100.8507,0.3742],[100.8659,0.4731],[100.8545,0.5024],[100.8617,0.5339],[100.797,0.5333],[100.7598,0.5897],[100.6743,0.5956],[100.6433,0.6219],[100.6385,0.6548],[100.5873,0.7001],[100.648,0.7332],[100.6744,0.7665],[100.7043,0.7584],[100.7492,0.7784],[100.7265,0.801],[100.7402,0.8042],[100.7338,0.8423],[100.7735,0.8642],[100.8349,0.941],[100.9139,0.9594],[100.9941,0.9564],[100.9932,0.9683],[101.0083,0.9576]]]}},{"type":"Feature","properties":{"province":"KALIMANTAN TENGAH","district":"KAPUAS","id":"KALIMANTAN TENGAH/KAPUAS","name":"KAPUAS"},"geometry":{"type":"Polygon","coordinates":[[[113.9896,-0.3848],[114.0095,-0.4223],[114.0149,-0.4792],[114.0783,-0.5521],[114.063,-0.5773],[114.0957,-0.6292],[114.121,-0.7295],[114.153,-0.7957],[114.1734,-0.8116],[114.219,-0.8087],[114.2179,-0.8379],[114.2343,-0.86],[114.3637,-0.8557],[114.3932,-0.8359],[114.4683,-0.8344],[114.636,-0.8627],[114.5697,-0.8753],[114.551,-0.9172],[114.5216,-0.9034],[114.4996,-0.9276],[114.5045,-0.9504],[114.4726,-0.9652],[114.483,-0.9786],[114.4545,-1.0244],[114.4832,-1.0433],[114.4782,-1.0648],[114.4889,-1.0817],[114.5236,-1.0945],[114.5101,-1.126],[114.6267,-1.171],[114.6772,-1.1559],[114.6974,-1.1643],[114.6836,-1.2428],[114.6618,-1.2654],[114.6619,-1.4082],[114.6138,-1.5515],[114.6242,-1.6041],[114.5968,-1.6699],[114.6205,-1.9076],[114.6168,-2.0167],[114.6941,-2.1551],[114.6805,-2.3245],[114.6443,-2.4048],[114.7369,-2.4394],[114.7268,-2.4627],[114.7588,-2.4578],[114.7698,-2.4932],[114.7173,-2.5675],[114.7795,-2.6062],[114.7868,-2.5849],[114.7973,-2.5915],[114.7919,-2.6643],[114.7618,-2.7206],[114.718,-2.7408],[114.6763,-2.7411],[114.6794,-2.7788],[114.6644,-2.8006],[114.5977,-2.8156],[114.6153,-2.8845],[114.5989,-2.8908],[114.5672,-2.864],[114.5384,-2.9273],[114.5169,-2.9196],[114.5442,-2.949],[114.5361,-2.9595],[114.5259,-2.9527],[114.5302,-2.9698],[114.5052,-2.9997],[114.5226,-3.0043],[114.5281,-3.0449],[114.5458,-3.0678],[114.5335,-3.0813],[114.5182,-3.0778],[114.5261,-3.0867],[114.4237,-3.1799],[114.4495,-3.2096],[114.4359,-3.2426],[114.3748,-3.287],[114.3599,-3.3164],[114.3496,-3.3488],[114.3628,-3.3871],[114.3471,-3.4201],[114.352,-3.4635],[114.3117,-3.4492],[114.2546,-3.4034],[114.2475,-3.3882],[114.2626,-3.3738],[114.2455,-3.3632],[114.1832,-3.3934],[114.1529,-3.384],[114.172,-3.334],[114.1414,-3.2669],[114.1467,-3.1875],[114.1664,-3.1746],[114.2259,-3.1919],[114.2811,-3.0443],[114.2123,-2.9374],[114.2837,-2.8653],[114.2847,-2.8037],[114.3488,-2.7442],[114.3381,-2.7174],[114.3253,-2.3733],[114.2624,-2.3779],[114.2619,-2.2316],[114.2278,-2.2293],[114.1844,-2.1887],[114.1711,-2.0905],[114.0814,-1.9743],[114.0729,-1.9381],[114.032,-1.9067],[113.9859,-1.8026],[113.9744,-1.7345],[113.9863,-1.7074],[113.9815,-1.6671],[114.0309,-1.5872],[113.9984,-1.5631],[113.9831,-1.5321],[114.008,-1.4735],[114.0048,-1.2903],[113.97,-1.1117],[113.9854,-1.0665],[113.928,-0.9997],[113.809,-0.9587],[113.784,-0.9306],[113.748,-0.8421],[113.7039,-0.8174],[113.6819,-0.7878],[113.6796,-0.7578],[113.6993,-0.7023],[113.6782,-0.6754],[113.6964,-0.6342],[113.736,-0.6006],[113.7271,-0.5675],[113.7356,-0.5501],[113.755,-0.5454],[113.7604,-0.4787],[113.8523,-0.4447],[113.9221,-0.4669],[113.9168,-0.4411],[113.9379,-0.3946],[113.9896,-0.3848]]]}},{"type":"Feature","properties":{"province":"KALIMANTAN BARAT","district":"KAPUAS HULU","id":"KALIMANTAN BARAT/KAPUAS HULU","name":"KAPUAS HULU"},"geometry":{"type":"Polygon","coordinates":[[[114.2055,1.4102],[114.155,1.3744],[114.1649,1.3333],[114.1489,1.2919],[114.1711,1.2654],[114.136,1.2226],[114.1499,1.1991],[114.1272,1.1535],[114.109,1.1442],[114.0877,1.1591],[114.0526,1.1275],[114.038,1.1457],[114.0171,1.1347],[113.9885,1.1392],[113.964,1.1131],[113.9475,1.0603],[113.9014,1.0598],[113.8896,1.0475],[113.8929,1.0201],[113.9155,1.0023],[113.9135,0.9725],[113.8725,0.9176],[113.8709,0.8887],[113.9265,0.8414],[113.8726,0.7833],[113.8847,0.7589],[113.8997,0.7549],[113.8948,0.726],[113.868,0.699],[113.8393,0.6954],[113.8418,0.6577],[113.8214,0.6427],[113.8511,0.6083],[113.8205,0.5751],[113.7981,0.5952],[113.7758,0.583],[113.7378,0.5389],[113.6668,0.4969],[113.6472,0.4566],[113.6517,0.4353],[113.6288,0.4131],[113.5813,0.3981],[113.5863,0.3612],[113.5632,0.357],[113.5471,0.3272],[113.4927,0.3024],[113.4427,0.26],[113.3593,0.2764],[113.35,0.2662],[113.3176,0.2679],[113.257,0.229],[113.1948,0.2425],[113.1512,0.2352],[113.1313,0.209],[113.1005,0.2307],[113.1028,0.2624],[113.075,0.2685],[113.0547,0.2917],[113.0465,0.2715],[112.9973,0.2534],[112.9655,0.2144],[112.974,0.1708],[112.9633,0.1506],[112.9417,0.1457],[112.8241,0.162],[112.753,0.2335],[112.671,0.2416],[112.6286,0.2068],[112.6475,0.1674],[112.5694,0.2044],[112.5405,0.1783],[112.5116,0.1836],[112.5056,0.1048],[112.3957,0.147],[112.4027,0.1222],[112.3934,0.0948],[112.336,0.1059],[112.3078,0.1012],[112.2906,0.0826],[112.2653,0.1106],[112.2175,0.1148],[112.1712,0.0824],[112.145,0.0889],[112.139,0.0662],[112.0938,0.1187],[112.0487,0.1344],[112.0587,0.1798],[112.006,0.1951],[111.9688,0.1628],[111.9266,0.1831],[111.8709,0.1817],[111.8409,0.2281],[111.7713,0.2324],[111.692,0.2623],[111.6709,0.2837],[111.6665,0.3013],[111.6856,0.3001],[111.6813,0.3211],[111.6679,0.3421],[111.6508,0.3331],[111.6448,0.3593],[111.686,0.3775],[111.7014,0.4364],[111.7245,0.4593],[111.7206,0.5706],[111.6874,0.6276],[111.7167,0.6723],[111.7179,0.707],[111.7454,0.7578],[111.6765,0.8154],[111.6647,0.846],[111.6436,0.8607],[111.6259,0.9232],[111.6078,0.9343],[111.561,0.9212],[111.529,0.9544],[111.5515,0.9475],[111.5488,0.9884],[111.581,0.979],[111.5962,1.0091],[111.6676,1.0432],[111.693,1.0184],[111.7131,1.0253],[111.7174,1.0068],[111.7626,1.0213],[111.7774,0.9998],[111.813,0.9989],[111.8286,0.9862],[111.8696,1.0131],[111.8869,1.0787],[111.9022,1.0746],[111.9131,1.091],[111.929,1.091],[111.9353,1.1221],[111.987,1.1276],[111.9973,1.1396],[112.0178,1.1296],[112.1429,1.135],[112.1476,1.1627],[112.1353,1.178],[112.1647,1.2099],[112.1576,1.2422],[112.1739,1.2529],[112.1787,1.3044],[112.2024,1.3142],[112.2323,1.3792],[112.2323,1.3982],[112.201,1.4051],[112.2051,1.4377],[112.227,1.4566],[112.2886,1.474],[112.3193,1.5076],[112.352,1.5037],[112.434,1.5272],[112.4463,1.5532],[112.501,1.5837],[112.6577,1.5714],[112.6769,1.5546],[112.7272,1.568],[112.7495,1.5576],[112.7746,1.5638],[112.8125,1.54],[112.8295,1.5474],[112.8408,1.5382],[112.8851,1.5867],[112.9746,1.563],[112.9993,1.5782],[113.0587,1.5586],[113.0707,1.5295],[113.0552,1.5265],[113.0498,1.4996],[113.0316,1.4928],[113.0405,1.4739],[112.9825,1.45],[112.9751,1.4105],[113.0185,1.4054],[113.0437,1.4241],[113.0882,1.4288],[113.1055,1.4458],[113.1441,1.3876],[113.1888,1.3767],[113.2323,1.3944],[113.3067,1.3708],[113.328,1.3753],[113.3569,1.3578],[113.3698,1.3236],[113.3984,1.318],[113.4213,1.2854],[113.4543,1.2863],[113.4998,1.3181],[113.5376,1.3226],[113.5829,1.3085],[113.5972,1.2628],[113.6258,1.2524],[113.6191,1.2294],[113.6627,1.2175],[113.7035,1.2664],[113.8037,1.3004],[113.8304,1.3374],[113.8298,1.3557],[113.8147,1.3663],[113.8216,1.3736],[113.9362,1.4173],[113.955,1.4428],[114.1408,1.4665],[114.2055,1.4102]]]}},{"type":"Feature","properties":{"province":"JAWA TENGAH","district":"KARANGANYAR","id":"JAWA TENGAH/KARANGANYAR","name":"KARANGANYAR"},"geometry":{"type":"Polygon","coordinates":[[[110.8256,-7.4582],[110.864,-7.4732],[110.8722,-7.489],[110.9395,-7.495],[111.0223,-7.5339],[111.0495,-7.5374],[111.0407,-7.5114],[111.0638,-7.4969],[111.0784,-7.4972],[111.0789,-7.5249],[111.0924,-7.5313],[111.136,-7.514],[111.1683,-7.5902],[111.1966,-7.6099],[111.182,-7.7124],[111.1424,-7.7092],[111.1219,-7.7221],[111.1294,-7.7292],[111.1118,-7.7486],[111.1099,-7.7374],[111.0507,-7.7594],[111.046,-7.783],[111.0185,-7.7595],[110.9678,-7.771],[110.9691,-7.7413],[110.9414,-7.7397],[110.9604,-7.6841],[110.9478,-7.67],[110.9469,-7.6184],[110.9064,-7.6138],[110.9125,-7.5843],[110.8616,-7.5677],[110.869,-7.5475],[110.8578,-7.5498],[110.8583,-7.5339],[110.8172,-7.5288],[110.8046,-7.4592],[110.8256,-7.4582]]]}},{"type":"Feature","properties":{"province":"BALI","district":"KARANGASEM","id":"BALI/KARANGASEM","name":"KARANGASEM"},"geometry":{"type":"Polygon","coordinates":[[[115.4576,-8.1678],[115.5605,-8.2334],[115.6289,-8.3237],[115.6978,-8.3583],[115.7115,-8.3901],[115.6881,-8.4322],[115.6342,-8.462],[115.6121,-8.5058],[115.581,-8.5172],[115.521,-8.5039],[115.5082,-8.513],[115.5092,-8.5404],[115.4792,-8.5507],[115.4653,-8.5051],[115.4098,-8.5301],[115.4143,-8.4742],[115.39,-8.4819],[115.416,-8.4088],[115.3958,-8.3572],[115.409,-8.3225],[115.4193,-8.3219],[115.4299,-8.2674],[115.4583,-8.2477],[115.4381,-8.2174],[115.4537,-8.1985],[115.4343,-8.1806],[115.4576,-8.1678]]]}},{"type":"Feature","properties":{"province":"JAWA BARAT","district":"KARAWANG","id":"JAWA BARAT/KARAWANG","name":"KARAWANG"},"geometry":{"type":"Polygon","coordinates":[[[107.6429,-6.2155],[107.5806,-6.2564],[107.5827,-6.3124],[107.5378,-6.387],[107.5348,-6.415],[107.5003,-6.4084],[107.4783,-6.4319],[107.4614,-6.4266],[107.445,-6.4386],[107.4333,-6.4595],[107.3732,-6.4683],[107.3905,-6.5112],[107.3487,-6.4798],[107.3058,-6.491],[107.2501,-6.573],[107.2205,-6.5907],[107.2051,-6.587],[107.1787,-6.552],[107.1642,-6.502],[107.1822,-6.4678],[107.2169,-6.4614],[107.1962,-6.423],[107.2214,-6.4081],[107.2212,-6.3842],[107.2048,-6.3757],[107.215,-6.3499],[107.2266,-6.3492],[107.2174,-6.3151],[107.255,-6.2948],[107.2761,-6.267],[107.2691,-6.232],[107.2837,-6.2259],[107.2722,-6.2169],[107.291,-6.217],[107.2966,-6.2029],[107.2786,-6.162],[107.2927,-6.1414],[107.2824,-6.148],[107.2812,-6.1276],[107.2706,-6.1297],[107.2653,-6.1113],[107.2485,-6.1161],[107.2468,-6.1011],[107.2216,-6.1039],[107.1891,-6.0893],[107.1857,-6.0766],[107.1436,-6.0713],[107.1405,-6.0572],[107.1303,-6.0615],[107.1362,-6.0496],[107.1266,-6.0543],[107.1113,-6.0289],[107.0939,-6.0274],[107.1016,-6.0162],[107.0844,-5.9908],[107.0982,-5.9399],[107.1331,-5.9761],[107.1678,-5.9888],[107.2664,-5.9607],[107.3427,-5.9702],[107.389,-6.0174],[107.4733,-6.1486],[107.5425,-6.1785],[107.6204,-6.1875],[107.6429,-6.2155]]]}},{"type":"Feature","properties":{"province":"KEPULAUAN RIAU","district":"KARIMUN","id":"KEPULAUAN RIAU/KARIMUN","name":"KARIMUN"},"geometry":{"type":"Polygon","coordinates":[[[103.3776,0.8968],[103.4065,0.8801],[103.4123,0.8448],[103.4728,0.8097],[103.512,0.7571],[103.5048,0.7193],[103.4568,0.6375],[103.4003,0.6488],[103.4001,0.6747],[103.3515,0.7408],[103.3432,0.8014],[103.3776,0.8968]]]}},{"type":"Feature","properties":{"province":"SUMATERA UTARA","district":"KARO","id":"SUMATERA UTARA/KARO","name":"KARO"},"geometry":{"type":"Polygon","coordinates":[[[98.4714,3.2417],[98.5389,3.2469],[98.5583,3.1998],[98.6225,3.2332],[98.6269,3.225],[98.6016,3.1629],[98.6294,3.1153],[98.6233,3.1049],[98.6057,3.1094],[98.5819,3.0712],[98.5848,3.0502],[98.5605,3.0265],[98.5347,2.9159],[98.5652,2.8808],[98.5783,2.83],[98.5408,2.8582],[98.5321,2.8794],[98.4827,2.8606],[98.4842,2.8702],[98.4382,2.8919],[98.4306,2.9174],[98.3698,2.9327],[98.3457,2.9659],[98.2963,2.9676],[98.2489,2.9312],[98.1985,2.9901],[98.1984,3.0465],[98.182,3.069],[98.1598,3.0703],[98.139,3.0485],[98.1131,3.0547],[98.0778,3.0749],[98.0593,3.1106],[98.0358,3.1087],[98.0376,3.0782],[97.9835,3.0863],[97.9762,3.1309],[97.9421,3.1648],[97.9447,3.2075],[97.9046,3.2567],[97.969,3.2737],[98.0293,3.3308],[98.0963,3.3157],[98.1226,3.2665],[98.2159,3.2837],[98.2497,3.2529],[98.2927,3.256],[98.3003,3.2257],[98.3346,3.2187],[98.3672,3.2451],[98.3482,3.2594],[98.3515,3.289],[98.4325,3.2375],[98.4508,3.2495],[98.4657,3.2304],[98.4714,3.2417]]]}},{"type":"Feature","properties":{"province":"KALIMANTAN TENGAH","district":"KATINGAN","id":"KALIMANTAN TENGAH/KATINGAN","name":"KATINGAN"},"geometry":{"type":"Polygon","coordinates":[[[113.1558,-0.4782],[113.2112,-0.5061],[113.1941,-0.5081],[113.1583,-0.5446],[113.1726,-0.602],[113.1923,-0.6135],[113.2269,-0.6808],[113.2238,-0.7044],[113.1847,-0.7442],[113.1979,-0.7841],[113.1901,-0.8023],[113.2006,-0.8354],[113.2342,-0.8626],[113.2196,-0.8929],[113.2299,-0.9424],[113.2863,-1.0644],[113.2489,-1.1078],[113.2387,-1.1546],[113.2037,-1.1677],[113.1837,-1.2165],[113.1857,-1.2517],[113.3613,-1.5255],[113.3998,-1.5411],[113.4901,-1.6178],[113.502,-1.6445],[113.4757,-1.6806],[113.4894,-1.7865],[113.5634,-1.9165],[113.6947,-2.0865],[113.6899,-2.2432],[113.762,-2.4019],[113.751,-2.5217],[113.665,-2.6183],[113.5841,-2.7378],[113.6278,-2.8108],[113.6603,-2.9139],[113.7084,-2.9633],[113.7136,-3.0216],[113.6639,-3.0542],[113.6657,-3.0854],[113.6461,-3.088],[113.6315,-3.1413],[113.6145,-3.1415],[113.6011,-3.1672],[113.5437,-3.1619],[113.4725,-3.1806],[113.4495,-3.1911],[113.4279,-3.2363],[113.3445,-3.2806],[113.2345,-3.1521],[113.2222,-3.0842],[113.0973,-2.7975],[113.0947,-2.6753],[113.2131,-2.4505],[113.1722,-2.323],[113.2697,-2.0244],[113.2201,-1.991],[113.2174,-1.9757],[113.2034,-1.9757],[113.2036,-1.9524],[113.1618,-1.9224],[113.1557,-1.8996],[113.1423,-1.8994],[113.1342,-1.8152],[113.0618,-1.8133],[113.0337,-1.7656],[112.9992,-1.7489],[113.0001,-1.7164],[112.9287,-1.7048],[112.9299,-1.641],[112.8966,-1.6401],[112.8989,-1.5942],[112.8638,-1.5917],[112.8623,-1.5247],[112.8383,-1.5049],[112.8393,-1.4239],[112.8156,-1.4239],[112.7914,-1.393],[112.746,-1.3781],[112.7495,-1.3335],[112.6912,-1.3065],[112.6696,-1.2724],[112.6749,-1.2558],[112.632,-1.2077],[112.5398,-1.1929],[112.511,-1.208],[112.4618,-1.198],[112.4268,-1.2063],[112.3922,-1.2396],[112.3503,-1.2315],[112.3339,-1.246],[112.3229,-1.2996],[112.2791,-1.3037],[112.2579,-1.3207],[112.202,-1.3027],[112.127,-1.3128],[112.1261,-1.2331],[112.0963,-1.2114],[112.1085,-1.2007],[112.1187,-1.1398],[112.1622,-1.0871],[112.158,-1.0391],[112.1169,-1.0452],[112.1002,-1.0208],[112.114,-0.9885],[112.1132,-0.9298],[112.1723,-0.8663],[112.1465,-0.8302],[112.1942,-0.7654],[112.1635,-0.6882],[112.1744,-0.6842],[112.1761,-0.6436],[112.2053,-0.6318],[112.2095,-0.615],[112.2328,-0.6129],[112.26,-0.6318],[112.3151,-0.7233],[112.3487,-0.7036],[112.3564,-0.715],[112.3857,-0.7136],[112.4343,-0.6736],[112.461,-0.6693],[112.4787,-0.6902],[112.4967,-0.6847],[112.5029,-0.7002],[112.5613,-0.6962],[112.5764,-0.6817],[112.6088,-0.684],[112.6382,-0.6573],[112.6881,-0.6591],[112.7047,-0.6201],[112.7344,-0.6308],[112.7295,-0.5881],[112.7446,-0.5719],[112.7774,-0.5738],[112.7875,-0.5858],[112.8324,-0.5776],[112.8658,-0.5478],[112.9116,-0.5405],[112.923,-0.522],[112.9757,-0.5111],[112.9915,-0.4928],[112.9981,-0.5034],[113.0377,-0.4959],[113.0546,-0.5138],[113.1308,-0.4522],[113.1558,-0.4782]]]}},{"type":"Feature","properties":{"province":"BENGKULU","district":"KAUR","id":"BENGKULU/KAUR","name":"KAUR"},"geometry":{"type":"Polygon","coordinates":[[[103.297,-4.257],[103.3711,-4.3157],[103.4093,-4.3136],[103.4676,-4.3548],[103.4249,-4.4014],[103.4262,-4.4558],[103.413,-4.4665],[103.4084,-4.504],[103.4874,-4.5779],[103.5275,-4.5722],[103.5716,-4.5252],[103.6195,-4.5313],[103.6301,-4.5575],[103.5987,-4.5934],[103.6611,-4.6104],[103.7024,-4.6644],[103.7047,-4.7041],[103.6685,-4.729],[103.7013,-4.723],[103.7353,-4.7439],[103.7633,-4.7423],[103.7905,-4.779],[103.7311,-4.7993],[103.6985,-4.837],[103.6375,-4.8675],[103.626,-4.8898],[103.6038,-4.8888],[103.596,-4.9224],[103.5326,-4.9167],[103.5222,-4.8874],[103.4698,-4.8653],[103.4236,-4.8707],[103.406,-4.8564],[103.415,-4.8404],[103.4038,-4.8184],[103.3736,-4.798],[103.3279,-4.8082],[103.3098,-4.7819],[103.3199,-4.7594],[103.2953,-4.7407],[103.2836,-4.7094],[103.1541,-4.6019],[103.0703,-4.5589],[103.0864,-4.5521],[103.0803,-4.5086],[103.1211,-4.4822],[103.1676,-4.3993],[103.2013,-4.3933],[103.201,-4.3077],[103.2376,-4.2909],[103.2796,-4.2905],[103.297,-4.257]]]}},{"type":"Feature","properties":{"province":"KALIMANTAN BARAT","district":"KAYONG UTARA","id":"KALIMANTAN BARAT/KAYONG UTARA","name":"KAYONG UTARA"},"geometry":{"type":"Polygon","coordinates":[[[110.0136,-0.7297],[110.0409,-0.7608],[110.0718,-0.7733],[110.0771,-0.7958],[110.1437,-0.8569],[110.1667,-0.857],[110.1696,-0.8836],[110.1527,-0.913],[110.165,-0.9347],[110.2415,-0.9333],[110.243,-0.9658],[110.2814,-0.9754],[110.2692,-1.0005],[110.3428,-1.0535],[110.3382,-1.0716],[110.3583,-1.0744],[110.3606,-1.1091],[110.3356,-1.1053],[110.3252,-1.1317],[110.3856,-1.1917],[110.3935,-1.2331],[110.4217,-1.2602],[110.3223,-1.256],[110.2841,-1.2835],[110.2176,-1.2853],[110.2171,-1.3444],[110.1802,-1.3412],[110.1701,-1.3546],[110.1414,-1.3447],[110.0677,-1.363],[110.0222,-1.2916],[109.9935,-1.274],[109.9618,-1.2772],[109.9388,-1.2517],[109.9481,-1.2394],[109.933,-1.233],[109.9345,-1.219],[109.9078,-1.2096],[109.9397,-1.1237],[109.8634,-1.0928],[109.8191,-1.0918],[109.8035,-1.0494],[109.7749,-1.0438],[109.7643,-0.9956],[109.7322,-0.9876],[109.728,-0.9205],[109.7553,-0.908],[109.7549,-0.8927],[109.7754,-0.877],[109.8013,-0.8698],[109.7994,-0.8427],[109.8931,-0.8233],[109.8948,-0.8029],[109.9311,-0.7834],[109.9399,-0.7405],[109.968,-0.7396],[109.9817,-0.7245],[110.0136,-0.7297]]]}},{"type":"Feature","properties":{"province":"JAWA TENGAH","district":"KEBUMEN","id":"JAWA TENGAH/KEBUMEN","name":"KEBUMEN"},"geometry":{"type":"Polygon","coordinates":[[[109.7592,-7.4754],[109.755,-7.4962],[109.7734,-7.5191],[109.7411,-7.5309],[109.7305,-7.5598],[109.7654,-7.6044],[109.802,-7.6117],[109.8145,-7.6014],[109.7978,-7.6953],[109.832,-7.7232],[109.8393,-7.7736],[109.8236,-7.8312],[109.5041,-7.7627],[109.4676,-7.7585],[109.4122,-7.7763],[109.3876,-7.7557],[109.3939,-7.6964],[109.3788,-7.6868],[109.3906,-7.672],[109.3795,-7.6668],[109.3837,-7.6528],[109.3908,-7.6437],[109.415,-7.6485],[109.4464,-7.6209],[109.4154,-7.5697],[109.4366,-7.5276],[109.4979,-7.5033],[109.545,-7.5227],[109.5626,-7.5093],[109.5871,-7.5156],[109.6382,-7.4788],[109.646,-7.4948],[109.6844,-7.5035],[109.7516,-7.4457],[109.7592,-7.4754]]]}},{"type":"Feature","properties":{"province":"JAWA TIMUR","district":"KEDIRI","id":"JAWA TIMUR/KEDIRI","name":"KEDIRI"},"geometry":{"type":"Polygon","coordinates":[[[112.4173,-7.7645],[112.3962,-7.7854],[112.3491,-7.7615],[112.3287,-7.7773],[112.2878,-7.7707],[112.326,-7.8729],[112.3061,-7.9361],[112.1784,-7.9741],[112.0963,-7.97],[112.0927,-7.991],[111.9812,-7.9969],[111.9762,-8.0126],[111.9567,-7.9977],[111.9452,-7.9535],[111.9277,-7.9629],[111.8836,-7.9479],[111.863,-7.9077],[111.8027,-7.8657],[111.7972,-7.8479],[111.814,-7.813],[111.928,-7.7226],[111.9541,-7.6796],[111.9851,-7.6864],[111.9822,-7.711],[112.0022,-7.7523],[112.0223,-7.7619],[112.0272,-7.7257],[112.0591,-7.7235],[112.0763,-7.7015],[112.1105,-7.5931],[112.1215,-7.6067],[112.1654,-7.613],[112.2519,-7.7258],[112.3018,-7.7268],[112.3973,-7.7761],[112.4173,-7.7645]],[[112.0094,-7.7718],[111.9555,-7.8063],[111.9581,-7.8229],[112.008,-7.8404],[111.9982,-7.8516],[112.0306,-7.8674],[112.0578,-7.8643],[112.0743,-7.8758],[112.0658,-7.8546],[112.0819,-7.8448],[112.0769,-7.8322],[112.0559,-7.8344],[112.0333,-7.8188],[112.0313,-7.8003],[112.0023,-7.7884],[112.0094,-7.7718]]]}},{"type":"Feature","properties":{"province":"PAPUA","district":"KEEROM","id":"PAPUA/KEEROM","name":"KEEROM"},"geometry":{"type":"Polygon","coordinates":[[[141.0027,-2.8393],[141.0012,-4.0196],[140.9835,-4.0081],[140.9744,-3.9669],[140.8898,-3.9611],[140.851,-3.9735],[140.8275,-3.9996],[140.8101,-3.9953],[140.8123,-4.013],[140.7787,-4.0001],[140.7184,-4.0205],[140.6921,-3.984],[140.657,-3.9722],[140.7207,-4.082],[140.7186,-4.0992],[140.708,-4.0987],[140.6844,-4.0457],[140.6638,-4.0375],[140.6408,-4.0462],[140.6401,-4.0647],[140.6103,-4.0619],[140.5886,-4.116],[140.5679,-4.1161],[140.5689,-4.0973],[140.5523,-4.0968],[140.5586,-4.0822],[140.5189,-4.0637],[140.4839,-4.0009],[140.4646,-3.9915],[140.4764,-3.993],[140.4707,-3.9652],[140.4378,-3.9592],[140.4467,-3.948],[140.4273,-3.9312],[140.4354,-3.9116],[140.4051,-3.9145],[140.4046,-3.8942],[140.4171,-3.899],[140.4123,-3.8839],[140.432,-3.8552],[140.4145,-3.8427],[140.4222,-3.8201],[140.4002,-3.8139],[140.4175,-3.8011],[140.3971,-3.7703],[140.4079,-3.7567],[140.4034,-3.7379],[140.3842,-3.7365],[140.372,-3.7086],[140.358,-3.7107],[140.3649,-3.6826],[140.3418,-3.6884],[140.3518,-3.6841],[140.3464,-3.6698],[140.3736,-3.6624],[140.3969,-3.6292],[140.3758,-3.5817],[140.3859,-3.5542],[140.3618,-3.5285],[140.3736,-3.5332],[140.3789,-3.5141],[140.3641,-3.5151],[140.3661,-3.4935],[140.3506,-3.501],[140.3524,-3.4902],[140.3371,-3.486],[140.3689,-3.4691],[140.3482,-3.4022],[140.3596,-3.3909],[140.3494,-3.3815],[140.3626,-3.3844],[140.3703,-3.3672],[140.3624,-3.3694],[140.3631,-3.352],[140.3433,-3.3587],[140.3509,-3.3379],[140.3237,-3.3288],[140.3136,-3.2921],[140.3371,-3.2089],[140.3178,-3.1937],[140.3242,-3.1796],[140.4073,-3.1336],[140.3926,-3.1018],[140.4083,-3.0825],[140.3591,-3.0308],[140.3724,-3.0126],[140.3963,-3.0237],[140.4122,-3.0141],[140.3867,-2.9761],[140.3824,-2.9421],[140.4042,-2.9234],[140.3894,-2.8636],[140.4141,-2.846],[140.3749,-2.8172],[140.4066,-2.783],[140.4481,-2.7776],[140.4687,-2.7527],[140.4908,-2.7544],[140.5021,-2.774],[140.5255,-2.7799],[140.5739,-2.7585],[140.6136,-2.7761],[140.6273,-2.7516],[140.6338,-2.7609],[140.6642,-2.7513],[140.6794,-2.7638],[140.728,-2.7633],[140.739,-2.7503],[140.7583,-2.7542],[140.7838,-2.7201],[140.8074,-2.728],[140.824,-2.7106],[140.8506,-2.7485],[140.9041,-2.7646],[140.8986,-2.7793],[140.9448,-2.7896],[140.9576,-2.8119],[141.0027,-2.8393]]]}},{"type":"Feature","properties":{"province":"JAWA TENGAH","district":"KENDAL","id":"JAWA TENGAH/KENDAL","name":"KENDAL"},"geometry":{"type":"Polygon","coordinates":[[[110.2949,-6.9467],[110.2995,-6.9604],[110.2848,-6.9707],[110.295,-6.981],[110.2817,-6.9906],[110.2716,-7.0412],[110.2944,-7.054],[110.3147,-7.1078],[110.3452,-7.1002],[110.3465,-7.085],[110.3533,-7.1364],[110.3438,-7.1553],[110.3664,-7.1758],[110.2724,-7.1992],[110.2456,-7.1844],[110.2135,-7.1856],[110.1849,-7.1516],[110.1385,-7.1337],[110.1934,-7.1057],[110.1933,-7.0808],[110.1833,-7.0775],[110.1754,-7.101],[110.1199,-7.0932],[110.0766,-7.1209],[110.0556,-7.1211],[109.9608,-7.193],[109.9355,-7.2018],[109.9227,-7.1868],[109.9774,-7.0818],[109.9743,-7.0337],[110.0132,-7.0186],[110.051,-6.98],[110.051,-6.9415],[110.0308,-6.9301],[110.045,-6.9212],[110.0263,-6.9118],[110.0392,-6.9032],[110.1404,-6.8758],[110.174,-6.854],[110.1726,-6.8331],[110.1793,-6.8484],[110.2271,-6.8657],[110.2179,-6.8641],[110.2289,-6.8855],[110.2546,-6.9098],[110.2828,-6.9096],[110.3069,-6.9279],[110.2949,-6.9467]]]}},{"type":"Feature","properties":{"province":"SULAWESI UTARA","district":"KEP. SIAU TAGULANDANG BIARO","id":"SULAWESI UTARA/KEP. SIAU TAGULANDANG BIARO","name":"KEP. SIAU TAGULANDANG BIARO"},"geometry":{"type":"Polygon","coordinates":[[[125.4066,2.8116],[125.432,2.8059],[125.4569,2.7709],[125.4514,2.7533],[125.4009,2.7136],[125.3924,2.6787],[125.4316,2.6501],[125.4092,2.6329],[125.376,2.6518],[125.3589,2.7235],[125.3739,2.795],[125.4066,2.8116]]]}},{"type":"Feature","properties":{"province":"BENGKULU","district":"KEPAHIANG","id":"BENGKULU/KEPAHIANG","name":"KEPAHIANG"},"geometry":{"type":"Polygon","coordinates":[[[102.6352,-3.5295],[102.7222,-3.5526],[102.8102,-3.5299],[102.8125,-3.5462],[102.7947,-3.5817],[102.8078,-3.6128],[102.7739,-3.6757],[102.7696,-3.7095],[102.7345,-3.7174],[102.7344,-3.7463],[102.6968,-3.7699],[102.6927,-3.7584],[102.6581,-3.7717],[102.6203,-3.8022],[102.597,-3.748],[102.583,-3.7454],[102.5779,-3.6834],[102.5282,-3.6561],[102.5136,-3.5928],[102.4786,-3.5526],[102.4331,-3.5465],[102.45,-3.5257],[102.4969,-3.5136],[102.5007,-3.4972],[102.5296,-3.4942],[102.5944,-3.5257],[102.6282,-3.5164],[102.6352,-3.5295]]]}},{"type":"Feature","properties":{"province":"KEPULAUAN RIAU","district":"KEPULAUAN ANAMBAS","id":"KEPULAUAN RIAU/KEPULAUAN ANAMBAS","name":"KEPULAUAN ANAMBAS"},"geometry":{"type":"Polygon","coordinates":[[[105.6973,3.0629],[105.7151,3.0301],[105.7387,3.0498],[105.7365,3.0091],[105.7242,2.9937],[105.7482,2.9693],[105.7621,2.9808],[105.7864,2.9724],[105.8007,2.9997],[105.8505,2.9871],[105.8403,2.979],[105.8519,2.9572],[105.8199,2.9706],[105.821,2.9486],[105.8105,2.9437],[105.8281,2.9104],[105.7903,2.9082],[105.8215,2.8861],[105.8,2.8877],[105.7813,2.9092],[105.7825,2.8967],[105.7655,2.8938],[105.767,2.8716],[105.7213,2.8736],[105.7387,2.8504],[105.755,2.8563],[105.7694,2.8431],[105.7485,2.819],[105.7398,2.8328],[105.7327,2.8149],[105.6931,2.8508],[105.7071,2.9252],[105.6942,2.9329],[105.7067,2.935],[105.715,2.9839],[105.6751,3.0088],[105.6922,3.0055],[105.7055,3.0317],[105.6936,3.0437],[105.6973,3.0629]]]}},{"type":"Feature","properties":{"province":"MALUKU","district":"KEPULAUAN ARU","id":"MALUKU/KEPULAUAN ARU","name":"KEPULAUAN ARU"},"geometry":{"type":"Polygon","coordinates":[[[134.1168,-6.1605],[134.1355,-6.169],[134.1666,-6.2145],[134.224,-6.2224],[134.2877,-6.2912],[134.3032,-6.2913],[134.298,-6.3605],[134.3118,-6.3559],[134.3394,-6.3983],[134.357,-6.3959],[134.3593,-6.4128],[134.3668,-6.3997],[134.3811,-6.4108],[134.4049,-6.3981],[134.407,-6.4161],[134.4131,-6.4078],[134.4262,-6.4181],[134.4185,-6.4496],[134.4601,-6.4329],[134.4795,-6.4911],[134.496,-6.5067],[134.4742,-6.5469],[134.4969,-6.5494],[134.4844,-6.5802],[134.5025,-6.5861],[134.5242,-6.5739],[134.5303,-6.5857],[134.5236,-6.61],[134.5021,-6.6163],[134.4952,-6.6559],[134.4696,-6.6638],[134.4642,-6.6801],[134.4247,-6.6502],[134.4473,-6.6949],[134.3997,-6.7354],[134.3868,-6.7337],[134.4012,-6.7582],[134.3749,-6.77],[134.3538,-6.8043],[134.3783,-6.8106],[134.3755,-6.8197],[134.3324,-6.8609],[134.2119,-6.9067],[134.1973,-6.9417],[134.1698,-6.9177],[134.1336,-6.8518],[134.0948,-6.85],[134.0724,-6.8302],[134.0518,-6.7742],[134.0842,-6.6959],[134.0993,-6.4896],[134.1164,-6.4486],[134.1513,-6.4906],[134.1704,-6.4788],[134.1827,-6.4955],[134.2005,-6.4861],[134.2111,-6.5465],[134.2338,-6.5118],[134.1957,-6.4658],[134.2172,-6.4439],[134.1841,-6.4589],[134.2114,-6.4256],[134.1408,-6.4634],[134.1159,-6.4173],[134.1368,-6.3092],[134.0959,-6.1699],[134.1168,-6.1605]]]}},{"type":"Feature","properties":{"province":"SUMATERA BARAT","district":"KEPULAUAN MENTAWAI","id":"SUMATERA BARAT/KEPULAUAN MENTAWAI","name":"KEPULAUAN MENTAWAI"},"geometry":{"type":"Polygon","coordinates":[[[98.9103,-0.9284],[98.9104,-0.9409],[98.902,-0.9266],[98.8984,-0.9419],[98.9303,-0.9341],[98.9519,-1.0123],[98.9434,-1.0162],[98.9261,-0.9883],[98.9172,-0.9933],[98.9366,-1.0303],[98.935,-1.0608],[98.949,-1.0836],[98.9582,-1.0764],[99.0012,-1.1158],[99.0078,-1.1634],[99.0412,-1.2054],[99.0259,-1.2215],[99.0506,-1.2269],[99.0681,-1.2526],[99.069,-1.2729],[99.0522,-1.2744],[99.0645,-1.2896],[99.0489,-1.2938],[99.0689,-1.3038],[99.0805,-1.2937],[99.0981,-1.3631],[99.1168,-1.3784],[99.103,-1.3918],[99.1133,-1.3989],[99.129,-1.3863],[99.1245,-1.4068],[99.1447,-1.3981],[99.1668,-1.4317],[99.1586,-1.4494],[99.1685,-1.4714],[99.1165,-1.4362],[99.1143,-1.4459],[99.1801,-1.5037],[99.1848,-1.5212],[99.1968,-1.5097],[99.2066,-1.5269],[99.193,-1.5438],[99.209,-1.5524],[99.1935,-1.5669],[99.2199,-1.6049],[99.2601,-1.5942],[99.2541,-1.6033],[99.2668,-1.6021],[99.2654,-1.6171],[99.2875,-1.6325],[99.2696,-1.6462],[99.2925,-1.653],[99.2744,-1.663],[99.3018,-1.7198],[99.2856,-1.7272],[99.2916,-1.7505],[99.2809,-1.752],[99.2623,-1.7369],[99.2631,-1.7119],[99.2534,-1.7117],[99.223,-1.6295],[99.2056,-1.6244],[99.2009,-1.6368],[99.2037,-1.6462],[99.2164,-1.6402],[99.241,-1.6771],[99.2339,-1.6844],[99.2205,-1.6637],[99.2396,-1.6986],[99.2399,-1.7406],[99.263,-1.773],[99.2472,-1.7777],[99.2405,-1.7968],[99.2262,-1.7849],[99.1673,-1.7793],[99.1447,-1.7887],[99.1415,-1.8046],[99.1074,-1.812],[98.8779,-1.6791],[98.8609,-1.644],[98.8252,-1.6157],[98.8372,-1.5869],[98.8037,-1.5184],[98.6524,-1.3117],[98.6304,-1.2512],[98.6027,-1.2255],[98.5965,-1.1987],[98.6157,-1.1828],[98.6571,-1.0887],[98.6634,-0.98],[98.7113,-0.9451],[98.7393,-0.9587],[98.7969,-0.9569],[98.8667,-0.9327],[98.8989,-0.9061],[98.9115,-0.9113],[98.9103,-0.9284]]]}},{"type":"Feature","properties":{"province":"RIAU","district":"KEPULAUAN MERANTI","id":"RIAU/KEPULAUAN MERANTI","name":"KEPULAUAN MERANTI"},"geometry":{"type":"Polygon","coordinates":[[[102.7347,1.0223],[102.7787,1.0032],[102.7977,0.9791],[102.8796,0.9517],[102.9429,0.8878],[103.0463,0.8245],[103.0561,0.7808],[103.0489,0.7209],[103.0245,0.6879],[102.9923,0.6907],[102.9261,0.7705],[102.8603,0.7932],[102.6574,0.7896],[102.577,0.7666],[102.5018,0.7904],[102.427,0.8357],[102.4077,0.8843],[102.4401,0.9355],[102.488,0.9309],[102.5914,1.0021],[102.6451,0.9912],[102.7347,1.0223]]]}},{"type":"Feature","properties":{"province":"SULAWESI UTARA","district":"KEPULAUAN SANGIHE","id":"SULAWESI UTARA/KEPULAUAN SANGIHE","name":"KEPULAUAN SANGIHE"},"geometry":{"type":"Polygon","coordinates":[[[125.4497,3.7365],[125.5078,3.7231],[125.5727,3.6462],[125.5634,3.6265],[125.5834,3.6257],[125.5946,3.6112],[125.5727,3.6066],[125.5825,3.5975],[125.5607,3.5905],[125.5594,3.5779],[125.5851,3.5832],[125.5898,3.553],[125.6003,3.5587],[125.618,3.5426],[125.6416,3.4912],[125.6609,3.4868],[125.6401,3.5126],[125.6623,3.5232],[125.6543,3.5054],[125.671,3.4941],[125.6637,3.4719],[125.6764,3.4294],[125.6544,3.4033],[125.6571,3.3894],[125.6358,3.3801],[125.6377,3.3891],[125.6307,3.3807],[125.6207,3.3888],[125.6217,3.3725],[125.6053,3.3683],[125.595,3.3803],[125.5812,3.376],[125.592,3.3841],[125.5862,3.4049],[125.5583,3.422],[125.57,3.4377],[125.5485,3.435],[125.5509,3.4191],[125.5336,3.4075],[125.5195,3.4249],[125.5257,3.4373],[125.5029,3.4352],[125.4902,3.4598],[125.4994,3.4672],[125.4848,3.4679],[125.4813,3.4818],[125.4871,3.5258],[125.512,3.5677],[125.4893,3.5731],[125.4823,3.5938],[125.5032,3.6075],[125.4408,3.6216],[125.3976,3.6732],[125.4041,3.7194],[125.4497,3.7365]]]}},{"type":"Feature","properties":{"province":"SULAWESI SELATAN","district":"KEPULAUAN SELAYAR","id":"SULAWESI SELATAN/KEPULAUAN SELAYAR","name":"KEPULAUAN SELAYAR"},"geometry":{"type":"Polygon","coordinates":[[[120.4973,-5.7702],[120.5084,-5.792],[120.5025,-5.8129],[120.5303,-5.8445],[120.533,-5.9116],[120.5683,-6.0558],[120.5516,-6.0751],[120.5546,-6.1047],[120.5442,-6.1089],[120.5511,-6.1226],[120.5396,-6.1239],[120.5486,-6.1355],[120.5242,-6.2226],[120.5388,-6.2502],[120.5385,-6.3277],[120.5218,-6.3361],[120.5061,-6.3926],[120.4952,-6.3914],[120.5099,-6.4436],[120.4834,-6.4984],[120.4601,-6.4084],[120.4695,-6.399],[120.4542,-6.3817],[120.4711,-6.3834],[120.4805,-6.2821],[120.4458,-6.2666],[120.4448,-6.2001],[120.4264,-6.1808],[120.4489,-6.1578],[120.4659,-6.0933],[120.451,-6.0643],[120.4451,-5.9603],[120.4609,-5.796],[120.475,-5.7737],[120.4973,-5.7702]]]}},{"type":"Feature","properties":{"province":"MALUKU UTARA","district":"KEPULAUAN SULA","id":"MALUKU UTARA/KEPULAUAN SULA","name":"KEPULAUAN SULA"},"geometry":{"type":"Polygon","coordinates":[[[125.4099,-1.7787],[125.4247,-1.8093],[125.4497,-1.8005],[125.4575,-1.7785],[125.4802,-1.7797],[125.4869,-1.7862],[125.4715,-1.8019],[125.4885,-1.8199],[125.4966,-1.8076],[125.4994,-1.8218],[125.5092,-1.8094],[125.5168,-1.8182],[125.5147,-1.8049],[125.5264,-1.8114],[125.539,-1.7865],[125.5413,-1.8124],[125.5494,-1.8024],[125.5884,-1.8052],[125.6041,-1.8199],[125.6229,-1.8128],[125.6371,-1.8299],[125.6478,-1.8212],[125.697,-1.8303],[125.715,-1.8168],[125.7277,-1.8271],[125.7453,-1.8062],[125.7716,-1.8129],[125.7802,-1.7979],[125.8152,-1.8114],[125.9134,-1.7931],[126.1299,-1.8121],[126.197,-1.8045],[126.3049,-1.8286],[126.3127,-1.8154],[126.3533,-1.8148],[126.2453,-1.8793],[126.2063,-1.867],[126.139,-1.8911],[126.0891,-1.8787],[125.9191,-1.9388],[125.8421,-1.895],[125.7904,-1.9141],[125.7844,-1.9331],[125.768,-1.9206],[125.5778,-1.929],[125.5285,-1.948],[125.4905,-1.9341],[125.4227,-1.9504],[125.4409,-1.9268],[125.4359,-1.8878],[125.4043,-1.8686],[125.3947,-1.8742],[125.3929,-1.8589],[125.3745,-1.8628],[125.371,-1.8456],[125.359,-1.8845],[125.3452,-1.888],[125.329,-1.8581],[125.3412,-1.8136],[125.3758,-1.8067],[125.3569,-1.7967],[125.3657,-1.7814],[125.4099,-1.7787]]]}},{"type":"Feature","properties":{"province":"SULAWESI UTARA","district":"KEPULAUAN TALAUD","id":"SULAWESI UTARA/KEPULAUAN TALAUD","name":"KEPULAUAN TALAUD"},"geometry":{"type":"Polygon","coordinates":[[[126.7482,4.5446],[126.7846,4.5244],[126.8076,4.534],[126.8309,4.491],[126.8551,4.4896],[126.8691,4.4288],[126.8515,4.4131],[126.8509,4.3731],[126.9111,4.27],[126.8609,4.2506],[126.8703,4.2175],[126.7964,4.1488],[126.8118,4.1035],[126.8076,4.0318],[126.7944,4.032],[126.7626,3.9949],[126.702,4.005],[126.684,3.9927],[126.6708,4.0034],[126.6685,4.0447],[126.6865,4.0748],[126.7334,4.1095],[126.7587,4.1819],[126.7908,4.2132],[126.7925,4.236],[126.7786,4.2496],[126.7573,4.2473],[126.747,4.2627],[126.7086,4.2732],[126.7075,4.3223],[126.6803,4.3365],[126.7038,4.4289],[126.7173,4.435],[126.7172,4.4563],[126.7338,4.4625],[126.7219,4.4748],[126.7199,4.513],[126.7482,4.5446]]]}},{"type":"Feature","properties":{"province":"MALUKU","district":"MALUKU TENGGARA BARAT","id":"MALUKU/MALUKU TENGGARA BARAT","name":"MALUKU TENGGARA BARAT"},"geometry":{"type":"Polygon","coordinates":[[[131.6557,-7.1186],[131.6596,-7.1466],[131.6404,-7.1772],[131.6808,-7.1733],[131.6801,-7.1523],[131.7103,-7.1436],[131.6906,-7.1633],[131.7187,-7.1646],[131.7179,-7.1895],[131.7471,-7.2124],[131.7061,-7.2333],[131.6524,-7.2306],[131.6497,-7.2497],[131.6314,-7.2579],[131.6373,-7.3063],[131.6585,-7.3354],[131.6514,-7.3518],[131.6821,-7.379],[131.6769,-7.3918],[131.6485,-7.394],[131.6461,-7.4044],[131.6629,-7.405],[131.6571,-7.4303],[131.6707,-7.4212],[131.6709,-7.4374],[131.7064,-7.4223],[131.6673,-7.4524],[131.672,-7.4963],[131.6488,-7.5053],[131.6673,-7.5118],[131.6219,-7.6499],[131.6002,-7.6443],[131.5849,-7.6598],[131.5895,-7.6694],[131.5534,-7.7236],[131.4849,-7.73],[131.4786,-7.7839],[131.4516,-7.7774],[131.4605,-7.8109],[131.4315,-7.8146],[131.4155,-7.839],[131.3916,-7.8427],[131.3636,-7.8701],[131.3605,-7.888],[131.3804,-7.8962],[131.3627,-7.9117],[131.3444,-7.9073],[131.3266,-7.9337],[131.3556,-7.9329],[131.33,-7.9546],[131.3419,-7.9913],[131.2923,-8.031],[131.286,-8.0023],[131.3073,-7.962],[131.2936,-7.9237],[131.2318,-8.0072],[131.1717,-7.9927],[131.1424,-8.0024],[131.1029,-7.9962],[131.1207,-7.9115],[131.1036,-7.8681],[131.103,-7.8936],[131.081,-7.8786],[131.0821,-7.8475],[131.1021,-7.8393],[131.107,-7.8228],[131.1395,-7.8359],[131.1451,-7.803],[131.1148,-7.7947],[131.1372,-7.7833],[131.1115,-7.7832],[131.1557,-7.7718],[131.1315,-7.77],[131.1493,-7.7496],[131.142,-7.7352],[131.1147,-7.7579],[131.1257,-7.7349],[131.111,-7.7231],[131.1066,-7.7435],[131.1065,-7.7048],[131.1282,-7.6815],[131.1696,-7.723],[131.2471,-7.7241],[131.2083,-7.6998],[131.1852,-7.7045],[131.1749,-7.6782],[131.1559,-7.672],[131.1761,-7.655],[131.1839,-7.5896],[131.2203,-7.5369],[131.2365,-7.4768],[131.2613,-7.4532],[131.2791,-7.456],[131.2901,-7.4372],[131.3049,-7.4408],[131.3179,-7.4203],[131.3434,-7.4472],[131.3553,-7.3959],[131.3687,-7.4041],[131.3836,-7.3939],[131.3658,-7.3732],[131.394,-7.3594],[131.38,-7.3536],[131.3843,-7.3454],[131.4284,-7.3348],[131.4517,-7.347],[131.4325,-7.3164],[131.4459,-7.2804],[131.4575,-7.2869],[131.4819,-7.2347],[131.4987,-7.2297],[131.5066,-7.24],[131.5356,-7.2274],[131.5181,-7.1801],[131.5303,-7.147],[131.5744,-7.1469],[131.5847,-7.1253],[131.5988,-7.1265],[131.6022,-7.14],[131.6059,-7.1254],[131.6557,-7.1186]]]}},{"type":"Feature","properties":{"province":"PAPUA","district":"KEPULAUAN YAPEN","id":"PAPUA/KEPULAUAN YAPEN","name":"KEPULAUAN YAPEN"},"geometry":{"type":"Polygon","coordinates":[[[135.4763,-1.5996],[135.6239,-1.6258],[135.6889,-1.6197],[135.6927,-1.6344],[135.7001,-1.6249],[135.7298,-1.6362],[135.7406,-1.6261],[135.7851,-1.6262],[135.8285,-1.6431],[135.847,-1.6385],[135.8357,-1.6573],[135.8481,-1.6528],[135.8497,-1.6638],[135.8987,-1.635],[135.9538,-1.6411],[135.9659,-1.6539],[136.0141,-1.6471],[136.0516,-1.6595],[136.0772,-1.6493],[136.2032,-1.6483],[136.2306,-1.6695],[136.3694,-1.717],[136.4101,-1.7195],[136.4457,-1.6978],[136.5854,-1.7292],[136.6689,-1.7261],[136.7681,-1.7473],[136.789,-1.7397],[136.9034,-1.7927],[136.8736,-1.8004],[136.8487,-1.8274],[136.7959,-1.8122],[136.7575,-1.8265],[136.7187,-1.816],[136.6973,-1.8237],[136.7118,-1.8342],[136.7063,-1.8434],[136.687,-1.8341],[136.6281,-1.8727],[136.6179,-1.8622],[136.5354,-1.8692],[136.5044,-1.8482],[136.5373,-1.8928],[136.5476,-1.8894],[136.5366,-1.8986],[136.4999,-1.8799],[136.4704,-1.8841],[136.4678,-1.8946],[136.4126,-1.8731],[136.3977,-1.8881],[136.3868,-1.8723],[136.3709,-1.8821],[136.3425,-1.8602],[136.275,-1.8829],[136.2629,-1.9128],[136.248,-1.8861],[136.2291,-1.9096],[136.2265,-1.8847],[136.198,-1.8699],[136.2,-1.8556],[136.1893,-1.8747],[136.1938,-1.8588],[136.1717,-1.8744],[136.1471,-1.8533],[136.071,-1.8496],[136.0264,-1.8194],[135.978,-1.8168],[135.9119,-1.7549],[135.8994,-1.7561],[135.9133,-1.7778],[135.8993,-1.7878],[135.8696,-1.7398],[135.8506,-1.7417],[135.872,-1.7576],[135.8578,-1.7674],[135.8456,-1.7462],[135.8235,-1.7502],[135.8145,-1.7273],[135.7613,-1.7065],[135.7513,-1.7216],[135.7293,-1.699],[135.7325,-1.6877],[135.6729,-1.7066],[135.6663,-1.692],[135.6461,-1.6943],[135.6557,-1.685],[135.6146,-1.6974],[135.6201,-1.6837],[135.578,-1.6873],[135.5548,-1.6625],[135.5206,-1.6864],[135.5216,-1.6615],[135.5077,-1.6745],[135.5134,-1.6863],[135.4932,-1.6748],[135.474,-1.6804],[135.4664,-1.6372],[135.4486,-1.6424],[135.4432,-1.6108],[135.4102,-1.6016],[135.4763,-1.5996]]]}},{"type":"Feature","properties":{"province":"JAMBI","district":"KERINCI","id":"JAMBI/KERINCI","name":"KERINCI"},"geometry":{"type":"Polygon","coordinates":[[[101.4266,-1.6775],[101.4454,-1.7112],[101.6176,-1.874],[101.666,-1.9728],[101.6983,-1.997],[101.7304,-2.0012],[101.7265,-2.0208],[101.7507,-2.0378],[101.7604,-2.0741],[101.7934,-2.1054],[101.7834,-2.1394],[101.8368,-2.1819],[101.8294,-2.1899],[101.8123,-2.1775],[101.784,-2.1946],[101.7787,-2.2284],[101.7397,-2.2624],[101.7114,-2.3181],[101.6587,-2.3473],[101.6379,-2.3503],[101.6137,-2.3325],[101.6003,-2.3334],[101.5884,-2.3601],[101.5546,-2.3519],[101.557,-2.4519],[101.4056,-2.3567],[101.3787,-2.3552],[101.37,-2.3473],[101.3849,-2.3338],[101.2929,-2.2887],[101.281,-2.2627],[101.2797,-2.251],[101.3697,-2.1911],[101.3686,-2.1744],[101.3922,-2.1806],[101.4122,-2.1656],[101.4092,-2.1189],[101.4538,-2.0932],[101.4449,-2.0448],[101.4294,-2.027],[101.2891,-2.0264],[101.2397,-2.0667],[101.1383,-1.8989],[101.1317,-1.6847],[101.1692,-1.7106],[101.191,-1.676],[101.1968,-1.7102],[101.2159,-1.7251],[101.2423,-1.7211],[101.2667,-1.6958],[101.3104,-1.701],[101.3365,-1.6807],[101.3732,-1.6753],[101.3954,-1.69],[101.4111,-1.6727],[101.4266,-1.6775]]]}},{"type":"Feature","properties":{"province":"KALIMANTAN BARAT","district":"KETAPANG","id":"KALIMANTAN BARAT/KETAPANG","name":"KETAPANG"},"geometry":{"type":"Polygon","coordinates":[[[110.487,-0.3293],[110.5097,-0.3244],[110.538,-0.3509],[110.5704,-0.3465],[110.5626,-0.3718],[110.575,-0.39],[110.5976,-0.3953],[110.618,-0.4435],[110.6149,-0.5099],[110.6335,-0.5503],[110.6168,-0.5646],[110.6283,-0.566],[110.6348,-0.5873],[110.6747,-0.6168],[110.7172,-0.6225],[110.7638,-0.6213],[110.8239,-0.5999],[110.8636,-0.6355],[110.8712,-0.6732],[110.8954,-0.6807],[110.9119,-0.6648],[110.9348,-0.676],[110.9347,-0.6502],[110.9602,-0.643],[110.97,-0.626],[110.9277,-0.5576],[110.9659,-0.5207],[110.9661,-0.4815],[111.0077,-0.506],[111.0584,-0.5124],[111.0722,-0.5013],[111.1712,-0.5182],[111.1922,-0.5096],[111.2132,-0.531],[111.2397,-0.5916],[111.2406,-0.6234],[111.2145,-0.6473],[111.2414,-0.6927],[111.2438,-0.7353],[111.2073,-0.7823],[111.2181,-0.8492],[111.2067,-0.8526],[111.1863,-0.8224],[111.1721,-0.8483],[111.1613,-0.8459],[111.1518,-0.8656],[111.167,-0.9113],[111.1219,-0.931],[111.1141,-0.9519],[111.1222,-0.9634],[111.1506,-0.9649],[111.1447,-1.0072],[111.1983,-1.0197],[111.216,-1.0571],[111.2398,-1.0569],[111.2622,-1.0986],[111.2325,-1.1898],[111.2624,-1.215],[111.2554,-1.2497],[111.316,-1.2574],[111.3159,-1.3012],[111.3414,-1.3134],[111.3267,-1.3671],[111.3057,-1.3895],[111.2841,-1.3835],[111.2542,-1.4381],[111.2038,-1.4428],[111.2,-1.4749],[111.1807,-1.4768],[111.1761,-1.4447],[111.156,-1.4318],[111.1111,-1.4658],[111.1196,-1.4868],[111.0987,-1.487],[111.0796,-1.525],[111.0498,-1.5165],[111.0349,-1.5288],[111.0249,-1.5048],[111.0063,-1.5036],[110.9697,-1.552],[110.935,-1.5573],[110.9038,-1.6016],[110.887,-1.5986],[110.8636,-1.6244],[110.8733,-1.6655],[110.8929,-1.6568],[110.9031,-1.6874],[110.917,-1.693],[110.94,-1.6573],[110.9943,-1.6501],[110.9976,-1.6837],[110.9845,-1.6891],[110.9944,-1.7069],[111.0258,-1.7199],[111.0141,-1.7818],[110.9689,-1.8139],[110.9778,-1.8285],[110.9523,-1.8462],[110.9502,-1.8869],[110.9641,-1.8948],[110.9871,-1.9531],[111.0,-1.9474],[111.0095,-1.9692],[111.055,-1.9572],[111.0864,-1.9654],[111.1014,-1.9886],[111.0789,-2.0094],[111.0882,-2.0449],[111.0584,-2.0593],[111.0695,-2.1145],[111.0503,-2.1614],[111.0365,-2.1684],[111.0401,-2.2058],[111.0229,-2.224],[111.1156,-2.3275],[111.1066,-2.4118],[111.1172,-2.432],[111.0991,-2.4657],[111.1132,-2.5227],[111.147,-2.5418],[111.1426,-2.5607],[111.1273,-2.5621],[111.1316,-2.5988],[111.1759,-2.6884],[111.1704,-2.707],[111.1472,-2.7418],[111.1013,-2.7686],[111.0118,-2.7952],[110.9696,-2.856],[110.8945,-2.8696],[110.7934,-2.9124],[110.7532,-2.945],[110.7332,-2.9964],[110.6571,-3.0399],[110.6267,-3.0292],[110.6109,-2.9905],[110.644,-2.9898],[110.6235,-2.8895],[110.5965,-2.853],[110.569,-2.8399],[110.4963,-2.8576],[110.4189,-2.8968],[110.306,-2.9964],[110.2594,-2.9603],[110.2241,-2.8872],[110.2585,-2.8307],[110.2608,-2.767],[110.2181,-2.7398],[110.2335,-2.6974],[110.2141,-2.6481],[110.1592,-2.635],[110.1487,-2.6218],[110.19,-2.5712],[110.1971,-2.5209],[110.1816,-2.4574],[110.1472,-2.4279],[110.1457,-2.3315],[110.132,-2.2921],[110.0948,-2.2447],[110.0618,-2.2458],[110.0914,-2.2249],[110.0852,-2.1791],[110.1026,-2.1667],[110.1159,-2.1264],[110.1203,-2.0299],[110.1089,-2.0265],[110.1,-1.9802],[110.0674,-1.9315],[109.9244,-1.8576],[109.9012,-1.8284],[109.9281,-1.8302],[109.9085,-1.8052],[109.9133,-1.774],[109.9457,-1.7748],[109.9402,-1.7628],[109.9762,-1.748],[110.0266,-1.6827],[110.042,-1.5828],[110.0354,-1.5253],[110.0641,-1.4601],[110.0571,-1.4346],[110.0744,-1.4052],[110.0682,-1.3633],[110.1414,-1.3447],[110.1701,-1.3546],[110.1802,-1.3412],[110.2171,-1.3444],[110.2176,-1.2853],[110.2841,-1.2835],[110.3223,-1.256],[110.4217,-1.2602],[110.3935,-1.2331],[110.3856,-1.1917],[110.3252,-1.1317],[110.3356,-1.1053],[110.3606,-1.1091],[110.3583,-1.0744],[110.3388,-1.0729],[110.3428,-1.0535],[110.2692,-1.0005],[110.2814,-0.9754],[110.243,-0.9658],[110.2415,-0.9333],[110.165,-0.9347],[110.1527,-0.913],[110.1696,-0.8836],[110.1667,-0.857],[110.1437,-0.8569],[110.0771,-0.7958],[110.0718,-0.7733],[110.0405,-0.7605],[110.0107,-0.7245],[109.9776,-0.7255],[109.9649,-0.7403],[109.9399,-0.7405],[109.9327,-0.7195],[109.8995,-0.7327],[109.8796,-0.7167],[109.8835,-0.6914],[109.8599,-0.6589],[109.818,-0.6843],[109.8081,-0.6714],[109.8183,-0.6377],[109.8805,-0.5876],[109.8855,-0.5535],[109.9472,-0.5004],[109.9958,-0.4864],[109.9939,-0.4733],[110.0374,-0.4355],[110.0507,-0.3875],[110.0987,-0.3975],[110.1084,-0.4287],[110.1344,-0.4251],[110.1542,-0.4389],[110.1971,-0.4166],[110.3026,-0.4524],[110.3206,-0.4105],[110.3513,-0.3959],[110.3784,-0.4016],[110.3831,-0.3815],[110.4277,-0.3852],[110.4226,-0.3647],[110.4372,-0.3395],[110.4702,-0.3242],[110.487,-0.3293]]]}},{"type":"Feature","properties":{"province":"JAWA TENGAH","district":"KLATEN","id":"JAWA TENGAH/KLATEN","name":"KLATEN"},"geometry":{"type":"Polygon","coordinates":[[[110.4546,-7.5391],[110.5223,-7.6031],[110.5142,-7.6088],[110.5306,-7.6261],[110.5439,-7.6255],[110.5451,-7.6033],[110.5732,-7.5821],[110.5971,-7.5883],[110.6002,-7.5691],[110.6413,-7.5862],[110.7436,-7.5991],[110.7473,-7.6166],[110.7672,-7.6234],[110.7635,-7.6359],[110.7993,-7.6421],[110.7674,-7.6887],[110.7704,-7.7169],[110.7101,-7.8042],[110.6817,-7.8062],[110.6712,-7.7861],[110.6577,-7.8048],[110.6507,-7.7924],[110.5858,-7.8086],[110.5759,-7.8059],[110.582,-7.789],[110.5633,-7.7818],[110.555,-7.7951],[110.5312,-7.7983],[110.5095,-7.7693],[110.4918,-7.7668],[110.4452,-7.5412],[110.4546,-7.5391]]]}},{"type":"Feature","properties":{"province":"BALI","district":"KLUNGKUNG","id":"BALI/KLUNGKUNG","name":"KLUNGKUNG"},"geometry":{"type":"Polygon","coordinates":[[[115.5665,-8.674],[115.6286,-8.77],[115.5877,-8.8195],[115.5287,-8.7994],[115.4754,-8.7519],[115.4513,-8.7483],[115.4467,-8.7332],[115.4916,-8.6731],[115.5665,-8.674]]]}},{"type":"Feature","properties":{"province":"SULAWESI TENGGARA","district":"KOLAKA","id":"SULAWESI TENGGARA/KOLAKA","name":"KOLAKA"},"geometry":{"type":"Polygon","coordinates":[[[121.3752,-3.6342],[121.42,-3.63],[121.4258,-3.712],[121.4496,-3.7076],[121.4872,-3.724],[121.5358,-3.7604],[121.5595,-3.7956],[121.6092,-3.8211],[121.6061,-3.8766],[121.6725,-3.9313],[121.6547,-3.9771],[121.7275,-4.0271],[121.7252,-4.0529],[121.7561,-4.0428],[121.7845,-4.054],[121.78,-4.1112],[121.7635,-4.1329],[121.7804,-4.1811],[121.7393,-4.2033],[121.7463,-4.2445],[121.7342,-4.2513],[121.7728,-4.2958],[121.7016,-4.2933],[121.7265,-4.3568],[121.7962,-4.3892],[121.8114,-4.4158],[121.7821,-4.4557],[121.7241,-4.4917],[121.7236,-4.5241],[121.7104,-4.5272],[121.6696,-4.6152],[121.6501,-4.5684],[121.6221,-4.5597],[121.5928,-4.5773],[121.5663,-4.579],[121.5579,-4.5685],[121.4702,-4.591],[121.5252,-4.4024],[121.5166,-4.3551],[121.5338,-4.2825],[121.5269,-4.2442],[121.5608,-4.2441],[121.5403,-4.2542],[121.5499,-4.2666],[121.5804,-4.2437],[121.5785,-4.2095],[121.6008,-4.1877],[121.5895,-4.1766],[121.6071,-4.1836],[121.6173,-4.151],[121.6091,-4.0665],[121.505,-4.018],[121.4545,-4.0079],[121.452,-4.0239],[121.4188,-3.9995],[121.3732,-4.0027],[121.3493,-3.9908],[121.3003,-3.8893],[121.282,-3.8842],[121.2908,-3.8795],[121.2562,-3.9193],[121.2428,-3.9127],[121.2626,-3.8837],[121.2344,-3.8698],[121.2597,-3.8541],[121.2456,-3.8287],[121.1713,-3.8257],[121.151,-3.7874],[121.1027,-3.7453],[121.133,-3.7095],[121.2527,-3.6571],[121.2659,-3.6757],[121.3325,-3.6966],[121.3507,-3.6451],[121.3752,-3.6342]]]}},{"type":"Feature","properties":{"province":"SULAWESI TENGGARA","district":"KOLAKA TIMUR","id":"SULAWESI TENGGARA/KOLAKA TIMUR","name":"KOLAKA TIMUR"},"geometry":{"type":"Polygon","coordinates":[[[121.431,-3.2754],[121.4288,-3.333],[121.4927,-3.4401],[121.5224,-3.4678],[121.5308,-3.5327],[121.5674,-3.5881],[121.5748,-3.6528],[121.5862,-3.6576],[121.5904,-3.6858],[121.6088,-3.6869],[121.6107,-3.7343],[121.6689,-3.7299],[121.7009,-3.7779],[121.7581,-3.7586],[121.774,-3.7674],[121.8228,-3.7552],[121.8275,-3.7806],[121.8743,-3.7844],[121.9037,-3.8302],[121.9529,-3.8344],[121.9536,-3.8721],[121.9725,-3.8882],[121.9574,-3.9245],[121.9692,-3.9508],[121.9515,-3.9799],[121.9656,-3.9974],[121.9513,-4.0567],[121.9875,-4.0964],[121.992,-4.1148],[121.9813,-4.1222],[121.9978,-4.1289],[122.0288,-4.197],[122.007,-4.2695],[122.0042,-4.3463],[121.9894,-4.3724],[121.9975,-4.3935],[121.9861,-4.4028],[121.9403,-4.4004],[121.8826,-4.3763],[121.8114,-4.4158],[121.7962,-4.3892],[121.7265,-4.3568],[121.7016,-4.292],[121.7728,-4.2958],[121.7342,-4.2513],[121.7463,-4.2445],[121.7393,-4.2033],[121.7804,-4.1811],[121.7635,-4.1329],[121.78,-4.1112],[121.7844,-4.0537],[121.7561,-4.0428],[121.7256,-4.0532],[121.7275,-4.0271],[121.6547,-3.9771],[121.6725,-3.9313],[121.6061,-3.8766],[121.6092,-3.8211],[121.5595,-3.7956],[121.5358,-3.7604],[121.4872,-3.724],[121.4496,-3.7076],[121.4258,-3.712],[121.42,-3.63],[121.3872,-3.6394],[121.3691,-3.6285],[121.3271,-3.6987],[121.2659,-3.6757],[121.2359,-3.6026],[121.1572,-3.5361],[121.1504,-3.5057],[121.1206,-3.4904],[121.1239,-3.4684],[121.1549,-3.4387],[121.1229,-3.4112],[121.1342,-3.3658],[121.1581,-3.3392],[121.1573,-3.2977],[121.2208,-3.2544],[121.2264,-3.2294],[121.2779,-3.2265],[121.3376,-3.2486],[121.3775,-3.2474],[121.431,-3.2754]]]}},{"type":"Feature","properties":{"province":"SULAWESI TENGGARA","district":"KOLAKA UTARA","id":"SULAWESI TENGGARA/KOLAKA UTARA","name":"KOLAKA UTARA"},"geometry":{"type":"Polygon","coordinates":[[[121.1041,-2.7908],[121.1532,-2.8127],[121.1651,-2.8468],[121.1866,-2.842],[121.2092,-2.8536],[121.2517,-2.9065],[121.2973,-2.9265],[121.319,-2.964],[121.3612,-2.9876],[121.3696,-3.0117],[121.3609,-3.0515],[121.3882,-3.0974],[121.4121,-3.1097],[121.4169,-3.1431],[121.4416,-3.1695],[121.431,-3.2754],[121.38,-3.248],[121.2474,-3.2259],[121.2264,-3.2294],[121.2208,-3.2544],[121.1701,-3.2962],[121.1601,-3.2929],[121.1581,-3.3392],[121.1342,-3.3658],[121.1229,-3.4112],[121.1549,-3.4387],[121.1239,-3.4684],[121.1206,-3.4904],[121.1504,-3.5057],[121.1572,-3.5361],[121.2359,-3.6026],[121.2527,-3.657],[121.133,-3.7095],[121.1027,-3.7453],[121.084,-3.7148],[121.0114,-3.6793],[120.9058,-3.5765],[120.9063,-3.5578],[120.8805,-3.5296],[120.8645,-3.4354],[120.9208,-3.3531],[120.957,-3.3303],[120.9555,-3.2965],[120.9725,-3.2642],[121.0204,-3.2444],[121.0364,-3.205],[121.0695,-3.2043],[121.0559,-3.1849],[121.0562,-3.1178],[121.0445,-3.1081],[121.0601,-3.0675],[121.0432,-3.0447],[121.0561,-3.0228],[121.0643,-3.0371],[121.0731,-3.0324],[121.0758,-3.009],[121.0896,-3.0157],[121.0915,-2.9967],[121.0733,-2.9984],[121.0787,-2.9814],[121.0663,-2.9835],[121.0629,-2.9584],[121.0815,-2.9719],[121.0903,-2.9449],[121.0907,-2.9233],[121.0726,-2.8983],[121.0783,-2.8652],[121.0656,-2.854],[121.0643,-2.8775],[121.0462,-2.8653],[121.037,-2.8074],[121.0273,-2.8495],[121.0164,-2.8379],[120.9916,-2.8408],[121.0102,-2.8664],[120.9899,-2.8396],[121.0214,-2.8169],[121.0341,-2.7909],[121.0683,-2.787],[121.0825,-2.7733],[121.1041,-2.7908]]]}},{"type":"Feature","properties":{"province":"SULAWESI TENGGARA","district":"KONAWE","id":"SULAWESI TENGGARA/KONAWE","name":"KONAWE"},"geometry":{"type":"Polygon","coordinates":[[[121.6439,-2.8974],[121.6827,-2.9027],[121.6951,-2.9212],[121.7515,-2.9234],[121.8342,-2.973],[121.8656,-2.9679],[121.8842,-3.0096],[121.9412,-3.0283],[121.951,-3.0483],[121.9266,-3.123],[121.8341,-3.2264],[121.7831,-3.2385],[121.7745,-3.2512],[121.7522,-3.2348],[121.7336,-3.2472],[121.7038,-3.2265],[121.6753,-3.224],[121.6823,-3.2024],[121.6335,-3.158],[121.6154,-3.1676],[121.5954,-3.1594],[121.5736,-3.1801],[121.5461,-3.2252],[121.6136,-3.3357],[121.6092,-3.3713],[121.588,-3.3984],[121.6189,-3.4255],[121.6704,-3.4229],[121.6758,-3.4365],[121.6605,-3.4567],[121.6746,-3.4743],[121.7323,-3.4937],[121.7499,-3.4835],[121.7683,-3.4895],[121.775,-3.5518],[121.8008,-3.5851],[121.8232,-3.5651],[121.8533,-3.5596],[121.8912,-3.5737],[121.9059,-3.558],[121.9165,-3.5678],[121.9534,-3.5638],[121.9752,-3.581],[121.9832,-3.5722],[122.0173,-3.6186],[122.0393,-3.6164],[122.0637,-3.6455],[122.0706,-3.6307],[122.0876,-3.6422],[122.0873,-3.6862],[122.1063,-3.6965],[122.102,-3.7175],[122.1226,-3.7287],[122.1621,-3.7231],[122.1812,-3.7405],[122.2114,-3.745],[122.2217,-3.7612],[122.2681,-3.7676],[122.2901,-3.7867],[122.2886,-3.8064],[122.3362,-3.8282],[122.3602,-3.8573],[122.4233,-3.8693],[122.4425,-3.8592],[122.449,-3.8704],[122.4595,-3.8214],[122.4787,-3.8202],[122.5228,-3.8933],[122.5685,-3.9055],[122.5879,-3.8942],[122.651,-3.8921],[122.6664,-3.8978],[122.6647,-3.9252],[122.6471,-3.9247],[122.6259,-3.9484],[122.5954,-3.9443],[122.5913,-3.9318],[122.5242,-3.9414],[122.5129,-3.9087],[122.4947,-3.9014],[122.4568,-3.9354],[122.4429,-4.0116],[122.373,-4.0134],[122.3632,-3.9964],[122.3495,-4.0089],[122.354,-4.025],[122.3353,-4.0125],[122.3137,-4.022],[122.3117,-4.0021],[122.2961,-4.0245],[122.3027,-3.9975],[122.2846,-4.0052],[122.2716,-3.9833],[122.2694,-4.0031],[122.2226,-4.0055],[122.1797,-4.0435],[122.1792,-4.0649],[122.092,-4.1028],[122.0868,-4.1187],[121.9868,-4.1286],[121.9888,-4.0988],[121.9513,-4.0567],[121.9656,-3.9974],[121.9515,-3.9799],[121.9692,-3.9508],[121.9574,-3.9245],[121.9725,-3.8882],[121.9536,-3.8721],[121.9529,-3.8344],[121.9037,-3.8302],[121.8743,-3.7844],[121.8275,-3.7806],[121.8228,-3.7552],[121.774,-3.7674],[121.7581,-3.7586],[121.7009,-3.7779],[121.6689,-3.7299],[121.6107,-3.7343],[121.6088,-3.6869],[121.5904,-3.6858],[121.5862,-3.6576],[121.5748,-3.6528],[121.5674,-3.5881],[121.5308,-3.5327],[121.5224,-3.4678],[121.4927,-3.4401],[121.424,-3.3165],[121.4416,-3.1695],[121.4169,-3.1431],[121.4121,-3.1097],[121.3882,-3.0974],[121.3609,-3.0515],[121.3696,-3.0117],[121.3612,-2.9876],[121.3955,-3.0164],[121.4327,-3.0018],[121.4616,-3.0114],[121.4828,-2.9842],[121.4721,-2.9726],[121.4838,-2.9489],[121.5162,-2.9252],[121.5401,-2.9289],[121.5941,-2.9035],[121.6439,-2.8974]]]}},{"type":"Feature","properties":{"province":"SULAWESI TENGGARA","district":"KONAWE KEPULAUAN","id":"SULAWESI TENGGARA/KONAWE KEPULAUAN","name":"KONAWE KEPULAUAN"},"geometry":{"type":"Polygon","coordinates":[[[123.0235,-3.9805],[123.088,-4.0223],[123.1892,-4.0098],[123.2219,-4.0244],[123.2541,-4.0651],[123.2482,-4.1244],[123.1667,-4.2064],[123.1358,-4.2558],[123.0694,-4.2481],[123.0141,-4.2051],[122.991,-4.2008],[122.9835,-4.1675],[122.9486,-4.1228],[122.937,-4.0693],[122.9466,-4.0536],[122.9718,-4.0571],[122.9884,-4.0216],[122.9998,-4.0209],[123.0125,-3.9784],[123.0235,-3.9805]]]}},{"type":"Feature","properties":{"province":"SULAWESI TENGGARA","district":"KONAWE SELATAN","id":"SULAWESI TENGGARA/KONAWE SELATAN","name":"KONAWE SELATAN"},"geometry":{"type":"Polygon","coordinates":[[[122.2831,-4.0003],[122.3027,-3.9975],[122.2966,-4.0246],[122.3117,-4.0021],[122.3137,-4.022],[122.3353,-4.0125],[122.354,-4.025],[122.3495,-4.0089],[122.3632,-3.9964],[122.373,-4.0134],[122.4429,-4.0116],[122.4911,-4.0677],[122.514,-4.0681],[122.5071,-4.0855],[122.5227,-4.0917],[122.6049,-4.0525],[122.6148,-4.0265],[122.6513,-4.0029],[122.6726,-4.0362],[122.6493,-4.0582],[122.6521,-4.0862],[122.6629,-4.0856],[122.6632,-4.1333],[122.6767,-4.1578],[122.7102,-4.1653],[122.6957,-4.1373],[122.7151,-4.1311],[122.765,-4.1595],[122.8003,-4.1561],[122.8162,-4.1363],[122.8383,-4.1515],[122.8255,-4.1102],[122.8094,-4.115],[122.8028,-4.0963],[122.7845,-4.0974],[122.7624,-4.0656],[122.7688,-4.0571],[122.8439,-4.0621],[122.8885,-4.1271],[122.9009,-4.1948],[122.8941,-4.2202],[122.9062,-4.2306],[122.8795,-4.2948],[122.8883,-4.3187],[122.9067,-4.3235],[122.8933,-4.3349],[122.9007,-4.3776],[122.8831,-4.414],[122.8469,-4.4203],[122.8317,-4.4488],[122.8136,-4.4356],[122.8168,-4.4256],[122.7693,-4.4088],[122.6957,-4.3282],[122.6804,-4.325],[122.6595,-4.3389],[122.6665,-4.362],[122.6858,-4.3687],[122.7017,-4.4043],[122.7613,-4.4355],[122.7616,-4.4805],[122.7436,-4.5101],[122.7126,-4.5],[122.7058,-4.4735],[122.6917,-4.4688],[122.6761,-4.4833],[122.6948,-4.5014],[122.6713,-4.5075],[122.6567,-4.4713],[122.6682,-4.4729],[122.6632,-4.4528],[122.5848,-4.3962],[122.5045,-4.4558],[122.4701,-4.4528],[122.4678,-4.4366],[122.45,-4.452],[122.4451,-4.436],[122.4364,-4.4464],[122.4195,-4.4322],[122.3416,-4.4774],[122.2584,-4.4938],[122.2175,-4.4796],[122.1627,-4.5287],[122.1184,-4.5367],[122.1043,-4.5306],[122.1052,-4.501],[122.0509,-4.4866],[122.0471,-4.4688],[122.0017,-4.431],[121.8819,-4.3773],[121.9714,-4.4065],[121.9975,-4.3935],[121.9894,-4.3724],[122.0042,-4.3463],[122.007,-4.2695],[122.0288,-4.197],[121.9978,-4.1289],[122.0868,-4.1187],[122.092,-4.1028],[122.1792,-4.0649],[122.1797,-4.0435],[122.227,-4.0028],[122.269,-4.0033],[122.2716,-3.9833],[122.2831,-4.0003]]]}},{"type":"Feature","properties":{"province":"SULAWESI TENGGARA","district":"KONAWE UTARA","id":"SULAWESI TENGGARA/KONAWE UTARA","name":"KONAWE UTARA"},"geometry":{"type":"Polygon","coordinates":[[[122.2084,-3.0956],[122.2648,-3.101],[122.2565,-3.1403],[122.3181,-3.1707],[122.3164,-3.2032],[122.3016,-3.2115],[122.3133,-3.2211],[122.2957,-3.2262],[122.3104,-3.2771],[122.2751,-3.3128],[122.2928,-3.3124],[122.2925,-3.36],[122.3043,-3.3557],[122.3134,-3.3705],[122.3374,-3.3651],[122.3536,-3.3859],[122.3714,-3.3797],[122.3905,-3.4088],[122.3812,-3.4624],[122.3596,-3.4645],[122.3645,-3.4405],[122.3504,-3.4297],[122.3583,-3.4174],[122.3442,-3.4073],[122.3153,-3.4245],[122.3282,-3.3734],[122.3093,-3.385],[122.276,-3.3642],[122.2677,-3.3993],[122.239,-3.3894],[122.2487,-3.4162],[122.2619,-3.4163],[122.2589,-3.427],[122.3022,-3.4679],[122.2802,-3.5029],[122.2826,-3.5489],[122.2319,-3.5629],[122.2352,-3.5767],[122.2301,-3.565],[122.2011,-3.5644],[122.1955,-3.6077],[122.2465,-3.6679],[122.3021,-3.6914],[122.3417,-3.7451],[122.3699,-3.7515],[122.3926,-3.7261],[122.4045,-3.7498],[122.443,-3.7494],[122.4737,-3.8217],[122.4595,-3.8214],[122.449,-3.8704],[122.4425,-3.8592],[122.4233,-3.8693],[122.3712,-3.8628],[122.3362,-3.8282],[122.2886,-3.8064],[122.2901,-3.7867],[122.2681,-3.7676],[122.2217,-3.7612],[122.2114,-3.745],[122.1812,-3.7405],[122.1621,-3.7231],[122.1226,-3.7287],[122.102,-3.7175],[122.1063,-3.6965],[122.0873,-3.6862],[122.0876,-3.6422],[122.0706,-3.6307],[122.0637,-3.6455],[122.0393,-3.6164],[122.0173,-3.6186],[121.9832,-3.5722],[121.9752,-3.581],[121.9534,-3.5638],[121.9165,-3.5678],[121.9059,-3.558],[121.8912,-3.5737],[121.8533,-3.5596],[121.8232,-3.5651],[121.8008,-3.5851],[121.775,-3.5518],[121.7683,-3.4895],[121.7499,-3.4835],[121.7323,-3.4937],[121.6746,-3.4743],[121.6605,-3.4567],[121.6758,-3.4365],[121.6704,-3.4229],[121.6189,-3.4255],[121.588,-3.3984],[121.6092,-3.3713],[121.6136,-3.3357],[121.5461,-3.2251],[121.5558,-3.1975],[121.5952,-3.1595],[121.6154,-3.1676],[121.6335,-3.158],[121.6551,-3.1698],[121.6824,-3.2026],[121.6753,-3.224],[121.7038,-3.2265],[121.7336,-3.2472],[121.7522,-3.2348],[121.774,-3.2514],[121.7831,-3.2385],[121.8342,-3.2264],[121.9266,-3.123],[121.951,-3.0483],[121.9623,-3.0429],[122.0303,-3.0482],[122.0353,-3.0718],[122.0822,-3.0924],[122.1265,-3.0827],[122.1506,-3.0394],[122.1862,-3.0621],[122.2084,-3.0956]]]}},{"type":"Feature","properties":{"province":"DKI JAKARTA","district":"JAKARTA BARAT","id":"DKI JAKARTA/JAKARTA BARAT","name":"JAKARTA BARAT"},"geometry":{"type":"Polygon","coordinates":[[[106.6942,-6.0956],[106.7115,-6.096],[106.7334,-6.1231],[106.7751,-6.1452],[106.8132,-6.1301],[106.8216,-6.1373],[106.8283,-6.1623],[106.7982,-6.1614],[106.8107,-6.1887],[106.7831,-6.2067],[106.7784,-6.2248],[106.7181,-6.223],[106.7247,-6.194],[106.7134,-6.1918],[106.7244,-6.185],[106.6868,-6.1724],[106.6942,-6.0956]]]}},{"type":"Feature","properties":{"province":"DKI JAKARTA","district":"JAKARTA PUSAT","id":"DKI JAKARTA/JAKARTA PUSAT","name":"JAKARTA PUSAT"},"geometry":{"type":"Polygon","coordinates":[[[106.8787,-6.1665],[106.875,-6.1925],[106.847,-6.2086],[106.8227,-6.2027],[106.7958,-6.2293],[106.7919,-6.2086],[106.8107,-6.1885],[106.7982,-6.1614],[106.8283,-6.1623],[106.8213,-6.1369],[106.8787,-6.1665]]]}},{"type":"Feature","properties":{"province":"DKI JAKARTA","district":"JAKARTA SELATAN","id":"DKI JAKARTA/JAKARTA SELATAN","name":"JAKARTA SELATAN"},"geometry":{"type":"Polygon","coordinates":[[[106.8466,-6.2086],[106.8654,-6.2238],[106.8466,-6.2791],[106.8583,-6.3113],[106.8383,-6.3207],[106.8363,-6.3551],[106.7946,-6.3646],[106.8092,-6.3148],[106.7768,-6.3152],[106.7368,-6.2238],[106.7784,-6.2248],[106.7866,-6.2069],[106.7992,-6.2291],[106.8227,-6.2027],[106.8466,-6.2086]]]}},{"type":"Feature","properties":{"province":"DKI JAKARTA","district":"JAKARTA TIMUR","id":"DKI JAKARTA/JAKARTA TIMUR","name":"JAKARTA TIMUR"},"geometry":{"type":"Polygon","coordinates":[[[106.9715,-6.1545],[106.973,-6.1894],[106.9487,-6.2222],[106.944,-6.2524],[106.9043,-6.2621],[106.9218,-6.3034],[106.9162,-6.363],[106.8847,-6.3725],[106.8397,-6.3353],[106.8392,-6.3194],[106.8583,-6.3111],[106.8466,-6.2791],[106.8668,-6.2388],[106.851,-6.2016],[106.875,-6.1925],[106.875,-6.1668],[106.9225,-6.1831],[106.922,-6.1623],[106.9715,-6.1545]]]}},{"type":"Feature","properties":{"province":"DKI JAKARTA","district":"JAKARTA UTARA","id":"DKI JAKARTA/JAKARTA UTARA","name":"JAKARTA UTARA"},"geometry":{"type":"Polygon","coordinates":[[[106.9682,-6.0912],[106.9715,-6.1545],[106.922,-6.1623],[106.9225,-6.1831],[106.8612,-6.1509],[106.8436,-6.1537],[106.815,-6.1302],[106.7751,-6.1452],[106.7334,-6.1231],[106.7115,-6.096],[106.7256,-6.0891],[106.7745,-6.1101],[106.796,-6.094],[106.7976,-6.1089],[106.8035,-6.0945],[106.8118,-6.1227],[106.8172,-6.1149],[106.8405,-6.1239],[106.8729,-6.1044],[106.8715,-6.1156],[106.8795,-6.0943],[106.8823,-6.1064],[106.8864,-6.0961],[106.8867,-6.1065],[106.9051,-6.0979],[106.907,-6.1085],[106.9095,-6.0989],[106.9682,-6.0912]]]}},{"type":"Feature","properties":{"province":"MALUKU","district":"KOTA AMBON","id":"MALUKU/KOTA AMBON","name":"KOTA AMBON"},"geometry":{"type":"Polygon","coordinates":[[[128.2523,-3.5845],[128.2697,-3.6001],[128.2712,-3.6182],[128.257,-3.6307],[128.2956,-3.6645],[128.2985,-3.6948],[128.2706,-3.7041],[128.2643,-3.7293],[128.2414,-3.7441],[128.1601,-3.7493],[128.1526,-3.7706],[128.0898,-3.7927],[128.1297,-3.7558],[128.1573,-3.7048],[128.2447,-3.6387],[128.2326,-3.6281],[128.1955,-3.641],[128.2016,-3.6591],[128.1172,-3.6862],[128.0855,-3.7223],[128.0665,-3.694],[128.0708,-3.6726],[128.1087,-3.6478],[128.2026,-3.6305],[128.229,-3.5843],[128.242,-3.5753],[128.2523,-3.5845]]]}},{"type":"Feature","properties":{"province":"KALIMANTAN TIMUR","district":"KOTA BALIKPAPAN","id":"KALIMANTAN TIMUR/KOTA BALIKPAPAN","name":"KOTA BALIKPAPAN"},"geometry":{"type":"Polygon","coordinates":[[[116.8506,-1.0147],[116.8392,-1.0478],[116.9018,-1.0633],[116.9453,-1.1261],[117.0009,-1.1252],[117.0227,-1.1407],[117.0007,-1.2001],[116.9357,-1.2518],[116.8839,-1.2767],[116.8109,-1.2823],[116.813,-1.2028],[116.7828,-1.2124],[116.7804,-1.1466],[116.7289,-1.1016],[116.7418,-1.0717],[116.765,-1.0714],[116.7829,-1.0428],[116.8006,-1.0506],[116.8244,-1.0217],[116.8506,-1.0147]]]}},{"type":"Feature","properties":{"province":"ACEH","district":"KOTA BANDA ACEH","id":"ACEH/KOTA BANDA ACEH","name":"KOTA BANDA ACEH"},"geometry":{"type":"Polygon","coordinates":[[[95.3765,5.6113],[95.3503,5.5947],[95.3548,5.5836],[95.3688,5.5891],[95.3776,5.5691],[95.3576,5.5713],[95.3527,5.5334],[95.313,5.5164],[95.2801,5.536],[95.273,5.5494],[95.308,5.5612],[95.3118,5.5808],[95.2986,5.5703],[95.3155,5.596],[95.3159,5.5832],[95.3247,5.5873],[95.3173,5.5952],[95.3765,5.6113]]]}},{"type":"Feature","properties":{"province":"LAMPUNG","district":"KOTA BANDAR LAMPUNG","id":"LAMPUNG/KOTA BANDAR LAMPUNG","name":"KOTA BANDAR LAMPUNG"},"geometry":{"type":"Polygon","coordinates":[[[105.2559,-5.3267],[105.2606,-5.3507],[105.295,-5.3475],[105.2908,-5.3689],[105.306,-5.3583],[105.3419,-5.42],[105.3261,-5.4655],[105.3451,-5.5183],[105.3253,-5.5023],[105.3202,-5.4693],[105.2898,-5.4451],[105.2547,-5.4611],[105.2515,-5.4902],[105.2453,-5.4814],[105.2248,-5.4897],[105.2211,-5.4457],[105.1811,-5.4479],[105.188,-5.4362],[105.1794,-5.433],[105.1912,-5.4292],[105.1784,-5.4065],[105.1956,-5.3845],[105.2069,-5.3891],[105.2066,-5.3723],[105.2238,-5.3677],[105.2559,-5.3267]]]}},{"type":"Feature","properties":{"province":"JAWA BARAT","district":"KOTA BANDUNG","id":"JAWA BARAT/KOTA BANDUNG","name":"KOTA BANDUNG"},"geometry":{"type":"Polygon","coordinates":[[[107.6239,-6.8619],[107.6432,-6.893],[107.6701,-6.884],[107.7,-6.9083],[107.7077,-6.8898],[107.7149,-6.904],[107.7382,-6.8996],[107.7161,-6.9613],[107.5871,-6.9625],[107.5611,-6.949],[107.5455,-6.9268],[107.5645,-6.9323],[107.569,-6.9104],[107.5564,-6.8897],[107.5762,-6.891],[107.5757,-6.8675],[107.5976,-6.8369],[107.6045,-6.8594],[107.616,-6.8471],[107.6239,-6.8619]]]}},{"type":"Feature","properties":{"province":"JAWA BARAT","district":"KOTA BANJAR","id":"JAWA BARAT/KOTA BANJAR","name":"KOTA BANJAR"},"geometry":{"type":"Polygon","coordinates":[[[108.6621,-7.3525],[108.6505,-7.3882],[108.6311,-7.3817],[108.6156,-7.4058],[108.6002,-7.3945],[108.5671,-7.4445],[108.5441,-7.4123],[108.4696,-7.3819],[108.4782,-7.3688],[108.4697,-7.3616],[108.4892,-7.35],[108.5238,-7.3593],[108.5592,-7.3323],[108.5834,-7.3498],[108.648,-7.337],[108.6621,-7.3525]]]}},{"type":"Feature","properties":{"province":"KALIMANTAN SELATAN","district":"KOTA BANJARBARU","id":"KALIMANTAN SELATAN/KOTA BANJARBARU","name":"KOTA BANJARBARU"},"geometry":{"type":"Polygon","coordinates":[[[114.7355,-3.3891],[114.7838,-3.4212],[114.84,-3.4255],[114.8631,-3.4454],[114.9012,-3.4495],[114.9014,-3.475],[114.8908,-3.4722],[114.9077,-3.5037],[114.9001,-3.5407],[114.8568,-3.5692],[114.8473,-3.5503],[114.8119,-3.5395],[114.8085,-3.5242],[114.7392,-3.5106],[114.6821,-3.5178],[114.6817,-3.4392],[114.7193,-3.3775],[114.7355,-3.3891]]]}},{"type":"Feature","properties":{"province":"KALIMANTAN SELATAN","district":"KOTA BANJARMASIN","id":"KALIMANTAN SELATAN/KOTA BANJARMASIN","name":"KOTA BANJARMASIN"},"geometry":{"type":"Polygon","coordinates":[[[114.6386,-3.2756],[114.6283,-3.3131],[114.6596,-3.3356],[114.657,-3.3484],[114.6329,-3.3465],[114.5862,-3.3821],[114.5699,-3.3668],[114.549,-3.374],[114.5223,-3.3634],[114.5618,-3.3152],[114.5689,-3.2674],[114.6021,-3.289],[114.6386,-3.2756]]]}},{"type":"Feature","properties":{"province":"KEPULAUAN RIAU","district":"KOTA BATAM","id":"KEPULAUAN RIAU/KOTA BATAM","name":"KOTA BATAM"},"geometry":{"type":"Polygon","coordinates":[[[104.0992,1.1987],[104.144,1.163],[104.1457,1.1252],[104.1555,1.1195],[104.1353,1.0929],[104.1328,1.0343],[104.1099,1.0331],[104.106,1.0436],[104.0979,1.0269],[104.0788,1.0243],[104.1008,0.9826],[104.0714,0.999],[104.067,0.9835],[104.0522,0.9963],[104.0342,0.9802],[104.0083,0.9859],[103.9909,1.0175],[103.9422,1.0079],[103.911,1.0379],[103.8896,1.0946],[103.9116,1.0981],[103.9238,1.071],[103.9365,1.0825],[103.9295,1.1116],[103.94,1.1123],[103.9207,1.1434],[103.9618,1.1424],[103.9664,1.1272],[103.978,1.1376],[103.9971,1.1247],[103.9847,1.1441],[104.0014,1.1499],[103.9982,1.1784],[104.0203,1.1924],[104.0251,1.1768],[104.05,1.1687],[104.043,1.1597],[104.0586,1.1587],[104.0539,1.1312],[104.0792,1.1257],[104.0786,1.1438],[104.0892,1.1411],[104.0933,1.1559],[104.0705,1.162],[104.0718,1.1869],[104.0992,1.1987]]]}},{"type":"Feature","properties":{"province":"JAWA TIMUR","district":"KOTA BATU","id":"JAWA TIMUR/KOTA BATU","name":"KOTA BATU"},"geometry":{"type":"Polygon","coordinates":[[[112.5898,-7.765],[112.5643,-7.8795],[112.595,-7.906],[112.4746,-7.9394],[112.4996,-7.8157],[112.4904,-7.7641],[112.5279,-7.7351],[112.5748,-7.7326],[112.5898,-7.765]]]}},{"type":"Feature","properties":{"province":"SULAWESI TENGGARA","district":"KOTA BAU BAU","id":"SULAWESI TENGGARA/KOTA BAU BAU","name":"KOTA BAU BAU"},"geometry":{"type":"Polygon","coordinates":[[[122.6824,-5.3224],[122.7202,-5.3201],[122.7261,-5.3548],[122.7601,-5.3758],[122.7702,-5.4135],[122.7402,-5.4894],[122.6705,-5.4963],[122.6387,-5.5133],[122.6214,-5.5069],[122.5737,-5.5381],[122.5564,-5.5181],[122.564,-5.4831],[122.5937,-5.4554],[122.6278,-5.4597],[122.6466,-5.4437],[122.6422,-5.4128],[122.6196,-5.4005],[122.6484,-5.3572],[122.6546,-5.3244],[122.6761,-5.3082],[122.6824,-5.3224]]]}},{"type":"Feature","properties":{"province":"JAWA BARAT","district":"KOTA BEKASI","id":"JAWA BARAT/KOTA BEKASI","name":"KOTA BEKASI"},"geometry":{"type":"Polygon","coordinates":[[[106.991,-6.3633],[106.9662,-6.3424],[106.9809,-6.3151],[106.9667,-6.3031],[106.9367,-6.3824],[106.9212,-6.397],[106.8982,-6.3972],[106.9228,-6.3143],[106.9043,-6.2621],[106.944,-6.2524],[106.973,-6.175],[107.0103,-6.1724],[107.0064,-6.1932],[107.0338,-6.1988],[107.0303,-6.2266],[107.0424,-6.2338],[107.0167,-6.2647],[107.0146,-6.2907],[107.0361,-6.2824],[107.0412,-6.3074],[107.029,-6.3301],[107.0165,-6.3304],[107.0163,-6.3579],[106.991,-6.3633]]]}},{"type":"Feature","properties":{"province":"BENGKULU","district":"KOTA BENGKULU","id":"BENGKULU/KOTA BENGKULU","name":"KOTA BENGKULU"},"geometry":{"type":"Polygon","coordinates":[[[102.2924,-3.7404],[102.3147,-3.7746],[102.3298,-3.7734],[102.3324,-3.7976],[102.3542,-3.8127],[102.3506,-3.8282],[102.3713,-3.8565],[102.363,-3.8871],[102.3534,-3.8833],[102.342,-3.9007],[102.3469,-3.9133],[102.332,-3.9041],[102.3171,-3.9114],[102.3006,-3.9821],[102.2794,-3.9615],[102.2656,-3.9154],[102.2763,-3.8988],[102.2834,-3.924],[102.3005,-3.9181],[102.3072,-3.8908],[102.2853,-3.906],[102.2788,-3.8983],[102.3015,-3.8896],[102.3019,-3.8665],[102.247,-3.7884],[102.2611,-3.7811],[102.261,-3.7506],[102.2924,-3.7404]]]}},{"type":"Feature","properties":{"province":"NUSA TENGGARA BARAT","district":"KOTA BIMA","id":"NUSA TENGGARA BARAT/KOTA BIMA","name":"KOTA BIMA"},"geometry":{"type":"Polygon","coordinates":[[[118.7332,-8.3404],[118.7469,-8.3775],[118.7409,-8.4034],[118.7697,-8.4027],[118.8023,-8.4277],[118.8081,-8.4117],[118.8749,-8.4358],[118.896,-8.4898],[118.8749,-8.4832],[118.8352,-8.4967],[118.8013,-8.5324],[118.7901,-8.5138],[118.7314,-8.5136],[118.7095,-8.4809],[118.7223,-8.4682],[118.7114,-8.4538],[118.7246,-8.4356],[118.6978,-8.41],[118.712,-8.4064],[118.702,-8.3883],[118.7332,-8.3404]]]}},{"type":"Feature","properties":{"province":"SUMATERA UTARA","district":"KOTA BINJAI","id":"SUMATERA UTARA/KOTA BINJAI","name":"KOTA BINJAI"},"geometry":{"type":"Polygon","coordinates":[[[98.4982,3.5644],[98.4745,3.5567],[98.474,3.5281],[98.4498,3.5291],[98.4462,3.5653],[98.4668,3.594],[98.4409,3.6082],[98.4743,3.6255],[98.4627,3.652],[98.4464,3.6568],[98.4726,3.6482],[98.4884,3.6675],[98.5119,3.6725],[98.5121,3.6318],[98.5332,3.6209],[98.5396,3.5754],[98.5153,3.5698],[98.4999,3.5806],[98.4982,3.5644]]]}},{"type":"Feature","properties":{"province":"SULAWESI UTARA","district":"KOTA BITUNG","id":"SULAWESI UTARA/KOTA BITUNG","name":"KOTA BITUNG"},"geometry":{"type":"Polygon","coordinates":[[[125.1479,1.5993],[125.1691,1.5664],[125.2077,1.5505],[125.2479,1.5084],[125.2338,1.4664],[125.2017,1.4398],[125.1415,1.4373],[125.1084,1.3937],[125.0884,1.4287],[125.0957,1.4517],[125.0325,1.4551],[125.0499,1.4899],[125.0786,1.4993],[125.0672,1.5417],[125.0853,1.5762],[125.1248,1.5659],[125.1479,1.5993]]]}},{"type":"Feature","properties":{"province":"JAWA TIMUR","district":"KOTA BLITAR","id":"JAWA TIMUR/KOTA BLITAR","name":"KOTA BLITAR"},"geometry":{"type":"Polygon","coordinates":[[[112.1864,-8.0564],[112.1985,-8.0654],[112.1909,-8.0853],[112.2005,-8.0928],[112.1564,-8.1349],[112.1476,-8.1095],[112.1359,-8.109],[112.1335,-8.0836],[112.1613,-8.0849],[112.1721,-8.0582],[112.1864,-8.0564]]]}},{"type":"Feature","properties":{"province":"JAWA BARAT","district":"KOTA BOGOR","id":"JAWA BARAT/KOTA BOGOR","name":"KOTA BOGOR"},"geometry":{"type":"Polygon","coordinates":[[[106.783,-6.5149],[106.7963,-6.5509],[106.803,-6.5382],[106.8293,-6.5504],[106.8319,-6.6136],[106.8485,-6.6476],[106.8439,-6.6786],[106.8191,-6.672],[106.81,-6.6462],[106.7952,-6.6437],[106.7848,-6.6604],[106.7716,-6.6537],[106.7905,-6.6276],[106.7629,-6.5831],[106.7355,-6.5653],[106.7399,-6.5423],[106.7628,-6.5495],[106.7651,-6.5155],[106.783,-6.5149]]]}},{"type":"Feature","properties":{"province":"KALIMANTAN TIMUR","district":"KOTA BONTANG","id":"KALIMANTAN TIMUR/KOTA BONTANG","name":"KOTA BONTANG"},"geometry":{"type":"Polygon","coordinates":[[[117.5056,0.2043],[117.5181,0.1981],[117.49,0.1899],[117.5041,0.1755],[117.4839,0.18],[117.4898,0.167],[117.4704,0.164],[117.4757,0.1538],[117.4874,0.1599],[117.4883,0.1469],[117.4958,0.1586],[117.4945,0.1456],[117.5073,0.159],[117.5221,0.1257],[117.5064,0.1071],[117.4848,0.1171],[117.4823,0.1025],[117.5008,0.1013],[117.4777,0.1037],[117.4871,0.0837],[117.4568,0.1001],[117.4792,0.0774],[117.4661,0.0651],[117.4772,0.0635],[117.4677,0.0464],[117.4849,0.0627],[117.5092,0.0637],[117.4907,0.0301],[117.5144,0.0375],[117.5177,0.0216],[117.3883,0.0225],[117.3974,0.0809],[117.4283,0.1059],[117.4497,0.1669],[117.4678,0.1758],[117.4692,0.1992],[117.5056,0.2043]]]}},{"type":"Feature","properties":{"province":"SUMATERA BARAT","district":"KOTA BUKITTINGGI","id":"SUMATERA BARAT/KOTA BUKITTINGGI","name":"KOTA BUKITTINGGI"},"geometry":{"type":"Polygon","coordinates":[[[100.3478,-0.2758],[100.395,-0.2853],[100.4079,-0.3221],[100.3705,-0.3219],[100.3327,-0.2797],[100.3478,-0.2758]]]}},{"type":"Feature","properties":{"province":"BANTEN","district":"KOTA CILEGON","id":"BANTEN/KOTA CILEGON","name":"KOTA CILEGON"},"geometry":{"type":"Polygon","coordinates":[[[106.041,-5.8796],[106.0448,-5.9114],[106.0314,-5.9338],[106.0579,-5.9587],[106.0643,-5.9931],[106.088,-6.0025],[106.0851,-6.0356],[106.0334,-6.0805],[106.0203,-6.0781],[106.0296,-6.04],[105.9848,-6.0379],[105.9866,-6.0624],[105.9721,-6.0496],[105.9537,-6.0581],[105.9443,-6.0459],[105.9245,-6.0484],[105.942,-6.0213],[105.9832,-5.9965],[106.0027,-5.9478],[105.9917,-5.9229],[106.041,-5.8796]]]}},{"type":"Feature","properties":{"province":"JAWA BARAT","district":"KOTA CIMAHI","id":"JAWA BARAT/KOTA CIMAHI","name":"KOTA CIMAHI"},"geometry":{"type":"Polygon","coordinates":[[[107.5716,-6.8821],[107.5762,-6.891],[107.5564,-6.8897],[107.569,-6.9104],[107.5642,-6.9329],[107.518,-6.9174],[107.5119,-6.8893],[107.5361,-6.858],[107.5396,-6.832],[107.5518,-6.8294],[107.5716,-6.8821]]]}},{"type":"Feature","properties":{"province":"JAWA BARAT","district":"KOTA CIREBON","id":"JAWA BARAT/KOTA CIREBON","name":"KOTA CIREBON"},"geometry":{"type":"Polygon","coordinates":[[[108.5622,-6.6915],[108.5911,-6.7433],[108.5604,-6.7559],[108.5445,-6.7964],[108.5182,-6.7372],[108.5488,-6.7256],[108.5429,-6.6965],[108.5622,-6.6915]]]}},{"type":"Feature","properties":{"province":"BALI","district":"KOTA DENPASAR","id":"BALI/KOTA DENPASAR","name":"KOTA DENPASAR"},"geometry":{"type":"Polygon","coordinates":[[[115.2352,-8.5915],[115.2749,-8.6504],[115.2615,-8.6656],[115.2646,-8.7043],[115.1888,-8.739],[115.1725,-8.6823],[115.1802,-8.6162],[115.2352,-8.5915]]]}},{"type":"Feature","properties":{"province":"JAWA BARAT","district":"KOTA DEPOK","id":"JAWA BARAT/KOTA DEPOK","name":"KOTA DEPOK"},"geometry":{"type":"Polygon","coordinates":[[[106.8401,-6.3359],[106.8847,-6.3725],[106.9143,-6.3655],[106.8977,-6.3964],[106.9185,-6.3956],[106.9171,-6.4096],[106.8919,-6.4273],[106.8821,-6.4566],[106.8554,-6.4556],[106.8528,-6.4361],[106.8242,-6.4619],[106.8233,-6.4444],[106.7943,-6.4511],[106.7876,-6.439],[106.7379,-6.4383],[106.7179,-6.3641],[106.7699,-6.3612],[106.7818,-6.316],[106.8092,-6.3148],[106.7946,-6.3646],[106.8363,-6.3551],[106.8401,-6.3359]]]}},{"type":"Feature","properties":{"province":"RIAU","district":"KOTA DUMAI","id":"RIAU/KOTA DUMAI","name":"KOTA DUMAI"},"geometry":{"type":"Polygon","coordinates":[[[101.0656,2.2325],[101.1783,2.1263],[101.2673,2.0801],[101.3032,2.0422],[101.3219,1.9974],[101.3359,1.8911],[101.3635,1.8312],[101.357,1.7788],[101.4019,1.7044],[101.4816,1.6825],[101.5616,1.637],[101.725,1.6714],[101.7185,1.6227],[101.6422,1.6099],[101.6243,1.5886],[101.6407,1.5479],[101.6183,1.5455],[101.598,1.6002],[101.5281,1.5956],[101.5066,1.4933],[101.4493,1.4943],[101.4356,1.4472],[101.3172,1.4744],[101.3354,1.4961],[101.2904,1.5995],[101.2392,1.6948],[101.0669,1.9353],[101.0161,2.0805],[101.0102,2.1248],[101.0257,2.1836],[101.0391,2.2202],[101.0656,2.2325]]]}},{"type":"Feature","properties":{"province":"GORONTALO","district":"KOTA GORONTALO","id":"GORONTALO/KOTA GORONTALO","name":"KOTA GORONTALO"},"geometry":{"type":"Polygon","coordinates":[[[123.0868,0.4797],[123.0586,0.5069],[123.0455,0.4909],[122.9954,0.5535],[123.0306,0.5468],[123.0269,0.5635],[123.0533,0.5881],[123.091,0.5803],[123.0795,0.5281],[123.0999,0.5023],[123.0868,0.4797]]]}},{"type":"Feature","properties":{"province":"SUMATERA UTARA","district":"KOTA GUNUNGSITOLI","id":"SUMATERA UTARA/KOTA GUNUNGSITOLI","name":"KOTA GUNUNGSITOLI"},"geometry":{"type":"Polygon","coordinates":[[[97.6533,1.2362],[97.6131,1.1836],[97.6024,1.2096],[97.5623,1.2016],[97.5677,1.2417],[97.5527,1.2818],[97.545,1.2723],[97.5354,1.2932],[97.5173,1.285],[97.5208,1.2623],[97.5092,1.2594],[97.4808,1.2917],[97.4994,1.295],[97.4712,1.3492],[97.4926,1.3386],[97.5075,1.3489],[97.4976,1.3824],[97.5167,1.4066],[97.5399,1.42],[97.5424,1.3881],[97.5989,1.3291],[97.6533,1.2362]]]}},{"type":"Feature","properties":{"province":"JAMBI","district":"KOTA JAMBI","id":"JAMBI/KOTA JAMBI","name":"KOTA JAMBI"},"geometry":{"type":"Polygon","coordinates":[[[103.6168,-1.5479],[103.6515,-1.5541],[103.6551,-1.6074],[103.6799,-1.6128],[103.6693,-1.6405],[103.6498,-1.6572],[103.6078,-1.6605],[103.6287,-1.6765],[103.6213,-1.6961],[103.5814,-1.6694],[103.5683,-1.6805],[103.5242,-1.6761],[103.5483,-1.6115],[103.535,-1.5892],[103.5466,-1.5879],[103.5472,-1.5682],[103.5674,-1.5742],[103.6168,-1.5479]]]}},{"type":"Feature","properties":{"province":"PAPUA","district":"KOTA JAYAPURA","id":"PAPUA/KOTA JAYAPURA","name":"KOTA JAYAPURA"},"geometry":{"type":"Polygon","coordinates":[[[140.6636,-2.4738],[140.7204,-2.491],[140.7483,-2.5345],[140.7311,-2.5181],[140.7251,-2.5353],[140.7065,-2.539],[140.7184,-2.5479],[140.7089,-2.5744],[140.717,-2.5917],[140.6944,-2.5741],[140.7008,-2.5871],[140.686,-2.6138],[140.7074,-2.6183],[140.6971,-2.6219],[140.7053,-2.6284],[140.7378,-2.6275],[140.7106,-2.5948],[140.7628,-2.6288],[140.7861,-2.6217],[140.7791,-2.6085],[140.789,-2.5957],[140.911,-2.6241],[140.9261,-2.6107],[141.0013,-2.6044],[141.0027,-2.8393],[140.9576,-2.8119],[140.9448,-2.7896],[140.8986,-2.7793],[140.9041,-2.7646],[140.8506,-2.7485],[140.824,-2.7106],[140.8074,-2.728],[140.7838,-2.7201],[140.7583,-2.7542],[140.739,-2.7503],[140.7281,-2.7633],[140.6794,-2.7638],[140.6642,-2.7513],[140.6305,-2.7591],[140.6148,-2.6128],[140.6255,-2.5668],[140.6033,-2.5158],[140.6388,-2.5051],[140.6636,-2.4738]]]}},{"type":"Feature","properties":{"province":"JAWA TIMUR","district":"KOTA KEDIRI","id":"JAWA TIMUR/KOTA KEDIRI","name":"KOTA KEDIRI"},"geometry":{"type":"Polygon","coordinates":[[[112.0095,-7.7719],[112.0023,-7.7884],[112.0313,-7.8003],[112.0333,-7.8188],[112.0559,-7.8344],[112.0769,-7.8322],[112.0819,-7.8448],[112.0658,-7.8546],[112.0743,-7.8758],[112.0578,-7.8643],[112.0306,-7.8674],[111.9982,-7.8516],[112.008,-7.8404],[111.9581,-7.8229],[111.9555,-7.8063],[112.0095,-7.7719]]]}},{"type":"Feature","properties":{"province":"SULAWESI TENGGARA","district":"KOTA KENDARI","id":"SULAWESI TENGGARA/KOTA KENDARI","name":"KOTA KENDARI"},"geometry":{"type":"Polygon","coordinates":[[[122.497,-3.9029],[122.5129,-3.9087],[122.5242,-3.9414],[122.5913,-3.9318],[122.5954,-3.9443],[122.6259,-3.9484],[122.5991,-3.9791],[122.5345,-3.9679],[122.5342,-3.9789],[122.5455,-3.9775],[122.5357,-3.9892],[122.5894,-3.9786],[122.6197,-4.0036],[122.6513,-4.0029],[122.6148,-4.0265],[122.6049,-4.0525],[122.5227,-4.0917],[122.5071,-4.0855],[122.514,-4.0681],[122.4911,-4.0677],[122.4429,-4.0116],[122.4568,-3.9354],[122.497,-3.9029]]]}},{"type":"Feature","properties":{"province":"SULAWESI UTARA","district":"KOTA KOTAMOBAGU","id":"SULAWESI UTARA/KOTA KOTAMOBAGU","name":"KOTA KOTAMOBAGU"},"geometry":{"type":"Polygon","coordinates":[[[124.3571,0.7553],[124.3488,0.7306],[124.3795,0.6579],[124.3365,0.6479],[124.3185,0.6668],[124.2958,0.6583],[124.288,0.6991],[124.2705,0.7139],[124.2524,0.7072],[124.2649,0.7576],[124.2696,0.7431],[124.306,0.7524],[124.3212,0.7746],[124.3571,0.7553]]]}},{"type":"Feature","properties":{"province":"NUSA TENGGARA TIMUR","district":"KOTA KUPANG","id":"NUSA TENGGARA TIMUR/KOTA KUPANG","name":"KOTA KUPANG"},"geometry":{"type":"Polygon","coordinates":[[[123.6397,-10.222],[123.6176,-10.2343],[123.6403,-10.2672],[123.6348,-10.2841],[123.5848,-10.2885],[123.5703,-10.2451],[123.5742,-10.217],[123.5391,-10.2469],[123.531,-10.2228],[123.5416,-10.2182],[123.528,-10.2117],[123.5272,-10.1879],[123.5351,-10.1738],[123.5633,-10.1719],[123.6233,-10.1406],[123.6501,-10.1454],[123.6731,-10.1239],[123.6815,-10.1499],[123.6623,-10.1576],[123.6918,-10.1708],[123.6779,-10.172],[123.6734,-10.1894],[123.6486,-10.1807],[123.6356,-10.1929],[123.6736,-10.233],[123.6397,-10.222]],[[123.6397,-10.222],[123.6398,-10.222],[123.6397,-10.222],[123.6397,-10.222]]]}},{"type":"Feature","properties":{"province":"ACEH","district":"KOTA LANGSA","id":"ACEH/KOTA LANGSA","name":"KOTA LANGSA"},"geometry":{"type":"Polygon","coordinates":[[[97.984,4.5348],[97.9988,4.5218],[98.0372,4.5461],[98.0374,4.5258],[98.0632,4.5461],[98.0824,4.5383],[98.0788,4.5159],[98.062,4.5109],[98.0666,4.4926],[98.0459,4.4637],[98.0379,4.4162],[97.9826,4.4108],[97.9659,4.4434],[97.9172,4.4195],[97.9276,4.4357],[97.9177,4.451],[97.9019,4.4435],[97.8678,4.4548],[97.8682,4.4725],[97.8908,4.4783],[97.8948,4.5047],[97.9168,4.5314],[97.9667,4.5308],[97.98,4.5437],[97.9762,4.5574],[97.984,4.5348]]]}},{"type":"Feature","properties":{"province":"ACEH","district":"KOTA LHOKSEUMAWE","id":"ACEH/KOTA LHOKSEUMAWE","name":"KOTA LHOKSEUMAWE"},"geometry":{"type":"Polygon","coordinates":[[[97.1763,5.1421],[97.1777,5.0837],[97.1306,5.0909],[97.1011,5.1135],[97.1087,5.1287],[97.0845,5.1451],[97.0882,5.1707],[97.0655,5.1621],[97.0486,5.199],[97.0266,5.1974],[97.0369,5.2296],[97.0459,5.2418],[97.1034,5.2249],[97.096,5.2183],[97.1064,5.2117],[97.1178,5.2169],[97.1515,5.1868],[97.1433,5.1555],[97.1763,5.1421]]]}},{"type":"Feature","properties":{"province":"SUMATERA SELATAN","district":"KOTA LUBUKLINGGAU","id":"SUMATERA SELATAN/KOTA LUBUKLINGGAU","name":"KOTA LUBUKLINGGAU"},"geometry":{"type":"Polygon","coordinates":[[[102.967,-3.3623],[102.8963,-3.3762],[102.8962,-3.3267],[102.8641,-3.3453],[102.798,-3.3317],[102.7761,-3.2818],[102.7677,-3.291],[102.753,-3.2833],[102.778,-3.2685],[102.7702,-3.254],[102.7831,-3.2421],[102.8073,-3.2337],[102.8114,-3.1787],[102.833,-3.1764],[102.8548,-3.1318],[102.882,-3.1569],[102.9173,-3.152],[102.9249,-3.1719],[102.9149,-3.1898],[102.9545,-3.237],[102.9274,-3.2615],[102.9602,-3.2647],[102.9765,-3.2925],[102.9581,-3.3089],[102.967,-3.3623]]]}},{"type":"Feature","properties":{"province":"JAWA TIMUR","district":"KOTA MADIUN","id":"JAWA TIMUR/KOTA MADIUN","name":"KOTA MADIUN"},"geometry":{"type":"Polygon","coordinates":[[[111.5521,-7.5953],[111.559,-7.6051],[111.5442,-7.6591],[111.5127,-7.6613],[111.5106,-7.6341],[111.4969,-7.6451],[111.5002,-7.6084],[111.5521,-7.5953]]]}},{"type":"Feature","properties":{"province":"JAWA TENGAH","district":"KOTA MAGELANG","id":"JAWA TENGAH/KOTA MAGELANG","name":"KOTA MAGELANG"},"geometry":{"type":"Polygon","coordinates":[[[110.2252,-7.4339],[110.2367,-7.5042],[110.2125,-7.506],[110.1989,-7.493],[110.2252,-7.4339]]]}},{"type":"Feature","properties":{"province":"SULAWESI SELATAN","district":"KOTA MAKASSAR","id":"SULAWESI SELATAN/KOTA MAKASSAR","name":"KOTA MAKASSAR"},"geometry":{"type":"Polygon","coordinates":[[[119.4846,-5.0613],[119.5321,-5.0654],[119.5433,-5.077],[119.5394,-5.1223],[119.5185,-5.151],[119.497,-5.1514],[119.5193,-5.1661],[119.5158,-5.19],[119.4637,-5.1743],[119.4555,-5.192],[119.4146,-5.1956],[119.4043,-5.1862],[119.3949,-5.1955],[119.4112,-5.2083],[119.4065,-5.2323],[119.3978,-5.2291],[119.3789,-5.195],[119.3862,-5.158],[119.3976,-5.1404],[119.4081,-5.1474],[119.4096,-5.1128],[119.4337,-5.1041],[119.416,-5.094],[119.4378,-5.1055],[119.4846,-5.0613]]]}},{"type":"Feature","properties":{"province":"JAWA TIMUR","district":"KOTA MALANG","id":"JAWA TIMUR/KOTA MALANG","name":"KOTA MALANG"},"geometry":{"type":"Polygon","coordinates":[[[112.6342,-7.915],[112.6629,-7.9269],[112.6689,-7.9462],[112.6574,-7.9652],[112.6938,-7.9817],[112.6721,-8.009],[112.6731,-8.0314],[112.6458,-8.0516],[112.6137,-8.0211],[112.6187,-8.011],[112.6065,-8.0135],[112.6014,-7.9955],[112.5765,-7.9837],[112.5969,-7.9838],[112.5911,-7.9741],[112.6033,-7.9705],[112.5689,-7.9389],[112.5982,-7.9373],[112.5921,-7.9175],[112.6125,-7.9253],[112.6342,-7.915]]]}},{"type":"Feature","properties":{"province":"SULAWESI UTARA","district":"KOTA MANADO","id":"SULAWESI UTARA/KOTA MANADO","name":"KOTA MANADO"},"geometry":{"type":"Polygon","coordinates":[[[124.8214,1.5828],[124.8424,1.5653],[124.9064,1.5755],[124.9273,1.5603],[124.9341,1.5095],[124.9027,1.4965],[124.857,1.4338],[124.8235,1.428],[124.7901,1.4415],[124.7837,1.4567],[124.8266,1.4629],[124.8416,1.496],[124.8436,1.5248],[124.8028,1.5637],[124.8214,1.5828]]]}},{"type":"Feature","properties":{"province":"NUSA TENGGARA BARAT","district":"KOTA MATARAM","id":"NUSA TENGGARA BARAT/KOTA MATARAM","name":"KOTA MATARAM"},"geometry":{"type":"Polygon","coordinates":[[[116.0734,-8.5529],[116.1394,-8.5652],[116.1699,-8.5945],[116.131,-8.6192],[116.0742,-8.6239],[116.0734,-8.5529]]]}},{"type":"Feature","properties":{"province":"SUMATERA UTARA","district":"KOTA MEDAN","id":"SUMATERA UTARA/KOTA MEDAN","name":"KOTA MEDAN"},"geometry":{"type":"Polygon","coordinates":[[[98.7453,3.5369],[98.7429,3.5275],[98.6984,3.5311],[98.6966,3.5189],[98.6755,3.5149],[98.6577,3.5224],[98.6456,3.4799],[98.628,3.5182],[98.6172,3.4983],[98.5926,3.4977],[98.6027,3.5341],[98.5933,3.5411],[98.6119,3.5559],[98.5993,3.6193],[98.6526,3.6152],[98.6666,3.6351],[98.6587,3.6753],[98.6335,3.6842],[98.6189,3.7087],[98.6528,3.7286],[98.6254,3.7627],[98.6329,3.7763],[98.6763,3.7759],[98.6813,3.789],[98.7233,3.8013],[98.7021,3.7512],[98.731,3.7206],[98.7151,3.7257],[98.7048,3.7151],[98.7036,3.6723],[98.669,3.6759],[98.7026,3.6562],[98.6922,3.6435],[98.6934,3.6265],[98.7099,3.6266],[98.706,3.5953],[98.7443,3.5964],[98.717,3.5897],[98.7383,3.5814],[98.7213,3.5433],[98.7453,3.5369]],[[98.7453,3.5369],[98.7453,3.5369],[98.7453,3.5369],[98.7453,3.5369]]]}},{"type":"Feature","properties":{"province":"LAMPUNG","district":"KOTA METRO","id":"LAMPUNG/KOTA METRO","name":"KOTA METRO"},"geometry":{"type":"Polygon","coordinates":[[[105.2868,-5.1708],[105.2625,-5.1603],[105.2912,-5.11],[105.2688,-5.0957],[105.3166,-5.0545],[105.3138,-5.0757],[105.3549,-5.0637],[105.3349,-5.0911],[105.3491,-5.1085],[105.3223,-5.1321],[105.3343,-5.1459],[105.3299,-5.1676],[105.3003,-5.1787],[105.2868,-5.1708]]]}},{"type":"Feature","properties":{"province":"JAWA TIMUR","district":"KOTA MOJOKERTO","id":"JAWA TIMUR/KOTA MOJOKERTO","name":"KOTA MOJOKERTO"},"geometry":{"type":"Polygon","coordinates":[[[112.4575,-7.4568],[112.4685,-7.4607],[112.4498,-7.4934],[112.4287,-7.4805],[112.4221,-7.4941],[112.4077,-7.4916],[112.4158,-7.4573],[112.4551,-7.4474],[112.4575,-7.4568]]]}},{"type":"Feature","properties":{"province":"SUMATERA BARAT","district":"KOTA PADANG","id":"SUMATERA BARAT/KOTA PADANG","name":"KOTA PADANG"},"geometry":{"type":"Polygon","coordinates":[[[100.5052,-0.7532],[100.5104,-0.795],[100.5246,-0.7899],[100.5449,-0.8121],[100.5497,-0.8274],[100.5355,-0.847],[100.5556,-0.86],[100.5656,-0.9027],[100.5271,-0.9648],[100.5252,-1.0002],[100.4774,-1.0045],[100.4253,-1.0724],[100.4206,-1.1023],[100.4319,-1.1158],[100.3968,-1.1338],[100.3603,-1.1332],[100.3745,-1.1199],[100.3884,-1.1245],[100.3644,-1.0757],[100.3814,-1.0635],[100.389,-1.0771],[100.3976,-1.0661],[100.4091,-1.0747],[100.4126,-1.0432],[100.3986,-1.0291],[100.3783,-1.0412],[100.3916,-1.0094],[100.3825,-0.9934],[100.3647,-1.0057],[100.3469,-0.9658],[100.3415,-0.8826],[100.2911,-0.8166],[100.2978,-0.8057],[100.3674,-0.8004],[100.3854,-0.7556],[100.4579,-0.7261],[100.4766,-0.7334],[100.4793,-0.7518],[100.5052,-0.7532]]]}},{"type":"Feature","properties":{"province":"SUMATERA BARAT","district":"KOTA PADANG PANJANG","id":"SUMATERA BARAT/KOTA PADANG PANJANG","name":"KOTA PADANG PANJANG"},"geometry":{"type":"Polygon","coordinates":[[[100.3981,-0.4492],[100.4332,-0.4584],[100.4354,-0.4832],[100.3742,-0.4885],[100.3653,-0.4773],[100.3981,-0.4492]]]}},{"type":"Feature","properties":{"province":"SUMATERA UTARA","district":"KOTA PADANG SIDIMPUAN","id":"SUMATERA UTARA/KOTA PADANG SIDIMPUAN","name":"KOTA PADANG SIDIMPUAN"},"geometry":{"type":"Polygon","coordinates":[[[99.3197,1.3032],[99.2437,1.3631],[99.22,1.4108],[99.2225,1.4381],[99.2478,1.4772],[99.2723,1.4689],[99.3305,1.409],[99.3504,1.314],[99.3197,1.3032]]]}},{"type":"Feature","properties":{"province":"SUMATERA SELATAN","district":"KOTA PAGAR ALAM","id":"SUMATERA SELATAN/KOTA PAGAR ALAM","name":"KOTA PAGAR ALAM"},"geometry":{"type":"Polygon","coordinates":[[[103.376,-4.2106],[103.3705,-4.23],[103.3313,-4.2393],[103.336,-4.2569],[103.3161,-4.2672],[103.2241,-4.2407],[103.1778,-4.2407],[103.1874,-4.1646],[103.1652,-4.1175],[103.1456,-4.1152],[103.1489,-4.0919],[103.1334,-4.0737],[103.1361,-4.0457],[103.1199,-4.0157],[103.1633,-4.0101],[103.1832,-3.9905],[103.2249,-3.9892],[103.2494,-4.0075],[103.2897,-4.008],[103.2783,-4.0324],[103.3292,-4.0659],[103.3438,-4.051],[103.3531,-4.0025],[103.4147,-3.9855],[103.3952,-4.0637],[103.3596,-4.0979],[103.3561,-4.1635],[103.376,-4.2106]]]}},{"type":"Feature","properties":{"province":"KALIMANTAN TENGAH","district":"KOTA PALANGKARAYA","id":"KALIMANTAN TENGAH/KOTA PALANGKARAYA","name":"KOTA PALANGKARAYA"},"geometry":{"type":"Polygon","coordinates":[[[113.798,-1.6041],[113.8324,-1.8065],[113.8261,-2.0114],[113.9357,-2.1634],[114.0092,-2.1621],[114.1083,-2.1879],[114.085,-2.2688],[114.0671,-2.2722],[114.0418,-2.3106],[114.0249,-2.4036],[113.9939,-2.3949],[113.762,-2.4019],[113.6899,-2.2432],[113.6947,-2.0865],[113.5634,-1.9165],[113.4894,-1.7865],[113.4757,-1.6806],[113.502,-1.6445],[113.5638,-1.6534],[113.6161,-1.6264],[113.6482,-1.5847],[113.798,-1.6041]]]}},{"type":"Feature","properties":{"province":"SUMATERA SELATAN","district":"KOTA PALEMBANG","id":"SUMATERA SELATAN/KOTA PALEMBANG","name":"KOTA PALEMBANG"},"geometry":{"type":"Polygon","coordinates":[[[104.618,-2.9641],[104.6234,-2.9283],[104.6434,-2.9343],[104.6346,-2.9571],[104.6562,-2.974],[104.6795,-2.964],[104.6821,-2.9087],[104.6663,-2.8913],[104.6782,-2.8731],[104.7101,-2.8759],[104.7138,-2.8656],[104.7273,-2.8969],[104.7683,-2.916],[104.7884,-2.9007],[104.8196,-2.9164],[104.8332,-2.8958],[104.8513,-2.9078],[104.8451,-2.9282],[104.8654,-2.9547],[104.8346,-2.9867],[104.8366,-3.0134],[104.8086,-3.0204],[104.812,-3.04],[104.7918,-3.0266],[104.7902,-3.0535],[104.778,-3.0516],[104.7754,-3.0353],[104.7505,-3.0392],[104.7245,-3.0907],[104.7105,-3.0578],[104.6305,-3.0167],[104.6337,-2.9942],[104.6489,-2.9841],[104.618,-2.9641]]]}},{"type":"Feature","properties":{"province":"SULAWESI SELATAN","district":"KOTA PALOPO","id":"SULAWESI SELATAN/KOTA PALOPO","name":"KOTA PALOPO"},"geometry":{"type":"Polygon","coordinates":[[[120.1836,-2.8817],[120.2214,-2.903],[120.2126,-2.9564],[120.1884,-2.968],[120.2104,-2.9835],[120.2295,-3.0431],[120.2095,-3.0675],[120.1771,-3.0536],[120.1538,-3.0735],[120.1383,-3.0719],[120.1426,-3.0608],[120.1091,-3.0697],[120.1138,-3.038],[120.0862,-3.0319],[120.0841,-3.0054],[120.051,-2.9835],[120.0609,-2.9653],[120.0495,-2.9525],[120.0943,-2.9178],[120.1836,-2.8817]]]}},{"type":"Feature","properties":{"province":"SULAWESI TENGAH","district":"KOTA PALU","id":"SULAWESI TENGAH/KOTA PALU","name":"KOTA PALU"},"geometry":{"type":"Polygon","coordinates":[[[120.0186,-0.7816],[120.0421,-0.8341],[120.0388,-0.8685],[119.9283,-0.9215],[119.9418,-0.9364],[119.9333,-0.9467],[119.878,-0.934],[119.874,-0.9234],[119.8323,-0.9425],[119.8178,-0.858],[119.7938,-0.8587],[119.7633,-0.8978],[119.7692,-0.8648],[119.7573,-0.8398],[119.806,-0.8008],[119.8378,-0.88],[119.8701,-0.8821],[119.8826,-0.8221],[119.8577,-0.7782],[119.8612,-0.7152],[119.8436,-0.697],[119.8745,-0.6597],[119.9246,-0.6514],[119.8799,-0.6709],[119.8718,-0.6988],[119.9373,-0.7052],[119.9076,-0.7311],[119.8768,-0.7358],[119.9082,-0.7556],[119.8709,-0.7668],[119.9008,-0.778],[119.9018,-0.8001],[119.9873,-0.8119],[120.0186,-0.7816]]]}},{"type":"Feature","properties":{"province":"KEPULAUAN BANGKA BELITUNG","district":"KOTA PANGKALPINANG","id":"KEPULAUAN BANGKA BELITUNG/KOTA PANGKALPINANG","name":"KOTA PANGKALPINANG"},"geometry":{"type":"Polygon","coordinates":[[[106.1581,-2.0882],[106.1823,-2.1315],[106.1747,-2.1545],[106.1568,-2.1607],[106.1327,-2.146],[106.1124,-2.1546],[106.0394,-2.1105],[106.0486,-2.0988],[106.0407,-2.0796],[106.0598,-2.067],[106.101,-2.0818],[106.1065,-2.0658],[106.1309,-2.0573],[106.1416,-2.0759],[106.1298,-2.0966],[106.1581,-2.0882]]]}},{"type":"Feature","properties":{"province":"SULAWESI SELATAN","district":"KOTA PARE PARE","id":"SULAWESI SELATAN/KOTA PARE PARE","name":"KOTA PARE PARE"},"geometry":{"type":"Polygon","coordinates":[[[119.6639,-3.9606],[119.6864,-3.9902],[119.6756,-4.0073],[119.6987,-4.0138],[119.7188,-4.046],[119.7103,-4.0671],[119.7211,-4.0782],[119.6672,-4.0694],[119.6422,-4.0786],[119.6201,-4.067],[119.6209,-4.002],[119.6639,-3.9606]]]}},{"type":"Feature","properties":{"province":"SUMATERA BARAT","district":"KOTA PARIAMAN","id":"SUMATERA BARAT/KOTA PARIAMAN","name":"KOTA PARIAMAN"},"geometry":{"type":"Polygon","coordinates":[[[100.1292,-0.5499],[100.1422,-0.5855],[100.1861,-0.6231],[100.1738,-0.6223],[100.1585,-0.6762],[100.1251,-0.6436],[100.0923,-0.5722],[100.1292,-0.5499]]]}},{"type":"Feature","properties":{"province":"JAWA TIMUR","district":"KOTA PASURUAN","id":"JAWA TIMUR/KOTA PASURUAN","name":"KOTA PASURUAN"},"geometry":{"type":"Polygon","coordinates":[[[112.9531,-7.6218],[112.9226,-7.6758],[112.8978,-7.6858],[112.8811,-7.6719],[112.887,-7.6601],[112.8722,-7.6626],[112.8747,-7.6268],[112.9351,-7.6318],[112.9531,-7.6218]]]}},{"type":"Feature","properties":{"province":"SUMATERA BARAT","district":"KOTA PAYAKUMBUH","id":"SUMATERA BARAT/KOTA PAYAKUMBUH","name":"KOTA PAYAKUMBUH"},"geometry":{"type":"Polygon","coordinates":[[[100.6364,-0.1841],[100.6609,-0.1863],[100.6856,-0.2077],[100.6747,-0.2427],[100.6476,-0.2484],[100.6498,-0.277],[100.5969,-0.2661],[100.5896,-0.2398],[100.6006,-0.2199],[100.5827,-0.2093],[100.5924,-0.1933],[100.6209,-0.2019],[100.6364,-0.1841]]]}},{"type":"Feature","properties":{"province":"JAWA TENGAH","district":"KOTA PEKALONGAN","id":"JAWA TENGAH/KOTA PEKALONGAN","name":"KOTA PEKALONGAN"},"geometry":{"type":"Polygon","coordinates":[[[109.7109,-6.867],[109.6939,-6.9315],[109.6691,-6.9266],[109.6716,-6.9368],[109.6695,-6.9222],[109.6436,-6.9209],[109.6453,-6.8808],[109.6632,-6.8779],[109.6631,-6.8506],[109.7109,-6.867]]]}},{"type":"Feature","properties":{"province":"RIAU","district":"KOTA PEKANBARU","id":"RIAU/KOTA PEKANBARU","name":"KOTA PEKANBARU"},"geometry":{"type":"Polygon","coordinates":[[[101.6009,0.5063],[101.583,0.503],[101.5884,0.4611],[101.5635,0.4611],[101.5439,0.4324],[101.4961,0.4448],[101.4899,0.4618],[101.4787,0.4619],[101.4745,0.4438],[101.4545,0.4439],[101.4473,0.4204],[101.3643,0.4415],[101.3322,0.4766],[101.3572,0.5096],[101.3726,0.5638],[101.3497,0.5607],[101.3412,0.5818],[101.3232,0.58],[101.3318,0.5869],[101.3233,0.5967],[101.3758,0.6456],[101.3969,0.6895],[101.4343,0.6638],[101.4581,0.6671],[101.466,0.638],[101.4849,0.6424],[101.5174,0.691],[101.541,0.6779],[101.549,0.6381],[101.5703,0.6386],[101.5738,0.6195],[101.5926,0.6072],[101.5823,0.5908],[101.5958,0.5438],[101.6054,0.5438],[101.592,0.5297],[101.6009,0.5063]]]}},{"type":"Feature","properties":{"province":"SUMATERA UTARA","district":"KOTA PEMATANGSIANTAR","id":"SUMATERA UTARA/KOTA PEMATANGSIANTAR","name":"KOTA PEMATANGSIANTAR"},"geometry":{"type":"Polygon","coordinates":[[[99.0998,3.0186],[99.0949,2.9787],[99.08,2.9597],[99.0989,2.9627],[99.1021,2.935],[99.0122,2.8922],[99.0416,2.9249],[99.0209,2.9484],[99.027,2.9882],[99.0394,2.9944],[99.03,3.0037],[99.0998,3.0186]]]}},{"type":"Feature","properties":{"province":"KALIMANTAN BARAT","district":"KOTA PONTIANAK","id":"KALIMANTAN BARAT/KOTA PONTIANAK","name":"KOTA PONTIANAK"},"geometry":{"type":"Polygon","coordinates":[[[109.3703,0.0218],[109.385,-0.0533],[109.366,-0.0602],[109.3429,-0.0982],[109.3219,-0.0942],[109.2742,-0.0299],[109.2872,0.0059],[109.3087,0.0381],[109.3703,0.0218]]]}},{"type":"Feature","properties":{"province":"SUMATERA SELATAN","district":"KOTA PRABUMULIH","id":"SUMATERA SELATAN/KOTA PRABUMULIH","name":"KOTA PRABUMULIH"},"geometry":{"type":"Polygon","coordinates":[[[104.1847,-3.3286],[104.1786,-3.349],[104.2084,-3.3597],[104.2864,-3.3652],[104.3133,-3.3506],[104.3517,-3.3759],[104.3172,-3.4496],[104.2764,-3.4605],[104.295,-3.4745],[104.3168,-3.5235],[104.3146,-3.5667],[104.2988,-3.5638],[104.2802,-3.5814],[104.2512,-3.5776],[104.2479,-3.5355],[104.2325,-3.5402],[104.2181,-3.5263],[104.1952,-3.5515],[104.1493,-3.5512],[104.1257,-3.4949],[104.1537,-3.4087],[104.1248,-3.3604],[104.1252,-3.3285],[104.1435,-3.3209],[104.1354,-3.3333],[104.1537,-3.3296],[104.1543,-3.3187],[104.162,-3.3284],[104.1709,-3.3164],[104.1737,-3.3306],[104.1847,-3.3286]]]}},{"type":"Feature","properties":{"province":"JAWA TIMUR","district":"KOTA PROBOLINGGO","id":"JAWA TIMUR/KOTA PROBOLINGGO","name":"KOTA PROBOLINGGO"},"geometry":{"type":"Polygon","coordinates":[[[113.2365,-7.7393],[113.2371,-7.8082],[113.2262,-7.8014],[113.2171,-7.8202],[113.2079,-7.8043],[113.1786,-7.8101],[113.1831,-7.7907],[113.164,-7.7793],[113.1699,-7.7544],[113.2105,-7.7382],[113.2154,-7.7224],[113.2163,-7.7364],[113.2182,-7.7225],[113.2365,-7.7393]]]}},{"type":"Feature","properties":{"province":"ACEH","district":"KOTA SABANG","id":"ACEH/KOTA SABANG","name":"KOTA SABANG"},"geometry":{"type":"Polygon","coordinates":[[[95.219,5.9069],[95.2926,5.8385],[95.3044,5.841],[95.302,5.8728],[95.3135,5.867],[95.324,5.8823],[95.3108,5.8945],[95.3367,5.8981],[95.3742,5.8471],[95.375,5.8052],[95.3458,5.8272],[95.3463,5.7936],[95.3331,5.7748],[95.285,5.7805],[95.2571,5.8437],[95.2201,5.8752],[95.219,5.9069]]]}},{"type":"Feature","properties":{"province":"JAWA TENGAH","district":"KOTA SALATIGA","id":"JAWA TENGAH/KOTA SALATIGA","name":"KOTA SALATIGA"},"geometry":{"type":"Polygon","coordinates":[[[110.4847,-7.2862],[110.5023,-7.3022],[110.5226,-7.2916],[110.5167,-7.3202],[110.5352,-7.3538],[110.5154,-7.3629],[110.5149,-7.3856],[110.4924,-7.3904],[110.4756,-7.3744],[110.4691,-7.3394],[110.4759,-7.3128],[110.4663,-7.2969],[110.4847,-7.2862]]]}},{"type":"Feature","properties":{"province":"KALIMANTAN TIMUR","district":"KOTA SAMARINDA","id":"KALIMANTAN TIMUR/KOTA SAMARINDA","name":"KOTA SAMARINDA"},"geometry":{"type":"Polygon","coordinates":[[[117.2751,-0.5835],[117.2798,-0.5979],[117.2292,-0.6361],[117.2314,-0.6548],[117.1913,-0.6821],[117.1849,-0.7121],[117.1642,-0.7168],[117.1455,-0.673],[117.1262,-0.6646],[117.1454,-0.6207],[117.0926,-0.5931],[117.0909,-0.5769],[117.0699,-0.5915],[117.054,-0.5465],[117.0675,-0.533],[117.0546,-0.5139],[117.0624,-0.4479],[117.0739,-0.4286],[117.1278,-0.4084],[117.133,-0.3628],[117.1492,-0.3528],[117.1385,-0.3408],[117.143,-0.3201],[117.2257,-0.3144],[117.2388,-0.3377],[117.2336,-0.3574],[117.2742,-0.3582],[117.2976,-0.3752],[117.2951,-0.4024],[117.2624,-0.4382],[117.2706,-0.4699],[117.2572,-0.5238],[117.2695,-0.5256],[117.2676,-0.5598],[117.2517,-0.5503],[117.2363,-0.5613],[117.2359,-0.5756],[117.2751,-0.5835]]]}},{"type":"Feature","properties":{"province":"SUMATERA BARAT","district":"KOTA SAWAHLUNTO","id":"SUMATERA BARAT/KOTA SAWAHLUNTO","name":"KOTA SAWAHLUNTO"},"geometry":{"type":"Polygon","coordinates":[[[100.804,-0.5666],[100.8132,-0.5834],[100.7988,-0.5987],[100.8095,-0.6231],[100.7891,-0.6707],[100.8119,-0.7355],[100.8096,-0.7728],[100.7797,-0.7648],[100.7376,-0.7245],[100.7142,-0.7358],[100.6961,-0.7244],[100.7066,-0.6712],[100.7245,-0.6619],[100.7017,-0.6567],[100.6875,-0.6319],[100.716,-0.5615],[100.7729,-0.5603],[100.7827,-0.5477],[100.804,-0.5666]]]}},{"type":"Feature","properties":{"province":"JAWA TENGAH","district":"KOTA SEMARANG","id":"JAWA TENGAH/KOTA SEMARANG","name":"KOTA SEMARANG"},"geometry":{"type":"Polygon","coordinates":[[[110.4609,-6.9341],[110.5018,-6.9551],[110.5052,-6.9797],[110.4902,-7.0034],[110.5019,-7.0095],[110.4992,-7.0261],[110.4832,-7.0294],[110.4814,-7.0537],[110.501,-7.0674],[110.4766,-7.0879],[110.4591,-7.0775],[110.3958,-7.1155],[110.377,-7.1115],[110.3762,-7.0946],[110.3689,-7.1093],[110.3554,-7.1061],[110.3465,-7.085],[110.3372,-7.1045],[110.3051,-7.1018],[110.3007,-7.0649],[110.2716,-7.0412],[110.2697,-7.0215],[110.2857,-7.0102],[110.294,-6.9473],[110.3019,-6.9565],[110.312,-6.9408],[110.3032,-6.9584],[110.3189,-6.9522],[110.3262,-6.9685],[110.3523,-6.9582],[110.3466,-6.9659],[110.3607,-6.9696],[110.3495,-6.953],[110.4126,-6.9412],[110.4242,-6.9557],[110.4261,-6.9359],[110.4557,-6.954],[110.4609,-6.9341]]]}},{"type":"Feature","properties":{"province":"BANTEN","district":"KOTA SERANG","id":"BANTEN/KOTA SERANG","name":"KOTA SERANG"},"geometry":{"type":"Polygon","coordinates":[[[106.2164,-6.0162],[106.2257,-6.0387],[106.2192,-6.0834],[106.2302,-6.0993],[106.2225,-6.1268],[106.2557,-6.1462],[106.2419,-6.174],[106.2195,-6.1869],[106.2296,-6.1936],[106.2002,-6.1982],[106.1923,-6.2179],[106.1754,-6.2189],[106.1377,-6.2089],[106.1496,-6.1694],[106.122,-6.1679],[106.1114,-6.182],[106.067,-6.1767],[106.0743,-6.1217],[106.1101,-6.0858],[106.1489,-6.0676],[106.1483,-6.0203],[106.1814,-6.0271],[106.1908,-6.0155],[106.2164,-6.0162]]]}},{"type":"Feature","properties":{"province":"SUMATERA UTARA","district":"KOTA SIBOLGA","id":"SUMATERA UTARA/KOTA SIBOLGA","name":"KOTA SIBOLGA"},"geometry":{"type":"Polygon","coordinates":[[[98.796,1.7585],[98.8117,1.7309],[98.7984,1.7207],[98.7685,1.7459],[98.7709,1.7588],[98.796,1.7585]]]}},{"type":"Feature","properties":{"province":"KALIMANTAN BARAT","district":"KOTA SINGKAWANG","id":"KALIMANTAN BARAT/KOTA SINGKAWANG","name":"KOTA SINGKAWANG"},"geometry":{"type":"Polygon","coordinates":[[[109.1759,0.9624],[109.1568,0.9383],[109.1746,0.9076],[109.1623,0.8943],[109.1127,0.871],[109.094,0.8434],[109.0504,0.8361],[109.0515,0.7883],[109.0765,0.7829],[109.0715,0.756],[109.048,0.7584],[109.0511,0.7452],[108.9934,0.7456],[108.9744,0.764],[108.9546,0.7582],[108.9675,0.7717],[108.9181,0.7954],[108.8738,0.8402],[108.8932,0.8706],[108.9132,0.8635],[108.9536,0.9064],[108.9785,0.9974],[109.0473,1.0081],[109.0931,0.9904],[109.0953,1.0044],[109.1292,1.018],[109.1467,1.0089],[109.1503,0.9787],[109.1738,0.9785],[109.1759,0.9624]]]}},{"type":"Feature","properties":{"province":"SUMATERA BARAT","district":"KOTA SOLOK","id":"SUMATERA BARAT/KOTA SOLOK","name":"KOTA SOLOK"},"geometry":{"type":"Polygon","coordinates":[[[100.5448,-0.8149],[100.5708,-0.7867],[100.629,-0.7719],[100.6437,-0.7448],[100.6839,-0.745],[100.6853,-0.7622],[100.6704,-0.774],[100.678,-0.8068],[100.6361,-0.7952],[100.6059,-0.8066],[100.5977,-0.7972],[100.5613,-0.819],[100.5448,-0.8149]]]}},{"type":"Feature","properties":{"province":"PAPUA BARAT","district":"KOTA SORONG","id":"PAPUA BARAT/KOTA SORONG","name":"KOTA SORONG"},"geometry":{"type":"Polygon","coordinates":[[[131.3573,-0.7818],[131.3766,-0.8434],[131.3602,-0.8799],[131.3883,-0.8948],[131.3807,-0.9074],[131.3958,-0.916],[131.3965,-0.9329],[131.3756,-0.9517],[131.3343,-0.9475],[131.3363,-0.9232],[131.3151,-0.9347],[131.2854,-0.8958],[131.2416,-0.8768],[131.2475,-0.8495],[131.2247,-0.8221],[131.3573,-0.7818]]]}},{"type":"Feature","properties":{"province":"ACEH","district":"KOTA SUBULUSSALAM","id":"ACEH/KOTA SUBULUSSALAM","name":"KOTA SUBULUSSALAM"},"geometry":{"type":"Polygon","coordinates":[[[97.9362,2.9895],[97.9554,2.981],[97.9443,2.899],[97.993,2.8818],[98.0391,2.8475],[98.0553,2.8188],[98.0994,2.8227],[98.105,2.7914],[98.1169,2.785],[98.0694,2.7642],[98.0728,2.731],[98.104,2.6819],[98.1092,2.6061],[98.0848,2.6034],[98.0766,2.5748],[98.0066,2.5828],[97.9041,2.5622],[97.855,2.5646],[97.865,2.4988],[97.7912,2.5002],[97.8252,2.6369],[97.7665,2.7881],[97.8516,2.8361],[97.8586,2.8819],[97.9028,2.9078],[97.9088,2.9246],[97.9004,2.9663],[97.8148,2.983],[97.8299,3.0006],[97.8693,3.0095],[97.9362,2.9895]]]}},{"type":"Feature","properties":{"province":"JAWA BARAT","district":"KOTA SUKABUMI","id":"JAWA BARAT/KOTA SUKABUMI","name":"KOTA SUKABUMI"},"geometry":{"type":"Polygon","coordinates":[[[106.9151,-6.8932],[106.9181,-6.9029],[106.9544,-6.904],[106.9557,-6.9584],[106.9118,-6.9782],[106.8748,-6.9761],[106.8738,-6.9631],[106.9115,-6.9523],[106.901,-6.9139],[106.9151,-6.8932]]]}},{"type":"Feature","properties":{"province":"JAMBI","district":"KOTA SUNGAI PENUH","id":"JAMBI/KOTA SUNGAI PENUH","name":"KOTA SUNGAI PENUH"},"geometry":{"type":"Polygon","coordinates":[[[101.2797,-2.251],[101.2611,-2.1019],[101.2411,-2.0976],[101.2397,-2.0667],[101.2891,-2.0264],[101.4294,-2.027],[101.4449,-2.0448],[101.4538,-2.0932],[101.4092,-2.1189],[101.4122,-2.1656],[101.3922,-2.1806],[101.3686,-2.1744],[101.3697,-2.1911],[101.2797,-2.251]]]}},{"type":"Feature","properties":{"province":"JAWA TIMUR","district":"KOTA SURABAYA","id":"JAWA TIMUR/KOTA SURABAYA","name":"KOTA SURABAYA"},"geometry":{"type":"Polygon","coordinates":[[[112.8334,-7.3323],[112.8125,-7.3464],[112.7554,-7.3367],[112.7258,-7.3483],[112.7043,-7.3365],[112.6646,-7.3514],[112.6578,-7.3305],[112.6482,-7.3335],[112.6492,-7.3146],[112.6301,-7.3146],[112.6217,-7.2827],[112.6329,-7.2635],[112.6041,-7.2496],[112.5904,-7.214],[112.5992,-7.2233],[112.5974,-7.204],[112.621,-7.2087],[112.6401,-7.1925],[112.6632,-7.1932],[112.6623,-7.2101],[112.6775,-7.1904],[112.662,-7.2111],[112.6681,-7.2199],[112.7075,-7.2253],[112.713,-7.2075],[112.7222,-7.2112],[112.7177,-7.199],[112.7262,-7.2096],[112.7236,-7.198],[112.7343,-7.1963],[112.7372,-7.2093],[112.7357,-7.196],[112.7649,-7.1962],[112.804,-7.2515],[112.8336,-7.2595],[112.8431,-7.277],[112.8334,-7.3323]]]}},{"type":"Feature","properties":{"province":"JAWA TENGAH","district":"KOTA SURAKARTA","id":"JAWA TENGAH/KOTA SURAKARTA","name":"KOTA SURAKARTA"},"geometry":{"type":"Polygon","coordinates":[[[110.8154,-7.5227],[110.869,-7.5475],[110.8329,-7.5949],[110.8189,-7.5946],[110.802,-7.5715],[110.7825,-7.5758],[110.7692,-7.5514],[110.7961,-7.5488],[110.8154,-7.5227]]]}},{"type":"Feature","properties":{"province":"BANTEN","district":"KOTA TANGERANG","id":"BANTEN/KOTA TANGERANG","name":"KOTA TANGERANG"},"geometry":{"type":"Polygon","coordinates":[[[106.6886,-6.1036],[106.6969,-6.1106],[106.6858,-6.1284],[106.6868,-6.1724],[106.7244,-6.185],[106.7134,-6.1918],[106.7247,-6.194],[106.7181,-6.223],[106.7433,-6.2276],[106.7472,-6.2515],[106.704,-6.2561],[106.6881,-6.2302],[106.6119,-6.2273],[106.6011,-6.2055],[106.5881,-6.2225],[106.5526,-6.1995],[106.5526,-6.1848],[106.5792,-6.172],[106.5904,-6.1482],[106.6134,-6.1478],[106.614,-6.1261],[106.6358,-6.1061],[106.6446,-6.1227],[106.6726,-6.1195],[106.6758,-6.0986],[106.6886,-6.1036]]]}},{"type":"Feature","properties":{"province":"BANTEN","district":"KOTA TANGERANG SELATAN","id":"BANTEN/KOTA TANGERANG SELATAN","name":"KOTA TANGERANG SELATAN"},"geometry":{"type":"Polygon","coordinates":[[[106.6615,-6.2313],[106.6917,-6.2319],[106.704,-6.2561],[106.7536,-6.2516],[106.7515,-6.2745],[106.7799,-6.3165],[106.7699,-6.3612],[106.651,-6.3622],[106.647,-6.3404],[106.6622,-6.3173],[106.6367,-6.2365],[106.6615,-6.2313]]]}},{"type":"Feature","properties":{"province":"SUMATERA UTARA","district":"KOTA TANJUNG BALAI","id":"SUMATERA UTARA/KOTA TANJUNG BALAI","name":"KOTA TANJUNG BALAI"},"geometry":{"type":"Polygon","coordinates":[[[99.8179,3.0108],[99.8093,2.9749],[99.8356,2.9551],[99.8379,2.9379],[99.7752,2.9209],[99.7525,2.9443],[99.7572,2.9663],[99.7828,2.9704],[99.7661,3.009],[99.7986,3.0095],[99.8172,3.0251],[99.8179,3.0108]]]}},{"type":"Feature","properties":{"province":"KEPULAUAN RIAU","district":"KOTA TANJUNGPINANG","id":"KEPULAUAN RIAU/KOTA TANJUNGPINANG","name":"KOTA TANJUNGPINANG"},"geometry":{"type":"Polygon","coordinates":[[[104.4998,0.9898],[104.5045,0.9726],[104.5216,0.9773],[104.5202,0.9571],[104.5455,0.9415],[104.552,0.9155],[104.5377,0.8967],[104.544,0.876],[104.4985,0.8386],[104.4754,0.8506],[104.4909,0.8759],[104.4375,0.9116],[104.4432,0.9344],[104.4673,0.931],[104.4676,0.9215],[104.4741,0.9292],[104.477,0.9187],[104.4801,0.9327],[104.4489,0.9369],[104.409,0.9636],[104.4157,0.9785],[104.4734,0.9775],[104.4764,0.9891],[104.4998,0.9898]]]}},{"type":"Feature","properties":{"province":"KALIMANTAN UTARA","district":"KOTA TARAKAN","id":"KALIMANTAN UTARA/KOTA TARAKAN","name":"KOTA TARAKAN"},"geometry":{"type":"Polygon","coordinates":[[[117.6189,3.4383],[117.6687,3.4037],[117.656,3.2536],[117.6432,3.2386],[117.6208,3.2521],[117.6117,3.2794],[117.5422,3.3256],[117.5147,3.3812],[117.5203,3.4159],[117.5486,3.4423],[117.6189,3.4383]]]}},{"type":"Feature","properties":{"province":"JAWA BARAT","district":"KOTA TASIKMALAYA","id":"JAWA BARAT/KOTA TASIKMALAYA","name":"KOTA TASIKMALAYA"},"geometry":{"type":"Polygon","coordinates":[[[108.3094,-7.3371],[108.2652,-7.3744],[108.2825,-7.3846],[108.2686,-7.4254],[108.1875,-7.4465],[108.1846,-7.3953],[108.1712,-7.3856],[108.1671,-7.3441],[108.1525,-7.3348],[108.1564,-7.2895],[108.1764,-7.2884],[108.1792,-7.2716],[108.1933,-7.2693],[108.2525,-7.3214],[108.3094,-7.3371]]]}},{"type":"Feature","properties":{"province":"SUMATERA UTARA","district":"KOTA TEBING TINGGI","id":"SUMATERA UTARA/KOTA TEBING TINGGI","name":"KOTA TEBING TINGGI"},"geometry":{"type":"Polygon","coordinates":[[[99.174,3.3733],[99.1673,3.351],[99.1932,3.3514],[99.1815,3.3315],[99.1937,3.3104],[99.1389,3.3086],[99.1382,3.2739],[99.1144,3.2975],[99.1338,3.3123],[99.1167,3.3387],[99.1294,3.3494],[99.1546,3.3412],[99.1656,3.3566],[99.1546,3.3667],[99.174,3.3733]]]}},{"type":"Feature","properties":{"province":"JAWA TENGAH","district":"KOTA TEGAL","id":"JAWA TENGAH/KOTA TEGAL","name":"KOTA TEGAL"},"geometry":{"type":"Polygon","coordinates":[[[109.1617,-6.8447],[109.1466,-6.8884],[109.1163,-6.8992],[109.0764,-6.8892],[109.0815,-6.8595],[109.1021,-6.8402],[109.1296,-6.8515],[109.1617,-6.8447]]]}},{"type":"Feature","properties":{"province":"MALUKU UTARA","district":"KOTA TERNATE","id":"MALUKU UTARA/KOTA TERNATE","name":"KOTA TERNATE"},"geometry":{"type":"Polygon","coordinates":[[[127.3272,0.8678],[127.3887,0.8288],[127.3915,0.7905],[127.3708,0.759],[127.3148,0.7569],[127.294,0.791],[127.3022,0.8412],[127.3272,0.8678]]]}},{"type":"Feature","properties":{"province":"MALUKU UTARA","district":"KOTA TIDORE KEPULAUAN","id":"MALUKU UTARA/KOTA TIDORE KEPULAUAN","name":"KOTA TIDORE KEPULAUAN"},"geometry":{"type":"Polygon","coordinates":[[[127.6199,0.7874],[127.6358,0.7705],[127.6616,0.7756],[127.6923,0.7555],[127.7164,0.7646],[127.7518,0.7572],[127.783,0.6923],[127.7919,0.6313],[127.8316,0.5756],[127.8259,0.5424],[127.8066,0.5261],[127.806,0.4901],[127.8003,0.481],[127.7795,0.4855],[127.7686,0.4543],[127.7751,0.4129],[127.8065,0.3737],[127.7986,0.3174],[127.8195,0.2726],[127.7973,0.2485],[127.8237,0.2094],[127.7877,0.1546],[127.7991,0.1317],[127.7965,-0.0243],[127.6976,0.0071],[127.7221,0.0723],[127.7122,0.1037],[127.6847,0.0986],[127.7018,0.1251],[127.696,0.1852],[127.734,0.302],[127.7253,0.3339],[127.7091,0.3529],[127.6616,0.3424],[127.6489,0.3579],[127.6217,0.3602],[127.6225,0.396],[127.5787,0.4147],[127.5856,0.423],[127.5731,0.4288],[127.5618,0.5159],[127.5269,0.5544],[127.5368,0.5744],[127.5296,0.6126],[127.5511,0.6824],[127.5476,0.7293],[127.575,0.7539],[127.5974,0.76],[127.5994,0.7497],[127.5992,0.7731],[127.6199,0.7874]]]}},{"type":"Feature","properties":{"province":"SULAWESI UTARA","district":"KOTA TOMOHON","id":"SULAWESI UTARA/KOTA TOMOHON","name":"KOTA TOMOHON"},"geometry":{"type":"Polygon","coordinates":[[[124.8404,1.3968],[124.8641,1.3519],[124.9095,1.3486],[124.8763,1.3262],[124.8501,1.2667],[124.819,1.2426],[124.8215,1.2693],[124.8004,1.2696],[124.7703,1.29],[124.7787,1.2963],[124.7515,1.293],[124.7312,1.3133],[124.791,1.3979],[124.8357,1.4051],[124.8404,1.3968]]]}},{"type":"Feature","properties":{"province":"MALUKU","district":"KOTA TUAL","id":"MALUKU/KOTA TUAL","name":"KOTA TUAL"},"geometry":{"type":"Polygon","coordinates":[[[132.7979,-5.5681],[132.8115,-5.543],[132.8168,-5.553],[132.7993,-5.6085],[132.8161,-5.6762],[132.8007,-5.6984],[132.7989,-5.6523],[132.7737,-5.6913],[132.7571,-5.6628],[132.767,-5.6435],[132.759,-5.6399],[132.7609,-5.6573],[132.7486,-5.6545],[132.7493,-5.6647],[132.741,-5.6371],[132.7516,-5.5737],[132.7755,-5.5433],[132.8015,-5.5232],[132.7979,-5.5681]]]}},{"type":"Feature","properties":{"province":"DAERAH ISTIMEWA YOGYAKARTA","district":"KOTA YOGYAKARTA","id":"DAERAH ISTIMEWA YOGYAKARTA/KOTA YOGYAKARTA","name":"KOTA YOGYAKARTA"},"geometry":{"type":"Polygon","coordinates":[[[110.3971,-7.7885],[110.4036,-7.8331],[110.3933,-7.8263],[110.3877,-7.8399],[110.3751,-7.8244],[110.3518,-7.8257],[110.3522,-7.7665],[110.3971,-7.7885]]]}},{"type":"Feature","properties":{"province":"KALIMANTAN SELATAN","district":"KOTABARU","id":"KALIMANTAN SELATAN/KOTABARU","name":"KOTABARU"},"geometry":{"type":"Polygon","coordinates":[[[116.2052,-2.308],[116.2358,-2.3091],[116.2363,-2.3279],[116.2679,-2.3392],[116.3277,-2.3408],[116.5557,-2.4117],[116.5232,-2.5155],[116.5309,-2.5371],[116.5121,-2.5621],[116.4805,-2.5713],[116.4782,-2.5168],[116.4488,-2.5023],[116.4182,-2.5009],[116.3982,-2.5286],[116.3533,-2.5176],[116.3356,-2.5343],[116.3017,-2.5197],[116.289,-2.5334],[116.3174,-2.5423],[116.323,-2.5807],[116.3575,-2.5496],[116.3914,-2.5873],[116.4149,-2.5781],[116.3671,-2.6683],[116.3639,-2.8779],[116.27,-3.0025],[116.2205,-3.0078],[116.2071,-2.9385],[116.1811,-2.9504],[116.1488,-2.9349],[116.1559,-2.871],[116.1349,-2.8264],[116.1441,-2.7924],[116.1177,-2.8247],[116.134,-2.8489],[116.121,-2.8718],[116.1316,-2.8858],[116.1009,-2.9336],[116.1225,-2.9617],[116.0887,-2.9877],[116.0925,-2.9996],[116.1217,-3.0152],[116.1581,-3.015],[116.1536,-3.0318],[116.173,-3.062],[116.2679,-3.1101],[116.2743,-3.1255],[116.2113,-3.1276],[116.1808,-3.161],[116.1711,-3.1566],[116.1837,-3.2289],[116.1766,-3.2509],[116.0922,-3.283],[116.0816,-3.2574],[116.0413,-3.2615],[115.99,-3.22],[115.9468,-3.2539],[115.9281,-3.2273],[115.9513,-3.1933],[115.9342,-3.1524],[115.7688,-3.1952],[115.7409,-3.1593],[115.7305,-3.1184],[115.7109,-3.1141],[115.7166,-3.0977],[115.7031,-3.0786],[115.6818,-3.0721],[115.6783,-3.0857],[115.665,-3.0649],[115.6511,-3.0711],[115.637,-3.0565],[115.6228,-3.0695],[115.5916,-3.0359],[115.5845,-3.005],[115.5768,-3.0205],[115.5669,-3.0126],[115.5179,-3.027],[115.5121,-3.0084],[115.5329,-2.98],[115.5573,-2.9846],[115.5542,-2.9445],[115.5772,-2.9309],[115.5958,-2.8916],[115.5773,-2.8835],[115.5556,-2.8346],[115.5896,-2.7602],[115.6667,-2.766],[115.6652,-2.7211],[115.7077,-2.7022],[115.7166,-2.6646],[115.7152,-2.6767],[115.732,-2.6846],[115.7469,-2.6667],[115.7272,-2.6388],[115.6767,-2.6131],[115.6896,-2.5904],[115.7116,-2.59],[115.7445,-2.6168],[115.7569,-2.6002],[115.7569,-2.6167],[115.809,-2.6167],[115.8196,-2.6014],[115.8187,-2.5619],[115.796,-2.5679],[115.7812,-2.5458],[115.7594,-2.5525],[115.7506,-2.5324],[115.782,-2.5141],[115.7947,-2.4786],[115.7907,-2.4353],[115.8214,-2.3953],[115.8875,-2.3743],[115.8898,-2.3371],[115.926,-2.3253],[116.014,-2.3222],[116.033,-2.3074],[116.0451,-2.3287],[116.0797,-2.3364],[116.1049,-2.327],[116.1136,-2.3377],[116.1497,-2.3241],[116.1545,-2.3082],[116.2052,-2.308]]]}},{"type":"Feature","properties":{"province":"KALIMANTAN TENGAH","district":"KOTAWARINGIN BARAT","id":"KALIMANTAN TENGAH/KOTAWARINGIN BARAT","name":"KOTAWARINGIN BARAT"},"geometry":{"type":"Polygon","coordinates":[[[111.944,-1.7013],[111.956,-1.7619],[111.9371,-1.8689],[111.9685,-1.9041],[112.0576,-1.95],[112.0744,-1.972],[112.0581,-2.0123],[112.0564,-2.0674],[112.018,-2.1254],[112.0248,-2.232],[112.0423,-2.2509],[112.0374,-2.2679],[112.073,-2.3474],[112.04,-2.3455],[112.04,-2.393],[112.0622,-2.3935],[112.0614,-2.4278],[112.0502,-2.4275],[112.05,-2.4517],[112.0242,-2.4484],[112.011,-2.462],[112.0236,-2.4827],[112.0229,-2.5202],[112.0341,-2.5203],[112.0328,-2.5569],[112.0416,-2.5576],[112.0368,-2.5918],[112.0618,-2.6492],[112.042,-2.6883],[112.1295,-2.7657],[112.1398,-2.8034],[112.0989,-2.988],[112.0969,-3.0538],[112.1314,-3.159],[111.7947,-3.5257],[111.7687,-3.5037],[111.7962,-3.4724],[111.8166,-3.405],[111.8188,-3.3219],[111.7978,-3.1972],[111.8254,-3.0527],[111.814,-3.0012],[111.7519,-2.8898],[111.7269,-2.8669],[111.7318,-2.8557],[111.7123,-2.8493],[111.6692,-2.8945],[111.6884,-2.9201],[111.7068,-2.9049],[111.6903,-2.942],[111.6363,-2.9573],[111.5484,-3.0232],[111.5263,-2.9792],[111.457,-2.9249],[111.4121,-2.9035],[111.3879,-2.9203],[111.3614,-2.9086],[111.3799,-2.8768],[111.3827,-2.8175],[111.3824,-2.76],[111.3623,-2.7598],[111.3998,-2.6534],[111.3437,-2.6257],[111.3083,-2.5842],[111.2255,-2.562],[111.2176,-2.5051],[111.2552,-2.5004],[111.2872,-2.518],[111.2752,-2.4299],[111.2955,-2.4083],[111.2841,-2.4002],[111.2836,-2.3728],[111.265,-2.3726],[111.2748,-2.336],[111.3164,-2.3325],[111.3169,-2.3052],[111.3469,-2.3062],[111.3484,-2.2859],[111.3688,-2.2753],[111.4189,-2.2899],[111.419,-2.3062],[111.4604,-2.3144],[111.5849,-2.3071],[111.5853,-2.2955],[111.5973,-2.2954],[111.6027,-2.202],[111.6603,-2.1806],[111.6494,-2.1503],[111.6806,-2.1215],[111.7231,-2.1136],[111.7452,-2.1218],[111.7392,-2.0798],[111.7704,-2.0722],[111.7765,-2.0332],[111.8037,-2.003],[111.8224,-1.9994],[111.8244,-1.9567],[111.8099,-1.9271],[111.8343,-1.9152],[111.8297,-1.8801],[111.8166,-1.8809],[111.8354,-1.8442],[111.8234,-1.8427],[111.8272,-1.8229],[111.8114,-1.813],[111.8206,-1.7786],[111.8437,-1.7526],[111.8451,-1.7209],[111.8388,-1.6967],[111.8053,-1.6836],[111.7883,-1.6544],[111.7924,-1.6257],[111.8177,-1.6014],[111.805,-1.5617],[111.7755,-1.5444],[111.75,-1.4832],[111.872,-1.5444],[111.917,-1.618],[111.944,-1.7013]]]}},{"type":"Feature","properties":{"province":"KALIMANTAN TENGAH","district":"KOTAWARINGIN TIMUR","id":"KALIMANTAN TENGAH/KOTAWARINGIN TIMUR","name":"KOTAWARINGIN TIMUR"},"geometry":{"type":"Polygon","coordinates":[[[112.5656,-1.1997],[112.632,-1.2077],[112.6749,-1.2558],[112.6696,-1.2724],[112.6912,-1.3065],[112.7495,-1.3335],[112.746,-1.3781],[112.7914,-1.393],[112.8156,-1.4239],[112.8393,-1.4239],[112.8383,-1.5049],[112.8623,-1.5247],[112.8638,-1.5917],[112.8989,-1.5942],[112.8966,-1.6401],[112.9299,-1.641],[112.9287,-1.7048],[113.0001,-1.7164],[112.9992,-1.7489],[113.0337,-1.7656],[113.0618,-1.8133],[113.1342,-1.8152],[113.1423,-1.8994],[113.1557,-1.8996],[113.1618,-1.9224],[113.2036,-1.9524],[113.2034,-1.9757],[113.2174,-1.9757],[113.2201,-1.991],[113.2697,-2.0244],[113.1722,-2.323],[113.2131,-2.4505],[113.0947,-2.6753],[113.0979,-2.8],[113.2222,-3.0842],[113.2345,-3.1521],[113.1918,-3.1099],[113.1743,-3.0736],[113.0876,-3.0337],[113.0578,-3.0063],[113.047,-2.974],[113.0329,-2.9749],[113.014,-3.0294],[112.9838,-3.0484],[112.9422,-3.1177],[112.9633,-3.1449],[112.9965,-3.1565],[113.0419,-3.1301],[112.919,-3.2411],[112.8126,-3.2996],[112.8141,-3.0502],[112.845,-2.998],[112.8438,-2.8458],[112.822,-2.8057],[112.7448,-2.7548],[112.6363,-2.7287],[112.6091,-2.7044],[112.6042,-2.6668],[112.5118,-2.629],[112.4954,-2.5453],[112.5249,-2.5454],[112.4928,-2.543],[112.4743,-2.4965],[112.4505,-2.491],[112.4521,-2.4329],[112.4348,-2.435],[112.4362,-2.362],[112.4308,-2.3313],[112.4087,-2.331],[112.4082,-2.267],[112.3735,-2.2671],[112.3737,-2.1967],[112.3362,-2.1822],[112.314,-2.1564],[112.3058,-2.0622],[112.3312,-2.0523],[112.3408,-2.0127],[112.3121,-1.9959],[112.3127,-1.9841],[112.3385,-1.9569],[112.3446,-1.927],[112.2516,-1.8601],[112.251,-1.8314],[112.201,-1.7895],[112.1921,-1.758],[112.0912,-1.6443],[112.067,-1.5947],[112.0691,-1.5676],[112.1267,-1.4479],[112.127,-1.3128],[112.202,-1.3027],[112.2579,-1.3207],[112.2791,-1.3037],[112.3229,-1.2996],[112.3339,-1.246],[112.3503,-1.2315],[112.3922,-1.2396],[112.4268,-1.2063],[112.4618,-1.198],[112.511,-1.208],[112.5398,-1.1929],[112.5656,-1.1997]]]}},{"type":"Feature","properties":{"province":"RIAU","district":"KUANTAN SINGINGI","id":"RIAU/KUANTAN SINGINGI","name":"KUANTAN SINGINGI"},"geometry":{"type":"Polygon","coordinates":[[[101.2964,-0.0497],[101.3378,-0.0797],[101.3497,-0.1046],[101.3924,-0.0994],[101.457,-0.0673],[101.4795,-0.073],[101.4891,-0.0973],[101.5189,-0.0996],[101.516,-0.1105],[101.549,-0.1278],[101.5627,-0.1698],[101.5956,-0.1954],[101.6154,-0.2345],[101.6803,-0.2415],[101.73,-0.2839],[101.7602,-0.2931],[101.761,-0.3364],[101.803,-0.3281],[101.8595,-0.4016],[101.8987,-0.3868],[101.9139,-0.3997],[101.9123,-0.5336],[101.8658,-0.5647],[101.8306,-0.5718],[101.8276,-0.6193],[101.7828,-0.6509],[101.7974,-0.6759],[101.7947,-0.7398],[101.7769,-0.7907],[101.8169,-0.8503],[101.8403,-0.8141],[101.8608,-0.8165],[101.8613,-0.8347],[101.899,-0.8307],[101.8772,-0.8688],[101.862,-0.8597],[101.8537,-0.8772],[101.9163,-0.8835],[101.9303,-0.9088],[101.9137,-0.9208],[101.9078,-0.9525],[101.855,-0.9678],[101.8453,-0.9836],[101.8034,-0.9641],[101.7538,-0.9752],[101.7433,-0.9496],[101.6978,-0.937],[101.7345,-0.8965],[101.7317,-0.8706],[101.7134,-0.8697],[101.6477,-0.8237],[101.5876,-0.8473],[101.5301,-0.8098],[101.5058,-0.8085],[101.4251,-0.7387],[101.3948,-0.7436],[101.4056,-0.7175],[101.3478,-0.6835],[101.3574,-0.6575],[101.3226,-0.6495],[101.3054,-0.6278],[101.2549,-0.6252],[101.2231,-0.5868],[101.1986,-0.5814],[101.1813,-0.5426],[101.1431,-0.5298],[101.1117,-0.5017],[101.0649,-0.5019],[101.0287,-0.394],[101.0442,-0.3741],[101.1024,-0.3784],[101.1404,-0.3332],[101.1357,-0.2877],[101.1527,-0.2385],[101.2007,-0.1784],[101.1968,-0.117],[101.2428,-0.0565],[101.2634,0.0079],[101.2964,-0.0497]]]}},{"type":"Feature","properties":{"province":"KALIMANTAN BARAT","district":"KUBU RAYA","id":"KALIMANTAN BARAT/KUBU RAYA","name":"KUBU RAYA"},"geometry":{"type":"Polygon","coordinates":[[[109.4593,0.2211],[109.4885,0.215],[109.4879,0.1661],[109.508,0.1409],[109.5114,0.1162],[109.4954,0.0898],[109.5216,0.0366],[109.5046,-0.0321],[109.5503,-0.0113],[109.5453,-0.0003],[109.5648,0.0007],[109.564,-0.0143],[109.5811,-0.005],[109.571,0.0074],[109.5875,0.0085],[109.5892,0.0211],[109.5727,0.0375],[109.5924,0.0387],[109.5938,0.0236],[109.6044,0.0351],[109.6132,0.0187],[109.6145,0.035],[109.6203,0.0231],[109.6352,0.0325],[109.6336,0.0494],[109.6561,0.0354],[109.649,0.0501],[109.6624,0.0402],[109.6558,0.0563],[109.6674,0.0554],[109.6592,0.0649],[109.6713,0.0714],[109.6729,0.0561],[109.6765,0.0667],[109.6956,0.0631],[109.6898,0.0831],[109.6998,0.0984],[109.7308,0.0762],[109.7498,0.0927],[109.7726,0.0769],[109.7862,0.0876],[109.7976,0.0787],[109.8026,0.0879],[109.8495,0.086],[109.8764,0.077],[109.886,0.0413],[109.8428,0.004],[109.8512,-0.0489],[109.9039,-0.1077],[109.9061,-0.1373],[109.921,-0.1473],[109.9475,-0.1415],[109.9444,-0.2281],[109.9707,-0.2817],[109.9361,-0.3189],[109.9531,-0.3488],[109.9277,-0.3587],[109.9248,-0.3934],[109.9314,-0.415],[109.9716,-0.4339],[109.9681,-0.4455],[109.946,-0.4445],[109.9685,-0.4552],[109.9725,-0.4767],[109.9587,-0.4867],[109.9658,-0.4971],[109.946,-0.5012],[109.8848,-0.5543],[109.8805,-0.5876],[109.8183,-0.6377],[109.8081,-0.6712],[109.818,-0.6843],[109.8599,-0.6589],[109.8833,-0.6911],[109.8842,-0.7231],[109.9024,-0.7329],[109.9331,-0.7197],[109.94,-0.7607],[109.9295,-0.7853],[109.894,-0.8039],[109.8929,-0.8234],[109.7994,-0.8427],[109.8015,-0.8696],[109.754,-0.895],[109.7389,-0.8837],[109.7504,-0.8752],[109.7452,-0.8617],[109.7171,-0.8679],[109.7132,-0.8293],[109.6795,-0.8297],[109.662,-0.8067],[109.6354,-0.7969],[109.6317,-0.752],[109.6706,-0.7553],[109.6981,-0.717],[109.6671,-0.7005],[109.6753,-0.6955],[109.6572,-0.6713],[109.6323,-0.6889],[109.6125,-0.6831],[109.596,-0.6936],[109.5844,-0.6508],[109.5169,-0.6424],[109.4742,-0.6147],[109.4147,-0.6311],[109.3742,-0.5846],[109.3277,-0.5881],[109.3333,-0.5723],[109.3151,-0.5942],[109.2631,-0.601],[109.2517,-0.5886],[109.25,-0.6047],[109.2018,-0.5514],[109.1872,-0.5525],[109.1877,-0.5681],[109.1477,-0.5678],[109.1164,-0.5136],[109.1166,-0.4368],[109.0975,-0.361],[109.1147,-0.3364],[109.0872,-0.2785],[109.1328,-0.2384],[109.1972,-0.2173],[109.1814,-0.1944],[109.1881,-0.0912],[109.1591,-0.0409],[109.1697,0.0321],[109.2872,0.0059],[109.2742,-0.0299],[109.3219,-0.0942],[109.3429,-0.0982],[109.366,-0.0602],[109.385,-0.0533],[109.3644,0.0365],[109.3805,0.0484],[109.3678,0.1967],[109.3791,0.2115],[109.4263,0.2166],[109.4361,0.2298],[109.4593,0.2211]]]}},{"type":"Feature","properties":{"province":"JAWA TENGAH","district":"KUDUS","id":"JAWA TENGAH/KUDUS","name":"KUDUS"},"geometry":{"type":"Polygon","coordinates":[[[110.9024,-6.6265],[110.8981,-6.6398],[110.9378,-6.7099],[110.9321,-6.7207],[110.9254,-6.7146],[110.9249,-6.7374],[110.941,-6.7354],[110.9448,-6.7556],[110.963,-6.7559],[110.977,-6.8333],[110.9478,-6.8588],[110.8821,-6.8675],[110.8827,-6.9057],[110.8573,-6.9012],[110.8442,-6.9358],[110.8149,-6.9389],[110.8039,-6.9797],[110.7729,-6.9446],[110.8336,-6.8504],[110.7974,-6.8383],[110.7583,-6.7942],[110.7676,-6.7701],[110.7922,-6.7544],[110.8292,-6.7564],[110.8369,-6.7379],[110.8223,-6.7328],[110.8205,-6.7077],[110.8391,-6.7029],[110.8332,-6.6891],[110.862,-6.6242],[110.8894,-6.6174],[110.9024,-6.6265]]]}},{"type":"Feature","properties":{"province":"DAERAH ISTIMEWA YOGYAKARTA","district":"KULON PROGO","id":"DAERAH ISTIMEWA YOGYAKARTA/KULON PROGO","name":"KULON PROGO"},"geometry":{"type":"Polygon","coordinates":[[[110.2699,-7.706],[110.2325,-7.7135],[110.2159,-7.7418],[110.2361,-7.7982],[110.2212,-7.8368],[110.2719,-7.889],[110.2712,-7.9242],[110.2488,-7.9271],[110.2115,-7.9855],[110.0035,-7.8883],[110.0327,-7.896],[110.063,-7.8125],[110.1114,-7.7774],[110.1302,-7.7479],[110.1235,-7.7306],[110.1385,-7.6943],[110.1156,-7.6736],[110.1414,-7.6448],[110.2022,-7.6539],[110.2612,-7.6447],[110.2699,-7.706]]]}},{"type":"Feature","properties":{"province":"JAWA BARAT","district":"KUNINGAN","id":"JAWA BARAT/KUNINGAN","name":"KUNINGAN"},"geometry":{"type":"Polygon","coordinates":[[[108.7605,-6.988],[108.792,-7.0031],[108.7953,-7.0178],[108.7763,-7.0388],[108.7875,-7.0565],[108.7687,-7.1125],[108.726,-7.1152],[108.6977,-7.151],[108.6763,-7.1565],[108.6351,-7.1387],[108.5898,-7.1544],[108.5626,-7.1708],[108.563,-7.1944],[108.5259,-7.1811],[108.5289,-7.1711],[108.5085,-7.1609],[108.5113,-7.1319],[108.4394,-7.1179],[108.4255,-7.0949],[108.3857,-7.0735],[108.3931,-7.0571],[108.3832,-7.0414],[108.394,-7.0319],[108.3831,-7.0067],[108.3857,-6.9527],[108.4013,-6.9353],[108.4077,-6.8925],[108.398,-6.7951],[108.419,-6.7818],[108.4473,-6.7825],[108.4559,-6.7991],[108.5125,-6.7912],[108.5081,-6.852],[108.5247,-6.8576],[108.5232,-6.8704],[108.621,-6.9104],[108.6543,-6.9026],[108.6658,-6.9172],[108.656,-6.9367],[108.6693,-6.9404],[108.6829,-6.9233],[108.7155,-6.9438],[108.7256,-6.9627],[108.7175,-6.9943],[108.7366,-7.0063],[108.7605,-6.988]]]}},{"type":"Feature","properties":{"province":"NUSA TENGGARA TIMUR","district":"KUPANG","id":"NUSA TENGGARA TIMUR/KUPANG","name":"KUPANG"},"geometry":{"type":"Polygon","coordinates":[[[123.6409,-10.2227],[123.6736,-10.233],[123.6357,-10.192],[123.6486,-10.1807],[123.6734,-10.1894],[123.6779,-10.172],[123.6918,-10.1708],[123.6623,-10.1576],[123.6815,-10.1499],[123.6731,-10.1239],[123.7416,-10.0984],[123.7711,-10.0434],[123.6954,-10.0102],[123.6805,-10.0209],[123.6541,-10.0095],[123.6223,-10.0193],[123.599,-10.0451],[123.5809,-10.018],[123.5836,-9.9164],[123.6214,-9.8903],[123.6417,-9.8946],[123.6681,-9.8537],[123.6656,-9.8014],[123.6424,-9.7739],[123.6814,-9.7434],[123.673,-9.6307],[123.7213,-9.5923],[123.7341,-9.567],[123.7876,-9.5419],[123.795,-9.4909],[123.8275,-9.496],[123.848,-9.4756],[123.8844,-9.4653],[123.8992,-9.4299],[123.9342,-9.4218],[123.9421,-9.3968],[123.964,-9.3858],[123.9939,-9.3425],[124.0305,-9.345],[124.0791,-9.3255],[124.0702,-9.3697],[124.0932,-9.4147],[124.1449,-9.4528],[124.1623,-9.4521],[124.1953,-9.5045],[124.1854,-9.5114],[124.1449,-9.4762],[124.1216,-9.4729],[124.1173,-9.4848],[124.1576,-9.5573],[124.1472,-9.5651],[124.1196,-9.553],[124.078,-9.5866],[124.0894,-9.6208],[124.0549,-9.6532],[124.083,-9.6736],[124.0984,-9.6564],[124.1106,-9.6845],[124.0673,-9.7586],[124.094,-9.8094],[124.0857,-9.964],[124.0968,-9.9766],[124.1247,-9.9757],[124.1648,-10.0177],[124.1428,-10.0242],[124.2066,-10.0873],[124.1985,-10.1044],[124.2147,-10.1136],[124.2235,-10.163],[124.1393,-10.1614],[124.1012,-10.1795],[124.0829,-10.2178],[124.0343,-10.246],[124.0186,-10.2733],[123.9623,-10.2768],[123.9424,-10.297],[123.9154,-10.2976],[123.8645,-10.3327],[123.7983,-10.3553],[123.7658,-10.3478],[123.7224,-10.3648],[123.6583,-10.3495],[123.6115,-10.3701],[123.5692,-10.3332],[123.544,-10.3277],[123.486,-10.3558],[123.4567,-10.3556],[123.4632,-10.326],[123.5006,-10.273],[123.4888,-10.2241],[123.5402,-10.2145],[123.531,-10.2228],[123.5444,-10.2469],[123.5742,-10.217],[123.5703,-10.2451],[123.5848,-10.2885],[123.611,-10.2929],[123.6348,-10.2841],[123.6403,-10.2672],[123.6176,-10.2343],[123.6409,-10.2227]]]}},{"type":"Feature","properties":{"province":"KALIMANTAN TIMUR","district":"KUTAI BARAT","id":"KALIMANTAN TIMUR/KUTAI BARAT","name":"KUTAI BARAT"},"geometry":{"type":"Polygon","coordinates":[[[115.6888,0.3297],[115.7818,0.2845],[115.7674,0.227],[115.792,0.2316],[115.8045,0.2089],[115.8272,0.2188],[115.8382,0.1859],[115.8758,0.1664],[115.9023,0.1227],[115.9476,0.1168],[115.9618,0.1006],[115.9755,0.1064],[115.9766,0.0735],[115.994,0.0607],[115.9893,0.0207],[115.9677,0.023],[115.9477,-0.0195],[115.977,-0.0744],[115.9713,-0.0843],[116.007,-0.1026],[116.0341,-0.1457],[116.0655,-0.1678],[116.1609,-0.1783],[116.165,-0.214],[116.2774,-0.289],[116.3064,-0.3298],[116.3013,-0.3485],[116.3225,-0.3902],[116.2362,-0.4003],[116.2354,-0.4251],[116.2658,-0.4497],[116.255,-0.496],[116.32,-0.5342],[116.375,-0.6159],[116.375,-0.6326],[116.4095,-0.6593],[116.455,-0.735],[116.4848,-0.7348],[116.4959,-0.7518],[116.5223,-0.7545],[116.5058,-0.7653],[116.5087,-0.7848],[116.4906,-0.8071],[116.5009,-0.8581],[116.4677,-0.8624],[116.4509,-0.8836],[116.4795,-0.9446],[116.4434,-0.9533],[116.4404,-0.97],[116.3845,-0.9665],[116.37,-0.9963],[116.2996,-1.0519],[116.2621,-1.056],[116.2482,-1.0849],[116.2121,-1.1041],[116.0756,-1.0762],[116.0186,-1.0927],[116.0126,-1.0811],[115.9853,-1.0818],[115.9789,-1.1133],[115.9218,-1.154],[115.9035,-1.1376],[115.8953,-1.1052],[115.8444,-1.1105],[115.842,-1.0963],[115.8198,-1.0886],[115.7664,-1.1377],[115.7496,-1.1049],[115.7109,-1.075],[115.6999,-1.0297],[115.6792,-1.0089],[115.6246,-1.0166],[115.6309,-0.9763],[115.5914,-0.935],[115.5473,-0.8544],[115.4776,-0.882],[115.4739,-0.8725],[115.4137,-0.8735],[115.3992,-0.8453],[115.3977,-0.8649],[115.3816,-0.8518],[115.3753,-0.8772],[115.3572,-0.8636],[115.3499,-0.8912],[115.3417,-0.8391],[115.3,-0.7972],[115.2895,-0.7994],[115.286,-0.7713],[115.3009,-0.7612],[115.3008,-0.745],[115.3466,-0.7204],[115.3419,-0.6862],[115.3256,-0.6715],[115.3571,-0.6705],[115.3727,-0.6537],[115.3777,-0.6295],[115.3565,-0.6134],[115.3809,-0.5722],[115.3367,-0.5435],[115.2826,-0.5482],[115.2936,-0.5165],[115.3071,-0.511],[115.2975,-0.4941],[115.3071,-0.486],[115.2989,-0.4563],[115.2735,-0.4548],[115.2483,-0.4115],[115.2626,-0.4009],[115.2327,-0.3618],[115.2249,-0.3117],[115.2532,-0.3026],[115.2486,-0.2478],[115.2732,-0.2433],[115.2985,-0.2104],[115.2412,-0.1646],[115.2709,-0.1427],[115.286,-0.1452],[115.2871,-0.1281],[115.3096,-0.1178],[115.3165,-0.0971],[115.309,-0.0805],[115.2913,-0.0781],[115.2912,-0.0364],[115.3135,-0.0197],[115.3156,-0.0027],[115.3359,-0.0016],[115.3906,0.0556],[115.5089,0.0617],[115.5574,0.0965],[115.5809,0.1454],[115.6067,0.1406],[115.6774,0.1619],[115.7144,0.2252],[115.7113,0.2783],[115.6847,0.2806],[115.6709,0.3113],[115.6888,0.3297]]]}},{"type":"Feature","properties":{"province":"KALIMANTAN TIMUR","district":"KUTAI KARTANEGARA","id":"KALIMANTAN TIMUR/KUTAI KARTANEGARA","name":"KUTAI KARTANEGARA"},"geometry":{"type":"Polygon","coordinates":[[[115.9809,1.5298],[116.1312,1.4781],[116.1528,1.4897],[116.141,1.4138],[116.1747,1.3814],[116.1585,1.3627],[116.1479,1.2952],[116.0948,1.2483],[116.0625,1.1967],[116.0642,1.1769],[116.0302,1.1686],[116.0497,1.0613],[116.0743,1.0243],[116.0653,1.0105],[116.0404,1.0068],[116.0471,0.9913],[116.029,0.9714],[116.0471,0.9196],[116.0681,0.9018],[116.0394,0.8878],[116.016,0.8344],[115.9721,0.8349],[115.9681,0.8209],[116.0112,0.7708],[116.0757,0.8094],[116.1234,0.7548],[116.147,0.7499],[116.1424,0.7225],[116.1705,0.7326],[116.1801,0.7193],[116.2244,0.7098],[116.237,0.6524],[116.2505,0.6397],[116.242,0.632],[116.2739,0.5838],[116.2542,0.5657],[116.2623,0.5291],[116.2856,0.5115],[116.2883,0.4652],[116.3235,0.4584],[116.4022,0.3562],[116.4708,0.309],[116.4763,0.295],[116.4593,0.2895],[116.4692,0.1839],[116.6525,0.1839],[116.8264,0.2359],[116.8516,0.2705],[116.8478,0.3002],[116.8766,0.3661],[116.8739,0.3896],[116.904,0.39],[116.9383,0.4347],[116.9403,0.5398],[116.9649,0.5409],[116.9635,0.557],[116.9931,0.5833],[117.0568,0.4761],[117.0786,0.4483],[117.1067,0.4382],[117.1444,0.3706],[117.1829,0.3494],[117.2145,0.3496],[117.2001,0.3027],[117.1766,0.2742],[117.1726,0.151],[117.2076,0.1186],[117.2101,0.0828],[117.2317,0.0831],[117.2593,0.0431],[117.2841,0.0339],[117.3367,0.051],[117.3396,0.0339],[117.3707,0.0228],[117.5166,0.0224],[117.5066,0.0028],[117.5183,-0.0312],[117.4761,-0.0773],[117.4425,-0.2019],[117.4168,-0.2234],[117.4256,-0.274],[117.4525,-0.3037],[117.4469,-0.324],[117.4646,-0.3715],[117.458,-0.3871],[117.4367,-0.3797],[117.4285,-0.3969],[117.438,-0.4213],[117.4249,-0.4341],[117.4431,-0.4371],[117.4549,-0.4554],[117.4123,-0.5392],[117.3503,-0.5793],[117.313,-0.5677],[117.2751,-0.5835],[117.2359,-0.5756],[117.2384,-0.5565],[117.2676,-0.5598],[117.2695,-0.5256],[117.2572,-0.5238],[117.2706,-0.4699],[117.2624,-0.4382],[117.2982,-0.3832],[117.2807,-0.3602],[117.2336,-0.3574],[117.2388,-0.3377],[117.2257,-0.3144],[117.1429,-0.3202],[117.1385,-0.3408],[117.1492,-0.3528],[117.133,-0.3628],[117.1278,-0.4084],[117.0655,-0.4397],[117.0546,-0.5139],[117.0675,-0.533],[117.0542,-0.5506],[117.0699,-0.5915],[117.0909,-0.5769],[117.0926,-0.5931],[117.1454,-0.6207],[117.1262,-0.6646],[117.1455,-0.673],[117.1622,-0.7165],[117.1849,-0.7121],[117.1913,-0.6821],[117.2257,-0.662],[117.2283,-0.6373],[117.2622,-0.6173],[117.2728,-0.5962],[117.2897,-0.6094],[117.3028,-0.6787],[117.2812,-0.7926],[117.2523,-0.8105],[117.2488,-0.9072],[117.1703,-0.9532],[117.0648,-1.1064],[117.0227,-1.1407],[117.0009,-1.1252],[116.9453,-1.1261],[116.9018,-1.0633],[116.839,-1.0475],[116.8432,-1.0209],[116.8739,-1.009],[116.8743,-0.9897],[116.9049,-0.9854],[116.9311,-0.9516],[116.9452,-0.8796],[116.8872,-0.8914],[116.8956,-0.8665],[116.884,-0.8506],[116.8309,-0.8238],[116.8252,-0.8098],[116.8068,-0.806],[116.7725,-0.8258],[116.7733,-0.8014],[116.7353,-0.8259],[116.7259,-0.8003],[116.6842,-0.7983],[116.6512,-0.8252],[116.6283,-0.8763],[116.6024,-0.8828],[116.591,-0.8643],[116.5683,-0.8599],[116.5722,-0.8312],[116.555,-0.81],[116.514,-0.8271],[116.5167,-0.8458],[116.5009,-0.8581],[116.4906,-0.8071],[116.5219,-0.7533],[116.4959,-0.7518],[116.4848,-0.7348],[116.455,-0.735],[116.4095,-0.6593],[116.375,-0.6326],[116.375,-0.6159],[116.32,-0.5342],[116.287,-0.5241],[116.2506,-0.4859],[116.2658,-0.4497],[116.2354,-0.4251],[116.2328,-0.4079],[116.2897,-0.3998],[116.3031,-0.3858],[116.3225,-0.3902],[116.3013,-0.3485],[116.3064,-0.3298],[116.2774,-0.289],[116.165,-0.214],[116.1609,-0.1783],[116.0655,-0.1678],[116.0341,-0.1457],[116.007,-0.1026],[115.9713,-0.0843],[115.977,-0.0744],[115.9477,-0.0195],[115.9677,0.023],[115.9893,0.0207],[115.994,0.0607],[115.9766,0.0735],[115.9755,0.1064],[115.9618,0.1006],[115.9476,0.1168],[115.9023,0.1227],[115.8758,0.1664],[115.8382,0.1859],[115.8272,0.2188],[115.8045,0.2089],[115.792,0.2316],[115.7646,0.23],[115.7818,0.2845],[115.6748,0.3348],[115.7148,0.3841],[115.7683,0.4049],[115.7476,0.4416],[115.7544,0.4848],[115.7349,0.5192],[115.712,0.5159],[115.6999,0.5438],[115.6477,0.5403],[115.6409,0.5635],[115.6735,0.5806],[115.6472,0.6053],[115.6515,0.6213],[115.6295,0.6153],[115.595,0.6356],[115.5653,0.7001],[115.4959,0.7632],[115.4054,0.7839],[115.3922,0.7706],[115.3757,0.7951],[115.3824,0.8089],[115.3194,0.8283],[115.2829,0.8128],[115.2784,0.8393],[115.3077,0.8965],[115.2672,0.9151],[115.2613,0.945],[115.2324,0.9637],[115.2554,0.991],[115.2558,1.0262],[115.3,1.0605],[115.3254,1.0542],[115.3714,1.0702],[115.3779,1.1005],[115.401,1.1097],[115.4209,1.1399],[115.4052,1.1808],[115.422,1.1907],[115.4276,1.2232],[115.5832,1.2806],[115.6585,1.2901],[115.7007,1.2642],[115.7111,1.2753],[115.725,1.2606],[115.7645,1.2591],[115.7766,1.2754],[115.7734,1.3077],[115.807,1.3246],[115.8569,1.4014],[115.8543,1.434],[115.914,1.4773],[115.9574,1.4906],[115.9648,1.5241],[115.9809,1.5298]]]}},{"type":"Feature","properties":{"province":"KALIMANTAN TIMUR","district":"KUTAI TIMUR","id":"KALIMANTAN TIMUR/KUTAI TIMUR","name":"KUTAI TIMUR"},"geometry":{"type":"Polygon","coordinates":[[[116.2952,1.8649],[116.351,1.8032],[116.3495,1.7791],[116.3861,1.7876],[116.4156,1.8225],[116.4893,1.7859],[116.4705,1.7599],[116.4402,1.7477],[116.4605,1.7248],[116.5021,1.7133],[116.5281,1.7239],[116.5441,1.6953],[116.6037,1.6923],[116.6195,1.6671],[116.6447,1.6649],[116.659,1.6428],[116.6845,1.6434],[116.6986,1.6651],[116.7621,1.6827],[116.7602,1.6937],[116.8198,1.6795],[116.8405,1.6926],[116.8534,1.672],[116.8929,1.676],[116.8874,1.6418],[116.9109,1.6415],[116.9015,1.6093],[116.927,1.6083],[116.9272,1.5763],[116.9845,1.5223],[116.9786,1.4721],[117.0085,1.4107],[117.0349,1.4223],[117.0683,1.4051],[117.085,1.4131],[117.1359,1.3818],[117.1892,1.3785],[117.2118,1.4099],[117.2226,1.3858],[117.2408,1.3819],[117.2588,1.4188],[117.2754,1.4216],[117.2798,1.4464],[117.3045,1.4382],[117.3339,1.4512],[117.334,1.4881],[117.3734,1.513],[117.394,1.5909],[117.443,1.5547],[117.4557,1.5574],[117.4945,1.5013],[117.5286,1.5366],[117.549,1.598],[117.5599,1.5894],[117.5805,1.6127],[117.5883,1.6024],[117.6046,1.6085],[117.614,1.589],[117.6424,1.59],[117.6638,1.6298],[117.6644,1.671],[117.7249,1.6951],[117.7553,1.678],[117.7924,1.6123],[117.8197,1.5976],[117.8387,1.5159],[117.8322,1.4873],[117.8652,1.4393],[117.8543,1.4197],[117.8464,1.4286],[117.8408,1.421],[117.85,1.3877],[117.8372,1.3658],[117.9074,1.3419],[117.907,1.3248],[117.9411,1.2791],[117.9818,1.2575],[117.9946,1.201],[118.0385,1.1619],[118.1876,1.1699],[118.2229,1.1869],[118.31,1.1778],[118.3489,1.2851],[118.3806,1.2618],[118.4168,1.283],[118.4952,1.2875],[118.5733,1.2328],[118.5886,1.1256],[118.6024,1.1117],[118.6993,1.1222],[118.7507,1.1086],[118.7871,0.9958],[118.8564,0.9854],[118.8645,1.0066],[118.9026,1.0089],[118.9525,1.0515],[118.9875,1.0269],[118.9788,1.0065],[118.987,0.9862],[118.9643,0.9426],[118.9065,0.903],[118.8926,0.8749],[118.8556,0.8769],[118.7951,0.8017],[118.7947,0.8121],[118.7598,0.8056],[118.7259,0.8238],[118.7081,0.8135],[118.7079,0.8323],[118.6723,0.8575],[118.6215,0.8454],[118.5895,0.8104],[118.5464,0.8084],[118.4424,0.8451],[118.3675,0.8062],[118.3435,0.8168],[118.3422,0.8385],[118.3205,0.8499],[118.0637,0.9033],[118.052,0.9131],[118.0569,0.9397],[118.0087,0.96],[117.9808,1.0681],[117.8988,1.1259],[117.8844,1.0889],[117.8971,1.0673],[117.9338,1.0553],[117.9313,1.0373],[117.9449,1.0329],[117.9732,0.9792],[117.9766,0.9299],[118.0193,0.8665],[118.0292,0.7804],[117.971,0.7736],[117.9593,0.7926],[117.9232,0.8066],[117.9143,0.837],[117.8749,0.8246],[117.8746,0.807],[117.8555,0.8135],[117.8136,0.7983],[117.752,0.7564],[117.7113,0.6972],[117.7104,0.6274],[117.6689,0.6096],[117.6458,0.5288],[117.6048,0.4874],[117.6102,0.4289],[117.5837,0.4045],[117.5531,0.4219],[117.5651,0.4183],[117.5567,0.4081],[117.5666,0.3913],[117.5508,0.3313],[117.5411,0.3171],[117.5217,0.3213],[117.5341,0.2876],[117.5162,0.269],[117.5305,0.258],[117.5167,0.2444],[117.5281,0.2203],[117.4927,0.1982],[117.4692,0.1992],[117.4678,0.1758],[117.4497,0.1669],[117.4283,0.1059],[117.3974,0.0809],[117.3883,0.0225],[117.3485,0.0279],[117.3367,0.051],[117.3068,0.0333],[117.2722,0.0372],[117.2317,0.0831],[117.2101,0.0828],[117.2076,0.1186],[117.1726,0.151],[117.1766,0.2742],[117.2001,0.3027],[117.2145,0.3496],[117.1829,0.3494],[117.1444,0.3706],[117.1067,0.4382],[117.0786,0.4483],[117.0568,0.4761],[116.9931,0.5833],[116.9635,0.557],[116.9649,0.5409],[116.9403,0.5398],[116.9383,0.4347],[116.904,0.39],[116.8739,0.3896],[116.8766,0.3661],[116.8478,0.3002],[116.8516,0.2705],[116.8264,0.2359],[116.6525,0.1839],[116.4692,0.1839],[116.4593,0.2895],[116.4763,0.295],[116.4708,0.309],[116.4022,0.3562],[116.3235,0.4584],[116.2883,0.4652],[116.2856,0.5115],[116.2623,0.5291],[116.2542,0.5657],[116.2739,0.5838],[116.242,0.632],[116.2505,0.6397],[116.237,0.6524],[116.2244,0.7098],[116.1801,0.7193],[116.1705,0.7326],[116.1424,0.7225],[116.147,0.7499],[116.1234,0.7548],[116.0757,0.8094],[116.0112,0.7708],[115.9681,0.8209],[115.9721,0.8349],[116.016,0.8344],[116.0394,0.8878],[116.0681,0.9018],[116.0471,0.9196],[116.029,0.9714],[116.0471,0.9913],[116.0404,1.0068],[116.0653,1.0105],[116.0743,1.0243],[116.0497,1.0613],[116.0302,1.1686],[116.0642,1.1769],[116.0625,1.1967],[116.0948,1.2483],[116.1479,1.2952],[116.1585,1.3627],[116.1747,1.3814],[116.141,1.4138],[116.1528,1.4897],[116.1312,1.4781],[116.0076,1.5259],[116.0414,1.5566],[116.0364,1.6061],[116.0687,1.6485],[116.1024,1.6672],[116.115,1.6545],[116.1335,1.6681],[116.1838,1.841],[116.2064,1.8372],[116.2401,1.8618],[116.2561,1.8538],[116.2952,1.8649]]]}},{"type":"Feature","properties":{"province":"SUMATERA UTARA","district":"LABUHANBATU","id":"SUMATERA UTARA/LABUHANBATU","name":"LABUHANBATU"},"geometry":{"type":"Polygon","coordinates":[[[100.3219,2.5477],[100.299,2.4426],[100.3032,2.405],[100.3106,2.3553],[100.3626,2.248],[100.3471,2.2425],[100.3602,2.2194],[100.238,2.2196],[100.2112,2.214],[100.2048,2.1939],[100.1568,2.1939],[100.1573,2.1694],[100.125,2.1706],[100.1242,2.1284],[100.1081,2.1337],[100.1006,2.1085],[100.0778,2.094],[100.052,2.0957],[100.0357,2.0762],[100.0488,2.0193],[100.0292,1.9996],[100.06,1.9874],[100.0372,1.9363],[99.9632,1.9484],[99.9691,1.9614],[99.9559,1.952],[99.9673,1.9382],[99.9595,1.927],[99.9438,1.9447],[99.9531,1.9682],[99.9126,1.9659],[99.9124,1.9847],[99.8966,1.979],[99.8818,1.9643],[99.8883,1.9364],[99.8651,1.8869],[99.8818,1.8212],[99.8635,1.8137],[99.8612,1.795],[99.8429,1.798],[99.8296,1.8261],[99.8479,1.8352],[99.8317,1.8597],[99.8291,1.9098],[99.8461,1.9195],[99.8304,1.954],[99.8557,1.9725],[99.852,1.9936],[99.839,1.9936],[99.8499,2.0039],[99.7915,2.0242],[99.7421,2.0019],[99.7011,1.9428],[99.7087,1.9691],[99.6838,1.9826],[99.6952,2.0274],[99.6778,2.0371],[99.6563,2.0268],[99.6306,2.0474],[99.7161,2.0894],[99.7319,2.1183],[99.7635,2.1347],[99.7711,2.188],[99.8642,2.181],[99.8828,2.1962],[99.9277,2.1898],[99.9496,2.2088],[99.9899,2.1985],[99.9983,2.258],[100.0211,2.253],[100.0237,2.2642],[100.0205,2.2768],[99.9868,2.2746],[99.9832,2.4084],[100.0091,2.4093],[100.0374,2.4834],[100.0154,2.4943],[100.0552,2.5145],[100.0729,2.5459],[100.0596,2.6334],[100.0645,2.6967],[100.0524,2.713],[100.0596,2.7341],[100.1384,2.6876],[100.1758,2.7111],[100.2202,2.7046],[100.2343,2.6425],[100.3219,2.5477]]]}},{"type":"Feature","properties":{"province":"SUMATERA UTARA","district":"LABUHANBATU SELATAN","id":"SUMATERA UTARA/LABUHANBATU SELATAN","name":"LABUHANBATU SELATAN"},"geometry":{"type":"Polygon","coordinates":[[[100.3181,1.4709],[100.3079,1.5139],[100.1683,1.5987],[100.1643,1.6225],[100.1455,1.6307],[100.0776,1.7207],[100.0493,1.7209],[100.0423,1.7032],[100.0547,1.7304],[100.0473,1.7561],[99.9918,1.6627],[99.9365,1.6838],[99.9095,1.7168],[99.8468,1.6365],[99.8159,1.6728],[99.7321,1.727],[99.7016,1.7621],[99.695,1.8049],[99.6759,1.8251],[99.7349,1.8348],[99.8612,1.795],[99.8632,1.8134],[99.8824,1.8234],[99.8651,1.8869],[99.8883,1.9364],[99.883,1.9675],[99.9103,1.9848],[99.9126,1.9659],[99.9531,1.9682],[99.9438,1.9447],[99.9595,1.927],[99.9673,1.9382],[99.9559,1.952],[99.9691,1.9614],[99.9632,1.9484],[100.0372,1.9363],[100.06,1.9874],[100.0292,1.9996],[100.0488,2.0193],[100.0357,2.0762],[100.052,2.0957],[100.0778,2.094],[100.1006,2.1085],[100.1081,2.1337],[100.1242,2.1284],[100.125,2.1706],[100.1573,2.1694],[100.1568,2.1939],[100.2048,2.1939],[100.2112,2.214],[100.238,2.2196],[100.3602,2.2194],[100.3471,2.2425],[100.3626,2.248],[100.3729,2.1931],[100.3439,2.1373],[100.3211,2.0493],[100.3181,1.9018],[100.3104,1.8836],[100.2889,1.8755],[100.2799,1.8176],[100.2891,1.7989],[100.3871,1.7778],[100.3898,1.7577],[100.3519,1.7325],[100.3661,1.6857],[100.4176,1.6651],[100.4082,1.6247],[100.421,1.6076],[100.4041,1.5782],[100.4158,1.5354],[100.4345,1.5204],[100.4218,1.4854],[100.3766,1.4498],[100.3189,1.4477],[100.3181,1.4709]]]}},{"type":"Feature","properties":{"province":"SUMATERA UTARA","district":"LABUHANBATU UTARA","id":"SUMATERA UTARA/LABUHANBATU UTARA","name":"LABUHANBATU UTARA"},"geometry":{"type":"Polygon","coordinates":[[[100.0151,2.735],[100.037,2.7427],[100.0596,2.7341],[100.0524,2.713],[100.0645,2.6967],[100.0596,2.6334],[100.073,2.5467],[100.0552,2.5145],[100.0154,2.4943],[100.0374,2.4834],[100.0091,2.4093],[99.9832,2.4084],[99.9868,2.2746],[100.0205,2.2768],[100.0237,2.2642],[100.0211,2.253],[99.9983,2.258],[99.9899,2.1985],[99.9496,2.2088],[99.9277,2.1898],[99.8828,2.1962],[99.8642,2.181],[99.7711,2.188],[99.7635,2.1347],[99.7319,2.1183],[99.7171,2.0902],[99.6161,2.0407],[99.6218,1.9953],[99.563,2.0304],[99.5465,2.0613],[99.5506,2.0787],[99.5208,2.0916],[99.5119,2.1231],[99.4891,2.1119],[99.4573,2.1261],[99.4153,2.1124],[99.3876,2.1357],[99.3946,2.1709],[99.4241,2.2153],[99.4793,2.2424],[99.5348,2.2474],[99.5502,2.3072],[99.5865,2.3148],[99.5819,2.3374],[99.5205,2.3508],[99.5237,2.4591],[99.5124,2.4385],[99.5195,2.4001],[99.5018,2.3945],[99.4187,2.4604],[99.4505,2.5018],[99.4525,2.5409],[99.5042,2.5858],[99.5376,2.5894],[99.5437,2.6155],[99.56,2.6102],[99.5701,2.5847],[99.5849,2.5912],[99.6091,2.5743],[99.6939,2.5958],[99.987,2.8564],[99.9945,2.8249],[99.9849,2.758],[100.0151,2.735]]]}},{"type":"Feature","properties":{"province":"SUMATERA SELATAN","district":"LAHAT","id":"SUMATERA SELATAN/LAHAT","name":"LAHAT"},"geometry":{"type":"Polygon","coordinates":[[[103.5383,-3.5478],[103.5701,-3.5493],[103.6277,-3.5093],[103.7081,-3.5655],[103.7729,-3.5832],[103.7555,-3.6046],[103.7616,-3.611],[103.7313,-3.6172],[103.7436,-3.6224],[103.7349,-3.6405],[103.7466,-3.6605],[103.7677,-3.6701],[103.7645,-3.6866],[103.7341,-3.691],[103.7639,-3.7398],[103.7244,-3.7648],[103.7381,-3.8018],[103.708,-3.8521],[103.7034,-3.87],[103.7197,-3.8848],[103.7105,-3.8992],[103.6603,-3.9109],[103.6345,-3.9434],[103.6434,-3.9675],[103.5968,-3.9958],[103.5846,-4.0919],[103.5666,-4.0902],[103.5556,-4.1199],[103.5262,-4.1375],[103.5133,-4.1238],[103.498,-4.1306],[103.4645,-4.1],[103.4431,-4.1259],[103.4579,-4.1589],[103.4385,-4.1822],[103.4053,-4.1731],[103.376,-4.2106],[103.3561,-4.1635],[103.3596,-4.0979],[103.3952,-4.0637],[103.4147,-3.9855],[103.3531,-4.0025],[103.3438,-4.051],[103.3292,-4.0659],[103.2783,-4.0324],[103.2897,-4.008],[103.2494,-4.0075],[103.2249,-3.9892],[103.1832,-3.9905],[103.1633,-4.0101],[103.1199,-4.0157],[103.1361,-4.0457],[103.1334,-4.0737],[103.1489,-4.0919],[103.1456,-4.1152],[103.1652,-4.1175],[103.1874,-4.1646],[103.1868,-4.2174],[103.1673,-4.2471],[103.1592,-4.2361],[103.1378,-4.2576],[103.1171,-4.249],[103.0891,-4.2669],[103.0733,-4.2616],[103.0511,-4.2187],[103.0631,-4.211],[103.0603,-4.1958],[102.9196,-4.0966],[102.9141,-4.0623],[102.9308,-4.0482],[102.9584,-4.0547],[103.0037,-4.0163],[103.1236,-4.0065],[103.1069,-3.9743],[103.1085,-3.9324],[103.1381,-3.8163],[103.0882,-3.7652],[103.1193,-3.7099],[103.1024,-3.6539],[103.1199,-3.6136],[103.1299,-3.6132],[103.1196,-3.6117],[103.1387,-3.5868],[103.1377,-3.5568],[103.1631,-3.5612],[103.1801,-3.5318],[103.1678,-3.5089],[103.2079,-3.4975],[103.2764,-3.5004],[103.2944,-3.5187],[103.336,-3.5245],[103.357,-3.5406],[103.4089,-3.5275],[103.4109,-3.4901],[103.4332,-3.5009],[103.4339,-3.5159],[103.448,-3.5082],[103.4708,-3.5329],[103.4871,-3.53],[103.5038,-3.5691],[103.5205,-3.5715],[103.5184,-3.5988],[103.5427,-3.5896],[103.5383,-3.5478]]]}},{"type":"Feature","properties":{"province":"KALIMANTAN TENGAH","district":"LAMANDAU","id":"KALIMANTAN TENGAH/LAMANDAU","name":"LAMANDAU"},"geometry":{"type":"Polygon","coordinates":[[[111.446,-1.2453],[111.4525,-1.2597],[111.504,-1.2535],[111.5606,-1.311],[111.5772,-1.314],[111.5687,-1.3343],[111.5896,-1.3475],[111.6103,-1.3922],[111.6387,-1.4012],[111.6448,-1.4193],[111.6779,-1.421],[111.6923,-1.4456],[111.75,-1.4832],[111.7755,-1.5444],[111.805,-1.5617],[111.8177,-1.6014],[111.7924,-1.6257],[111.7883,-1.6544],[111.8053,-1.6836],[111.8388,-1.6967],[111.8461,-1.7281],[111.8114,-1.813],[111.8272,-1.8229],[111.8234,-1.8427],[111.8354,-1.8442],[111.8166,-1.8809],[111.8297,-1.8801],[111.8343,-1.9152],[111.8099,-1.9271],[111.8244,-1.9567],[111.8224,-1.9994],[111.8037,-2.003],[111.7765,-2.0332],[111.7704,-2.0722],[111.7392,-2.0798],[111.7452,-2.1218],[111.7231,-2.1136],[111.6806,-2.1215],[111.6494,-2.1503],[111.6603,-2.1806],[111.6027,-2.202],[111.5973,-2.2954],[111.5853,-2.2955],[111.5849,-2.3071],[111.419,-2.3062],[111.4189,-2.2899],[111.382,-2.2821],[111.3894,-2.2148],[111.3578,-2.2147],[111.367,-2.1924],[111.3555,-2.1525],[111.2648,-2.1404],[111.2676,-2.0727],[111.2045,-2.0642],[111.1939,-2.056],[111.2052,-2.0376],[111.1716,-2.0358],[111.1561,-2.0284],[111.1569,-2.0157],[111.0871,-2.041],[111.0789,-2.0094],[111.1014,-1.9886],[111.0869,-1.9657],[111.055,-1.9572],[111.0107,-1.9697],[111.0,-1.9474],[110.9885,-1.9548],[110.9641,-1.8948],[110.9504,-1.8879],[110.9499,-1.8524],[110.9778,-1.8285],[110.971,-1.811],[111.0141,-1.7818],[111.0258,-1.7199],[110.9944,-1.7069],[110.9845,-1.6891],[110.9976,-1.6837],[110.9943,-1.6501],[110.94,-1.6573],[110.917,-1.693],[110.9031,-1.6874],[110.8929,-1.6568],[110.8733,-1.6655],[110.8631,-1.6287],[110.887,-1.5986],[110.9038,-1.6016],[110.935,-1.5573],[110.9697,-1.552],[111.0063,-1.5036],[111.0249,-1.5048],[111.0349,-1.5288],[111.0498,-1.5165],[111.0796,-1.525],[111.0987,-1.487],[111.1196,-1.4868],[111.1111,-1.4658],[111.156,-1.4318],[111.1761,-1.4447],[111.1807,-1.4768],[111.2,-1.4749],[111.2038,-1.4428],[111.2542,-1.4381],[111.2841,-1.3835],[111.3057,-1.3895],[111.3267,-1.3671],[111.3436,-1.317],[111.3648,-1.3096],[111.3715,-1.2903],[111.3839,-1.2964],[111.3908,-1.2529],[111.4235,-1.2674],[111.446,-1.2453]]]}},{"type":"Feature","properties":{"province":"JAWA TIMUR","district":"LAMONGAN","id":"JAWA TIMUR/LAMONGAN","name":"LAMONGAN"},"geometry":{"type":"Polygon","coordinates":[[[112.3338,-6.8613],[112.3881,-6.8761],[112.4183,-6.8617],[112.4484,-6.8842],[112.4241,-6.9109],[112.4253,-6.9515],[112.4052,-6.9605],[112.3766,-6.9528],[112.3673,-6.9877],[112.4522,-7.0011],[112.4516,-7.0155],[112.4811,-7.0029],[112.4975,-7.0172],[112.5113,-7.0125],[112.499,-7.0313],[112.5525,-7.0505],[112.5317,-7.082],[112.5356,-7.0961],[112.5013,-7.1068],[112.498,-7.1256],[112.476,-7.1257],[112.47,-7.1589],[112.5059,-7.1636],[112.5016,-7.1916],[112.4191,-7.2318],[112.3969,-7.2648],[112.4124,-7.2729],[112.4102,-7.3053],[112.3586,-7.3265],[112.3458,-7.3451],[112.3078,-7.3518],[112.314,-7.365],[112.2507,-7.3633],[112.2114,-7.3486],[112.0815,-7.3826],[112.089,-7.3585],[112.0726,-7.3333],[112.09,-7.304],[112.0871,-7.2297],[112.1095,-7.2224],[112.1396,-7.158],[112.1513,-7.1582],[112.1657,-7.1178],[112.1522,-7.1094],[112.1783,-7.0978],[112.1786,-7.0757],[112.1898,-7.0844],[112.2188,-7.0687],[112.2225,-7.0373],[112.2033,-7.0294],[112.2146,-7.0094],[112.203,-6.9183],[112.1804,-6.9131],[112.1704,-6.8949],[112.2239,-6.8724],[112.2698,-6.8784],[112.287,-6.8649],[112.2985,-6.8742],[112.3338,-6.8613]]]}},{"type":"Feature","properties":{"province":"LAMPUNG","district":"LAMPUNG BARAT","id":"LAMPUNG/LAMPUNG BARAT","name":"LAMPUNG BARAT"},"geometry":{"type":"Polygon","coordinates":[[[104.3158,-5.354],[104.2226,-5.2181],[104.1208,-5.1748],[104.0837,-5.1409],[104.0631,-5.0993],[104.0031,-5.0985],[104.0191,-5.0437],[103.9726,-4.9691],[103.9244,-4.976],[103.8755,-4.9652],[103.8584,-4.9454],[103.8316,-4.9431],[103.8123,-4.8918],[103.8557,-4.8919],[103.844,-4.9168],[103.8572,-4.9198],[103.9356,-4.8846],[103.9762,-4.9131],[104.0488,-4.9017],[104.0624,-4.8861],[104.0712,-4.908],[104.0927,-4.9182],[104.1444,-4.9238],[104.1773,-4.9023],[104.1913,-4.863],[104.2154,-4.8589],[104.2341,-4.8808],[104.2536,-4.8829],[104.2851,-4.8557],[104.3512,-4.8748],[104.412,-4.864],[104.4424,-4.9431],[104.4784,-4.9318],[104.5096,-4.9429],[104.4938,-4.9765],[104.4987,-5.0136],[104.5168,-5.0263],[104.5373,-5.0138],[104.5668,-5.0217],[104.5904,-5.0699],[104.574,-5.0736],[104.5656,-5.092],[104.5349,-5.0944],[104.5143,-5.1362],[104.4964,-5.1268],[104.374,-5.1995],[104.3801,-5.2377],[104.364,-5.2812],[104.3891,-5.2826],[104.3993,-5.3033],[104.3601,-5.3026],[104.374,-5.3293],[104.3484,-5.3408],[104.3339,-5.3244],[104.3158,-5.354]]]}},{"type":"Feature","properties":{"province":"LAMPUNG","district":"LAMPUNG SELATAN","id":"LAMPUNG/LAMPUNG SELATAN","name":"LAMPUNG SELATAN"},"geometry":{"type":"Polygon","coordinates":[[[105.2826,-5.1799],[105.2863,-5.2141],[105.3039,-5.2206],[105.3199,-5.21],[105.3431,-5.2344],[105.3796,-5.2077],[105.4179,-5.2168],[105.4374,-5.2354],[105.4324,-5.2474],[105.4539,-5.2474],[105.4556,-5.2762],[105.4161,-5.3036],[105.4708,-5.3037],[105.4817,-5.2862],[105.4902,-5.3094],[105.5416,-5.34],[105.5231,-5.3731],[105.5326,-5.4251],[105.5168,-5.4612],[105.5858,-5.4552],[105.6003,-5.4868],[105.6557,-5.4931],[105.669,-5.5653],[105.7363,-5.5921],[105.7338,-5.6008],[105.756,-5.591],[105.7647,-5.6187],[105.7926,-5.6142],[105.7891,-5.5999],[105.7985,-5.6035],[105.8051,-5.5826],[105.8261,-5.5788],[105.809,-5.6887],[105.7925,-5.7212],[105.799,-5.7944],[105.7563,-5.869],[105.7181,-5.9079],[105.7057,-5.8485],[105.6152,-5.8353],[105.5846,-5.8057],[105.5896,-5.7353],[105.5546,-5.6974],[105.5613,-5.6696],[105.5406,-5.6675],[105.5301,-5.6926],[105.5179,-5.6924],[105.5023,-5.669],[105.4672,-5.6578],[105.4701,-5.647],[105.4085,-5.6222],[105.3817,-5.5876],[105.3274,-5.4772],[105.3419,-5.42],[105.306,-5.3583],[105.2908,-5.3689],[105.295,-5.3475],[105.2606,-5.3507],[105.254,-5.3266],[105.2114,-5.3698],[105.2016,-5.3471],[105.1676,-5.3483],[105.1651,-5.3267],[105.1148,-5.3125],[105.145,-5.2526],[105.1717,-5.2709],[105.1673,-5.2384],[105.153,-5.2262],[105.1692,-5.1961],[105.1948,-5.2004],[105.2186,-5.1794],[105.2826,-5.1799]]]}},{"type":"Feature","properties":{"province":"LAMPUNG","district":"LAMPUNG TENGAH","id":"LAMPUNG/LAMPUNG TENGAH","name":"LAMPUNG TENGAH"},"geometry":{"type":"Polygon","coordinates":[[[105.4556,-4.9],[105.4374,-4.8838],[105.401,-4.9163],[105.4157,-4.961],[105.3797,-4.9666],[105.3654,-4.9553],[105.3271,-4.9865],[105.3202,-5.0052],[105.3633,-5.0112],[105.3659,-5.0282],[105.3023,-5.0625],[105.2688,-5.0957],[105.2912,-5.1099],[105.2622,-5.1586],[105.2833,-5.1757],[105.2249,-5.1695],[105.2266,-5.1543],[105.1905,-5.1218],[105.166,-5.1354],[105.1484,-5.1304],[105.1377,-5.164],[105.1156,-5.1481],[105.1001,-5.1606],[105.0926,-5.1507],[105.1034,-5.1397],[105.0837,-5.1433],[105.0834,-5.1168],[105.0715,-5.134],[105.0802,-5.1465],[105.0411,-5.1845],[105.0586,-5.1942],[105.0453,-5.2119],[104.9258,-5.2667],[104.9104,-5.2472],[104.8718,-5.2327],[104.8614,-5.2018],[104.8238,-5.1987],[104.7882,-5.145],[104.7507,-5.1181],[104.7213,-5.125],[104.7007,-5.1558],[104.6832,-5.1568],[104.6524,-5.1325],[104.5939,-5.132],[104.5476,-5.0941],[104.5905,-5.0693],[104.6332,-5.0895],[104.6853,-5.0834],[104.6973,-5.0637],[104.7137,-5.0702],[104.7287,-5.0507],[104.7675,-5.0358],[104.8129,-4.9799],[104.8625,-4.9788],[104.8478,-4.9975],[104.8755,-4.982],[104.9023,-4.9853],[104.9036,-4.9586],[104.9323,-4.9196],[105.0098,-4.9154],[104.9964,-4.9494],[105.0357,-4.9643],[105.0562,-4.9246],[105.058,-4.8711],[105.1214,-4.7633],[105.1431,-4.6756],[105.1666,-4.6678],[105.1801,-4.6402],[105.1706,-4.6198],[105.1797,-4.6001],[105.2154,-4.5991],[105.2121,-4.6354],[105.2616,-4.6357],[105.2629,-4.6225],[105.2933,-4.6169],[105.3121,-4.5797],[105.3533,-4.5507],[105.3692,-4.5214],[105.4117,-4.5187],[105.4898,-4.4828],[105.535,-4.5091],[105.5342,-4.5206],[105.5706,-4.5193],[105.5805,-4.5354],[105.5876,-4.5151],[105.6205,-4.5179],[105.6271,-4.4874],[105.6427,-4.481],[105.6463,-4.5092],[105.6804,-4.4851],[105.713,-4.531],[105.732,-4.5372],[105.749,-4.521],[105.7702,-4.5287],[105.771,-4.5529],[105.7996,-4.5604],[105.7936,-4.5796],[105.8046,-4.586],[105.779,-4.6048],[105.7788,-4.6228],[105.8036,-4.6534],[105.8166,-4.65],[105.8207,-4.7023],[105.8044,-4.7231],[105.8151,-4.7438],[105.8081,-4.7527],[105.7572,-4.7311],[105.7361,-4.7459],[105.7194,-4.7351],[105.6828,-4.7463],[105.6788,-4.7822],[105.6491,-4.7943],[105.6375,-4.8513],[105.6247,-4.86],[105.6046,-4.8521],[105.5908,-4.8821],[105.553,-4.878],[105.5477,-4.8995],[105.5348,-4.8856],[105.5365,-4.8939],[105.4938,-4.8986],[105.4658,-4.8887],[105.4556,-4.9]]]}},{"type":"Feature","properties":{"province":"LAMPUNG","district":"LAMPUNG TIMUR","id":"LAMPUNG/LAMPUNG TIMUR","name":"LAMPUNG TIMUR"},"geometry":{"type":"Polygon","coordinates":[[[105.85,-4.6305],[105.8519,-4.674],[105.878,-4.6823],[105.884,-4.7005],[105.8662,-4.7462],[105.8614,-4.8169],[105.8693,-4.8682],[105.9006,-4.9382],[105.8736,-4.964],[105.859,-5.0372],[105.8643,-5.2554],[105.8448,-5.2965],[105.8518,-5.2749],[105.8293,-5.2991],[105.8184,-5.3361],[105.8219,-5.5711],[105.7985,-5.6035],[105.7893,-5.5995],[105.7928,-5.6141],[105.7734,-5.621],[105.7748,-5.6128],[105.7598,-5.6153],[105.7644,-5.6032],[105.7541,-5.6086],[105.756,-5.591],[105.7394,-5.6022],[105.6756,-5.5725],[105.6603,-5.5543],[105.6557,-5.4931],[105.6003,-5.4868],[105.5858,-5.4552],[105.5168,-5.4612],[105.5326,-5.4251],[105.5231,-5.3731],[105.5416,-5.34],[105.4902,-5.3094],[105.4817,-5.2862],[105.4708,-5.3037],[105.4161,-5.3036],[105.4556,-5.2762],[105.4539,-5.2474],[105.4324,-5.2474],[105.4374,-5.2354],[105.419,-5.2175],[105.3796,-5.2077],[105.3431,-5.2344],[105.3199,-5.21],[105.3039,-5.2206],[105.2863,-5.2141],[105.2785,-5.1976],[105.2841,-5.1712],[105.3003,-5.1787],[105.3299,-5.1676],[105.3343,-5.1459],[105.3223,-5.1321],[105.3491,-5.1085],[105.3349,-5.0911],[105.3549,-5.0637],[105.3088,-5.0721],[105.3166,-5.0545],[105.3659,-5.0282],[105.3633,-5.0112],[105.3202,-5.0052],[105.3464,-4.9643],[105.3672,-4.9552],[105.3797,-4.9666],[105.4158,-4.961],[105.3994,-4.9205],[105.4333,-4.8852],[105.4462,-4.9006],[105.4658,-4.8887],[105.4938,-4.8986],[105.5365,-4.8939],[105.5348,-4.8856],[105.5477,-4.8995],[105.553,-4.878],[105.5904,-4.8823],[105.6046,-4.8521],[105.6256,-4.8596],[105.6525,-4.8132],[105.6491,-4.7943],[105.6789,-4.782],[105.6831,-4.7461],[105.7194,-4.7351],[105.7361,-4.7459],[105.7572,-4.7311],[105.7945,-4.7539],[105.8112,-4.7515],[105.8044,-4.7235],[105.8204,-4.7041],[105.8166,-4.65],[105.8335,-4.6199],[105.85,-4.6305]]]}},{"type":"Feature","properties":{"province":"LAMPUNG","district":"LAMPUNG UTARA","id":"LAMPUNG/LAMPUNG UTARA","name":"LAMPUNG UTARA"},"geometry":{"type":"Polygon","coordinates":[[[104.8398,-4.5044],[104.8927,-4.5246],[104.9512,-4.5169],[104.9807,-4.535],[105.0003,-4.6083],[104.979,-4.6275],[105.0054,-4.6293],[105.0023,-4.652],[105.045,-4.6696],[105.072,-4.7059],[105.0859,-4.7022],[105.1254,-4.7262],[105.1238,-4.7575],[105.058,-4.8711],[105.0562,-4.9246],[105.0357,-4.9643],[104.9964,-4.9494],[105.0098,-4.9154],[104.9323,-4.9196],[104.9036,-4.9586],[104.9023,-4.9853],[104.8755,-4.982],[104.8478,-4.9975],[104.8617,-4.9785],[104.8075,-4.9817],[104.7677,-5.0357],[104.7287,-5.0507],[104.7137,-5.0702],[104.6974,-5.0636],[104.6824,-5.0845],[104.6282,-5.0887],[104.5925,-5.0722],[104.5668,-5.0217],[104.5016,-5.018],[104.4963,-4.9665],[104.5568,-4.8447],[104.5489,-4.8319],[104.6028,-4.8236],[104.6118,-4.832],[104.6214,-4.7961],[104.6459,-4.7789],[104.6353,-4.7433],[104.6236,-4.7405],[104.6345,-4.705],[104.611,-4.6904],[104.6135,-4.6715],[104.6383,-4.6564],[104.6446,-4.6331],[104.6998,-4.5978],[104.7016,-4.5532],[104.7298,-4.5554],[104.7307,-4.5373],[104.7828,-4.5317],[104.7932,-4.5146],[104.8398,-4.5044]]]}},{"type":"Feature","properties":{"province":"KALIMANTAN BARAT","district":"LANDAK","id":"KALIMANTAN BARAT/LANDAK","name":"LANDAK"},"geometry":{"type":"Polygon","coordinates":[[[110.1354,1.0203],[110.1353,1.0054],[110.1845,1.0025],[110.2242,0.9808],[110.2171,0.9182],[110.2593,0.8708],[110.2424,0.8487],[110.1843,0.8361],[110.1787,0.8069],[110.2016,0.7516],[110.2396,0.7267],[110.2451,0.6744],[110.2282,0.6609],[110.2361,0.65],[110.2183,0.6248],[110.2199,0.6022],[110.2304,0.5762],[110.2492,0.5754],[110.2546,0.5508],[110.1993,0.5259],[110.1991,0.4857],[110.1836,0.4879],[110.1639,0.4576],[110.2103,0.4105],[110.1945,0.4145],[110.1891,0.3804],[110.1593,0.3786],[110.1617,0.35],[110.1487,0.3233],[110.1358,0.3223],[110.1333,0.3025],[110.1503,0.2734],[110.1193,0.2499],[110.1171,0.2072],[110.0712,0.2223],[110.0493,0.2111],[110.0249,0.1404],[109.9978,0.1445],[109.9582,0.1075],[109.9197,0.106],[109.9096,0.0841],[109.8764,0.077],[109.8157,0.0894],[109.7726,0.0769],[109.7502,0.0927],[109.7308,0.0762],[109.6998,0.0984],[109.6898,0.0831],[109.6956,0.0631],[109.6765,0.0667],[109.6729,0.0561],[109.6713,0.0714],[109.6592,0.0649],[109.6674,0.0554],[109.6558,0.0563],[109.6624,0.0402],[109.649,0.0501],[109.6561,0.0354],[109.6336,0.0494],[109.6352,0.0325],[109.6203,0.0231],[109.6145,0.035],[109.6132,0.0187],[109.6044,0.0351],[109.5938,0.0236],[109.5924,0.0387],[109.5727,0.0375],[109.5892,0.0211],[109.5875,0.0085],[109.571,0.0074],[109.5811,-0.005],[109.564,-0.0143],[109.5648,0.0007],[109.5453,-0.0003],[109.5503,-0.0113],[109.5053,-0.0324],[109.5216,0.0376],[109.4954,0.0898],[109.5114,0.1172],[109.5071,0.1449],[109.4879,0.1661],[109.4885,0.2151],[109.4361,0.2298],[109.4263,0.2166],[109.3791,0.2115],[109.3678,0.1967],[109.3203,0.2464],[109.2952,0.239],[109.292,0.2496],[109.253,0.2284],[109.2437,0.2459],[109.1794,0.2464],[109.1719,0.2731],[109.2071,0.3227],[109.271,0.3332],[109.3222,0.3762],[109.303,0.3873],[109.3011,0.4156],[109.2711,0.4556],[109.2477,0.4532],[109.2381,0.4738],[109.2083,0.4654],[109.2052,0.4987],[109.2318,0.5182],[109.2346,0.5555],[109.2599,0.6107],[109.2844,0.6274],[109.2505,0.6677],[109.1668,0.667],[109.1516,0.6818],[109.1726,0.701],[109.2198,0.7024],[109.2252,0.7195],[109.2546,0.7284],[109.2629,0.7531],[109.278,0.7411],[109.2737,0.7203],[109.3154,0.7266],[109.3244,0.7575],[109.3492,0.7763],[109.412,0.7359],[109.4282,0.7618],[109.4592,0.7565],[109.477,0.7708],[109.4889,0.7334],[109.5233,0.7164],[109.5206,0.7048],[109.5654,0.7117],[109.5987,0.735],[109.6606,0.7531],[109.6926,0.8476],[109.7692,0.832],[109.7722,0.8503],[109.8672,0.867],[109.8711,0.8942],[109.8999,0.9058],[109.9028,0.9261],[109.9318,0.9491],[109.9244,0.9893],[109.9422,1.0314],[109.9953,1.0254],[110.0707,1.0398],[110.1127,1.0076],[110.1354,1.0203]]]}},{"type":"Feature","properties":{"province":"SUMATERA UTARA","district":"LANGKAT","id":"SUMATERA UTARA/LANGKAT","name":"LANGKAT"},"geometry":{"type":"Polygon","coordinates":[[[98.2079,4.2988],[98.2146,4.2873],[98.253,4.2899],[98.238,4.2695],[98.2542,4.202],[98.2451,4.1867],[98.1875,4.175],[98.1612,4.1544],[98.1778,4.1451],[98.1729,4.1125],[98.1993,4.1071],[98.2115,4.1246],[98.2491,4.1303],[98.298,4.1065],[98.3148,4.0701],[98.3908,4.0755],[98.4309,4.039],[98.5282,4.0184],[98.5435,4.0099],[98.5368,3.9946],[98.5538,3.9791],[98.5603,3.9387],[98.6099,3.9126],[98.6637,3.9081],[98.604,3.8682],[98.6036,3.8352],[98.5852,3.834],[98.582,3.8104],[98.5356,3.7914],[98.5045,3.745],[98.5006,3.6697],[98.4726,3.6482],[98.4464,3.6568],[98.4627,3.652],[98.4743,3.6255],[98.4409,3.6082],[98.4668,3.594],[98.4462,3.5653],[98.4498,3.5291],[98.474,3.5281],[98.4745,3.5567],[98.5006,3.5656],[98.5246,3.5222],[98.51,3.4957],[98.4959,3.3912],[98.5092,3.3081],[98.47,3.2765],[98.4657,3.2304],[98.4518,3.2493],[98.4325,3.2375],[98.3515,3.289],[98.3482,3.2594],[98.3675,3.2464],[98.3407,3.2192],[98.3003,3.2257],[98.2927,3.256],[98.2359,3.2586],[98.2159,3.2837],[98.1226,3.2665],[98.0963,3.3157],[98.0357,3.3265],[98.0034,3.3689],[97.9487,3.39],[97.9507,3.413],[97.9335,3.4422],[97.9588,3.4832],[97.9212,3.4985],[97.9066,3.5552],[97.8681,3.5711],[97.8718,3.6126],[97.8005,3.7226],[97.9087,3.8184],[97.9219,3.8459],[97.9006,3.9109],[97.9133,3.9141],[97.9501,3.8888],[98.0078,3.9018],[98.0106,3.9502],[98.0544,3.9438],[98.0936,3.9681],[98.0873,3.9995],[98.0539,4.015],[98.0402,4.0412],[98.057,4.1339],[98.0748,4.1452],[98.062,4.1851],[98.0876,4.1898],[98.0947,4.2086],[98.0918,4.2285],[98.0701,4.2473],[98.1438,4.2598],[98.1547,4.2891],[98.2079,4.2988]]]}},{"type":"Feature","properties":{"province":"PAPUA","district":"LANNY JAYA","id":"PAPUA/LANNY JAYA","name":"LANNY JAYA"},"geometry":{"type":"Polygon","coordinates":[[[138.6208,-3.7688],[138.6345,-3.7668],[138.6594,-3.8429],[138.6929,-3.8755],[138.7204,-3.8818],[138.7109,-3.9199],[138.7336,-3.9525],[138.7274,-3.9822],[138.7463,-3.996],[138.7393,-4.0189],[138.6936,-4.0317],[138.6428,-4.2357],[138.6306,-4.2204],[138.655,-4.1706],[138.6496,-4.1531],[138.5524,-4.1243],[138.5431,-4.1073],[138.496,-4.105],[138.4542,-4.0798],[138.3462,-4.0558],[138.2979,-4.0968],[138.27,-4.0384],[138.2551,-4.0439],[138.2275,-4.0223],[138.1695,-4.0368],[138.1725,-4.0698],[138.1095,-4.0954],[138.0881,-4.0987],[138.0847,-4.0773],[138.0661,-4.1061],[138.0264,-4.091],[138.0055,-4.1205],[137.9839,-4.1091],[137.9878,-4.0902],[137.9684,-4.0728],[137.977,-4.0581],[137.9461,-4.0251],[137.9616,-4.0027],[137.9491,-4.0001],[137.9696,-3.9721],[137.9629,-3.9323],[138.0143,-3.8898],[138.0346,-3.8808],[138.0565,-3.8878],[138.0795,-3.8733],[138.0857,-3.908],[138.1532,-3.9111],[138.1823,-3.9009],[138.2362,-3.8691],[138.2386,-3.8491],[138.2656,-3.8273],[138.2843,-3.8214],[138.318,-3.8378],[138.3539,-3.8256],[138.3463,-3.7584],[138.4082,-3.792],[138.4375,-3.7754],[138.4674,-3.778],[138.4787,-3.7579],[138.5323,-3.7787],[138.6208,-3.7688]]]}},{"type":"Feature","properties":{"province":"BANTEN","district":"LEBAK","id":"BANTEN/LEBAK","name":"LEBAK"},"geometry":{"type":"Polygon","coordinates":[[[106.2143,-6.2929],[106.225,-6.3125],[106.2452,-6.297],[106.2597,-6.3108],[106.2771,-6.3014],[106.3195,-6.3351],[106.4009,-6.3303],[106.4292,-6.3503],[106.434,-6.3938],[106.4539,-6.414],[106.4405,-6.4495],[106.4013,-6.4529],[106.4119,-6.468],[106.4038,-6.5167],[106.43,-6.58],[106.4293,-6.6811],[106.4668,-6.751],[106.5262,-6.7678],[106.4361,-6.8198],[106.4311,-6.8621],[106.3929,-6.9006],[106.3971,-6.9785],[106.3807,-6.9951],[106.3433,-6.9975],[106.337,-6.9866],[106.31,-6.9957],[106.3017,-6.9796],[106.2695,-6.9763],[106.2358,-6.9517],[106.2489,-6.9395],[106.2377,-6.9309],[106.1061,-6.8829],[106.0641,-6.8363],[106.0322,-6.8208],[105.9209,-6.8156],[105.8945,-6.8267],[105.9006,-6.8428],[105.8827,-6.8456],[105.8884,-6.8208],[105.8687,-6.8089],[105.8778,-6.7948],[105.863,-6.7813],[105.884,-6.7645],[105.8925,-6.7208],[105.9195,-6.7176],[105.9462,-6.6602],[105.9333,-6.6019],[105.9828,-6.5421],[105.9747,-6.5173],[106.0094,-6.4736],[106.0239,-6.4297],[106.0586,-6.405],[106.1121,-6.4267],[106.1152,-6.3933],[106.1315,-6.3775],[106.1302,-6.3267],[106.1515,-6.325],[106.1564,-6.2981],[106.1701,-6.2907],[106.2143,-6.2929]]]}},{"type":"Feature","properties":{"province":"BENGKULU","district":"LEBONG","id":"BENGKULU/LEBONG","name":"LEBONG"},"geometry":{"type":"Polygon","coordinates":[[[102.0639,-2.7685],[102.0734,-2.7949],[102.1294,-2.8348],[102.1313,-2.8748],[102.222,-2.9277],[102.2538,-3.0355],[102.2871,-3.0405],[102.3176,-3.0699],[102.3892,-3.043],[102.4423,-3.0586],[102.4709,-3.087],[102.4914,-3.139],[102.4842,-3.2545],[102.4965,-3.3216],[102.4498,-3.3207],[102.4421,-3.3471],[102.4229,-3.3585],[102.3842,-3.3551],[102.3752,-3.3835],[102.2702,-3.3649],[102.2966,-3.3228],[102.291,-3.2838],[102.2508,-3.2635],[102.2363,-3.2411],[102.1912,-3.2211],[102.1664,-3.2239],[102.146,-3.2058],[102.1271,-3.1704],[102.1436,-3.1129],[102.1374,-3.066],[102.0778,-3.0],[102.0422,-2.9841],[102.0193,-2.8559],[101.968,-2.8259],[101.9263,-2.7703],[101.9191,-2.7356],[101.964,-2.7218],[101.9969,-2.7241],[102.0279,-2.755],[102.0639,-2.7685]]]}},{"type":"Feature","properties":{"province":"NUSA TENGGARA TIMUR","district":"LEMBATA","id":"NUSA TENGGARA TIMUR/LEMBATA","name":"LEMBATA"},"geometry":{"type":"Polygon","coordinates":[[[123.7831,-8.1709],[123.8427,-8.2035],[123.8555,-8.2285],[123.8664,-8.2111],[123.9027,-8.2153],[123.9241,-8.2498],[123.8378,-8.2849],[123.7961,-8.2725],[123.7664,-8.2883],[123.6759,-8.4275],[123.6519,-8.4268],[123.6499,-8.4043],[123.62,-8.406],[123.5532,-8.47],[123.5873,-8.531],[123.5464,-8.5717],[123.5172,-8.5631],[123.5045,-8.523],[123.4909,-8.5153],[123.4496,-8.5341],[123.4244,-8.5768],[123.3932,-8.5859],[123.3173,-8.5271],[123.2913,-8.5492],[123.2413,-8.5389],[123.2215,-8.5544],[123.2208,-8.5363],[123.2075,-8.535],[123.2121,-8.5108],[123.2322,-8.5111],[123.29,-8.4639],[123.3352,-8.4006],[123.3905,-8.3714],[123.43,-8.3689],[123.471,-8.3384],[123.414,-8.2921],[123.3474,-8.3072],[123.3813,-8.2633],[123.4099,-8.2522],[123.4239,-8.2679],[123.4579,-8.2713],[123.4968,-8.2409],[123.5576,-8.2406],[123.5427,-8.2852],[123.4933,-8.3593],[123.5122,-8.3513],[123.559,-8.3678],[123.5967,-8.3326],[123.5891,-8.3125],[123.5721,-8.3107],[123.5742,-8.2882],[123.603,-8.2883],[123.5995,-8.318],[123.6351,-8.2919],[123.6268,-8.2478],[123.6058,-8.2393],[123.605,-8.2198],[123.6495,-8.2178],[123.6593,-8.2281],[123.6511,-8.2532],[123.6867,-8.2588],[123.7129,-8.24],[123.6974,-8.2184],[123.7233,-8.2154],[123.7831,-8.1709]]]}},{"type":"Feature","properties":{"province":"SUMATERA BARAT","district":"LIMA PULUH KOTA","id":"SUMATERA BARAT/LIMA PULUH KOTA","name":"LIMA PULUH KOTA"},"geometry":{"type":"Polygon","coordinates":[[[100.4352,0.414],[100.4611,0.4116],[100.4293,0.3604],[100.4671,0.3146],[100.496,0.305],[100.5236,0.3192],[100.5341,0.3044],[100.559,0.3047],[100.5878,0.2515],[100.6257,0.2342],[100.6264,0.2194],[100.6727,0.1853],[100.6869,0.1903],[100.7008,0.2488],[100.7668,0.2336],[100.7735,0.2513],[100.8164,0.2605],[100.8428,0.2238],[100.8502,0.1683],[100.8418,0.1462],[100.7878,0.1275],[100.7863,0.1067],[100.7742,0.1022],[100.8002,0.0502],[100.8271,0.0555],[100.8331,0.0685],[100.8645,0.0441],[100.8446,0.0339],[100.8426,-0.0056],[100.8239,-0.0197],[100.8165,-0.0488],[100.8059,-0.0197],[100.7809,-0.0301],[100.767,-0.0208],[100.7584,-0.0436],[100.7361,-0.0465],[100.7553,-0.0881],[100.753,-0.1318],[100.7839,-0.186],[100.7747,-0.2144],[100.8019,-0.2426],[100.813,-0.2757],[100.8429,-0.29],[100.8454,-0.3162],[100.8353,-0.3244],[100.8442,-0.3494],[100.7784,-0.3467],[100.7804,-0.3666],[100.7567,-0.3708],[100.6777,-0.3242],[100.661,-0.3347],[100.6642,-0.3513],[100.5842,-0.3393],[100.5659,-0.3187],[100.5796,-0.288],[100.5446,-0.2844],[100.5281,-0.2452],[100.4555,-0.2139],[100.4443,-0.1856],[100.4108,-0.1774],[100.4047,-0.1608],[100.3786,-0.1481],[100.3799,-0.1129],[100.338,-0.0877],[100.3234,-0.0529],[100.2649,-0.0317],[100.3534,0.0452],[100.3301,0.0504],[100.3158,0.0838],[100.3287,0.152],[100.3535,0.1791],[100.3084,0.302],[100.3333,0.3522],[100.3006,0.3953],[100.3233,0.4004],[100.3459,0.3806],[100.4202,0.4242],[100.4352,0.414]],[[100.6444,-0.2563],[100.6786,-0.2384],[100.678,-0.1968],[100.6346,-0.1842],[100.6209,-0.2019],[100.5988,-0.1916],[100.5826,-0.2017],[100.6006,-0.2199],[100.5896,-0.2398],[100.598,-0.2671],[100.6498,-0.277],[100.6444,-0.2563]]]}},{"type":"Feature","properties":{"province":"KEPULAUAN RIAU","district":"LINGGA","id":"KEPULAUAN RIAU/LINGGA","name":"LINGGA"},"geometry":{"type":"Polygon","coordinates":[[[104.5549,0.0256],[104.6527,-0.0516],[104.6683,-0.0773],[104.6495,-0.0859],[104.6256,-0.0731],[104.6325,-0.0966],[104.6716,-0.1192],[104.6609,-0.0901],[104.6831,-0.0841],[104.7158,-0.1325],[104.734,-0.1402],[104.7511,-0.1892],[104.7772,-0.1913],[104.789,-0.2055],[104.8187,-0.2001],[104.8268,-0.192],[104.8126,-0.1522],[104.8273,-0.1332],[104.8917,-0.2255],[104.9554,-0.2766],[104.9978,-0.2782],[105.0009,-0.3035],[104.9853,-0.3084],[104.9211,-0.2763],[104.8996,-0.2872],[104.904,-0.3116],[104.9294,-0.3241],[104.9164,-0.3394],[104.8658,-0.3127],[104.8493,-0.3224],[104.8233,-0.3035],[104.8265,-0.2926],[104.8196,-0.3],[104.7887,-0.2787],[104.79,-0.2624],[104.7486,-0.2518],[104.7507,-0.2321],[104.7347,-0.2322],[104.703,-0.2046],[104.6474,-0.2171],[104.5955,-0.2532],[104.5673,-0.2407],[104.5215,-0.2759],[104.5039,-0.2676],[104.4984,-0.2419],[104.4614,-0.2474],[104.429,-0.237],[104.4265,-0.1842],[104.4499,-0.1816],[104.4552,-0.158],[104.4758,-0.1582],[104.4696,-0.1376],[104.5053,-0.1301],[104.5127,-0.104],[104.4953,-0.0203],[104.5051,-0.01],[104.4937,0.0031],[104.5346,-0.0117],[104.5562,0.0005],[104.5549,0.0256]]]}},{"type":"Feature","properties":{"province":"NUSA TENGGARA BARAT","district":"LOMBOK BARAT","id":"NUSA TENGGARA BARAT/LOMBOK BARAT","name":"LOMBOK BARAT"},"geometry":{"type":"Polygon","coordinates":[[[116.3343,-8.4198],[116.3059,-8.4571],[116.3207,-8.5046],[116.2888,-8.5307],[116.2954,-8.5506],[116.2669,-8.5641],[116.2495,-8.5927],[116.1748,-8.6222],[116.1961,-8.6735],[116.167,-8.6728],[116.1744,-8.7267],[116.1536,-8.738],[116.1398,-8.729],[116.1312,-8.7418],[116.1416,-8.7662],[116.0924,-8.8386],[116.0926,-8.8518],[116.1141,-8.8622],[116.1094,-8.8729],[116.083,-8.8736],[116.0775,-8.8953],[116.0498,-8.8853],[116.0447,-8.8704],[116.0731,-8.8565],[116.0188,-8.8596],[116.01,-8.8738],[116.0271,-8.8875],[116.0157,-8.8947],[116.0234,-8.9032],[116.0081,-8.9043],[115.9334,-8.8334],[115.914,-8.8452],[115.8693,-8.8182],[115.8463,-8.8255],[115.8484,-8.8132],[115.8312,-8.8151],[115.821,-8.7522],[115.8523,-8.7202],[115.8661,-8.7209],[115.8649,-8.7427],[115.882,-8.7635],[115.8976,-8.7456],[115.8944,-8.7607],[115.9148,-8.7755],[115.9355,-8.7698],[115.9663,-8.7263],[115.9901,-8.7307],[116.0105,-8.7517],[116.0295,-8.7394],[116.0339,-8.7197],[116.0469,-8.7268],[116.039,-8.7637],[116.0621,-8.7667],[116.0596,-8.7509],[116.0836,-8.7286],[116.0591,-8.7269],[116.0557,-8.7372],[116.0746,-8.6228],[116.131,-8.6192],[116.1699,-8.5945],[116.1394,-8.5652],[116.0694,-8.552],[116.0638,-8.5207],[116.0335,-8.4848],[116.0366,-8.4702],[116.0683,-8.4618],[116.0748,-8.4725],[116.0891,-8.4638],[116.1295,-8.4707],[116.1421,-8.4544],[116.2139,-8.4804],[116.2229,-8.4564],[116.2671,-8.4506],[116.3329,-8.4107],[116.3343,-8.4198]]]}},{"type":"Feature","properties":{"province":"NUSA TENGGARA BARAT","district":"LOMBOK TENGAH","id":"NUSA TENGGARA BARAT/LOMBOK TENGAH","name":"LOMBOK TENGAH"},"geometry":{"type":"Polygon","coordinates":[[[116.3553,-8.4112],[116.3824,-8.4101],[116.4063,-8.4345],[116.4053,-8.4645],[116.384,-8.4927],[116.3783,-8.6634],[116.395,-8.6842],[116.4287,-8.6911],[116.4464,-8.7229],[116.4458,-8.7459],[116.4175,-8.7764],[116.4149,-8.8059],[116.396,-8.8178],[116.4048,-8.8582],[116.3858,-8.866],[116.4049,-8.8996],[116.394,-8.9521],[116.3766,-8.9561],[116.3665,-8.9251],[116.3771,-8.9041],[116.3581,-8.9115],[116.3408,-8.9001],[116.3466,-8.9305],[116.3275,-8.9088],[116.3195,-8.9211],[116.2797,-8.8934],[116.2763,-8.9131],[116.2487,-8.9026],[116.239,-8.9174],[116.229,-8.9004],[116.2246,-8.9093],[116.1998,-8.9027],[116.1948,-8.9174],[116.173,-8.9137],[116.1565,-8.8942],[116.1567,-8.8653],[116.1093,-8.8727],[116.1141,-8.8622],[116.0919,-8.846],[116.1416,-8.7662],[116.1341,-8.7369],[116.1744,-8.7267],[116.167,-8.6728],[116.1961,-8.6735],[116.1748,-8.6222],[116.2495,-8.5927],[116.2669,-8.5641],[116.2954,-8.5506],[116.2888,-8.5307],[116.3207,-8.5046],[116.3059,-8.4571],[116.3373,-8.4105],[116.3553,-8.4112]]]}},{"type":"Feature","properties":{"province":"NUSA TENGGARA BARAT","district":"LOMBOK TIMUR","id":"NUSA TENGGARA BARAT/LOMBOK TIMUR","name":"LOMBOK TIMUR"},"geometry":{"type":"Polygon","coordinates":[[[116.4964,-8.2487],[116.6516,-8.2888],[116.689,-8.3333],[116.7183,-8.3474],[116.7249,-8.3829],[116.711,-8.4432],[116.6616,-8.4873],[116.6714,-8.5036],[116.6686,-8.4834],[116.6781,-8.4811],[116.6777,-8.5042],[116.6578,-8.5324],[116.665,-8.5625],[116.6232,-8.6049],[116.546,-8.7527],[116.5113,-8.7786],[116.4985,-8.8083],[116.4804,-8.8087],[116.5011,-8.8112],[116.4926,-8.848],[116.5044,-8.8593],[116.5045,-8.8415],[116.5187,-8.8449],[116.5145,-8.8318],[116.5331,-8.8382],[116.5244,-8.8257],[116.5414,-8.8328],[116.5452,-8.8465],[116.5317,-8.8475],[116.5418,-8.8685],[116.5434,-8.8566],[116.564,-8.8525],[116.5664,-8.868],[116.5942,-8.8626],[116.5753,-8.8716],[116.5708,-8.8918],[116.5127,-8.9157],[116.5278,-8.8989],[116.516,-8.8973],[116.5235,-8.8865],[116.5107,-8.8704],[116.4963,-8.9114],[116.449,-8.9215],[116.4311,-8.9132],[116.4484,-8.8991],[116.4723,-8.827],[116.4455,-8.8295],[116.4406,-8.8421],[116.4214,-8.8281],[116.4027,-8.8646],[116.396,-8.8178],[116.4149,-8.8059],[116.4175,-8.7764],[116.4458,-8.7459],[116.4464,-8.7229],[116.4287,-8.6911],[116.395,-8.6842],[116.3783,-8.6635],[116.3797,-8.528],[116.3843,-8.4905],[116.4236,-8.4111],[116.4197,-8.3904],[116.4674,-8.3306],[116.4699,-8.2736],[116.4964,-8.2487]]]}},{"type":"Feature","properties":{"province":"NUSA TENGGARA BARAT","district":"LOMBOK UTARA","id":"NUSA TENGGARA BARAT/LOMBOK UTARA","name":"LOMBOK UTARA"},"geometry":{"type":"Polygon","coordinates":[[[116.3714,-8.2105],[116.4602,-8.2271],[116.4939,-8.2455],[116.4699,-8.2736],[116.4674,-8.3306],[116.4199,-8.3899],[116.4236,-8.4111],[116.4063,-8.4345],[116.3824,-8.4101],[116.3449,-8.4088],[116.2671,-8.4506],[116.2229,-8.4564],[116.2139,-8.4804],[116.1421,-8.4544],[116.1295,-8.4707],[116.0891,-8.4638],[116.0748,-8.4725],[116.0683,-8.4618],[116.0366,-8.4702],[116.0417,-8.4215],[116.0568,-8.4038],[116.1036,-8.3907],[116.0995,-8.3611],[116.1191,-8.37],[116.1514,-8.3441],[116.1752,-8.3421],[116.1927,-8.307],[116.2537,-8.2544],[116.3714,-8.2105]]]}},{"type":"Feature","properties":{"province":"JAWA TIMUR","district":"LUMAJANG","id":"JAWA TIMUR/LUMAJANG","name":"LUMAJANG"},"geometry":{"type":"Polygon","coordinates":[[[113.265,-7.8992],[113.2747,-7.9253],[113.3417,-7.943],[113.3614,-8.0278],[113.35,-8.0632],[113.3667,-8.0859],[113.3624,-8.1185],[113.3795,-8.1501],[113.3533,-8.2036],[113.3131,-8.2288],[113.32,-8.2628],[113.3079,-8.3017],[113.2174,-8.2831],[113.0799,-8.2871],[112.9836,-8.3209],[112.9491,-8.3561],[112.941,-8.3152],[112.9138,-8.2816],[112.9227,-8.2397],[112.9042,-8.1922],[112.9266,-8.1142],[112.9001,-8.0619],[112.9337,-8.0138],[112.9251,-8.0005],[112.9386,-7.9991],[112.9407,-7.9819],[112.9725,-7.981],[112.9935,-7.96],[113.0227,-7.9695],[113.0591,-8.0104],[113.0788,-7.9842],[113.1059,-7.9843],[113.1126,-7.9953],[113.1904,-7.9451],[113.2105,-7.915],[113.2074,-7.8999],[113.2485,-7.9077],[113.265,-7.8992]]]}},{"type":"Feature","properties":{"province":"SULAWESI SELATAN","district":"LUWU","id":"SULAWESI SELATAN/LUWU","name":"LUWU"},"geometry":{"type":"Polygon","coordinates":[[[120.0833,-3.0318],[120.1138,-3.038],[120.1103,-3.0701],[120.1135,-3.0606],[120.1291,-3.0699],[120.1426,-3.0608],[120.1383,-3.0719],[120.1538,-3.0735],[120.1771,-3.0536],[120.2095,-3.0675],[120.228,-3.0437],[120.2481,-3.0465],[120.2624,-3.0821],[120.2566,-3.1616],[120.3817,-3.2019],[120.389,-3.2502],[120.4056,-3.261],[120.418,-3.2489],[120.4191,-3.27],[120.3988,-3.2889],[120.4083,-3.3025],[120.3971,-3.3184],[120.4046,-3.4318],[120.3894,-3.4452],[120.3915,-3.4885],[120.3793,-3.5004],[120.4175,-3.5734],[120.4083,-3.6673],[120.2927,-3.6431],[120.234,-3.5845],[120.1983,-3.5814],[120.1774,-3.508],[120.1402,-3.5245],[120.1121,-3.5087],[120.06,-3.4063],[120.0395,-3.4099],[120.0255,-3.3883],[120.0441,-3.3511],[120.0253,-3.2825],[119.9811,-3.2493],[119.9802,-3.2239],[119.9937,-3.2119],[119.9844,-3.1887],[120.01,-3.1672],[120.0235,-3.1063],[120.0169,-3.0916],[120.028,-3.0707],[120.0078,-3.0523],[120.0833,-3.0318]]]}},{"type":"Feature","properties":{"province":"SULAWESI SELATAN","district":"LUWU TIMUR","id":"SULAWESI SELATAN/LUWU TIMUR","name":"LUWU TIMUR"},"geometry":{"type":"Polygon","coordinates":[[[121.0102,-2.8672],[120.9968,-2.8698],[120.9752,-2.8087],[120.9944,-2.8188],[121.0064,-2.799],[121.0171,-2.809],[121.0332,-2.7676],[121.0482,-2.7778],[121.0682,-2.7381],[121.0835,-2.7446],[121.0973,-2.7169],[121.079,-2.6971],[121.0376,-2.6947],[121.029,-2.6538],[121.0211,-2.6516],[121.0201,-2.6728],[120.9948,-2.6792],[120.943,-2.6579],[120.9076,-2.6623],[120.8902,-2.6398],[120.8565,-2.6572],[120.8079,-2.6186],[120.7854,-2.6273],[120.755,-2.62],[120.7463,-2.637],[120.6741,-2.6449],[120.6559,-2.6672],[120.6494,-2.6575],[120.6315,-2.6201],[120.6361,-2.59],[120.6207,-2.5847],[120.5748,-2.4631],[120.5406,-2.4282],[120.5426,-2.4058],[120.5202,-2.3791],[120.5316,-2.36],[120.5232,-2.3283],[120.4698,-2.2481],[120.4908,-2.2087],[120.507,-2.2057],[120.5082,-2.1628],[120.5204,-2.1448],[120.5132,-2.1028],[120.5297,-2.083],[120.5179,-2.0443],[120.5236,-2.032],[120.5406,-2.0383],[120.5446,-2.0186],[120.5995,-2.096],[120.6362,-2.1135],[120.6761,-2.1672],[120.6866,-2.2038],[120.7234,-2.211],[120.7431,-2.2418],[120.7799,-2.2281],[120.7829,-2.2131],[120.8552,-2.2223],[120.8574,-2.2562],[120.88,-2.2668],[120.9578,-2.2519],[120.9944,-2.2751],[121.0467,-2.2497],[121.0488,-2.2653],[121.1076,-2.2808],[121.1094,-2.3155],[121.0852,-2.3733],[121.1055,-2.4003],[121.1225,-2.3935],[121.1348,-2.4075],[121.1988,-2.3649],[121.2279,-2.3684],[121.2546,-2.4032],[121.2923,-2.3765],[121.391,-2.4111],[121.4421,-2.405],[121.5703,-2.4912],[121.5853,-2.5281],[121.6207,-2.5351],[121.6299,-2.5056],[121.673,-2.5199],[121.6971,-2.5806],[121.7841,-2.6417],[121.7735,-2.6829],[121.7506,-2.6791],[121.7354,-2.6986],[121.7475,-2.718],[121.7153,-2.7533],[121.7068,-2.8073],[121.651,-2.8462],[121.6708,-2.8708],[121.6856,-2.8659],[121.6885,-2.8886],[121.6702,-2.9005],[121.5984,-2.9024],[121.5401,-2.9289],[121.5162,-2.9252],[121.4838,-2.9489],[121.4721,-2.9726],[121.4828,-2.9842],[121.4616,-3.0114],[121.4363,-3.0015],[121.4175,-3.0159],[121.3894,-3.0145],[121.319,-2.964],[121.2973,-2.9265],[121.2517,-2.9065],[121.2092,-2.8536],[121.1866,-2.842],[121.1651,-2.8468],[121.1532,-2.8127],[121.0942,-2.7764],[121.032,-2.7919],[121.0186,-2.8199],[120.9949,-2.8287],[120.9924,-2.8478],[121.0102,-2.8672]]]}},{"type":"Feature","properties":{"province":"SULAWESI SELATAN","district":"LUWU UTARA","id":"SULAWESI SELATAN/LUWU UTARA","name":"LUWU UTARA"},"geometry":{"type":"Polygon","coordinates":[[[120.0754,-1.9481],[120.1092,-1.9778],[120.1158,-2.0],[120.1661,-1.9622],[120.1978,-1.9946],[120.219,-1.9962],[120.232,-1.9826],[120.3079,-2.0521],[120.3261,-2.04],[120.329,-1.9971],[120.3437,-1.9772],[120.3617,-1.9926],[120.3822,-1.9843],[120.3919,-1.9969],[120.3868,-1.9592],[120.3991,-1.9542],[120.4287,-1.9861],[120.4685,-2.0557],[120.4831,-2.0575],[120.482,-2.0865],[120.5134,-2.1102],[120.5197,-2.1401],[120.5069,-2.2059],[120.4888,-2.2111],[120.4736,-2.2611],[120.5232,-2.3283],[120.5316,-2.36],[120.5202,-2.3791],[120.5426,-2.4058],[120.5406,-2.4282],[120.5748,-2.4631],[120.6207,-2.5847],[120.6361,-2.59],[120.6315,-2.6201],[120.6559,-2.6672],[120.6331,-2.6826],[120.5719,-2.6861],[120.5732,-2.7055],[120.5277,-2.7671],[120.4994,-2.7736],[120.4505,-2.8261],[120.3503,-2.8668],[120.2943,-2.9166],[120.2953,-2.9058],[120.2673,-2.8941],[120.277,-2.8675],[120.2555,-2.838],[120.2604,-2.8237],[120.2487,-2.8262],[120.1908,-2.7645],[120.1764,-2.7632],[120.171,-2.736],[120.1305,-2.7038],[120.1398,-2.692],[120.1329,-2.6751],[120.1075,-2.663],[120.0747,-2.6973],[119.958,-2.6987],[119.9274,-2.7281],[119.9032,-2.7249],[119.8822,-2.7617],[119.8556,-2.6881],[119.8369,-2.6967],[119.8386,-2.6474],[119.8518,-2.6343],[119.8299,-2.6136],[119.7828,-2.609],[119.7844,-2.5975],[119.76,-2.5864],[119.7453,-2.5352],[119.7105,-2.5146],[119.7245,-2.467],[119.7229,-2.4359],[119.7088,-2.4186],[119.7229,-2.3927],[119.6878,-2.3712],[119.6805,-2.3281],[119.699,-2.314],[119.6763,-2.2705],[119.7122,-2.2562],[119.7472,-2.2214],[119.711,-2.1425],[119.7343,-2.1256],[119.8047,-2.112],[119.8174,-2.0957],[119.8177,-2.0593],[119.8684,-2.0194],[119.8842,-2.0461],[119.9093,-2.0533],[119.9208,-2.0331],[119.945,-2.0288],[119.9451,-2.0145],[119.9952,-1.9579],[120.0446,-1.9721],[120.0754,-1.9481]]]}},{"type":"Feature","properties":{"province":"JAWA TIMUR","district":"MADIUN","id":"JAWA TIMUR/MADIUN","name":"MADIUN"},"geometry":{"type":"Polygon","coordinates":[[[111.8008,-7.4605],[111.8496,-7.5091],[111.8331,-7.5488],[111.8021,-7.5488],[111.7829,-7.6504],[111.7309,-7.732],[111.7253,-7.7766],[111.7505,-7.7991],[111.7194,-7.8111],[111.6938,-7.8053],[111.6884,-7.7857],[111.6603,-7.7666],[111.5989,-7.777],[111.5855,-7.7969],[111.5498,-7.8044],[111.5087,-7.7995],[111.469,-7.7771],[111.4507,-7.7814],[111.4587,-7.725],[111.481,-7.7004],[111.4982,-7.6987],[111.5107,-7.6592],[111.5442,-7.6591],[111.5394,-7.647],[111.5535,-7.6343],[111.5511,-7.5948],[111.5002,-7.6084],[111.4969,-7.6451],[111.5106,-7.6341],[111.5124,-7.6439],[111.4995,-7.6462],[111.5012,-7.6589],[111.4819,-7.6606],[111.4869,-7.6323],[111.4696,-7.6415],[111.4507,-7.6279],[111.4745,-7.6086],[111.4864,-7.5659],[111.5135,-7.5536],[111.5114,-7.5383],[111.5615,-7.5468],[111.5504,-7.527],[111.5871,-7.5213],[111.5804,-7.5125],[111.6126,-7.4666],[111.6517,-7.451],[111.6736,-7.4107],[111.7673,-7.4688],[111.8008,-7.4605]],[[111.5079,-7.6752],[111.5137,-7.6759],[111.5154,-7.6713],[111.5155,-7.6638],[111.5137,-7.6643],[111.5118,-7.6616],[111.5094,-7.6656],[111.5079,-7.6649],[111.5061,-7.6698],[111.5076,-7.6703],[111.5039,-7.6729],[111.5033,-7.6755],[111.5062,-7.6764],[111.506,-7.6773],[111.5071,-7.6776],[111.5079,-7.6752]],[[111.5066,-7.6794],[111.5087,-7.6805],[111.5102,-7.6784],[111.5071,-7.6776],[111.5066,-7.6794]]]}},{"type":"Feature","properties":{"province":"JAWA TENGAH","district":"MAGELANG","id":"JAWA TENGAH/MAGELANG","name":"MAGELANG"},"geometry":{"type":"Polygon","coordinates":[[[110.4393,-7.4536],[110.4166,-7.4953],[110.3771,-7.5121],[110.418,-7.519],[110.4449,-7.5418],[110.3028,-7.6558],[110.2719,-7.7065],[110.2607,-7.6875],[110.2638,-7.6462],[110.1444,-7.6505],[110.103,-7.5906],[110.1017,-7.5696],[110.0597,-7.5755],[110.044,-7.5376],[110.065,-7.4595],[110.0595,-7.4218],[110.0774,-7.3825],[110.1954,-7.3809],[110.2141,-7.3905],[110.2145,-7.404],[110.2355,-7.3724],[110.2666,-7.3819],[110.3157,-7.3532],[110.3265,-7.3238],[110.3791,-7.3346],[110.4393,-7.4536]],[[110.2252,-7.4339],[110.1989,-7.493],[110.2125,-7.506],[110.2367,-7.5042],[110.2252,-7.4339]]]}},{"type":"Feature","properties":{"province":"JAWA TIMUR","district":"MAGETAN","id":"JAWA TIMUR/MAGETAN","name":"MAGETAN"},"geometry":{"type":"Polygon","coordinates":[[[111.5114,-7.5383],[111.5135,-7.5536],[111.4792,-7.5754],[111.4745,-7.6086],[111.4517,-7.6202],[111.4691,-7.6414],[111.4869,-7.6323],[111.4841,-7.6628],[111.5125,-7.6521],[111.4982,-7.6987],[111.481,-7.7004],[111.4587,-7.725],[111.4464,-7.7808],[111.3437,-7.7833],[111.3276,-7.8004],[111.2902,-7.7941],[111.2819,-7.7846],[111.2889,-7.7415],[111.2438,-7.7405],[111.2365,-7.7503],[111.212,-7.7222],[111.1814,-7.7106],[111.1956,-7.6732],[111.1858,-7.6577],[111.194,-7.6184],[111.2592,-7.5984],[111.2911,-7.6037],[111.3015,-7.5868],[111.3695,-7.5738],[111.368,-7.5551],[111.3836,-7.5371],[111.4204,-7.5365],[111.4618,-7.5093],[111.502,-7.5152],[111.5114,-7.5383]],[[111.4156,-7.5409],[111.4136,-7.5412],[111.4129,-7.5452],[111.414,-7.5464],[111.4179,-7.5432],[111.4172,-7.5412],[111.4156,-7.5409]]]}},{"type":"Feature","properties":{"province":"KALIMANTAN TIMUR","district":"MAHAKAM ULU","id":"KALIMANTAN TIMUR/MAHAKAM ULU","name":"MAHAKAM ULU"},"geometry":{"type":"Polygon","coordinates":[[[114.5616,1.4338],[114.577,1.4121],[114.5718,1.3892],[114.6092,1.3897],[114.6168,1.3632],[114.6479,1.3548],[114.6901,1.3599],[114.7225,1.3133],[114.7598,1.3261],[114.8022,1.3825],[114.8797,1.4184],[114.9075,1.4176],[114.9086,1.4035],[114.9306,1.4017],[114.9539,1.3732],[115.017,1.3479],[115.0461,1.2926],[115.0452,1.2675],[115.0781,1.2685],[115.0979,1.2499],[115.0937,1.212],[115.1166,1.1924],[115.1145,1.1811],[115.182,1.1967],[115.2103,1.1769],[115.2468,1.1814],[115.2736,1.1608],[115.2803,1.1345],[115.3676,1.1141],[115.4181,1.1517],[115.4208,1.1397],[115.401,1.1097],[115.3779,1.1005],[115.3673,1.0668],[115.3238,1.054],[115.3,1.0605],[115.254,1.0227],[115.2554,0.991],[115.2322,0.9619],[115.2613,0.945],[115.2672,0.9151],[115.3082,0.8946],[115.2784,0.8393],[115.284,0.8098],[115.3194,0.8283],[115.3824,0.8089],[115.3757,0.7951],[115.3922,0.7706],[115.405,0.7839],[115.4482,0.7778],[115.5188,0.7478],[115.5703,0.6929],[115.595,0.6356],[115.6295,0.6153],[115.652,0.6206],[115.6472,0.6053],[115.6735,0.5806],[115.6409,0.5635],[115.6477,0.5403],[115.7009,0.5435],[115.7105,0.5175],[115.7347,0.5195],[115.7544,0.4848],[115.7465,0.4469],[115.7683,0.4049],[115.7148,0.3841],[115.6715,0.3432],[115.6829,0.3295],[115.6704,0.3144],[115.6847,0.2806],[115.7139,0.2712],[115.7136,0.2148],[115.6774,0.1619],[115.6067,0.1406],[115.5809,0.1454],[115.5574,0.0965],[115.5088,0.0617],[115.4614,0.0635],[115.4614,0.0519],[115.4406,0.0619],[115.3948,0.0579],[115.3359,-0.0016],[115.3156,-0.0027],[115.2916,-0.0496],[115.2617,-0.0479],[115.2284,-0.0724],[115.1837,-0.0811],[115.1814,-0.0947],[115.1646,-0.0878],[115.1463,-0.1211],[115.1504,-0.139],[115.0598,-0.1518],[115.0465,-0.2025],[115.0202,-0.2121],[115.0392,-0.24],[114.9957,-0.2734],[114.9711,-0.2726],[114.9536,-0.2448],[114.9204,-0.2334],[114.929,-0.1654],[114.8977,-0.0317],[114.8761,-0.0154],[114.8374,-0.0465],[114.7953,0.0114],[114.7373,0.031],[114.7067,0.0844],[114.7252,0.0794],[114.7711,0.1198],[114.7625,0.1464],[114.8298,0.1916],[114.8196,0.2367],[114.8449,0.243],[114.8629,0.2751],[114.8843,0.2785],[114.9026,0.3177],[114.9416,0.3333],[114.9544,0.3201],[114.9898,0.3345],[115.0229,0.3304],[115.0476,0.2983],[115.1293,0.3744],[115.1374,0.4255],[115.0772,0.4698],[115.0916,0.4804],[115.0135,0.5993],[114.9856,0.7317],[114.9433,0.7729],[114.9241,0.7722],[114.9085,0.7906],[114.9108,0.7704],[114.8722,0.7411],[114.8299,0.7552],[114.7868,0.7304],[114.761,0.7317],[114.7161,0.7012],[114.6624,0.7027],[114.652,0.6747],[114.5979,0.6318],[114.5459,0.6306],[114.5457,0.5852],[114.5245,0.5628],[114.4634,0.5651],[114.4303,0.5416],[114.3709,0.5587],[114.3587,0.548],[114.3641,0.5302],[114.2919,0.5366],[114.2438,0.5226],[114.2031,0.5401],[114.1947,0.5824],[114.1472,0.5864],[114.1767,0.6104],[114.178,0.6367],[114.158,0.6777],[114.1231,0.6954],[114.0694,0.6902],[114.046,0.6679],[114.0234,0.6672],[114.0039,0.6411],[113.975,0.6607],[113.9617,0.6482],[113.9213,0.644],[113.8418,0.6577],[113.8345,0.6705],[113.8393,0.6954],[113.868,0.699],[113.8948,0.726],[113.8997,0.7549],[113.8847,0.7589],[113.8726,0.7833],[113.9265,0.8414],[113.8709,0.8887],[113.8725,0.9176],[113.9135,0.9725],[113.9155,1.0023],[113.8929,1.0201],[113.8896,1.0475],[113.9014,1.0598],[113.9475,1.0603],[113.964,1.1131],[113.9885,1.1392],[114.0171,1.1347],[114.038,1.1457],[114.0526,1.1275],[114.0877,1.1591],[114.109,1.1442],[114.1272,1.1535],[114.1499,1.1991],[114.136,1.2226],[114.1711,1.2654],[114.1489,1.2919],[114.1631,1.3091],[114.1579,1.3781],[114.223,1.4165],[114.2383,1.4483],[114.2991,1.4572],[114.3327,1.4842],[114.3791,1.4929],[114.3846,1.5166],[114.4054,1.5229],[114.4725,1.4751],[114.512,1.4621],[114.526,1.4428],[114.5616,1.4338]]]}},{"type":"Feature","properties":{"province":"JAWA BARAT","district":"MAJALENGKA","id":"JAWA BARAT/MAJALENGKA","name":"MAJALENGKA"},"geometry":{"type":"Polygon","coordinates":[[[108.3236,-6.6208],[108.346,-6.625],[108.3366,-6.6715],[108.3681,-6.6992],[108.3589,-6.7512],[108.4008,-6.7789],[108.3922,-6.789],[108.4077,-6.8925],[108.3827,-7.0007],[108.3913,-7.0631],[108.3856,-7.0736],[108.3558,-7.0516],[108.3424,-7.07],[108.3146,-7.0566],[108.245,-7.0666],[108.2096,-7.0534],[108.1562,-7.0669],[108.1363,-7.0386],[108.165,-6.9985],[108.1708,-6.9684],[108.2199,-6.9282],[108.2141,-6.889],[108.1934,-6.8854],[108.1984,-6.8707],[108.1794,-6.852],[108.1791,-6.8336],[108.1597,-6.8265],[108.1544,-6.7956],[108.1696,-6.784],[108.1642,-6.7612],[108.1487,-6.7551],[108.1623,-6.7242],[108.1177,-6.7064],[108.0439,-6.6315],[108.0709,-6.6141],[108.0734,-6.5752],[108.1228,-6.5407],[108.1279,-6.5658],[108.1477,-6.578],[108.1485,-6.6063],[108.1622,-6.6144],[108.1726,-6.6032],[108.1877,-6.6098],[108.2074,-6.5734],[108.2237,-6.5733],[108.2763,-6.5915],[108.2808,-6.6206],[108.2925,-6.6209],[108.2938,-6.6085],[108.3086,-6.6239],[108.3154,-6.6078],[108.3236,-6.6208]]]}},{"type":"Feature","properties":{"province":"SULAWESI BARAT","district":"MAJENE","id":"SULAWESI BARAT/MAJENE","name":"MAJENE"},"geometry":{"type":"Polygon","coordinates":[[[118.9488,-2.9202],[118.9747,-2.9285],[119.001,-2.9608],[119.0261,-2.9604],[119.0667,-2.9865],[119.0827,-3.0245],[119.0567,-3.0535],[119.0741,-3.1117],[119.0629,-3.1141],[119.0377,-3.0846],[119.0036,-3.0852],[118.9835,-3.0999],[118.9602,-3.0893],[118.9464,-3.1054],[118.9545,-3.1596],[118.9103,-3.1631],[118.9014,-3.1881],[118.9393,-3.3554],[118.9144,-3.3864],[118.9151,-3.4086],[118.9514,-3.4449],[118.9662,-3.4984],[118.9818,-3.498],[119.0053,-3.5334],[119.0008,-3.5634],[118.9655,-3.545],[118.9391,-3.5706],[118.8791,-3.4756],[118.8789,-3.4411],[118.8457,-3.379],[118.8524,-3.3448],[118.8425,-3.3261],[118.8587,-3.302],[118.8312,-3.2326],[118.8393,-3.2091],[118.828,-3.1678],[118.7801,-3.1217],[118.7756,-3.0922],[118.7962,-3.071],[118.8239,-3.0889],[118.84,-3.0789],[118.8596,-3.0318],[118.8485,-2.9877],[118.8756,-2.9229],[118.896,-2.935],[118.9488,-2.9202]]]}},{"type":"Feature","properties":{"province":"NUSA TENGGARA TIMUR","district":"MALAKA","id":"NUSA TENGGARA TIMUR/MALAKA","name":"MALAKA"},"geometry":{"type":"Polygon","coordinates":[[[124.8075,-9.7883],[124.7981,-9.7483],[124.821,-9.6606],[124.793,-9.6379],[124.8005,-9.6195],[124.7851,-9.6149],[124.7883,-9.6002],[124.7598,-9.6],[124.7136,-9.6386],[124.6634,-9.627],[124.6453,-9.5849],[124.6945,-9.5857],[124.7042,-9.5614],[124.73,-9.5533],[124.7568,-9.5601],[124.7385,-9.5099],[124.7213,-9.5035],[124.7672,-9.4816],[124.7687,-9.4677],[124.7816,-9.4702],[124.7978,-9.4254],[124.7793,-9.4],[124.8036,-9.3856],[124.8043,-9.3471],[124.8434,-9.3602],[124.8451,-9.3876],[124.8806,-9.3856],[124.899,-9.3585],[124.9164,-9.3817],[124.9308,-9.3773],[124.9596,-9.3938],[124.9866,-9.3743],[124.9955,-9.3519],[124.9883,-9.3301],[125.0124,-9.301],[125.0522,-9.3308],[125.0507,-9.3602],[125.08,-9.3921],[125.0878,-9.462],[124.9882,-9.5559],[124.9838,-9.6331],[124.9483,-9.6804],[124.89,-9.6993],[124.8075,-9.7883]]]}},{"type":"Feature","properties":{"province":"JAWA TIMUR","district":"MALANG","id":"JAWA TIMUR/MALANG","name":"MALANG"},"geometry":{"type":"Polygon","coordinates":[[[112.3548,-7.7639],[112.3962,-7.7854],[112.418,-7.7642],[112.4556,-7.7792],[112.4892,-7.7649],[112.4996,-7.8157],[112.4746,-7.9394],[112.595,-7.906],[112.5643,-7.8795],[112.5928,-7.7648],[112.6324,-7.7976],[112.7111,-7.8239],[112.7329,-7.8181],[112.762,-7.8761],[112.7794,-7.8724],[112.7837,-7.9003],[112.8055,-7.9255],[112.9352,-7.956],[112.9261,-7.9665],[112.9457,-7.9797],[112.9001,-8.0619],[112.9266,-8.1142],[112.9042,-8.1922],[112.9227,-8.2397],[112.9138,-8.2816],[112.941,-8.3152],[112.948,-8.345],[112.9322,-8.3882],[112.9112,-8.3991],[112.8986,-8.3807],[112.8983,-8.4021],[112.8717,-8.4085],[112.8632,-8.3942],[112.8475,-8.4054],[112.8482,-8.3776],[112.8394,-8.3858],[112.8312,-8.3688],[112.8126,-8.4014],[112.7925,-8.4031],[112.7737,-8.3859],[112.7569,-8.4209],[112.7087,-8.4175],[112.6516,-8.4486],[112.6329,-8.4296],[112.6159,-8.4338],[112.6106,-8.4212],[112.5575,-8.4024],[112.4433,-8.3982],[112.4208,-8.3811],[112.3719,-8.3746],[112.36,-8.3471],[112.3884,-8.2853],[112.3781,-8.2401],[112.3896,-8.2261],[112.3668,-8.1749],[112.3921,-8.1618],[112.4155,-8.1663],[112.4535,-8.1441],[112.4534,-8.0569],[112.4745,-8.0138],[112.478,-7.9661],[112.4521,-7.9265],[112.3705,-7.9572],[112.3066,-7.9293],[112.326,-7.8729],[112.3194,-7.8391],[112.3076,-7.8389],[112.3069,-7.7993],[112.2874,-7.7717],[112.3286,-7.7773],[112.3548,-7.7639]],[[112.5764,-7.942],[112.6033,-7.9705],[112.5911,-7.9741],[112.5969,-7.9838],[112.5765,-7.9837],[112.6014,-7.9955],[112.6065,-8.0135],[112.6187,-8.011],[112.6136,-8.0208],[112.6317,-8.046],[112.6652,-8.0408],[112.6938,-7.9817],[112.6574,-7.9652],[112.6689,-7.9462],[112.6629,-7.9269],[112.6245,-7.9113],[112.6131,-7.9252],[112.5915,-7.9178],[112.599,-7.9363],[112.5764,-7.942]]]}},{"type":"Feature","properties":{"province":"KALIMANTAN UTARA","district":"MALINAU","id":"KALIMANTAN UTARA/MALINAU","name":"MALINAU"},"geometry":{"type":"Polygon","coordinates":[[[116.1364,4.1199],[116.1675,4.1121],[116.1605,4.0925],[116.1858,4.0783],[116.2225,4.0769],[116.2366,4.0478],[116.2527,4.0429],[116.2752,4.0398],[116.2827,4.0586],[116.3084,4.0513],[116.3228,4.0657],[116.3548,4.0361],[116.3565,4.0079],[116.3908,3.9917],[116.3844,3.9443],[116.407,3.8959],[116.4255,3.8813],[116.464,3.8805],[116.4948,3.8574],[116.5565,3.8452],[116.6433,3.7982],[116.6817,3.7488],[116.6726,3.7383],[116.6957,3.7019],[116.7426,3.6813],[116.7371,3.6564],[116.7144,3.639],[116.738,3.6057],[116.6982,3.5725],[116.7115,3.5504],[116.6848,3.5443],[116.6757,3.518],[116.702,3.4508],[116.697,3.4335],[116.7095,3.4242],[116.6963,3.3994],[116.71,3.3539],[116.732,3.3328],[116.7508,3.3344],[116.761,3.3047],[116.7822,3.2915],[116.7941,3.2347],[116.7802,3.2275],[116.768,3.1643],[116.7406,3.1706],[116.7248,3.103],[116.7495,3.0675],[116.7447,3.0412],[116.6631,3.007],[116.6577,2.9741],[116.637,2.9742],[116.6084,2.9487],[116.6144,2.9294],[116.5865,2.9165],[116.5838,2.8904],[116.5502,2.8787],[116.4927,2.8276],[116.4553,2.8258],[116.4355,2.8116],[116.4321,2.7774],[116.3261,2.6911],[116.2921,2.6323],[116.2966,2.5877],[116.3095,2.5743],[116.2706,2.4845],[116.2289,2.4825],[116.1779,2.4049],[116.1231,2.3936],[116.104,2.3569],[116.0602,2.3163],[116.0349,2.2557],[115.9885,2.2616],[116.011,2.1915],[116.0559,2.1453],[116.095,2.1702],[116.1259,2.165],[116.148,2.1526],[116.1572,2.1236],[116.1903,2.125],[116.2231,2.1001],[116.2124,2.061],[116.2347,2.0351],[116.2312,2.0133],[116.1945,1.9857],[116.1994,1.9508],[116.1752,1.9018],[116.1838,1.8317],[116.1335,1.6681],[116.115,1.6545],[116.1024,1.6672],[116.0687,1.6485],[116.0364,1.6061],[116.0414,1.5566],[116.007,1.5249],[115.9727,1.5313],[115.9574,1.4906],[115.914,1.4773],[115.8543,1.434],[115.8569,1.4014],[115.8293,1.3524],[115.7734,1.3077],[115.7727,1.2638],[115.727,1.26],[115.7111,1.2753],[115.7007,1.2642],[115.6585,1.2901],[115.4875,1.2525],[115.4276,1.2232],[115.422,1.1907],[115.4052,1.1808],[115.4181,1.1517],[115.3683,1.1141],[115.2803,1.1345],[115.2736,1.1608],[115.2468,1.1814],[115.2103,1.1769],[115.182,1.1967],[115.1145,1.1811],[115.1166,1.1924],[115.0937,1.212],[115.0979,1.2499],[115.0781,1.2685],[115.0452,1.2675],[115.0461,1.2926],[115.017,1.3479],[114.9539,1.3732],[114.9306,1.4017],[114.9086,1.4035],[114.9075,1.4176],[114.8797,1.4184],[114.8022,1.3825],[114.7598,1.3261],[114.7284,1.3131],[114.6901,1.3599],[114.6701,1.3519],[114.6168,1.3632],[114.6095,1.3896],[114.5718,1.3892],[114.577,1.4121],[114.5652,1.4262],[114.5865,1.4472],[114.6159,1.5155],[114.5996,1.5315],[114.6105,1.5752],[114.6517,1.5893],[114.709,1.6379],[114.7193,1.7188],[114.7053,1.7605],[114.715,1.7853],[114.6944,1.8095],[114.7275,1.8313],[114.7178,1.8565],[114.7473,1.8694],[114.7711,1.8501],[114.7944,1.8487],[114.8196,1.8926],[114.8559,1.8952],[114.8824,1.9144],[114.8532,1.9434],[114.8505,1.962],[114.8884,2.0233],[114.859,2.044],[114.809,2.0245],[114.7933,2.0582],[114.8118,2.0623],[114.8,2.0892],[114.8195,2.1075],[114.8204,2.1299],[114.7911,2.1459],[114.7403,2.1323],[114.7411,2.1912],[114.787,2.2],[114.799,2.2485],[114.8164,2.2639],[114.8268,2.2452],[114.8706,2.2638],[114.917,2.2549],[114.9366,2.2797],[114.9666,2.2888],[114.948,2.3161],[114.961,2.3647],[114.9981,2.3491],[115.0262,2.3648],[115.0389,2.3921],[115.053,2.3865],[115.0527,2.4056],[115.0998,2.4051],[115.1079,2.4413],[115.1438,2.4757],[115.1891,2.4826],[115.2044,2.4712],[115.2425,2.4988],[115.2512,2.5412],[115.2234,2.5423],[115.2123,2.5737],[115.1778,2.6105],[115.1515,2.6081],[115.135,2.585],[115.1164,2.5832],[115.0917,2.6063],[115.0918,2.6235],[115.1216,2.6511],[115.1151,2.6893],[115.0947,2.6977],[115.1,2.7169],[115.1379,2.7437],[115.1398,2.775],[115.1543,2.7904],[115.091,2.8235],[115.1521,2.8706],[115.148,2.9081],[115.1635,2.9272],[115.19,2.9337],[115.2106,2.9582],[115.2496,2.9656],[115.2458,2.9812],[115.2845,3.0475],[115.3215,3.0125],[115.3312,2.9751],[115.3936,2.9797],[115.4405,3.0238],[115.4855,3.0182],[115.4975,3.0278],[115.5159,3.0569],[115.5138,3.1088],[115.5349,3.1423],[115.5629,3.1501],[115.5616,3.1702],[115.5199,3.1913],[115.5156,3.2238],[115.5335,3.2263],[115.523,3.2499],[115.5373,3.2851],[115.5322,3.3181],[115.548,3.3278],[115.544,3.3634],[115.5849,3.4492],[115.6096,3.4467],[115.6237,3.4078],[115.6576,3.4395],[115.6961,3.4068],[115.7221,3.4449],[115.7572,3.4444],[115.7697,3.466],[115.8018,3.4669],[115.8136,3.5003],[115.8485,3.4924],[115.8566,3.4694],[115.8782,3.4584],[115.8994,3.498],[115.921,3.4989],[115.9386,3.527],[115.9636,3.5193],[115.973,3.5634],[115.9587,3.5718],[115.9533,3.6184],[115.9319,3.6401],[115.9107,3.6945],[115.9263,3.7507],[115.948,3.7755],[115.9437,3.7936],[115.9225,3.804],[115.925,3.8348],[115.9076,3.8437],[115.9137,3.8781],[115.943,3.8844],[115.9566,3.9143],[116.0081,3.9398],[116.0213,4.0094],[115.9944,4.0586],[115.9578,4.0763],[115.9597,4.106],[115.9743,4.117],[115.9822,4.1],[116.033,4.0811],[116.0852,4.1179],[116.1364,4.1199]]]}},{"type":"Feature","properties":{"province":"MALUKU","district":"MALUKU BARAT DAYA","id":"MALUKU/MALUKU BARAT DAYA","name":"MALUKU BARAT DAYA"},"geometry":{"type":"Polygon","coordinates":[[[126.6305,-7.5582],[126.6372,-7.6029],[126.6877,-7.6234],[126.7228,-7.6673],[126.8111,-7.6564],[126.8088,-7.6793],[126.8427,-7.734],[126.8199,-7.7547],[126.804,-7.7414],[126.6959,-7.7506],[126.6592,-7.7777],[126.6226,-7.7828],[126.5618,-7.8148],[126.5211,-7.8587],[126.4745,-7.9709],[126.4633,-7.9741],[126.4211,-7.9307],[126.3683,-7.9347],[126.33,-7.9143],[126.1774,-7.9254],[126.1318,-7.8913],[126.0712,-7.8876],[125.9838,-7.9193],[125.948,-7.9151],[125.9253,-7.9424],[125.8856,-7.9528],[125.8696,-7.9769],[125.8165,-7.995],[125.8063,-8.0146],[125.7893,-8.0078],[125.8185,-7.9586],[125.8269,-7.9159],[125.8066,-7.8615],[125.8706,-7.8152],[125.8759,-7.7971],[125.8576,-7.7807],[125.8623,-7.7677],[125.9153,-7.7444],[125.9474,-7.662],[125.9842,-7.6552],[125.9978,-7.679],[126.0133,-7.6735],[126.0331,-7.6978],[126.1847,-7.7276],[126.2364,-7.6879],[126.3235,-7.6951],[126.367,-7.6669],[126.3805,-7.6371],[126.407,-7.624],[126.4397,-7.6311],[126.4708,-7.5892],[126.6305,-7.5582]]]}},{"type":"Feature","properties":{"province":"MALUKU","district":"MALUKU TENGAH","id":"MALUKU/MALUKU TENGAH","name":"MALUKU TENGAH"},"geometry":{"type":"Polygon","coordinates":[[[129.5283,-2.7731],[129.5478,-2.8004],[129.5907,-2.8099],[129.6175,-2.8024],[129.6371,-2.8272],[129.6696,-2.825],[129.7857,-2.8646],[129.8137,-2.9141],[129.8803,-2.8972],[129.8806,-2.9114],[129.9039,-2.9155],[129.9108,-2.944],[129.9756,-2.977],[130.0111,-2.9786],[130.0322,-3.0029],[130.1281,-2.9977],[130.1334,-3.0163],[130.1166,-3.0415],[130.1371,-3.0842],[130.1238,-3.1039],[130.1399,-3.1293],[130.1356,-3.173],[130.1579,-3.1952],[130.155,-3.2157],[129.9029,-3.16],[129.907,-3.1958],[129.8919,-3.217],[129.9,-3.2578],[129.8831,-3.2696],[129.8586,-3.3366],[129.813,-3.3218],[129.7615,-3.3315],[129.729,-3.3146],[129.6783,-3.3233],[129.5199,-3.2993],[129.4969,-3.3272],[129.5661,-3.4137],[129.5655,-3.4474],[129.5348,-3.4701],[129.4086,-3.4176],[129.2263,-3.4002],[129.0839,-3.3413],[128.9776,-3.3608],[128.9349,-3.3562],[128.9105,-3.3282],[128.9276,-3.3381],[128.9402,-3.3075],[128.9669,-3.2904],[128.9674,-3.2273],[128.8855,-3.2035],[128.8587,-3.2116],[128.8345,-3.24],[128.7935,-3.1701],[128.811,-3.097],[128.8027,-3.0877],[128.8181,-3.072],[128.7755,-3.0675],[128.7712,-3.0527],[128.7861,-3.0063],[128.8116,-2.9985],[128.7538,-2.9581],[128.7635,-2.9384],[128.7504,-2.9064],[128.7529,-2.8504],[128.8054,-2.867],[128.9195,-2.8519],[129.0511,-2.795],[129.0779,-2.8551],[129.0639,-2.9061],[129.076,-2.9086],[129.0833,-2.9391],[129.1312,-2.9694],[129.1571,-2.9483],[129.1959,-2.9608],[129.1764,-2.9397],[129.1862,-2.9223],[129.2198,-2.9541],[129.2095,-2.9436],[129.2241,-2.9216],[129.3482,-2.8567],[129.3726,-2.8208],[129.3643,-2.8034],[129.3771,-2.7895],[129.4737,-2.7846],[129.4987,-2.795],[129.512,-2.7873],[129.5191,-2.7989],[129.5283,-2.7731]]]}},{"type":"Feature","properties":{"province":"MALUKU","district":"MALUKU TENGGARA","id":"MALUKU/MALUKU TENGGARA","name":"MALUKU TENGGARA"},"geometry":{"type":"Polygon","coordinates":[[[133.1567,-5.2769],[133.1561,-5.2949],[133.1596,-5.2827],[133.1734,-5.2913],[133.1918,-5.327],[133.1882,-5.345],[133.1677,-5.3546],[133.1195,-5.5659],[133.0844,-5.6257],[133.0396,-5.6467],[132.9621,-5.7436],[132.9422,-5.8237],[132.9603,-5.8548],[132.9524,-5.875],[132.9289,-5.8869],[132.8941,-5.9537],[132.8663,-5.9648],[132.8446,-6.0071],[132.8696,-5.9376],[132.868,-5.9042],[132.8875,-5.9034],[132.8723,-5.8794],[132.877,-5.8563],[132.8919,-5.8577],[132.8824,-5.8417],[132.9371,-5.778],[132.9293,-5.7621],[132.943,-5.7291],[132.9409,-5.6876],[132.9773,-5.6399],[132.9792,-5.6578],[133.0055,-5.6486],[133.074,-5.3877],[133.092,-5.368],[133.1196,-5.2808],[133.1313,-5.2936],[133.1567,-5.2769]]]}},{"type":"Feature","properties":{"province":"SULAWESI BARAT","district":"MAMASA","id":"SULAWESI BARAT/MAMASA","name":"MAMASA"},"geometry":{"type":"Polygon","coordinates":[[[119.1385,-2.6543],[119.1377,-2.6849],[119.1876,-2.6572],[119.2367,-2.7139],[119.3001,-2.7092],[119.3479,-2.6912],[119.3462,-2.7039],[119.3689,-2.7093],[119.3641,-2.72],[119.4005,-2.7629],[119.4361,-2.7718],[119.4718,-2.7466],[119.5528,-2.7286],[119.5831,-2.7462],[119.5678,-2.7983],[119.5789,-2.837],[119.55,-2.8976],[119.5766,-2.9502],[119.5646,-2.9943],[119.6369,-3.1278],[119.6059,-3.1181],[119.573,-3.131],[119.573,-3.1448],[119.5359,-3.1394],[119.5157,-3.171],[119.4859,-3.1889],[119.462,-3.1814],[119.4447,-3.1912],[119.432,-3.1674],[119.3938,-3.1989],[119.3703,-3.1987],[119.4037,-3.2468],[119.4321,-3.2617],[119.4421,-3.3383],[119.3371,-3.2895],[119.3351,-3.2706],[119.296,-3.2636],[119.3116,-3.2398],[119.2573,-3.158],[119.2691,-3.1389],[119.2681,-3.0744],[119.1491,-3.1168],[119.1122,-3.0925],[119.0805,-3.113],[119.0665,-3.1082],[119.0576,-3.0475],[119.0759,-3.0383],[119.0822,-3.0179],[119.0684,-2.9883],[119.0261,-2.9604],[119.0326,-2.9263],[119.0551,-2.9081],[119.0221,-2.8979],[119.0134,-2.8674],[119.0254,-2.8055],[119.0131,-2.7736],[119.0618,-2.704],[119.0803,-2.7025],[119.1022,-2.6691],[119.1385,-2.6543]]]}},{"type":"Feature","properties":{"province":"PAPUA","district":"MAMBERAMO RAYA","id":"PAPUA/MAMBERAMO RAYA","name":"MAMBERAMO RAYA"},"geometry":{"type":"Polygon","coordinates":[[[137.9336,-1.4616],[137.9682,-1.5314],[137.9502,-1.5202],[137.9501,-1.536],[137.9663,-1.5443],[137.9878,-1.5318],[138.0529,-1.5925],[138.1472,-1.6276],[138.1641,-1.6447],[138.1706,-1.6919],[138.1597,-1.7024],[138.1742,-1.7135],[138.1649,-1.7214],[138.1749,-1.7435],[138.1546,-1.7717],[138.1663,-1.7861],[138.1558,-1.7881],[138.1585,-1.8081],[138.1365,-1.8183],[138.1532,-1.8203],[138.1596,-1.8348],[138.145,-1.8721],[138.1606,-1.8737],[138.148,-1.8904],[138.162,-1.8889],[138.1538,-1.9039],[138.1712,-1.908],[138.1497,-1.9198],[138.1656,-1.9164],[138.1637,-1.9355],[138.189,-1.9138],[138.1862,-1.9449],[138.2284,-1.9417],[138.2386,-1.991],[138.2508,-1.9841],[138.2457,-1.9957],[138.2587,-1.9893],[138.2624,-2.0],[138.2539,-2.0453],[138.2886,-2.0453],[138.2875,-2.0652],[138.293,-2.0561],[138.3105,-2.0698],[138.2928,-2.0817],[138.3063,-2.0843],[138.2944,-2.1268],[138.2992,-2.1681],[138.3308,-2.1929],[138.3459,-2.1689],[138.3728,-2.1889],[138.3698,-2.176],[138.3944,-2.1921],[138.3988,-2.1802],[138.4111,-2.1851],[138.3436,-2.2095],[138.3712,-2.215],[138.3731,-2.2256],[138.4028,-2.2001],[138.4087,-2.2149],[138.4411,-2.2229],[138.4381,-2.2433],[138.4686,-2.285],[138.4657,-2.3213],[138.4465,-2.331],[138.4474,-2.3501],[138.437,-2.3381],[138.421,-2.3448],[138.4218,-2.3564],[138.3999,-2.3578],[138.3826,-2.3902],[138.4207,-2.4302],[138.4139,-2.4559],[138.4365,-2.5228],[138.5389,-2.5432],[138.5637,-2.5205],[138.5843,-2.5211],[138.5952,-2.4875],[138.624,-2.4784],[138.6343,-2.5005],[138.7175,-2.5319],[138.7879,-2.5205],[138.8128,-2.5389],[138.8723,-2.5465],[138.9065,-2.5764],[138.949,-2.5781],[138.9755,-2.5989],[138.9974,-2.5913],[139.0307,-2.6125],[139.051,-2.5955],[139.0753,-2.5994],[139.0866,-2.6156],[139.1168,-2.624],[139.1293,-2.6527],[139.1957,-2.6294],[139.2333,-2.6301],[139.2331,-2.6913],[139.2185,-2.6989],[139.211,-2.7538],[139.1708,-2.7712],[139.17,-2.7909],[139.1882,-2.8051],[139.1719,-2.814],[139.1725,-2.828],[139.1508,-2.8228],[139.1369,-2.8357],[139.1429,-2.8471],[139.1177,-2.8547],[139.1065,-2.8822],[139.1179,-2.9088],[139.1026,-2.9247],[139.1252,-2.926],[139.1446,-2.9559],[139.1343,-2.9954],[139.1191,-2.9854],[139.1263,-3.0085],[139.1075,-3.0099],[139.1053,-3.0206],[139.0934,-3.0105],[139.0995,-3.0209],[139.0884,-3.0202],[139.0843,-3.0347],[139.1206,-3.052],[139.1204,-3.1173],[139.0453,-3.1084],[139.0393,-3.1299],[139.0256,-3.1272],[139.0335,-3.1412],[139.0169,-3.1468],[139.0214,-3.1861],[139.0011,-3.1935],[139.0117,-3.2491],[139.0358,-3.2517],[139.0655,-3.2764],[139.0492,-3.294],[139.0301,-3.2853],[139.0168,-3.3016],[138.9994,-3.3011],[138.9917,-3.32],[138.9658,-3.3293],[138.9645,-3.3461],[138.931,-3.364],[138.9246,-3.3894],[138.8726,-3.4257],[138.8885,-3.3603],[138.8776,-3.3294],[138.9187,-3.2788],[138.913,-3.2526],[138.8958,-3.2545],[138.8776,-3.2255],[138.8512,-3.2345],[138.8358,-3.2135],[138.8275,-3.225],[138.8062,-3.2238],[138.8016,-3.1898],[138.8284,-3.1769],[138.8237,-3.169],[138.7752,-3.1801],[138.7793,-3.202],[138.7642,-3.1776],[138.7494,-3.1752],[138.7164,-3.2151],[138.6793,-3.1947],[138.7026,-3.2478],[138.6746,-3.2368],[138.5982,-3.3328],[138.5684,-3.3168],[138.5224,-3.3232],[138.4993,-3.2993],[138.4731,-3.3139],[138.4621,-3.2721],[138.435,-3.2595],[138.4439,-3.2409],[138.4349,-3.2298],[138.4069,-3.2463],[138.3521,-3.2392],[138.2911,-3.1743],[138.2396,-3.1888],[138.1906,-3.2429],[138.1774,-3.2423],[138.1743,-3.2601],[138.1509,-3.2611],[138.1583,-3.2851],[138.1473,-3.2935],[138.1306,-3.268],[138.1593,-3.1985],[138.1848,-3.2067],[138.2357,-3.1524],[138.1768,-3.1101],[138.1761,-2.9967],[138.1604,-2.9708],[138.1509,-2.984],[138.1239,-2.9774],[138.1017,-3.0003],[138.11,-3.0072],[138.1445,-2.9938],[138.1466,-3.0461],[138.1126,-3.0239],[138.0596,-3.0227],[138.0637,-2.9966],[138.0516,-2.9833],[138.0258,-3.0156],[137.9977,-2.9925],[138.0099,-3.022],[137.9784,-3.0312],[137.9583,-3.028],[137.9683,-3.0114],[137.9611,-3.0012],[137.9303,-3.0256],[137.8984,-3.0147],[137.9079,-3.0511],[137.8849,-3.0397],[137.8815,-3.0833],[137.8467,-3.0489],[137.8333,-3.071],[137.8066,-3.0657],[137.7899,-3.0839],[137.7691,-3.0491],[137.7249,-3.0658],[137.7059,-3.0384],[137.6311,-3.0648],[137.6204,-3.0404],[137.5772,-3.0677],[137.5588,-3.0509],[137.5259,-3.0626],[137.5217,-3.0491],[137.5171,-3.0635],[137.4919,-3.046],[137.4618,-3.0526],[137.4374,-3.0399],[137.4395,-3.0248],[137.42,-3.0142],[137.4326,-3.0084],[137.4205,-3.0087],[137.4231,-2.9953],[137.402,-2.986],[137.3992,-2.9969],[137.3931,-2.9806],[137.3879,-2.9882],[137.3786,-2.9787],[137.3891,-2.9765],[137.3737,-2.9524],[137.3804,-2.9338],[137.3642,-2.9327],[137.3696,-2.9121],[137.3547,-2.9074],[137.3601,-2.8787],[137.3447,-2.8572],[137.3206,-2.8514],[137.3038,-2.8119],[137.2792,-2.8054],[137.2849,-2.7568],[137.2712,-2.7354],[137.2871,-2.7191],[137.2604,-2.6857],[137.2677,-2.6315],[137.2529,-2.5919],[137.2387,-2.5761],[137.1913,-2.5637],[137.1421,-2.5867],[137.1405,-2.5516],[137.1209,-2.5372],[137.1122,-2.5011],[137.035,-2.4599],[137.0411,-2.443],[137.0296,-2.4171],[136.9641,-2.4253],[136.9489,-2.3974],[136.913,-2.3863],[136.9096,-2.3621],[136.9326,-2.362],[136.9266,-2.3516],[136.9376,-2.3398],[136.9156,-2.3339],[136.9154,-2.3215],[136.8949,-2.3243],[136.8997,-2.3012],[136.8601,-2.2836],[136.8538,-2.2375],[136.8015,-2.1775],[136.8358,-2.1732],[136.8374,-2.1961],[136.8747,-2.1759],[136.9084,-2.1799],[136.9407,-2.1473],[136.9429,-2.1231],[137.0051,-2.1312],[137.0578,-2.0993],[137.102,-2.1108],[137.142,-2.099],[137.158,-2.1056],[137.1752,-2.0788],[137.2284,-2.0566],[137.2312,-2.0419],[137.2123,-2.0318],[137.22,-2.0192],[137.2061,-2.0211],[137.1899,-2.0005],[137.1901,-1.9896],[137.2076,-1.9908],[137.2155,-1.9787],[137.1905,-1.9438],[137.1563,-1.9319],[137.1444,-1.8989],[137.1227,-1.894],[137.0885,-1.8514],[137.0975,-1.7989],[137.1241,-1.7763],[137.208,-1.7455],[137.2365,-1.7508],[137.3068,-1.7011],[137.4016,-1.658],[137.4811,-1.5969],[137.591,-1.5584],[137.6805,-1.507],[137.738,-1.4985],[137.7468,-1.4789],[137.7768,-1.4856],[137.837,-1.4642],[137.9001,-1.4751],[137.9336,-1.4616]]]}},{"type":"Feature","properties":{"province":"PAPUA","district":"MAMBERAMO TENGAH","id":"PAPUA/MAMBERAMO TENGAH","name":"MAMBERAMO TENGAH"},"geometry":{"type":"Polygon","coordinates":[[[139.0655,-3.2764],[139.0939,-3.29],[139.0905,-3.3073],[139.0724,-3.2895],[139.0711,-3.3153],[139.0837,-3.3352],[139.1057,-3.3362],[139.1095,-3.3799],[139.1246,-3.3771],[139.1267,-3.3555],[139.1427,-3.364],[139.1432,-3.4279],[139.183,-3.4269],[139.2067,-3.449],[139.2696,-3.4187],[139.2501,-3.4329],[139.2493,-3.4526],[139.2695,-3.4415],[139.2757,-3.4636],[139.3064,-3.4737],[139.3305,-3.4461],[139.3396,-3.4842],[139.379,-3.4677],[139.3735,-3.4359],[139.4174,-3.4432],[139.4397,-3.4634],[139.4636,-3.4602],[139.4316,-3.5255],[139.434,-3.5742],[139.4064,-3.608],[139.3684,-3.6103],[139.3356,-3.6531],[139.3352,-3.6931],[139.3195,-3.6979],[139.315,-3.7277],[139.2851,-3.7243],[139.289,-3.7704],[139.2638,-3.7716],[139.2086,-3.7406],[139.1534,-3.7628],[139.1227,-3.7351],[139.1051,-3.7481],[139.1276,-3.8063],[139.0433,-3.8574],[139.0285,-3.8593],[139.0121,-3.835],[138.983,-3.8283],[138.9715,-3.804],[138.9537,-3.8055],[138.9676,-3.8108],[138.9573,-3.8383],[138.9746,-3.8504],[138.9938,-3.844],[139.0172,-3.8638],[138.9998,-3.8681],[138.9987,-3.8872],[138.9667,-3.8937],[138.9285,-3.8678],[138.9045,-3.868],[138.9058,-3.8116],[138.8819,-3.7925],[138.7903,-3.8092],[138.7497,-3.7887],[138.7374,-3.7936],[138.7237,-3.7763],[138.6754,-3.7796],[138.6637,-3.7515],[138.6208,-3.7688],[138.6094,-3.75],[138.6251,-3.7197],[138.653,-3.7113],[138.6991,-3.7233],[138.7424,-3.6552],[138.7449,-3.6195],[138.7637,-3.6162],[138.7543,-3.6005],[138.7274,-3.5975],[138.7216,-3.5576],[138.7067,-3.5438],[138.7147,-3.5052],[138.7023,-3.4854],[138.6414,-3.448],[138.6155,-3.402],[138.5361,-3.3655],[138.5294,-3.3545],[138.5431,-3.3237],[138.5684,-3.3168],[138.6,-3.3324],[138.6746,-3.2368],[138.7026,-3.2478],[138.6793,-3.1947],[138.7164,-3.2151],[138.7494,-3.1752],[138.7642,-3.1776],[138.7793,-3.202],[138.7752,-3.1801],[138.8237,-3.169],[138.8284,-3.1769],[138.8016,-3.1898],[138.8062,-3.2238],[138.8275,-3.225],[138.8358,-3.2135],[138.8512,-3.2345],[138.8776,-3.2255],[138.8958,-3.2545],[138.913,-3.2526],[138.9187,-3.2788],[138.8776,-3.3294],[138.8885,-3.3603],[138.8726,-3.4257],[138.9246,-3.3894],[138.931,-3.364],[138.9645,-3.3461],[138.9658,-3.3293],[138.9917,-3.32],[138.9994,-3.3011],[139.0168,-3.3016],[139.0301,-3.2853],[139.0492,-3.294],[139.0655,-3.2764]]]}},{"type":"Feature","properties":{"province":"SULAWESI BARAT","district":"MAMUJU","id":"SULAWESI BARAT/MAMUJU","name":"MAMUJU"},"geometry":{"type":"Polygon","coordinates":[[[119.5455,-2.1173],[119.5973,-2.1509],[119.6594,-2.1356],[119.7083,-2.1381],[119.7388,-2.19],[119.7425,-2.2279],[119.6763,-2.2705],[119.699,-2.314],[119.6805,-2.3281],[119.6878,-2.3712],[119.7229,-2.3927],[119.7088,-2.4186],[119.7229,-2.4359],[119.7245,-2.467],[119.7108,-2.5159],[119.7453,-2.5352],[119.7622,-2.5719],[119.744,-2.6106],[119.7563,-2.6368],[119.7478,-2.7144],[119.6807,-2.7565],[119.6307,-2.7546],[119.6083,-2.739],[119.5838,-2.7479],[119.5528,-2.7286],[119.4718,-2.7466],[119.4361,-2.7718],[119.4005,-2.7629],[119.3641,-2.72],[119.3689,-2.7093],[119.3462,-2.7039],[119.3479,-2.6912],[119.3001,-2.7092],[119.2367,-2.7139],[119.1876,-2.6572],[119.1377,-2.6849],[119.137,-2.6536],[119.1022,-2.6691],[119.0803,-2.7025],[119.0618,-2.704],[119.0131,-2.7736],[119.0254,-2.8055],[119.0134,-2.8674],[119.0221,-2.8979],[119.0551,-2.9081],[119.0326,-2.9263],[119.0261,-2.9604],[119.001,-2.9608],[118.9747,-2.9285],[118.9427,-2.9148],[118.884,-2.9308],[118.885,-2.8867],[118.851,-2.8516],[118.8094,-2.851],[118.7694,-2.8668],[118.7603,-2.7649],[118.783,-2.7465],[118.7792,-2.6893],[118.8154,-2.6223],[118.8679,-2.6798],[118.9123,-2.6668],[118.9423,-2.6395],[118.9596,-2.6411],[118.9965,-2.6172],[119.0088,-2.5854],[119.0296,-2.5828],[119.0426,-2.5082],[119.1477,-2.4668],[119.1267,-2.4648],[119.143,-2.3933],[119.122,-2.3239],[119.1302,-2.2984],[119.2007,-2.3133],[119.2893,-2.2198],[119.3131,-2.228],[119.334,-2.2019],[119.3548,-2.2091],[119.3713,-2.1925],[119.4113,-2.185],[119.4339,-2.1942],[119.4903,-2.1236],[119.5455,-2.1173]]]}},{"type":"Feature","properties":{"province":"SULAWESI BARAT","district":"MAMUJU TENGAH","id":"SULAWESI BARAT/MAMUJU TENGAH","name":"MAMUJU TENGAH"},"geometry":{"type":"Polygon","coordinates":[[[119.4417,-1.7326],[119.4502,-1.7532],[119.5116,-1.7934],[119.5798,-1.8194],[119.5934,-1.8104],[119.6289,-1.8203],[119.657,-1.8419],[119.6789,-1.825],[119.7067,-1.8331],[119.7443,-1.8066],[119.7776,-1.8111],[119.8115,-1.7923],[119.8367,-1.8043],[119.8715,-1.7797],[119.8588,-1.8257],[119.8749,-1.8632],[119.8537,-1.8752],[119.847,-1.9022],[119.8712,-1.9389],[119.8458,-2.0155],[119.8476,-2.0239],[119.8703,-2.0185],[119.8177,-2.0593],[119.8174,-2.0957],[119.8047,-2.112],[119.7343,-2.1256],[119.711,-2.1425],[119.6594,-2.1356],[119.6135,-2.1514],[119.5805,-2.1455],[119.5424,-2.1161],[119.5003,-2.1202],[119.4716,-2.1386],[119.4684,-2.1597],[119.4339,-2.1942],[119.4113,-2.185],[119.3713,-2.1925],[119.3548,-2.2091],[119.334,-2.2019],[119.3131,-2.228],[119.2893,-2.2198],[119.2007,-2.3133],[119.1302,-2.2984],[119.1526,-2.2382],[119.1452,-2.1985],[119.1659,-2.1609],[119.1879,-2.1527],[119.2008,-2.1008],[119.1922,-2.0959],[119.2228,-2.0126],[119.2124,-1.9974],[119.2883,-1.9528],[119.3319,-1.9615],[119.3358,-1.9135],[119.3538,-1.8985],[119.3502,-1.8708],[119.3635,-1.8587],[119.355,-1.8215],[119.3409,-1.8185],[119.343,-1.7838],[119.3773,-1.753],[119.4153,-1.7418],[119.4125,-1.7331],[119.4417,-1.7326]]]}},{"type":"Feature","properties":{"province":"SUMATERA UTARA","district":"MANDAILING NATAL","id":"SUMATERA UTARA/MANDAILING NATAL","name":"MANDAILING NATAL"},"geometry":{"type":"Polygon","coordinates":[[[98.9728,1.3452],[99.0063,1.3064],[99.0308,1.2963],[99.0292,1.2619],[99.0504,1.2045],[99.1328,1.1673],[99.1173,1.1014],[99.1323,1.1104],[99.1997,1.0907],[99.2226,1.043],[99.2616,1.0518],[99.2695,1.0973],[99.2781,1.0958],[99.3363,1.0237],[99.3747,1.0235],[99.4216,0.9798],[99.4401,0.9766],[99.4637,1.0189],[99.4244,1.0714],[99.4286,1.0897],[99.4811,1.127],[99.5204,1.1192],[99.5483,1.0866],[99.5451,1.0697],[99.5688,1.0692],[99.5697,1.0407],[99.6052,1.0008],[99.5903,0.9801],[99.6029,0.9508],[99.6205,0.9487],[99.6418,0.9195],[99.6741,0.9329],[99.7031,0.9261],[99.7457,0.8671],[99.7987,0.8585],[99.8383,0.8269],[99.8501,0.7911],[99.8482,0.7631],[99.825,0.736],[99.8308,0.6961],[99.8506,0.6836],[99.9113,0.6798],[99.9264,0.632],[99.9092,0.6256],[99.9596,0.5687],[99.9645,0.5459],[99.9503,0.5238],[99.9607,0.5134],[99.9073,0.4715],[99.8493,0.47],[99.8358,0.4587],[99.785,0.4813],[99.744,0.4789],[99.7178,0.4514],[99.6768,0.4727],[99.6654,0.5162],[99.6425,0.5453],[99.5734,0.5089],[99.528,0.5225],[99.5125,0.5379],[99.5192,0.552],[99.4764,0.5261],[99.4385,0.4776],[99.41,0.4844],[99.366,0.4315],[99.3167,0.3339],[99.2628,0.3446],[99.1937,0.3116],[99.1961,0.272],[99.1655,0.229],[99.1369,0.2576],[99.1599,0.271],[99.1512,0.3271],[99.1088,0.3462],[99.1336,0.377],[99.1395,0.4238],[99.1175,0.5037],[99.093,0.5077],[99.0892,0.5315],[99.1081,0.5376],[99.1065,0.5804],[99.0864,0.6192],[99.0674,0.6318],[99.0512,0.6218],[99.0456,0.6383],[99.0593,0.6393],[99.0664,0.6593],[99.0465,0.6705],[99.062,0.6905],[99.0585,0.7424],[99.0118,0.8247],[98.9947,0.821],[98.9701,0.8474],[98.9865,0.8551],[98.9701,0.9358],[98.9285,1.0382],[98.9088,1.1283],[98.8404,1.2836],[98.8455,1.2995],[98.8659,1.2796],[98.881,1.2992],[98.9079,1.2933],[98.9728,1.3452]]]}},{"type":"Feature","properties":{"province":"NUSA TENGGARA TIMUR","district":"MANGGARAI","id":"NUSA TENGGARA TIMUR/MANGGARAI","name":"MANGGARAI"},"geometry":{"type":"Polygon","coordinates":[[[120.4286,-8.241],[120.4488,-8.2581],[120.451,-8.2845],[120.4938,-8.2932],[120.492,-8.3156],[120.4806,-8.3189],[120.4781,-8.382],[120.5135,-8.4088],[120.5464,-8.4941],[120.5104,-8.5652],[120.5268,-8.6026],[120.5238,-8.6381],[120.4915,-8.6456],[120.4687,-8.6749],[120.4982,-8.7146],[120.5183,-8.8184],[120.4381,-8.8136],[120.3981,-8.8254],[120.3674,-8.8157],[120.3133,-8.8556],[120.2978,-8.8443],[120.2772,-8.8538],[120.233,-8.844],[120.233,-8.8121],[120.2833,-8.7875],[120.273,-8.76],[120.2936,-8.7563],[120.3295,-8.7068],[120.3245,-8.6881],[120.2799,-8.6479],[120.2902,-8.6373],[120.2805,-8.6252],[120.2855,-8.5969],[120.3184,-8.5828],[120.3167,-8.5658],[120.3304,-8.5587],[120.3436,-8.5714],[120.3611,-8.5685],[120.3583,-8.5221],[120.3894,-8.4849],[120.3901,-8.4582],[120.3991,-8.4609],[120.3893,-8.4252],[120.3458,-8.4261],[120.2971,-8.4543],[120.2822,-8.4171],[120.2871,-8.2822],[120.3349,-8.2814],[120.3665,-8.2945],[120.4078,-8.2809],[120.4139,-8.2512],[120.4286,-8.241]]]}},{"type":"Feature","properties":{"province":"NUSA TENGGARA TIMUR","district":"MANGGARAI BARAT","id":"NUSA TENGGARA TIMUR/MANGGARAI BARAT","name":"MANGGARAI BARAT"},"geometry":{"type":"Polygon","coordinates":[[[120.2866,-8.2827],[120.2822,-8.4171],[120.2971,-8.4543],[120.3461,-8.4261],[120.3893,-8.4252],[120.3993,-8.4442],[120.389,-8.4856],[120.3575,-8.5247],[120.3612,-8.5685],[120.3436,-8.5714],[120.3304,-8.5587],[120.3167,-8.5658],[120.3184,-8.5828],[120.2854,-8.5973],[120.2805,-8.6252],[120.2902,-8.6373],[120.2799,-8.6479],[120.3297,-8.7048],[120.2936,-8.7563],[120.273,-8.76],[120.2834,-8.7873],[120.2401,-8.8029],[120.2323,-8.8439],[120.1499,-8.7859],[120.0164,-8.8193],[119.9445,-8.8206],[119.9227,-8.8436],[119.9098,-8.8391],[119.9192,-8.8659],[119.8895,-8.8589],[119.8902,-8.8127],[119.8625,-8.8137],[119.8442,-8.7969],[119.8332,-8.8065],[119.8295,-8.7874],[119.8032,-8.7702],[119.8088,-8.751],[119.7962,-8.7417],[119.8075,-8.7334],[119.7968,-8.7277],[119.7958,-8.6915],[119.8114,-8.6683],[119.8041,-8.5734],[119.878,-8.505],[119.881,-8.4776],[119.8574,-8.4301],[119.8799,-8.4272],[119.8768,-8.443],[119.8903,-8.4425],[119.8778,-8.4605],[119.908,-8.4757],[119.9617,-8.4506],[119.9694,-8.428],[119.9737,-8.4454],[119.9978,-8.4611],[120.0183,-8.4397],[119.9979,-8.4172],[120.0158,-8.4126],[120.0192,-8.384],[120.0429,-8.386],[120.043,-8.3976],[120.0743,-8.377],[120.05,-8.4052],[120.0865,-8.3876],[120.0772,-8.4106],[120.0961,-8.4134],[120.0851,-8.4373],[120.1098,-8.4413],[120.1263,-8.4164],[120.1162,-8.4064],[120.1214,-8.3563],[120.1469,-8.367],[120.1474,-8.3801],[120.163,-8.3779],[120.2005,-8.3056],[120.2159,-8.31],[120.261,-8.2827],[120.2866,-8.2827]]]}},{"type":"Feature","properties":{"province":"NUSA TENGGARA TIMUR","district":"MANGGARAI TIMUR","id":"NUSA TENGGARA TIMUR/MANGGARAI TIMUR","name":"MANGGARAI TIMUR"},"geometry":{"type":"Polygon","coordinates":[[[120.5943,-8.2566],[120.6401,-8.2768],[120.6888,-8.3307],[120.7144,-8.326],[120.7334,-8.3489],[120.8077,-8.3385],[120.8545,-8.3576],[120.8816,-8.3495],[120.8837,-8.3722],[120.8956,-8.3527],[120.9275,-8.3541],[120.9359,-8.3682],[120.9141,-8.3938],[120.9127,-8.4098],[120.9296,-8.424],[120.9121,-8.4467],[120.9219,-8.476],[120.8454,-8.5153],[120.8914,-8.6502],[120.875,-8.697],[120.8445,-8.709],[120.8563,-8.7477],[120.824,-8.8214],[120.8111,-8.8274],[120.8198,-8.8367],[120.7885,-8.841],[120.7738,-8.8875],[120.7453,-8.8935],[120.6468,-8.8674],[120.5958,-8.815],[120.5167,-8.8177],[120.4982,-8.7146],[120.4682,-8.6865],[120.4914,-8.6457],[120.5238,-8.6381],[120.5268,-8.6026],[120.5104,-8.5652],[120.5464,-8.4944],[120.5135,-8.4088],[120.4781,-8.382],[120.4806,-8.3189],[120.492,-8.3156],[120.4938,-8.2932],[120.5296,-8.2729],[120.558,-8.3001],[120.592,-8.2966],[120.6055,-8.2771],[120.5943,-8.2566]]]}},{"type":"Feature","properties":{"province":"PAPUA BARAT","district":"MANOKWARI","id":"PAPUA BARAT/MANOKWARI","name":"MANOKWARI"},"geometry":{"type":"Polygon","coordinates":[[[133.9473,-0.7139],[133.9664,-0.7278],[133.9754,-0.7215],[133.9913,-0.7598],[134.0314,-0.7969],[134.0826,-0.8142],[134.136,-0.8633],[134.1214,-0.8805],[134.1091,-0.8701],[134.0863,-0.8776],[134.0695,-0.8583],[134.0692,-0.8754],[134.0508,-0.8691],[134.0529,-0.8953],[134.038,-0.9022],[134.0449,-0.928],[134.0208,-0.9315],[134.009,-0.9557],[134.0691,-1.0284],[134.071,-1.0716],[134.1042,-1.1314],[134.1852,-1.1977],[134.1772,-1.2132],[134.1283,-1.2291],[134.0918,-1.2117],[134.0389,-1.2422],[134.0174,-1.2386],[133.9825,-1.1919],[133.9745,-1.1991],[133.9616,-1.1839],[133.9401,-1.193],[133.8875,-1.1009],[133.9033,-1.0867],[133.8972,-1.0026],[133.8915,-1.0237],[133.8687,-1.031],[133.8724,-1.0532],[133.8549,-1.0841],[133.8334,-1.0612],[133.7893,-1.0737],[133.7737,-1.1315],[133.7678,-1.1153],[133.7429,-1.111],[133.7111,-1.1226],[133.6974,-1.0699],[133.6704,-1.0458],[133.6537,-1.0554],[133.6494,-1.0375],[133.5993,-1.0595],[133.589,-1.0761],[133.5289,-1.0622],[133.5279,-1.0339],[133.498,-1.0433],[133.4809,-1.0099],[133.4884,-0.9604],[133.4534,-0.9588],[133.4682,-0.9413],[133.469,-0.9011],[133.4469,-0.8766],[133.4371,-0.8058],[133.4263,-0.8001],[133.4742,-0.7996],[133.4687,-0.774],[133.4932,-0.7619],[133.4858,-0.7406],[133.5451,-0.7473],[133.5694,-0.7378],[133.5725,-0.7208],[133.7185,-0.7523],[133.7388,-0.7375],[133.7303,-0.7218],[133.7543,-0.7191],[133.7664,-0.7301],[133.7947,-0.7254],[133.8173,-0.7485],[133.8715,-0.7149],[133.9025,-0.7274],[133.918,-0.7202],[133.9335,-0.7331],[133.9473,-0.7139]]]}},{"type":"Feature","properties":{"province":"PAPUA BARAT","district":"MANOKWARI SELATAN","id":"PAPUA BARAT/MANOKWARI SELATAN","name":"MANOKWARI SELATAN"},"geometry":{"type":"Polygon","coordinates":[[[134.1986,-1.2141],[134.2455,-1.3128],[134.2777,-1.3489],[134.2625,-1.3444],[134.239,-1.3621],[134.2136,-1.4071],[134.1981,-1.4555],[134.2115,-1.5039],[134.2016,-1.5498],[134.143,-1.5993],[134.1167,-1.6401],[134.0694,-1.654],[134.0819,-1.6594],[134.0666,-1.6737],[134.0767,-1.6889],[134.0956,-1.6843],[134.08,-1.693],[134.1019,-1.766],[134.0403,-1.8316],[133.9393,-1.8491],[133.9268,-1.8419],[133.9175,-1.8527],[133.8828,-1.8446],[133.8872,-1.8209],[133.919,-1.8016],[133.9078,-1.7968],[133.9005,-1.7516],[133.8852,-1.7523],[133.8981,-1.7371],[133.8797,-1.7012],[133.8138,-1.6726],[133.8031,-1.6513],[133.7555,-1.6222],[133.7318,-1.6329],[133.7106,-1.6213],[133.6621,-1.6296],[133.6519,-1.6214],[133.7164,-1.6083],[133.7224,-1.5884],[133.697,-1.5517],[133.694,-1.5248],[133.732,-1.5098],[133.7538,-1.531],[133.7887,-1.5141],[133.8432,-1.5604],[133.8497,-1.5059],[133.888,-1.5309],[133.9046,-1.5247],[133.9394,-1.5372],[133.9372,-1.5085],[133.9521,-1.5097],[133.9779,-1.4689],[134.0119,-1.4635],[134.0085,-1.4314],[134.0764,-1.4445],[134.0794,-1.4194],[134.0254,-1.4124],[134.0484,-1.4042],[134.0796,-1.4164],[134.0753,-1.395],[134.0477,-1.3805],[134.0426,-1.3606],[134.0623,-1.3581],[134.083,-1.3356],[134.073,-1.3069],[134.0813,-1.2824],[134.0518,-1.2754],[134.0494,-1.2573],[134.0365,-1.2565],[134.0445,-1.2408],[134.0918,-1.2117],[134.1283,-1.2291],[134.1697,-1.2178],[134.1852,-1.1977],[134.1986,-1.2141]]]}},{"type":"Feature","properties":{"province":"PAPUA","district":"MAPPI","id":"PAPUA/MAPPI","name":"MAPPI"},"geometry":{"type":"Polygon","coordinates":[[[139.7134,-5.6876],[139.7177,-5.7377],[139.8426,-5.8146],[139.858,-5.9079],[139.8628,-6.1702],[139.8274,-6.1895],[139.8112,-6.2154],[139.8213,-6.2656],[139.7075,-6.3933],[139.7177,-6.4336],[139.7976,-6.4979],[139.8866,-6.4997],[139.9397,-6.4685],[140.066,-6.4656],[140.0758,-6.9201],[140.0522,-6.9295],[140.0568,-6.9512],[140.041,-6.9748],[140.0669,-7.0184],[140.0794,-7.0806],[140.0607,-7.1403],[140.0848,-7.2101],[139.7923,-7.3496],[139.7842,-7.3733],[139.6592,-7.3725],[139.6471,-7.3863],[139.5893,-7.3717],[139.5246,-7.3235],[138.6822,-7.1732],[138.706,-7.0747],[138.6056,-7.0023],[138.5641,-6.9342],[138.5753,-6.9102],[138.6282,-6.876],[138.6841,-6.9008],[138.7254,-6.9008],[138.7983,-6.8509],[138.8566,-6.8522],[138.9042,-6.8383],[138.9406,-6.8452],[138.9519,-6.827],[138.9481,-6.7956],[138.9312,-6.7837],[138.9078,-6.7812],[138.8748,-6.7979],[138.8313,-6.7818],[138.8233,-6.6953],[138.7962,-6.6678],[138.6825,-6.6071],[138.6664,-6.5739],[138.6488,-6.5733],[138.6044,-6.5238],[138.7832,-6.4031],[138.8723,-6.1785],[138.9187,-6.1527],[138.9229,-5.6566],[139.0925,-5.5625],[139.1377,-5.6461],[139.5038,-5.5985],[139.4934,-5.5098],[139.5637,-5.4153],[139.6947,-5.3637],[139.7246,-5.3043],[139.7571,-5.2939],[139.7726,-5.3038],[139.8169,-5.5819],[139.7134,-5.6876]]]}},{"type":"Feature","properties":{"province":"SULAWESI SELATAN","district":"MAROS","id":"SULAWESI SELATAN/MAROS","name":"MAROS"},"geometry":{"type":"Polygon","coordinates":[[[119.5176,-5.1647],[119.497,-5.1514],[119.5185,-5.151],[119.5394,-5.1223],[119.5432,-5.0769],[119.5293,-5.0647],[119.4871,-5.0655],[119.4658,-5.0259],[119.4791,-4.9892],[119.5195,-4.9396],[119.5148,-4.8852],[119.5804,-4.9052],[119.5877,-4.8957],[119.5981,-4.905],[119.6035,-4.887],[119.6325,-4.8903],[119.6226,-4.9095],[119.6627,-4.9235],[119.667,-4.9505],[119.747,-4.9289],[119.7747,-4.9431],[119.8045,-4.9257],[119.7963,-4.8648],[119.8108,-4.8213],[119.8087,-4.761],[119.867,-4.7441],[119.8847,-4.7183],[119.9717,-4.7775],[119.9475,-4.8002],[119.9315,-4.8461],[119.9487,-4.8449],[119.9496,-4.8598],[119.9241,-4.9002],[119.8975,-4.9166],[119.885,-5.0003],[119.8469,-5.0462],[119.8642,-5.0918],[119.8579,-5.1125],[119.8711,-5.1206],[119.8556,-5.1494],[119.8642,-5.1615],[119.8332,-5.1939],[119.7892,-5.2116],[119.7632,-5.1893],[119.6856,-5.1664],[119.6384,-5.1761],[119.6042,-5.1469],[119.5667,-5.1731],[119.5476,-5.1594],[119.5176,-5.1647]]]}},{"type":"Feature","properties":{"province":"PAPUA BARAT","district":"MAYBRAT","id":"PAPUA BARAT/MAYBRAT","name":"MAYBRAT"},"geometry":{"type":"Polygon","coordinates":[[[132.9048,-1.2938],[132.8974,-1.3238],[132.9095,-1.3621],[132.8969,-1.3873],[132.9051,-1.3969],[132.8544,-1.4498],[132.8646,-1.4664],[132.8578,-1.5016],[132.8239,-1.5638],[132.7871,-1.573],[132.7695,-1.6513],[132.7724,-1.7263],[132.7402,-1.8194],[132.7425,-1.8466],[132.7278,-1.859],[132.7329,-1.8776],[132.7241,-1.8858],[132.6751,-1.8717],[132.6222,-1.8761],[132.6202,-1.8536],[132.5223,-1.8202],[132.4957,-1.826],[132.4468,-1.8849],[132.4386,-1.8246],[132.3917,-1.7546],[132.4078,-1.7185],[132.3963,-1.7021],[132.4144,-1.6718],[132.4108,-1.6471],[132.4405,-1.6044],[132.4203,-1.5693],[132.3481,-1.5259],[132.2071,-1.3727],[132.1146,-1.3239],[132.0918,-1.215],[132.0763,-1.2062],[132.0912,-1.1851],[132.0785,-1.1717],[132.0842,-1.1152],[132.0713,-1.0903],[132.0801,-1.0795],[132.1103,-1.0946],[132.1251,-1.0821],[132.136,-1.1003],[132.1833,-1.1092],[132.1835,-1.0533],[132.2077,-1.0573],[132.2263,-1.045],[132.2169,-1.0197],[132.2322,-1.0006],[132.2104,-0.9691],[132.2293,-0.9331],[132.2434,-0.9441],[132.2759,-0.9239],[132.3134,-0.9529],[132.3527,-0.9587],[132.3616,-0.98],[132.4028,-0.9906],[132.4051,-1.0168],[132.4651,-1.0347],[132.505,-1.0323],[132.5604,-1.0674],[132.5703,-1.0859],[132.5642,-1.1073],[132.5812,-1.1207],[132.5785,-1.1453],[132.6401,-1.1598],[132.6772,-1.1483],[132.6923,-1.176],[132.7056,-1.1767],[132.7241,-1.1585],[132.7487,-1.1696],[132.786,-1.1486],[132.821,-1.1867],[132.8097,-1.2111],[132.8191,-1.2312],[132.9048,-1.2938]]]}},{"type":"Feature","properties":{"province":"KALIMANTAN BARAT","district":"MELAWI","id":"KALIMANTAN BARAT/MELAWI","name":"MELAWI"},"geometry":{"type":"Polygon","coordinates":[[[112.4628,-0.6691],[112.4343,-0.6736],[112.3857,-0.7136],[112.3564,-0.715],[112.3487,-0.7036],[112.3151,-0.7233],[112.26,-0.6318],[112.2123,-0.6134],[112.2053,-0.6318],[112.1761,-0.6436],[112.1744,-0.6842],[112.1634,-0.6898],[112.1754,-0.7256],[112.1468,-0.7306],[112.0852,-0.6997],[112.0743,-0.734],[112.054,-0.7516],[112.0549,-0.7706],[111.9844,-0.7994],[111.9768,-0.8133],[111.9517,-0.7926],[111.9234,-0.7927],[111.9173,-0.8411],[111.8869,-0.8417],[111.8855,-0.8582],[111.8382,-0.9064],[111.7481,-0.9116],[111.7239,-0.9426],[111.6396,-0.968],[111.6251,-0.9911],[111.6161,-1.0563],[111.5713,-1.0581],[111.5582,-1.1013],[111.5443,-1.0985],[111.5434,-1.1154],[111.5612,-1.1298],[111.5571,-1.1527],[111.5776,-1.1692],[111.5547,-1.2024],[111.5257,-1.2028],[111.4282,-1.2526],[111.4235,-1.2674],[111.3908,-1.2529],[111.3839,-1.2964],[111.3715,-1.2903],[111.3648,-1.3096],[111.3415,-1.3203],[111.3159,-1.3012],[111.316,-1.2574],[111.2554,-1.2497],[111.2624,-1.215],[111.2325,-1.1898],[111.2622,-1.0986],[111.2398,-1.0569],[111.216,-1.0571],[111.1983,-1.0197],[111.1447,-1.0072],[111.1506,-0.9649],[111.1222,-0.9634],[111.1141,-0.9519],[111.1219,-0.931],[111.167,-0.9113],[111.1517,-0.865],[111.1761,-0.8316],[111.1873,-0.8226],[111.2149,-0.8564],[111.2073,-0.7823],[111.2438,-0.7353],[111.2414,-0.6927],[111.2145,-0.6473],[111.2406,-0.6234],[111.2397,-0.5916],[111.2132,-0.531],[111.1853,-0.5103],[111.2033,-0.5107],[111.2022,-0.4959],[111.2416,-0.4686],[111.2395,-0.4553],[111.2607,-0.4354],[111.3553,-0.384],[111.3675,-0.3591],[111.3916,-0.3497],[111.4308,-0.3663],[111.4673,-0.347],[111.495,-0.322],[111.4792,-0.2728],[111.4981,-0.2336],[111.5415,-0.2348],[111.5515,-0.2119],[111.6619,-0.1646],[111.6933,-0.1292],[111.7038,-0.1286],[111.7151,-0.1532],[111.7315,-0.1496],[111.7287,-0.1782],[111.7396,-0.1747],[111.7516,-0.1905],[111.7809,-0.1782],[111.8146,-0.2159],[111.8558,-0.208],[111.8601,-0.1901],[111.8925,-0.2134],[111.9317,-0.1864],[111.9769,-0.2179],[111.9973,-0.2079],[112.0309,-0.2199],[112.0371,-0.204],[112.0466,-0.2357],[112.1072,-0.2623],[112.1324,-0.3039],[112.151,-0.309],[112.2281,-0.2435],[112.3541,-0.1913],[112.4106,-0.1823],[112.3726,-0.2558],[112.3865,-0.2926],[112.3721,-0.3022],[112.3635,-0.3467],[112.4374,-0.4307],[112.4137,-0.4894],[112.4354,-0.5057],[112.4232,-0.5264],[112.44,-0.5476],[112.4289,-0.6004],[112.4125,-0.6212],[112.4628,-0.6691]]]}},{"type":"Feature","properties":{"province":"KALIMANTAN BARAT","district":"MEMPAWAH","id":"KALIMANTAN BARAT/MEMPAWAH","name":"MEMPAWAH"},"geometry":{"type":"Polygon","coordinates":[[[109.1531,0.6795],[109.174,0.6641],[109.2505,0.6677],[109.2572,0.6503],[109.2758,0.6437],[109.2837,0.6254],[109.2599,0.6107],[109.2346,0.5555],[109.2318,0.5182],[109.2052,0.4987],[109.2083,0.4654],[109.2381,0.4738],[109.2477,0.4532],[109.2711,0.4556],[109.3011,0.4156],[109.303,0.3873],[109.3222,0.3762],[109.271,0.3332],[109.2071,0.3227],[109.1725,0.2642],[109.1794,0.2464],[109.2437,0.2459],[109.2528,0.2284],[109.292,0.2496],[109.2952,0.239],[109.3203,0.2464],[109.3533,0.2155],[109.3678,0.1967],[109.3799,0.0786],[109.3805,0.0484],[109.3643,0.0427],[109.3703,0.0218],[109.3087,0.0381],[109.2872,0.0059],[109.1781,0.034],[109.1944,0.061],[109.139,0.1253],[109.1285,0.1893],[109.1006,0.2368],[109.0346,0.2873],[108.9281,0.3216],[108.9133,0.3397],[108.9399,0.3714],[108.9461,0.4045],[108.939,0.4492],[108.9085,0.4842],[108.9268,0.5623],[108.9545,0.5289],[108.9905,0.5548],[108.9985,0.5427],[109.0304,0.5764],[109.0831,0.5909],[109.12,0.6377],[109.1435,0.6463],[109.1531,0.6795]]]}},{"type":"Feature","properties":{"province":"JAMBI","district":"MERANGIN","id":"JAMBI/MERANGIN","name":"MERANGIN"},"geometry":{"type":"Polygon","coordinates":[[[102.4751,-1.6501],[102.5303,-1.6526],[102.5166,-1.6708],[102.5235,-1.6859],[102.4896,-1.7058],[102.5143,-1.7076],[102.5137,-1.7177],[102.5067,-1.7588],[102.4867,-1.7597],[102.4969,-1.797],[102.4816,-1.8033],[102.4569,-1.8503],[102.4859,-1.8843],[102.4582,-1.8853],[102.4583,-1.9451],[102.4766,-1.9749],[102.5155,-1.9821],[102.4945,-2.0086],[102.5472,-2.0181],[102.5474,-2.0779],[102.5925,-2.0869],[102.6258,-2.1122],[102.6291,-2.1854],[102.6137,-2.2092],[102.5461,-2.2139],[102.5475,-2.2049],[102.5304,-2.2034],[102.5159,-2.2132],[102.5115,-2.1932],[102.4625,-2.182],[102.4108,-2.2733],[102.3955,-2.3291],[102.3371,-2.361],[102.3382,-2.3899],[102.3031,-2.3935],[102.3035,-2.3614],[102.2761,-2.3575],[102.2398,-2.4035],[102.1554,-2.4084],[102.1483,-2.4217],[102.1339,-2.4109],[102.1244,-2.4305],[102.1577,-2.4854],[102.1558,-2.5229],[102.1353,-2.5252],[102.0943,-2.5726],[102.1042,-2.6014],[102.064,-2.6216],[102.0873,-2.685],[102.073,-2.7649],[102.0327,-2.758],[101.9945,-2.7236],[101.9064,-2.7403],[101.859,-2.7305],[101.8474,-2.7049],[101.8121,-2.692],[101.8133,-2.6757],[101.7352,-2.6106],[101.67,-2.5283],[101.6097,-2.5499],[101.5908,-2.5313],[101.5905,-2.5442],[101.5688,-2.5478],[101.5643,-2.5706],[101.542,-2.5714],[101.5607,-2.4589],[101.5546,-2.3519],[101.5884,-2.3601],[101.6003,-2.3334],[101.6137,-2.3325],[101.6379,-2.3503],[101.6587,-2.3473],[101.7114,-2.3181],[101.7397,-2.2624],[101.7787,-2.2284],[101.784,-2.1946],[101.8123,-2.1775],[101.8294,-2.1899],[101.8367,-2.1831],[101.7834,-2.1394],[101.7934,-2.1054],[101.7604,-2.0741],[101.7507,-2.0378],[101.7265,-2.0208],[101.7304,-2.0012],[101.6983,-1.997],[101.666,-1.9728],[101.6291,-1.8887],[101.6607,-1.8718],[101.7345,-1.8773],[101.7882,-1.8291],[101.8287,-1.8207],[101.883,-1.8469],[101.9213,-1.8394],[101.9774,-1.8708],[101.9962,-1.9092],[102.035,-1.9046],[102.058,-1.8774],[102.1106,-1.8727],[102.1305,-1.8539],[102.1432,-1.8134],[102.1337,-1.7907],[102.1845,-1.7862],[102.1941,-1.7679],[102.3271,-1.7019],[102.3446,-1.676],[102.3915,-1.6998],[102.4306,-1.6967],[102.4616,-1.6743],[102.4564,-1.6556],[102.4751,-1.6501]]]}},{"type":"Feature","properties":{"province":"PAPUA","district":"MERAUKE","id":"PAPUA/MERAUKE","name":"MERAUKE"},"geometry":{"type":"Polygon","coordinates":[[[140.857,-6.618],[140.8768,-6.6251],[140.8559,-6.6434],[140.8736,-6.6518],[140.8604,-6.6628],[140.8707,-6.6766],[140.846,-6.6818],[140.8462,-6.72],[140.9005,-6.7532],[140.8704,-6.7931],[140.8875,-6.8122],[140.9069,-6.8057],[140.9172,-6.8156],[140.898,-6.8461],[140.9161,-6.8721],[140.9405,-6.8722],[140.953,-6.8568],[140.94,-6.8913],[140.954,-6.9103],[140.9685,-6.8898],[140.9901,-6.9036],[141.0009,-6.8903],[141.02,-6.8923],[141.0196,-9.1255],[140.8894,-9.0832],[140.7551,-8.9322],[140.6199,-8.8184],[140.5302,-8.6886],[140.5006,-8.6143],[140.3788,-8.5118],[140.3553,-8.4725],[140.3237,-8.4615],[140.2631,-8.411],[140.2271,-8.3558],[140.1637,-8.3322],[139.9984,-8.204],[139.9649,-8.1589],[139.9504,-8.1016],[139.8772,-8.1084],[139.7127,-8.0974],[139.5844,-8.1292],[139.5799,-8.1437],[139.4565,-8.1933],[139.3397,-8.2059],[139.2768,-8.1759],[139.2234,-8.0948],[139.2079,-8.097],[139.0819,-8.1369],[138.9736,-8.2031],[138.994,-8.2272],[138.9603,-8.2589],[138.9337,-8.2768],[138.9108,-8.2671],[138.9002,-8.2365],[138.8566,-8.1861],[138.836,-8.114],[138.861,-8.09],[138.9072,-8.0877],[138.9249,-8.0752],[138.9259,-8.0576],[138.9033,-8.0303],[138.9224,-7.9683],[138.9093,-7.9305],[138.925,-7.9056],[139.0184,-7.8534],[139.0166,-7.756],[139.0536,-7.6984],[139.0662,-7.6344],[139.108,-7.5995],[139.1085,-7.5601],[139.1005,-7.5396],[139.0533,-7.5167],[138.9638,-7.5186],[138.9117,-7.3769],[138.8673,-7.3175],[138.8129,-7.2979],[138.7726,-7.2626],[138.6839,-7.2294],[138.6669,-7.21],[138.6822,-7.1732],[139.5246,-7.3235],[139.5316,-7.3383],[139.5474,-7.3344],[139.5504,-7.3482],[139.6304,-7.3858],[139.6592,-7.3725],[139.7842,-7.3733],[139.7923,-7.3496],[140.0898,-7.207],[140.1016,-7.15],[140.1798,-7.0858],[140.1824,-7.0553],[140.2348,-7.022],[140.2552,-6.9811],[140.3266,-6.9509],[140.3204,-6.9376],[140.354,-6.9279],[140.3611,-6.8944],[140.398,-6.9008],[140.424,-6.8839],[140.4907,-6.804],[140.4913,-6.739],[140.534,-6.7125],[140.5422,-6.7997],[140.5571,-6.8089],[140.5526,-6.834],[140.5677,-6.8357],[140.5587,-6.8468],[140.5714,-6.8845],[140.5596,-6.8981],[140.5879,-6.9293],[140.5825,-6.9504],[140.559,-6.9458],[140.5513,-6.9674],[140.5706,-6.9858],[140.5685,-7.0009],[140.6001,-7.0052],[140.5887,-7.0526],[140.62,-7.0608],[140.6297,-7.0395],[140.6754,-7.0396],[140.6845,-7.0257],[140.7053,-7.0389],[140.7585,-7.0285],[140.7958,-7.0505],[140.8207,-7.0495],[140.8289,-7.0366],[140.8203,-6.9999],[140.7922,-6.9803],[140.788,-6.934],[140.7545,-6.8857],[140.7624,-6.8763],[140.7404,-6.8731],[140.752,-6.8516],[140.7452,-6.8132],[140.7264,-6.7869],[140.7274,-6.7586],[140.707,-6.736],[140.7194,-6.6959],[140.783,-6.6872],[140.8043,-6.6673],[140.8012,-6.6432],[140.8225,-6.6463],[140.8495,-6.6312],[140.8453,-6.6154],[140.857,-6.618]]]}},{"type":"Feature","properties":{"province":"LAMPUNG","district":"MESUJI","id":"LAMPUNG/MESUJI","name":"MESUJI"},"geometry":{"type":"Polygon","coordinates":[[[105.7602,-4.1372],[105.7547,-4.1949],[105.6829,-4.189],[105.6524,-4.1962],[105.6527,-4.2176],[105.6168,-4.2232],[105.6059,-4.2193],[105.6049,-4.1959],[105.507,-4.1661],[105.5031,-4.1356],[105.4672,-4.135],[105.467,-4.1624],[105.4345,-4.1661],[105.4225,-4.1625],[105.4247,-4.1221],[105.4002,-4.1197],[105.4007,-4.1383],[105.366,-4.1296],[105.3672,-4.159],[105.3122,-4.1568],[105.2761,-4.1845],[105.2322,-4.1907],[105.2127,-4.1757],[105.1955,-4.1789],[105.1012,-4.2269],[105.0667,-4.2139],[105.0496,-4.1403],[105.0947,-4.0459],[105.1197,-4.0474],[105.1055,-4.0196],[105.1347,-3.9895],[105.1387,-3.9362],[105.1654,-3.9376],[105.1777,-3.9071],[105.2045,-3.8911],[105.2303,-3.8897],[105.245,-3.9062],[105.276,-3.8785],[105.293,-3.8427],[105.2821,-3.8285],[105.2842,-3.7973],[105.3043,-3.792],[105.3191,-3.7316],[105.333,-3.7237],[105.3578,-3.7968],[105.4164,-3.7771],[105.4367,-3.788],[105.4331,-3.8263],[105.48,-3.8217],[105.4927,-3.841],[105.5242,-3.8405],[105.5122,-3.873],[105.5246,-3.8941],[105.548,-3.8808],[105.5732,-3.9],[105.5631,-3.9292],[105.5831,-3.9371],[105.5977,-3.9233],[105.6102,-3.9384],[105.5897,-3.9532],[105.611,-3.9649],[105.6306,-4.0044],[105.6059,-4.0546],[105.6194,-4.0561],[105.6248,-4.0393],[105.6611,-4.046],[105.6452,-4.0644],[105.6503,-4.0842],[105.6651,-4.0899],[105.6789,-4.074],[105.685,-4.0978],[105.7085,-4.1017],[105.7003,-4.1353],[105.7602,-4.1372]]]}},{"type":"Feature","properties":{"province":"PAPUA","district":"MIMIKA","id":"PAPUA/MIMIKA","name":"MIMIKA"},"geometry":{"type":"Polygon","coordinates":[[[137.1185,-4.032],[137.1518,-4.0383],[137.1627,-4.064],[137.1844,-4.0754],[137.1931,-4.0574],[137.2667,-4.0698],[137.2839,-4.0538],[137.3254,-4.0719],[137.4086,-4.0748],[137.5115,-4.1445],[137.5616,-4.1484],[137.5786,-4.1922],[137.6197,-4.1872],[137.6643,-4.203],[137.7807,-4.1926],[137.8323,-4.2119],[137.8422,-4.1933],[137.8739,-4.1775],[137.9256,-4.1904],[137.925,-4.1625],[137.954,-4.1657],[137.9481,-4.1511],[137.9645,-4.1682],[137.9589,-4.2038],[137.8799,-4.2063],[137.8773,-4.2397],[137.8985,-4.26],[137.8594,-4.2811],[137.8814,-4.3044],[137.8744,-4.3189],[137.8849,-4.3421],[137.8575,-4.365],[137.8647,-4.4029],[137.8756,-4.3968],[137.8944,-4.4089],[137.8667,-4.4096],[137.8195,-4.5604],[137.8027,-4.573],[137.7429,-4.5778],[137.7449,-4.6145],[137.7836,-4.6841],[137.8087,-4.6883],[137.8067,-4.7025],[137.8161,-4.6961],[137.8239,-4.7134],[137.8304,-4.7045],[137.828,-4.7182],[137.8997,-4.764],[137.8651,-4.8634],[137.8248,-4.8957],[137.8505,-4.9322],[137.83,-4.9443],[137.832,-4.9759],[137.8053,-5.0016],[137.8188,-5.0062],[137.8088,-5.0123],[137.82,-5.0259],[137.7858,-5.0277],[137.7446,-5.0041],[137.7006,-5.0342],[137.6682,-5.0281],[137.6372,-5.0712],[137.6543,-5.0793],[137.6458,-5.0992],[137.6631,-5.1178],[137.6508,-5.1119],[137.6138,-5.14],[137.5576,-5.1456],[137.5202,-5.1347],[137.497,-5.1456],[137.4494,-5.099],[137.4208,-5.1244],[137.369,-5.0865],[137.3075,-5.0121],[137.2815,-5.0244],[137.2118,-4.9775],[137.1817,-5.0076],[137.1262,-4.9605],[137.0938,-4.9746],[137.032,-4.9177],[137.0074,-4.936],[136.9772,-4.9388],[136.9275,-4.8992],[136.9277,-4.8858],[136.9001,-4.8806],[136.8308,-4.9139],[136.7889,-4.8784],[136.8081,-4.8336],[136.845,-4.8277],[136.7872,-4.832],[136.7681,-4.8137],[136.7536,-4.8705],[136.7387,-4.8715],[136.6971,-4.8422],[136.6775,-4.8465],[136.643,-4.8218],[136.5728,-4.8005],[136.5663,-4.782],[136.5413,-4.7883],[136.5322,-4.78],[136.5404,-4.7733],[136.5182,-4.7694],[136.4882,-4.7397],[136.4646,-4.7421],[136.455,-4.7228],[136.4464,-4.742],[136.4364,-4.7328],[136.4475,-4.7192],[136.4237,-4.7213],[136.4151,-4.6996],[136.3969,-4.7033],[136.3229,-4.6555],[136.2972,-4.6751],[136.1427,-4.6308],[136.1299,-4.6083],[136.1101,-4.6209],[136.0765,-4.5835],[136.0596,-4.5899],[136.0373,-4.5777],[135.9551,-4.5252],[135.9261,-4.492],[135.7926,-4.4837],[135.7188,-4.4972],[135.4019,-4.4266],[135.2018,-4.4647],[135.0616,-4.3864],[135.0729,-4.3875],[135.0657,-4.3755],[135.04,-4.3756],[135.0148,-4.3369],[134.9909,-4.3333],[134.9339,-4.2864],[134.948,-4.3052],[134.9376,-4.3007],[134.8986,-4.2573],[134.8147,-4.252],[134.8072,-4.2343],[134.855,-4.2092],[134.8529,-4.1933],[134.8753,-4.1911],[134.8829,-4.161],[134.929,-4.1672],[134.9905,-4.1358],[135.0034,-4.0922],[135.0408,-4.0669],[135.042,-4.0494],[135.0875,-4.0508],[135.0913,-4.0821],[135.1482,-4.0766],[135.151,-4.0888],[135.1197,-4.1205],[135.1381,-4.1392],[135.1275,-4.1644],[135.1791,-4.1951],[135.1953,-4.1771],[135.2471,-4.1793],[135.2776,-4.1669],[135.3013,-4.1881],[135.3032,-4.208],[135.3292,-4.1885],[135.3449,-4.2009],[135.3579,-4.1934],[135.4169,-4.2442],[135.4594,-4.2514],[135.5028,-4.2027],[135.5844,-4.2184],[135.599,-4.2061],[135.6193,-4.2326],[135.6829,-4.195],[135.7113,-4.2687],[135.7218,-4.2612],[135.7566,-4.282],[135.8048,-4.2828],[135.8213,-4.2981],[135.9029,-4.2813],[136.0211,-4.2856],[136.0376,-4.3005],[136.0385,-4.3433],[136.0309,-4.3647],[136.0051,-4.3702],[136.045,-4.3991],[136.0776,-4.4028],[136.1299,-4.3775],[136.1529,-4.343],[136.2024,-4.3615],[136.2495,-4.3427],[136.2525,-4.3288],[136.3057,-4.3288],[136.317,-4.3464],[136.3956,-4.3371],[136.446,-4.3093],[136.4849,-4.3172],[136.5181,-4.3064],[136.5272,-4.3188],[136.5195,-4.3272],[136.5659,-4.3324],[136.5748,-4.3702],[136.5997,-4.3946],[136.6435,-4.3772],[136.6859,-4.4023],[136.7154,-4.3864],[136.7391,-4.3114],[136.7851,-4.3144],[136.7988,-4.3031],[136.7876,-4.2444],[136.8268,-4.2355],[136.8749,-4.1845],[136.9277,-4.1694],[136.9226,-4.1285],[136.978,-4.1174],[137.0071,-4.1315],[137.0196,-4.1129],[137.0111,-4.0778],[137.0282,-4.0772],[137.0361,-4.0451],[137.0727,-4.0553],[137.0822,-4.0388],[137.1185,-4.032]]]}},{"type":"Feature","properties":{"province":"SULAWESI UTARA","district":"MINAHASA","id":"SULAWESI UTARA/MINAHASA","name":"MINAHASA"},"geometry":{"type":"Polygon","coordinates":[[[124.8943,1.4645],[124.9177,1.4048],[124.9077,1.3977],[124.926,1.3782],[124.9122,1.3525],[124.9625,1.3192],[124.9801,1.3223],[124.9832,1.3373],[125.0224,1.3263],[125.0268,1.2914],[125.0635,1.2861],[125.0233,1.1423],[124.9096,1.0184],[124.8374,1.121],[124.7927,1.1133],[124.7699,1.0965],[124.7367,1.1151],[124.7442,1.1434],[124.7271,1.1837],[124.7297,1.2114],[124.7521,1.2113],[124.7596,1.2519],[124.7083,1.2949],[124.7227,1.3157],[124.7169,1.326],[124.6211,1.3365],[124.5653,1.3787],[124.618,1.4188],[124.6391,1.3987],[124.6756,1.3941],[124.7712,1.4611],[124.8235,1.428],[124.857,1.4338],[124.873,1.4656],[124.8943,1.4645]],[[124.8232,1.4026],[124.779,1.3879],[124.7312,1.3133],[124.7515,1.293],[124.7787,1.2963],[124.7703,1.29],[124.8004,1.2696],[124.8215,1.2693],[124.8197,1.2425],[124.8501,1.2667],[124.8763,1.3262],[124.9095,1.3486],[124.8641,1.3519],[124.8377,1.3861],[124.8417,1.4027],[124.8232,1.4026]]]}},{"type":"Feature","properties":{"province":"SULAWESI UTARA","district":"MINAHASA SELATAN","id":"SULAWESI UTARA/MINAHASA SELATAN","name":"MINAHASA SELATAN"},"geometry":{"type":"Polygon","coordinates":[[[124.5664,1.3774],[124.6211,1.3365],[124.7182,1.3245],[124.7083,1.2949],[124.7596,1.2519],[124.7521,1.2113],[124.7296,1.2107],[124.7271,1.1837],[124.7442,1.1434],[124.7367,1.1151],[124.6614,1.134],[124.6489,1.1163],[124.5962,1.1052],[124.5809,1.1147],[124.5743,1.0928],[124.5503,1.0878],[124.5665,1.0446],[124.5548,1.0315],[124.5795,1.005],[124.5657,0.9681],[124.5786,0.9342],[124.5949,0.9346],[124.5589,0.8875],[124.5599,0.8668],[124.4973,0.8203],[124.4905,0.7756],[124.4692,0.7624],[124.4198,0.8043],[124.4352,0.8314],[124.3796,0.8699],[124.3774,0.9124],[124.3661,0.9209],[124.3764,0.9529],[124.3555,0.9855],[124.3335,0.988],[124.3174,1.0084],[124.2983,1.0018],[124.2978,1.0108],[124.3399,1.1189],[124.3568,1.1336],[124.3484,1.1613],[124.4158,1.1956],[124.5166,1.1875],[124.5265,1.2153],[124.5708,1.1853],[124.6094,1.2295],[124.6097,1.2559],[124.5735,1.2707],[124.5713,1.2819],[124.5501,1.2715],[124.5151,1.3009],[124.5322,1.3529],[124.5512,1.3764],[124.5664,1.3774]]]}},{"type":"Feature","properties":{"province":"SULAWESI UTARA","district":"MINAHASA TENGGARA","id":"SULAWESI UTARA/MINAHASA TENGGARA","name":"MINAHASA TENGGARA"},"geometry":{"type":"Polygon","coordinates":[[[124.7415,1.1109],[124.7711,1.0966],[124.7927,1.1133],[124.8374,1.121],[124.9089,1.0184],[124.8919,1.0032],[124.8944,0.9811],[124.8848,0.9896],[124.8861,0.9719],[124.7895,0.945],[124.7678,0.8917],[124.7473,0.8967],[124.7327,0.8849],[124.7164,0.8964],[124.7069,0.859],[124.7094,0.8473],[124.722,0.8508],[124.7078,0.8421],[124.6836,0.8693],[124.6612,0.8694],[124.6347,0.8908],[124.6509,0.9563],[124.5786,0.9342],[124.5657,0.9681],[124.5795,1.005],[124.5548,1.0315],[124.5665,1.0446],[124.5503,1.0878],[124.5743,1.0928],[124.5809,1.1147],[124.5962,1.1052],[124.6489,1.1163],[124.6644,1.1344],[124.7415,1.1109]]]}},{"type":"Feature","properties":{"province":"SULAWESI UTARA","district":"MINAHASA UTARA","id":"SULAWESI UTARA/MINAHASA UTARA","name":"MINAHASA UTARA"},"geometry":{"type":"Polygon","coordinates":[[[124.9924,1.7508],[125.0095,1.7285],[125.0258,1.7304],[125.0121,1.694],[125.0395,1.6772],[125.0469,1.6851],[125.1067,1.6645],[125.1181,1.6763],[125.1345,1.6673],[125.1438,1.6875],[125.151,1.6793],[125.166,1.6902],[125.1769,1.6778],[125.1547,1.6251],[125.1433,1.6228],[125.1371,1.5769],[125.1248,1.5659],[125.0853,1.5762],[125.0717,1.5556],[125.0786,1.4993],[125.0499,1.4899],[125.0325,1.4551],[125.0957,1.4517],[125.0884,1.4287],[125.1085,1.3944],[125.0701,1.3526],[125.0611,1.2857],[125.0268,1.2914],[125.0224,1.3263],[124.9832,1.3373],[124.9801,1.3223],[124.9625,1.3192],[124.9122,1.3525],[124.926,1.3782],[124.9077,1.3977],[124.9178,1.4045],[124.901,1.4267],[124.9044,1.4517],[124.8852,1.4658],[124.9027,1.4965],[124.9337,1.5079],[124.9273,1.5603],[124.9,1.5784],[124.8424,1.5653],[124.8211,1.5829],[124.8667,1.5986],[124.8818,1.6315],[124.9321,1.6621],[124.9238,1.6722],[124.9408,1.694],[124.9406,1.6822],[124.9673,1.6767],[124.9571,1.6989],[124.9739,1.7022],[124.9626,1.7051],[124.9623,1.7278],[124.9846,1.7198],[124.9805,1.7496],[124.9924,1.7508]]]}},{"type":"Feature","properties":{"province":"JAWA TIMUR","district":"MOJOKERTO","id":"JAWA TIMUR/MOJOKERTO","name":"MOJOKERTO"},"geometry":{"type":"Polygon","coordinates":[[[112.4945,-7.4086],[112.4567,-7.447],[112.5689,-7.4787],[112.6638,-7.5573],[112.6521,-7.5978],[112.6208,-7.6152],[112.6236,-7.6668],[112.5837,-7.7232],[112.5622,-7.7378],[112.5279,-7.7351],[112.4556,-7.7792],[112.41,-7.645],[112.3834,-7.6436],[112.3873,-7.6143],[112.3637,-7.5528],[112.3743,-7.4872],[112.4049,-7.4613],[112.3327,-7.4544],[112.353,-7.4129],[112.3322,-7.3708],[112.3586,-7.3265],[112.3912,-7.3335],[112.4109,-7.3119],[112.4747,-7.3039],[112.4856,-7.339],[112.473,-7.3532],[112.4757,-7.3852],[112.4945,-7.4086]],[[112.4573,-7.4558],[112.4551,-7.4474],[112.4158,-7.4573],[112.4077,-7.4916],[112.4221,-7.4941],[112.4287,-7.4805],[112.4498,-7.4934],[112.4685,-7.4607],[112.4573,-7.4558]]]}},{"type":"Feature","properties":{"province":"SULAWESI TENGAH","district":"MOROWALI","id":"SULAWESI TENGAH/MOROWALI","name":"MOROWALI"},"geometry":{"type":"Polygon","coordinates":[[[121.5453,-2.1524],[121.5598,-2.1744],[121.6111,-2.1874],[121.669,-2.1855],[121.6766,-2.1723],[121.689,-2.1888],[121.7227,-2.1977],[121.7962,-2.2886],[121.8249,-2.2937],[121.841,-2.3473],[121.9678,-2.5287],[122.0011,-2.6281],[122.035,-2.6576],[122.0318,-2.674],[122.0094,-2.6762],[122.0107,-2.7196],[122.06,-2.7499],[122.0861,-2.7892],[122.1397,-2.7891],[122.1676,-2.8211],[122.1845,-2.8236],[122.1842,-2.8708],[122.2043,-2.8824],[122.2074,-2.9007],[122.2517,-2.878],[122.253,-2.8879],[122.279,-2.8868],[122.3145,-2.9103],[122.321,-2.921],[122.3068,-2.9568],[122.2503,-3.0238],[122.3356,-3.0865],[122.3725,-3.142],[122.4269,-3.1268],[122.4466,-3.1634],[122.4608,-3.1633],[122.4547,-3.151],[122.4646,-3.1498],[122.4869,-3.1797],[122.4285,-3.1928],[122.4271,-3.2797],[122.4008,-3.2398],[122.3851,-3.2574],[122.3722,-3.2456],[122.3557,-3.2525],[122.368,-3.2254],[122.326,-3.2325],[122.3107,-3.2729],[122.2957,-3.2262],[122.3133,-3.2211],[122.3016,-3.2115],[122.3164,-3.2032],[122.3149,-3.1659],[122.2565,-3.1403],[122.2648,-3.101],[122.2025,-3.0958],[122.19,-3.0666],[122.1612,-3.0444],[122.1506,-3.0394],[122.1265,-3.0827],[122.0665,-3.0894],[122.0353,-3.0718],[122.0303,-3.0482],[121.9776,-3.0411],[121.9527,-3.0509],[121.9412,-3.0283],[121.8853,-3.0107],[121.8656,-2.9679],[121.8342,-2.973],[121.757,-2.9256],[121.6951,-2.9212],[121.6702,-2.9005],[121.689,-2.8879],[121.6857,-2.8661],[121.6708,-2.8708],[121.651,-2.8462],[121.7068,-2.8073],[121.7153,-2.7533],[121.7475,-2.718],[121.7354,-2.6986],[121.7506,-2.6791],[121.7735,-2.6829],[121.7841,-2.6417],[121.6971,-2.5806],[121.673,-2.5199],[121.6299,-2.5056],[121.6207,-2.5351],[121.5853,-2.5281],[121.5703,-2.4912],[121.4416,-2.4063],[121.4671,-2.3141],[121.459,-2.3025],[121.493,-2.2521],[121.4816,-2.1877],[121.5453,-2.1524]]]}},{"type":"Feature","properties":{"province":"SULAWESI TENGAH","district":"MOROWALI UTARA","id":"SULAWESI TENGAH/MOROWALI UTARA","name":"MOROWALI UTARA"},"geometry":{"type":"Polygon","coordinates":[[[122.0043,-1.4014],[122.0311,-1.4054],[122.0584,-1.431],[122.043,-1.4816],[122.0534,-1.4877],[122.0431,-1.5108],[122.0526,-1.5244],[122.0328,-1.5528],[122.0339,-1.5798],[122.0581,-1.6173],[122.0301,-1.6116],[121.9573,-1.6796],[121.9439,-1.6739],[121.9288,-1.6897],[121.9234,-1.6801],[121.9041,-1.7012],[121.8889,-1.6752],[121.8767,-1.6874],[121.8616,-1.6704],[121.8635,-1.7065],[121.8791,-1.6968],[121.8861,-1.7059],[121.8584,-1.7088],[121.8497,-1.6933],[121.8069,-1.7305],[121.8064,-1.7629],[121.7818,-1.7923],[121.7427,-1.8879],[121.6765,-1.9461],[121.6256,-1.9602],[121.5545,-1.956],[121.5417,-1.9482],[121.562,-1.9567],[121.5604,-1.9469],[121.523,-1.8981],[121.5036,-1.8964],[121.4834,-1.8702],[121.4581,-1.8768],[121.4694,-1.8564],[121.4484,-1.8672],[121.4686,-1.836],[121.4545,-1.826],[121.4568,-1.8107],[121.4425,-1.8049],[121.4191,-1.8223],[121.4032,-1.8061],[121.3723,-1.8085],[121.3665,-1.7921],[121.3232,-1.7666],[121.3144,-1.7948],[121.2992,-1.797],[121.2886,-1.8381],[121.2959,-1.8568],[121.3257,-1.8549],[121.3274,-1.8639],[121.3448,-1.8432],[121.3454,-1.8653],[121.3631,-1.8747],[121.3336,-1.8762],[121.3319,-1.8902],[121.3501,-1.8975],[121.3323,-1.899],[121.3131,-1.9298],[121.3512,-1.9502],[121.3428,-2.0056],[121.3811,-1.9763],[121.3794,-1.9169],[121.4092,-1.9062],[121.4137,-1.9409],[121.4265,-1.9451],[121.4207,-1.957],[121.4527,-2.0002],[121.4986,-2.0262],[121.4931,-2.0422],[121.5136,-2.057],[121.5295,-2.0455],[121.5312,-2.0694],[121.5347,-2.0465],[121.5441,-2.1495],[121.4816,-2.1877],[121.493,-2.2521],[121.459,-2.3025],[121.4671,-2.3141],[121.4413,-2.4058],[121.391,-2.4111],[121.2923,-2.3765],[121.2546,-2.4032],[121.2279,-2.3684],[121.1988,-2.3649],[121.1334,-2.4079],[121.0864,-2.3836],[121.1094,-2.3155],[121.1029,-2.2768],[121.0488,-2.2653],[121.0431,-2.2489],[120.9935,-2.2751],[120.9578,-2.2519],[120.8846,-2.2668],[120.8574,-2.2562],[120.8563,-2.2231],[120.8377,-2.2186],[120.8377,-2.1398],[120.8172,-2.0643],[120.931,-1.9159],[120.9061,-1.883],[120.9302,-1.8889],[120.949,-1.8701],[120.9562,-1.7272],[120.9359,-1.6505],[121.0021,-1.6467],[121.0898,-1.5967],[121.1342,-1.5981],[121.1421,-1.5702],[121.1969,-1.5733],[121.2307,-1.5232],[121.2627,-1.5153],[121.2901,-1.4778],[121.3994,-1.4336],[121.4694,-1.3657],[121.488,-1.3322],[121.6042,-1.3736],[121.6428,-1.406],[121.6952,-1.416],[121.7587,-1.3693],[121.8203,-1.3],[121.8662,-1.2736],[121.9321,-1.3059],[121.9832,-1.3903],[122.0043,-1.4014]]]}},{"type":"Feature","properties":{"province":"SUMATERA SELATAN","district":"MUARA ENIM","id":"SUMATERA SELATAN/MUARA ENIM","name":"MUARA ENIM"},"geometry":{"type":"Polygon","coordinates":[[[103.7872,-3.3181],[103.8013,-3.3095],[103.8186,-3.3262],[103.8314,-3.3152],[103.8497,-3.3175],[103.8569,-3.3329],[103.8705,-3.3285],[103.9074,-3.3597],[103.9177,-3.3992],[103.9487,-3.4125],[104.0246,-3.4058],[104.0287,-3.3412],[104.0593,-3.3377],[104.0925,-3.356],[104.1141,-3.333],[104.1126,-3.3511],[104.1322,-3.3439],[104.1248,-3.3604],[104.1537,-3.4087],[104.1257,-3.4949],[104.1493,-3.5512],[104.1952,-3.5515],[104.2181,-3.5263],[104.2325,-3.5402],[104.2479,-3.5355],[104.2512,-3.5776],[104.2803,-3.5814],[104.3157,-3.5571],[104.3209,-3.6092],[104.358,-3.5893],[104.3907,-3.5903],[104.4151,-3.5631],[104.4353,-3.5663],[104.4558,-3.5788],[104.4675,-3.6146],[104.4514,-3.644],[104.375,-3.692],[104.3663,-3.7556],[104.3845,-3.7634],[104.3608,-3.7712],[104.3364,-3.7599],[104.3076,-3.7746],[104.2861,-3.7559],[104.2481,-3.7811],[104.2438,-3.8222],[104.212,-3.8522],[104.1142,-3.9006],[103.9935,-3.92],[103.9697,-3.8885],[103.8959,-3.9277],[103.8915,-3.9681],[103.7918,-4.0447],[103.7742,-4.0745],[103.7018,-4.087],[103.7052,-4.1839],[103.6473,-4.1989],[103.6441,-4.2177],[103.619,-4.2246],[103.6152,-4.2627],[103.6276,-4.2811],[103.6018,-4.3631],[103.559,-4.3565],[103.5181,-4.3768],[103.5043,-4.3609],[103.4505,-4.3495],[103.4422,-4.3301],[103.4093,-4.3136],[103.3711,-4.3157],[103.3161,-4.2672],[103.336,-4.2569],[103.3313,-4.2393],[103.3707,-4.2299],[103.4053,-4.1731],[103.4385,-4.1822],[103.4579,-4.1589],[103.4431,-4.1259],[103.4645,-4.1],[103.498,-4.1306],[103.5133,-4.1238],[103.5262,-4.1375],[103.5556,-4.1199],[103.5666,-4.0902],[103.5846,-4.0919],[103.5968,-3.9958],[103.6434,-3.9675],[103.6345,-3.9434],[103.6603,-3.9109],[103.6952,-3.9073],[103.7197,-3.8848],[103.7034,-3.87],[103.7381,-3.8018],[103.7244,-3.7648],[103.7639,-3.7398],[103.7341,-3.691],[103.7645,-3.6866],[103.7677,-3.6701],[103.7466,-3.6605],[103.7349,-3.6405],[103.7436,-3.6224],[103.7313,-3.6172],[103.7616,-3.611],[103.7555,-3.6046],[103.7729,-3.5832],[103.7081,-3.5655],[103.6277,-3.5093],[103.5701,-3.5493],[103.5383,-3.5478],[103.5492,-3.5274],[103.5401,-3.4927],[103.5718,-3.4562],[103.5937,-3.4573],[103.6267,-3.3594],[103.6907,-3.3014],[103.7074,-3.2942],[103.7208,-3.3034],[103.7161,-3.3335],[103.731,-3.3536],[103.7439,-3.2856],[103.7606,-3.2801],[103.7872,-3.3181]]]}},{"type":"Feature","properties":{"province":"JAMBI","district":"MUARO JAMBI","id":"JAMBI/MUARO JAMBI","name":"MUARO JAMBI"},"geometry":{"type":"Polygon","coordinates":[[[103.3381,-1.2373],[103.3354,-1.2774],[103.3912,-1.2799],[103.4327,-1.3416],[103.4413,-1.3299],[103.5069,-1.3323],[103.5071,-1.3163],[103.559,-1.3157],[103.5585,-1.3539],[103.5809,-1.3549],[103.5807,-1.3902],[103.6336,-1.3922],[103.6714,-1.3704],[103.7893,-1.3486],[104.0553,-1.3183],[104.0916,-1.2942],[104.1082,-1.3103],[104.0853,-1.3214],[104.1728,-1.462],[104.2355,-1.5434],[104.2863,-1.5734],[104.3163,-1.6278],[104.3625,-1.6467],[103.8733,-1.7886],[103.85,-1.8167],[103.7953,-1.8253],[103.7661,-1.8161],[103.662,-1.8463],[103.6303,-1.8412],[103.5862,-1.8617],[103.5214,-1.9067],[103.5003,-1.9599],[103.5,-1.9822],[103.5427,-1.986],[103.5639,-2.0168],[103.5631,-2.0422],[103.5246,-2.073],[103.5323,-2.0915],[103.5169,-2.0922],[103.5173,-2.1142],[103.5593,-2.1371],[103.507,-2.1737],[103.4464,-2.1736],[103.4544,-2.0479],[103.3699,-2.0466],[103.3702,-1.9942],[103.3402,-1.9949],[103.3144,-1.9135],[103.3203,-1.8682],[103.4105,-1.8683],[103.3939,-1.8346],[103.4164,-1.8172],[103.4321,-1.7731],[103.4207,-1.7539],[103.4023,-1.7511],[103.4004,-1.7275],[103.4253,-1.7031],[103.4185,-1.6787],[103.43,-1.6788],[103.4006,-1.6559],[103.4728,-1.5439],[103.463,-1.5178],[103.4742,-1.4779],[103.4322,-1.4664],[103.3842,-1.4837],[103.3548,-1.4415],[103.346,-1.3873],[103.3028,-1.3476],[103.2852,-1.3529],[103.2892,-1.3931],[103.2667,-1.4036],[103.22,-1.388],[103.2206,-1.3745],[103.2383,-1.3745],[103.2246,-1.3592],[103.2246,-1.3312],[103.2401,-1.3306],[103.2416,-1.3613],[103.2627,-1.3747],[103.2711,-1.2346],[103.3381,-1.2373]],[[103.6287,-1.6765],[103.6078,-1.6605],[103.6498,-1.6572],[103.6811,-1.6193],[103.6551,-1.6074],[103.6491,-1.5507],[103.6047,-1.5483],[103.5674,-1.5742],[103.549,-1.5666],[103.5466,-1.5879],[103.535,-1.5892],[103.5483,-1.6115],[103.5242,-1.6761],[103.5683,-1.6805],[103.5814,-1.6694],[103.6213,-1.6961],[103.6287,-1.6765]]]}},{"type":"Feature","properties":{"province":"BENGKULU","district":"MUKOMUKO","id":"BENGKULU/MUKOMUKO","name":"MUKOMUKO"},"geometry":{"type":"Polygon","coordinates":[[[101.3617,-2.3289],[101.3874,-2.3364],[101.37,-2.3473],[101.3787,-2.3552],[101.4056,-2.3567],[101.5563,-2.4491],[101.542,-2.5714],[101.5643,-2.5706],[101.5688,-2.5478],[101.5905,-2.5442],[101.5908,-2.5313],[101.6097,-2.5499],[101.67,-2.5283],[101.7352,-2.6106],[101.8133,-2.6757],[101.8121,-2.692],[101.8458,-2.7034],[101.8604,-2.731],[101.8658,-2.7895],[101.8067,-2.8842],[101.8108,-2.92],[101.7845,-2.9376],[101.7908,-2.983],[101.7614,-2.982],[101.7176,-3.0447],[101.7003,-3.0451],[101.6761,-3.0707],[101.635,-3.0738],[101.6098,-3.106],[101.5882,-3.1025],[101.5799,-3.1194],[101.5741,-3.1107],[101.5319,-3.1286],[101.5244,-3.1195],[101.524,-3.0959],[101.4884,-3.0523],[101.4805,-3.0121],[101.3998,-2.9222],[101.3219,-2.7374],[101.1423,-2.6285],[101.0224,-2.4784],[101.1468,-2.3888],[101.2013,-2.3671],[101.2607,-2.3197],[101.2776,-2.2914],[101.3014,-2.2899],[101.3617,-2.3289]]]}},{"type":"Feature","properties":{"province":"SULAWESI TENGGARA","district":"MUNA","id":"SULAWESI TENGGARA/MUNA","name":"MUNA"},"geometry":{"type":"Polygon","coordinates":[[[122.6721,-4.6108],[122.7403,-4.6494],[122.7293,-4.6522],[122.7351,-4.6831],[122.7201,-4.6905],[122.7456,-4.7791],[122.7265,-4.8501],[122.7382,-4.883],[122.7556,-4.8816],[122.7695,-4.9023],[122.7555,-4.9019],[122.7626,-4.9682],[122.7208,-4.9646],[122.7051,-5.0061],[122.6365,-5.0598],[122.6129,-5.094],[122.6202,-5.1094],[122.5885,-5.1598],[122.5851,-5.1866],[122.5954,-5.2008],[122.6248,-5.1923],[122.6172,-5.2178],[122.5614,-5.2279],[122.5282,-5.1951],[122.4497,-5.2346],[122.4073,-5.2098],[122.4076,-5.1916],[122.3673,-5.1863],[122.3534,-5.1511],[122.3168,-5.1423],[122.328,-5.1037],[122.3818,-5.0878],[122.3905,-5.0743],[122.3853,-5.0442],[122.3727,-5.0394],[122.3845,-4.9917],[122.378,-4.9582],[122.3604,-4.9447],[122.359,-4.9237],[122.4178,-4.9065],[122.4563,-4.9162],[122.5534,-4.9658],[122.5841,-5.0029],[122.603,-4.9476],[122.6341,-4.9325],[122.6596,-4.8971],[122.6116,-4.8589],[122.6064,-4.8322],[122.5803,-4.8322],[122.5657,-4.8062],[122.5916,-4.7689],[122.6588,-4.7296],[122.6369,-4.696],[122.6533,-4.6793],[122.6339,-4.6744],[122.626,-4.6398],[122.6721,-4.6108]]]}},{"type":"Feature","properties":{"province":"SULAWESI TENGGARA","district":"MUNA BARAT","id":"SULAWESI TENGGARA/MUNA BARAT","name":"MUNA BARAT"},"geometry":{"type":"Polygon","coordinates":[[[122.6011,-4.6418],[122.6264,-4.642],[122.6339,-4.6744],[122.6533,-4.6793],[122.6369,-4.696],[122.6588,-4.7296],[122.5916,-4.7689],[122.5656,-4.8083],[122.5803,-4.8322],[122.6064,-4.8322],[122.6116,-4.8589],[122.6596,-4.8971],[122.6341,-4.9325],[122.603,-4.9476],[122.5841,-5.0029],[122.5534,-4.9658],[122.4563,-4.9162],[122.4178,-4.9065],[122.353,-4.9282],[122.3183,-4.8315],[122.3736,-4.7388],[122.4088,-4.7499],[122.4291,-4.7384],[122.4675,-4.7415],[122.4782,-4.7235],[122.5568,-4.6924],[122.5953,-4.6569],[122.5958,-4.6346],[122.6011,-4.6418]]]}},{"type":"Feature","properties":{"province":"KALIMANTAN TENGAH","district":"MURUNG RAYA","id":"KALIMANTAN TENGAH/MURUNG RAYA","name":"MURUNG RAYA"},"geometry":{"type":"Polygon","coordinates":[[[115.013,-0.2662],[115.0387,-0.3381],[115.0081,-0.3641],[115.0203,-0.3922],[115.0111,-0.4632],[115.0188,-0.5012],[115.0002,-0.5169],[115.0099,-0.5265],[114.9777,-0.5888],[114.923,-0.6172],[114.9284,-0.6372],[114.8886,-0.6763],[114.8729,-0.7126],[114.8302,-0.7433],[114.7898,-0.7506],[114.7921,-0.7638],[114.7365,-0.7683],[114.6534,-0.8599],[114.4683,-0.8344],[114.3932,-0.8359],[114.3637,-0.8557],[114.2343,-0.86],[114.2179,-0.8379],[114.219,-0.8087],[114.1734,-0.8116],[114.153,-0.7957],[114.121,-0.7295],[114.0957,-0.6292],[114.063,-0.5773],[114.0783,-0.5521],[114.0149,-0.4792],[114.0095,-0.4223],[113.9869,-0.3826],[113.9612,-0.398],[113.9379,-0.3946],[113.9168,-0.4411],[113.9221,-0.4669],[113.8523,-0.4447],[113.823,-0.4493],[113.8146,-0.4627],[113.7878,-0.461],[113.76,-0.4817],[113.7176,-0.4186],[113.7333,-0.4052],[113.7219,-0.3858],[113.65,-0.3633],[113.6322,-0.3452],[113.5829,-0.372],[113.582,-0.3914],[113.5402,-0.3759],[113.5145,-0.3864],[113.4682,-0.3806],[113.4915,-0.3129],[113.4549,-0.3089],[113.4438,-0.2908],[113.4155,-0.3037],[113.4018,-0.3536],[113.333,-0.3959],[113.2391,-0.3778],[113.2203,-0.3343],[113.2599,-0.2934],[113.2574,-0.2817],[113.3054,-0.2542],[113.3017,-0.2301],[113.2875,-0.2234],[113.2923,-0.2059],[113.3302,-0.1516],[113.3853,-0.1319],[113.4007,-0.1105],[113.4225,-0.1105],[113.4199,-0.0917],[113.4438,-0.0613],[113.4157,-0.0478],[113.4328,0.0092],[113.3958,0.0343],[113.4052,0.0642],[113.3933,0.0833],[113.4142,0.1157],[113.3917,0.1406],[113.3094,0.1738],[113.2943,0.2071],[113.2618,0.2301],[113.3176,0.2679],[113.35,0.2662],[113.3593,0.2764],[113.4423,0.2598],[113.4927,0.3024],[113.5439,0.3247],[113.5566,0.352],[113.5866,0.3617],[113.5815,0.3984],[113.6288,0.4131],[113.6549,0.4396],[113.6472,0.4566],[113.664,0.4945],[113.7378,0.5389],[113.7553,0.57],[113.7975,0.5949],[113.8261,0.5785],[113.8511,0.6083],[113.8214,0.6427],[113.8457,0.6604],[113.9213,0.644],[113.9617,0.6482],[113.975,0.6607],[114.0039,0.6411],[114.0234,0.6672],[114.046,0.6679],[114.0694,0.6902],[114.1231,0.6954],[114.158,0.6777],[114.178,0.6367],[114.1767,0.6104],[114.1472,0.5864],[114.1947,0.5824],[114.2031,0.5401],[114.2438,0.5226],[114.2919,0.5366],[114.3641,0.5302],[114.3587,0.548],[114.3709,0.5587],[114.4303,0.5416],[114.4634,0.5651],[114.5245,0.5628],[114.5457,0.5852],[114.5459,0.6306],[114.5979,0.6318],[114.652,0.6747],[114.6604,0.7018],[114.7161,0.7012],[114.761,0.7317],[114.7868,0.7304],[114.8299,0.7552],[114.8722,0.7411],[114.9108,0.7704],[114.9118,0.791],[114.9856,0.7317],[115.0135,0.5993],[115.0916,0.4804],[115.0772,0.4698],[115.1374,0.4255],[115.1293,0.3744],[115.0476,0.2983],[115.0229,0.3304],[114.9898,0.3345],[114.9544,0.3201],[114.9416,0.3333],[114.9026,0.3177],[114.8843,0.2785],[114.8629,0.2751],[114.8449,0.243],[114.8196,0.2367],[114.8298,0.1916],[114.7625,0.1464],[114.7711,0.1198],[114.7252,0.0794],[114.7067,0.0844],[114.7373,0.031],[114.7953,0.0114],[114.8374,-0.0465],[114.8761,-0.0154],[114.8977,-0.0317],[114.929,-0.1654],[114.9204,-0.2334],[114.9536,-0.2448],[114.9711,-0.2726],[115.013,-0.2662]]]}},{"type":"Feature","properties":{"province":"SUMATERA SELATAN","district":"MUSI BANYUASIN","id":"SUMATERA SELATAN/MUSI BANYUASIN","name":"MUSI BANYUASIN"},"geometry":{"type":"Polygon","coordinates":[[[104.1757,-1.8187],[104.2942,-1.9861],[104.3382,-2.011],[104.3556,-2.0553],[104.3702,-2.0553],[104.3837,-2.1462],[104.4005,-2.1505],[104.429,-2.1909],[104.4552,-2.1912],[104.4681,-2.2197],[104.4885,-2.2039],[104.5105,-2.2296],[104.5644,-2.2471],[104.6336,-2.241],[104.6841,-2.3352],[104.6422,-2.3433],[104.6054,-2.3769],[104.5482,-2.3793],[104.5387,-2.3681],[104.5204,-2.3827],[104.5146,-2.3745],[104.474,-2.4142],[104.3426,-2.4066],[104.2794,-2.4398],[104.1424,-2.3884],[104.0936,-2.3118],[104.0613,-2.2965],[104.0389,-2.3302],[104.0547,-2.3621],[104.0616,-2.4518],[104.0791,-2.4518],[104.0761,-2.4368],[104.096,-2.4415],[104.1014,-2.4663],[104.1307,-2.4809],[104.1525,-2.5177],[104.1402,-2.551],[104.2092,-2.6287],[104.2287,-2.6353],[104.2533,-2.6242],[104.3022,-2.6444],[104.2944,-2.659],[104.2672,-2.6644],[104.2629,-2.6822],[104.2256,-2.689],[104.1959,-2.7235],[104.1918,-2.7606],[104.1713,-2.7606],[104.1852,-2.8131],[104.1707,-2.8723],[104.1835,-2.8847],[104.2299,-2.8852],[104.2317,-2.9084],[104.1752,-2.9185],[104.1659,-3.0503],[104.1416,-3.0465],[104.1279,-3.0092],[104.0647,-3.0044],[104.0196,-3.0302],[103.9504,-3.0042],[103.9257,-3.0242],[103.9118,-3.0217],[103.8897,-3.0758],[103.8489,-3.083],[103.7915,-3.1345],[103.7972,-3.1504],[103.7801,-3.179],[103.7956,-3.2405],[103.7362,-3.2614],[103.7159,-3.236],[103.655,-3.266],[103.6344,-3.2628],[103.6501,-3.2417],[103.5959,-3.2455],[103.5882,-3.2227],[103.5625,-3.2362],[103.5333,-3.2332],[103.5158,-3.2095],[103.5093,-3.1337],[103.4784,-3.0433],[103.4835,-3.0212],[103.4433,-2.9633],[103.442,-2.9369],[103.4264,-2.9434],[103.4111,-2.9247],[103.4357,-2.8783],[103.4338,-2.8542],[103.3525,-2.8524],[103.2711,-2.7531],[103.3413,-2.6947],[103.3614,-2.5732],[103.2854,-2.5116],[103.2667,-2.4374],[103.2267,-2.4701],[103.2007,-2.4607],[103.2,-2.439],[103.143,-2.4347],[103.1168,-2.4515],[103.068,-2.4124],[103.0793,-2.3929],[103.0388,-2.3869],[103.0293,-2.3416],[103.0552,-2.3173],[103.0671,-2.3399],[103.1317,-2.3528],[103.2113,-2.3203],[103.1982,-2.2606],[103.1696,-2.2384],[103.1687,-2.221],[103.187,-2.1842],[103.2258,-2.1654],[103.2305,-2.1358],[103.2589,-2.1331],[103.2776,-2.1479],[103.3034,-2.1993],[103.3011,-2.2218],[103.3327,-2.249],[103.3384,-2.2713],[103.3493,-2.2654],[103.4058,-2.3351],[103.4384,-2.3424],[103.4538,-2.3596],[103.4619,-2.3397],[103.4476,-2.3162],[103.4631,-2.2655],[103.4551,-2.186],[103.507,-2.1737],[103.5593,-2.1371],[103.5173,-2.1142],[103.5169,-2.0922],[103.5323,-2.0915],[103.5246,-2.073],[103.5631,-2.0422],[103.5639,-2.0168],[103.5427,-1.986],[103.5,-1.9822],[103.5003,-1.9599],[103.5214,-1.9067],[103.6303,-1.8412],[103.662,-1.8463],[103.7661,-1.8161],[103.7953,-1.8253],[103.85,-1.8167],[103.8733,-1.7886],[104.1446,-1.7155],[104.1757,-1.8187]]]}},{"type":"Feature","properties":{"province":"SUMATERA SELATAN","district":"MUSI RAWAS","id":"SUMATERA SELATAN/MUSI RAWAS","name":"MUSI RAWAS"},"geometry":{"type":"Polygon","coordinates":[[[103.6483,-3.2477],[103.6051,-3.2875],[103.6267,-3.3594],[103.6109,-3.4261],[103.5937,-3.4573],[103.5718,-3.4562],[103.541,-3.4901],[103.5427,-3.5896],[103.5184,-3.5988],[103.5205,-3.5715],[103.5038,-3.5691],[103.4871,-3.53],[103.4708,-3.5329],[103.448,-3.5082],[103.4339,-3.5159],[103.4332,-3.5009],[103.4163,-3.492],[103.4046,-3.5056],[103.4089,-3.5275],[103.357,-3.5406],[103.336,-3.5245],[103.2944,-3.5187],[103.2764,-3.5004],[103.2022,-3.5013],[103.1758,-3.4524],[103.1019,-3.475],[103.0443,-3.4326],[103.0425,-3.4167],[102.9985,-3.4129],[102.9883,-3.3677],[102.967,-3.3623],[102.959,-3.3299],[102.9581,-3.3089],[102.9765,-3.2925],[102.9655,-3.2685],[102.9274,-3.2615],[102.9545,-3.237],[102.9149,-3.1898],[102.9249,-3.1719],[102.9173,-3.152],[102.882,-3.1569],[102.8548,-3.1318],[102.833,-3.1764],[102.8114,-3.1787],[102.8073,-3.2337],[102.7702,-3.254],[102.778,-3.2685],[102.753,-3.2833],[102.7513,-3.3091],[102.6747,-3.3157],[102.6381,-3.3378],[102.6324,-3.326],[102.5923,-3.3172],[102.5677,-3.2766],[102.5452,-3.2909],[102.5403,-3.2766],[102.4943,-3.2684],[102.4842,-3.2545],[102.4939,-3.1691],[102.4833,-3.1179],[102.5846,-3.0714],[102.5962,-3.0471],[102.6167,-3.0555],[102.6727,-3.0314],[102.697,-3.0064],[102.7411,-3.0139],[102.7788,-2.9916],[102.8471,-2.9906],[102.8699,-2.973],[102.8733,-2.9268],[102.9115,-2.9345],[102.901,-2.886],[103.0143,-2.8544],[103.1008,-2.8457],[103.1021,-2.7925],[103.12,-2.7925],[103.1199,-2.7707],[103.1698,-2.7706],[103.1738,-2.7591],[103.2047,-2.7536],[103.2317,-2.7659],[103.2711,-2.7531],[103.3525,-2.8524],[103.4338,-2.8542],[103.4357,-2.8783],[103.4111,-2.9247],[103.4264,-2.9434],[103.442,-2.9369],[103.4433,-2.9633],[103.4835,-3.0212],[103.4784,-3.0433],[103.5093,-3.1337],[103.522,-3.2206],[103.5625,-3.2362],[103.5835,-3.2216],[103.5959,-3.2455],[103.6367,-3.2374],[103.6483,-3.2477]]]}},{"type":"Feature","properties":{"province":"SUMATERA SELATAN","district":"MUSI RAWAS UTARA","id":"SUMATERA SELATAN/MUSI RAWAS UTARA","name":"MUSI RAWAS UTARA"},"geometry":{"type":"Polygon","coordinates":[[[102.8773,-2.3206],[103.0293,-2.3416],[103.0388,-2.3869],[103.0793,-2.3929],[103.068,-2.4124],[103.1168,-2.4515],[103.143,-2.4347],[103.2,-2.439],[103.2007,-2.4607],[103.2267,-2.4701],[103.2667,-2.4374],[103.2854,-2.5116],[103.3614,-2.5732],[103.3413,-2.6947],[103.3087,-2.7315],[103.2632,-2.7573],[103.2267,-2.7659],[103.2047,-2.7536],[103.1738,-2.7591],[103.1698,-2.7706],[103.1199,-2.7707],[103.12,-2.7925],[103.1021,-2.7925],[103.1004,-2.8459],[103.0143,-2.8544],[102.901,-2.886],[102.9115,-2.9345],[102.8733,-2.9268],[102.8699,-2.973],[102.8471,-2.9906],[102.7788,-2.9916],[102.7411,-3.0139],[102.697,-3.0064],[102.6235,-3.0535],[102.5959,-3.0472],[102.5846,-3.0714],[102.5099,-3.105],[102.4865,-3.1099],[102.4423,-3.0586],[102.3919,-3.0438],[102.3176,-3.0699],[102.2871,-3.0405],[102.2538,-3.0355],[102.222,-2.9277],[102.1313,-2.8748],[102.1294,-2.8348],[102.0734,-2.7949],[102.0639,-2.7685],[102.097,-2.7667],[102.1094,-2.7387],[102.1684,-2.7072],[102.2361,-2.6912],[102.2428,-2.647],[102.2713,-2.6245],[102.2982,-2.6329],[102.3052,-2.6493],[102.3344,-2.6566],[102.3496,-2.6466],[102.4056,-2.6891],[102.4691,-2.7043],[102.4971,-2.6944],[102.507,-2.703],[102.5388,-2.6752],[102.5806,-2.6783],[102.6158,-2.6527],[102.6141,-2.6222],[102.6245,-2.6153],[102.6727,-2.6091],[102.6803,-2.5909],[102.7076,-2.5838],[102.7226,-2.5548],[102.7254,-2.5796],[102.7348,-2.5794],[102.7437,-2.5612],[102.7867,-2.5467],[102.8157,-2.4854],[102.8792,-2.4244],[102.8435,-2.374],[102.8675,-2.3145],[102.8773,-2.3206]]]}},{"type":"Feature","properties":{"province":"PAPUA","district":"NABIRE","id":"PAPUA/NABIRE","name":"NABIRE"},"geometry":{"type":"Polygon","coordinates":[[[136.0285,-2.7129],[136.048,-2.7205],[136.0533,-2.7415],[136.0441,-2.7439],[136.0577,-2.7572],[136.0498,-2.771],[136.1432,-2.7729],[136.1437,-2.7973],[136.1465,-2.7835],[136.1631,-2.7996],[136.1807,-2.7926],[136.1835,-2.8103],[136.1889,-2.7982],[136.2174,-2.8068],[136.2292,-2.8225],[136.2222,-2.8338],[136.2468,-2.8421],[136.2428,-2.8612],[136.2514,-2.8622],[136.2441,-2.8506],[136.2651,-2.8505],[136.2655,-2.8871],[136.2805,-2.871],[136.2788,-2.8853],[136.2953,-2.8817],[136.2887,-2.9109],[136.3102,-2.9206],[136.3042,-2.9363],[136.3198,-2.9398],[136.2976,-2.9871],[136.3292,-3.0314],[136.3254,-3.0548],[136.3354,-3.0542],[136.324,-3.0662],[136.3348,-3.0992],[136.3143,-3.1327],[136.321,-3.1678],[136.3563,-3.1873],[136.3948,-3.2969],[136.3921,-3.3558],[136.3796,-3.3122],[136.3487,-3.3212],[136.3054,-3.3609],[136.2819,-3.3506],[136.2829,-3.3301],[136.266,-3.31],[136.2397,-3.2973],[136.2231,-3.3113],[136.212,-3.2963],[136.1879,-3.3011],[136.1824,-3.3458],[136.1544,-3.3637],[136.1512,-3.4654],[136.1291,-3.4785],[136.1027,-3.4701],[136.0908,-3.5039],[136.0554,-3.5293],[136.0516,-3.5453],[136.0192,-3.5557],[135.9904,-3.6206],[136.0155,-3.6911],[136.0778,-3.7361],[136.1023,-3.7313],[136.1168,-3.7437],[136.1016,-3.8068],[136.1169,-3.8569],[136.1263,-3.8568],[136.1271,-3.8875],[136.1029,-3.911],[136.06,-3.8861],[136.0408,-3.8543],[136.0112,-3.9027],[135.9697,-3.8927],[135.9544,-3.9154],[135.8501,-3.8916],[135.7681,-3.9102],[135.6965,-3.8794],[135.6501,-3.9214],[135.6239,-3.9333],[135.583,-3.9273],[135.5691,-3.9468],[135.5527,-3.9307],[135.5301,-3.9323],[135.4954,-3.8892],[135.4447,-3.8647],[135.4118,-3.8935],[135.3624,-3.8627],[135.3047,-3.8599],[135.3137,-3.8194],[135.2918,-3.8033],[135.2764,-3.8238],[135.2453,-3.8241],[135.1481,-3.747],[135.135,-3.6832],[135.1428,-3.6559],[135.1594,-3.6323],[135.1888,-3.6249],[135.1823,-3.6053],[135.2028,-3.5849],[135.1749,-3.5734],[135.1391,-3.6125],[135.1326,-3.5811],[135.0721,-3.5842],[135.0499,-3.6107],[135.0143,-3.5988],[135.0102,-3.5825],[134.9896,-3.5842],[135.0067,-3.5514],[134.9863,-3.5422],[134.9574,-3.4904],[134.9249,-3.4765],[134.9174,-3.4388],[134.8687,-3.4242],[134.847,-3.384],[134.8098,-3.3694],[134.7605,-3.3878],[134.7519,-3.3704],[134.7276,-3.3613],[134.727,-3.3167],[134.6937,-3.2912],[134.6825,-3.2577],[134.6704,-3.1702],[134.647,-3.1668],[134.643,-3.1434],[134.6088,-3.1277],[134.6146,-3.1141],[134.6332,-3.1147],[134.617,-3.0836],[134.6314,-3.0514],[134.5853,-2.8027],[134.6211,-2.7904],[134.6375,-2.7576],[134.6614,-2.7563],[134.6616,-2.8368],[134.6906,-2.8969],[134.6861,-2.9075],[134.681,-2.8898],[134.6736,-2.9223],[134.6906,-2.9346],[134.6915,-2.9712],[134.7695,-2.9906],[134.7772,-2.9413],[134.7973,-2.9514],[134.8176,-2.941],[134.8032,-2.9321],[134.8042,-2.9115],[134.832,-2.9128],[134.8296,-2.8778],[134.8412,-2.8938],[134.8528,-2.8862],[134.8417,-2.9403],[134.8498,-2.9539],[134.8315,-2.968],[134.8528,-3.0026],[134.8187,-3.0118],[134.811,-3.0376],[134.8112,-3.0646],[134.8383,-3.0958],[134.813,-3.0819],[134.8152,-3.1204],[134.8002,-3.1313],[134.8239,-3.1346],[134.8317,-3.1248],[134.8625,-3.1591],[134.8652,-3.1841],[134.8487,-3.1925],[134.8593,-3.2264],[134.8737,-3.2085],[134.8621,-3.2508],[134.8777,-3.2468],[134.9349,-3.272],[134.9172,-3.2443],[134.9569,-3.2448],[134.9499,-3.2235],[134.9605,-3.2256],[134.9636,-3.2486],[134.9528,-3.2483],[134.9452,-3.2837],[134.9647,-3.3078],[135.0098,-3.3386],[135.07,-3.3343],[135.1126,-3.3818],[135.1635,-3.3704],[135.3416,-3.3974],[135.413,-3.3679],[135.4655,-3.3748],[135.5033,-3.3562],[135.558,-3.3005],[135.5663,-3.2674],[135.5562,-3.2575],[135.5727,-3.2341],[135.584,-3.2359],[135.5842,-3.2129],[135.6117,-3.1802],[135.6955,-3.1531],[135.7615,-3.0989],[135.7668,-3.1107],[135.7679,-3.0876],[135.7302,-3.0677],[135.7576,-3.0495],[135.7776,-3.0613],[135.8032,-3.0483],[135.8269,-3.0137],[135.8641,-2.9915],[135.8739,-2.9975],[135.8744,-2.987],[135.8941,-2.9904],[135.8919,-2.9752],[135.9076,-2.9768],[135.9292,-2.9394],[135.9378,-2.9444],[135.9295,-2.8841],[135.9133,-2.8977],[135.9054,-2.87],[135.9469,-2.8328],[135.9619,-2.7942],[135.9458,-2.7828],[135.9805,-2.7649],[136.0114,-2.7059],[136.0285,-2.7129]]]}},{"type":"Feature","properties":{"province":"ACEH","district":"NAGAN RAYA","id":"ACEH/NAGAN RAYA","name":"NAGAN RAYA"},"geometry":{"type":"Polygon","coordinates":[[[96.5137,4.6246],[96.576,4.5756],[96.6528,4.55],[96.6557,4.5297],[96.6186,4.5306],[96.6066,4.5027],[96.622,4.5142],[96.6594,4.5023],[96.6887,4.4698],[96.6547,4.4494],[96.6278,4.4063],[96.6839,4.3942],[96.6718,4.3819],[96.6762,4.3668],[96.7189,4.354],[96.716,4.329],[96.7908,4.2827],[96.7993,4.2661],[96.7936,4.2031],[96.749,4.1604],[96.7165,4.1007],[96.7277,4.0575],[96.7175,4.0096],[96.6991,3.9878],[96.6319,3.9634],[96.6213,3.9127],[96.6032,3.908],[96.5844,3.8379],[96.6107,3.8178],[96.6199,3.7903],[96.6064,3.7729],[96.6246,3.7429],[96.613,3.7354],[96.529,3.7326],[96.4585,3.7811],[96.3831,3.8497],[96.2869,3.9952],[96.1897,4.1069],[96.2355,4.1214],[96.2384,4.1439],[96.2571,4.1365],[96.2757,4.1532],[96.2735,4.2073],[96.252,4.2443],[96.2588,4.2739],[96.3113,4.3376],[96.3049,4.35],[96.3411,4.377],[96.3323,4.3908],[96.364,4.3927],[96.3721,4.4179],[96.4377,4.4251],[96.4822,4.4611],[96.4841,4.5001],[96.4593,4.5011],[96.4433,4.5278],[96.4922,4.5477],[96.4901,4.6248],[96.5137,4.6246]]]}},{"type":"Feature","properties":{"province":"NUSA TENGGARA TIMUR","district":"NAGEKEO","id":"NUSA TENGGARA TIMUR/NAGEKEO","name":"NAGEKEO"},"geometry":{"type":"Polygon","coordinates":[[[121.1893,-8.4415],[121.2378,-8.4727],[121.2304,-8.4634],[121.2674,-8.4643],[121.3076,-8.4799],[121.3435,-8.548],[121.4039,-8.5716],[121.4183,-8.5919],[121.4624,-8.5609],[121.4764,-8.5643],[121.4861,-8.5811],[121.5009,-8.5786],[121.4999,-8.5992],[121.5134,-8.6084],[121.5046,-8.6126],[121.5253,-8.6242],[121.4133,-8.6878],[121.3948,-8.7203],[121.4166,-8.7443],[121.4161,-8.7876],[121.377,-8.7969],[121.3688,-8.8785],[121.3403,-8.906],[121.3021,-8.9082],[121.269,-8.8864],[121.2568,-8.8976],[121.1825,-8.8852],[121.139,-8.898],[121.1153,-8.8753],[121.1229,-8.8503],[121.1401,-8.8431],[121.1214,-8.7858],[121.0964,-8.7567],[121.1128,-8.7655],[121.1036,-8.7485],[121.1167,-8.7405],[121.111,-8.7163],[121.1279,-8.7024],[121.101,-8.6619],[121.1414,-8.6305],[121.1293,-8.5921],[121.1422,-8.5513],[121.1922,-8.5257],[121.1932,-8.5062],[121.1615,-8.4796],[121.18,-8.4597],[121.1732,-8.4408],[121.1893,-8.4415]]]}},{"type":"Feature","properties":{"province":"KEPULAUAN RIAU","district":"NATUNA","id":"KEPULAUAN RIAU/NATUNA","name":"NATUNA"},"geometry":{"type":"Polygon","coordinates":[[[108.2236,4.2262],[108.2429,4.2167],[108.2247,4.1851],[108.2339,4.1283],[108.2665,4.0911],[108.2992,4.087],[108.2941,4.0567],[108.3453,4.0162],[108.3465,3.9987],[108.4031,3.9668],[108.382,3.9314],[108.3943,3.916],[108.3921,3.8919],[108.3652,3.9046],[108.3532,3.8829],[108.3607,3.8732],[108.3682,3.8928],[108.3774,3.856],[108.4085,3.8865],[108.3999,3.8597],[108.4095,3.8585],[108.3953,3.8473],[108.387,3.7937],[108.3525,3.7643],[108.3359,3.7648],[108.3094,3.7312],[108.2971,3.6589],[108.2234,3.6639],[108.1555,3.6298],[108.1456,3.6591],[108.0901,3.6807],[108.1209,3.7248],[108.1176,3.7439],[108.1425,3.7523],[108.1494,3.7408],[108.1512,3.763],[108.1994,3.7821],[108.2757,3.7105],[108.255,3.7611],[108.2072,3.8025],[108.1729,3.7994],[108.1175,3.8271],[108.0945,3.821],[108.0869,3.8334],[108.0627,3.8354],[108.0471,3.8635],[108.0189,3.8785],[108.0308,3.9011],[107.9899,3.9425],[107.9941,3.9826],[107.9625,4.0044],[108.0138,4.0273],[108.0329,4.0577],[108.0552,4.0549],[108.0741,4.0678],[108.0899,4.1042],[108.1466,4.1377],[108.208,4.2266],[108.2236,4.2262]]]}},{"type":"Feature","properties":{"province":"PAPUA","district":"NDUGA","id":"PAPUA/NDUGA","name":"NDUGA"},"geometry":{"type":"Polygon","coordinates":[[[138.6428,-4.2357],[138.6051,-4.3546],[138.6185,-4.3802],[138.5833,-4.4022],[138.5929,-4.4432],[138.6109,-4.4468],[138.6243,-4.4724],[138.7587,-4.4782],[138.7701,-4.4736],[138.777,-4.4408],[138.7673,-4.414],[138.7739,-4.385],[138.8224,-4.4021],[138.8111,-4.4295],[138.817,-4.4587],[138.8318,-4.4999],[138.8578,-4.5175],[138.8398,-4.5549],[138.82,-4.5566],[138.8072,-4.5989],[138.8061,-4.6121],[138.8289,-4.6126],[138.8428,-4.6277],[138.8324,-4.6625],[138.8404,-4.6836],[138.8187,-4.7083],[138.808,-4.7649],[138.7996,-4.7607],[138.8073,-4.7269],[138.7666,-4.7229],[138.7528,-4.7088],[138.7365,-4.7189],[138.603,-4.7239],[138.5869,-4.6986],[138.505,-4.722],[138.4592,-4.6885],[138.4192,-4.7139],[138.3755,-4.6886],[138.3801,-4.7708],[138.3662,-4.7972],[138.3734,-4.7681],[138.3467,-4.7447],[138.3564,-4.7272],[138.3257,-4.6675],[138.3015,-4.6651],[138.2812,-4.6806],[138.2435,-4.67],[138.2112,-4.7095],[138.2022,-4.7029],[138.1927,-4.7135],[138.1538,-4.676],[138.1246,-4.6055],[138.1329,-4.5889],[138.1088,-4.5747],[138.0701,-4.5653],[138.0296,-4.6122],[137.9945,-4.586],[137.9405,-4.6031],[137.8277,-4.5389],[137.8346,-4.4857],[137.8667,-4.4096],[137.8944,-4.4089],[137.8756,-4.3968],[137.8647,-4.4029],[137.8575,-4.365],[137.8849,-4.3421],[137.8744,-4.3189],[137.8814,-4.3044],[137.8594,-4.2811],[137.8985,-4.26],[137.8773,-4.2397],[137.8799,-4.2063],[137.9589,-4.2038],[137.9646,-4.1684],[137.9479,-4.1503],[137.971,-4.1281],[138.0061,-4.1202],[138.0264,-4.091],[138.0661,-4.1061],[138.0763,-4.0795],[138.0863,-4.0785],[138.089,-4.0988],[138.1673,-4.0726],[138.1789,-4.0611],[138.1716,-4.0357],[138.2275,-4.0223],[138.2551,-4.0439],[138.2682,-4.0367],[138.2979,-4.0968],[138.3462,-4.0558],[138.4542,-4.0798],[138.496,-4.105],[138.5431,-4.1073],[138.5524,-4.1243],[138.6503,-4.1537],[138.655,-4.1706],[138.6306,-4.2204],[138.6428,-4.2357]]]}},{"type":"Feature","properties":{"province":"NUSA TENGGARA TIMUR","district":"NGADA","id":"NUSA TENGGARA TIMUR/NGADA","name":"NGADA"},"geometry":{"type":"Polygon","coordinates":[[[120.9477,-8.3438],[120.984,-8.3495],[120.979,-8.3689],[120.963,-8.3708],[120.9753,-8.3833],[120.9844,-8.3743],[120.997,-8.3959],[121.0102,-8.3921],[121.0222,-8.4151],[121.0642,-8.4108],[121.1732,-8.4411],[121.18,-8.4597],[121.1616,-8.4799],[121.194,-8.5107],[121.1861,-8.5355],[121.1618,-8.5357],[121.1422,-8.5513],[121.1293,-8.5921],[121.1414,-8.6305],[121.101,-8.6619],[121.109,-8.6818],[121.1272,-8.6873],[121.111,-8.7163],[121.1167,-8.7405],[121.1036,-8.7485],[121.1128,-8.7655],[121.0964,-8.7567],[121.1214,-8.7858],[121.1396,-8.8405],[121.1152,-8.8748],[121.1385,-8.9013],[121.0302,-8.9564],[120.931,-8.9328],[120.8727,-8.886],[120.8495,-8.8343],[120.8107,-8.8297],[120.8563,-8.7478],[120.8453,-8.7069],[120.875,-8.697],[120.8914,-8.6502],[120.8454,-8.5153],[120.9219,-8.476],[120.9121,-8.4467],[120.9296,-8.424],[120.9127,-8.4098],[120.9141,-8.3938],[120.9352,-8.3728],[120.9294,-8.3519],[120.941,-8.3489],[120.9458,-8.3715],[120.9563,-8.3709],[120.9477,-8.3438]]]}},{"type":"Feature","properties":{"province":"JAWA TIMUR","district":"NGANJUK","id":"JAWA TIMUR/NGANJUK","name":"NGANJUK"},"geometry":{"type":"Polygon","coordinates":[[[112.0693,-7.397],[112.0626,-7.4174],[112.0795,-7.4736],[112.1236,-7.4624],[112.1252,-7.4521],[112.1549,-7.4633],[112.1691,-7.4898],[112.1521,-7.5061],[112.1508,-7.5292],[112.1116,-7.5659],[112.0751,-7.7036],[112.0591,-7.7235],[112.0272,-7.7257],[112.0179,-7.7622],[111.9822,-7.711],[111.9851,-7.6864],[111.9541,-7.6796],[111.928,-7.7226],[111.814,-7.813],[111.8,-7.8362],[111.7671,-7.8232],[111.7253,-7.7766],[111.7295,-7.7373],[111.7829,-7.6504],[111.8021,-7.5488],[111.8331,-7.5488],[111.8497,-7.5082],[111.8256,-7.4953],[111.8213,-7.4723],[111.8012,-7.459],[111.821,-7.4396],[111.9404,-7.4401],[111.9598,-7.4269],[111.9437,-7.4061],[112.0197,-7.4098],[112.0242,-7.3956],[112.0693,-7.397]]]}},{"type":"Feature","properties":{"province":"JAWA TIMUR","district":"NGAWI","id":"JAWA TIMUR/NGAWI","name":"NGAWI"},"geometry":{"type":"Polygon","coordinates":[[[111.2059,-7.2454],[111.2439,-7.2853],[111.2865,-7.2892],[111.3445,-7.319],[111.3471,-7.3362],[111.4202,-7.3457],[111.4625,-7.3781],[111.4561,-7.3673],[111.4709,-7.3577],[111.5279,-7.3722],[111.5749,-7.3486],[111.6735,-7.4118],[111.6517,-7.451],[111.6126,-7.4666],[111.5804,-7.5125],[111.5871,-7.5213],[111.5504,-7.527],[111.5615,-7.5468],[111.5411,-7.5359],[111.5302,-7.5467],[111.5082,-7.5369],[111.502,-7.5152],[111.4618,-7.5093],[111.4204,-7.5365],[111.3836,-7.5371],[111.368,-7.5551],[111.3695,-7.5738],[111.3015,-7.5868],[111.2911,-7.6037],[111.2585,-7.5985],[111.1951,-7.6201],[111.1523,-7.5614],[111.1527,-7.4995],[111.1352,-7.4836],[111.1184,-7.4149],[111.1453,-7.3685],[111.1419,-7.3324],[111.1553,-7.3133],[111.1344,-7.2977],[111.15,-7.2606],[111.1778,-7.2646],[111.2059,-7.2454]]]}},{"type":"Feature","properties":{"province":"SUMATERA UTARA","district":"NIAS","id":"SUMATERA UTARA/NIAS","name":"NIAS"},"geometry":{"type":"Polygon","coordinates":[[[97.5481,1.2756],[97.5603,1.2737],[97.5677,1.2417],[97.5623,1.2016],[97.6024,1.2096],[97.6131,1.1836],[97.6533,1.2362],[97.6759,1.2197],[97.6899,1.1782],[97.7998,1.1509],[97.8469,1.0746],[97.8716,1.0525],[97.8982,1.0527],[97.9469,0.9583],[97.9036,0.8944],[97.8752,0.933],[97.8045,0.9221],[97.8017,0.9379],[97.7792,0.943],[97.7652,0.9617],[97.6945,0.9328],[97.6881,1.001],[97.6485,1.001],[97.6227,1.0206],[97.611,1.064],[97.622,1.1042],[97.5879,1.1033],[97.572,1.1306],[97.5205,1.1564],[97.4954,1.1421],[97.5034,1.1893],[97.4882,1.188],[97.4859,1.2101],[97.4947,1.2616],[97.5208,1.2623],[97.5145,1.2831],[97.5354,1.2932],[97.5481,1.2756]]]}},{"type":"Feature","properties":{"province":"SUMATERA UTARA","district":"NIAS BARAT","id":"SUMATERA UTARA/NIAS BARAT","name":"NIAS BARAT"},"geometry":{"type":"Polygon","coordinates":[[[97.4989,1.1848],[97.4954,1.1421],[97.5205,1.1564],[97.572,1.1306],[97.5879,1.1033],[97.603,1.1115],[97.6243,1.1006],[97.611,1.064],[97.6206,1.0281],[97.5529,0.9916],[97.5236,0.9517],[97.5482,0.8882],[97.5099,0.9074],[97.5088,0.9239],[97.4842,0.9393],[97.4189,0.95],[97.4061,0.939],[97.3969,1.0162],[97.3615,1.0904],[97.4343,1.0917],[97.4463,1.1192],[97.4778,1.0855],[97.4774,1.1391],[97.4989,1.1848]]]}},{"type":"Feature","properties":{"province":"SUMATERA UTARA","district":"NIAS SELATAN","id":"SUMATERA UTARA/NIAS SELATAN","name":"NIAS SELATAN"},"geometry":{"type":"Polygon","coordinates":[[[97.6297,1.0135],[97.6611,0.9975],[97.6881,1.001],[97.6945,0.9328],[97.7652,0.9617],[97.7792,0.943],[97.8017,0.9379],[97.8045,0.9221],[97.8752,0.933],[97.9036,0.8944],[97.8932,0.8413],[97.9116,0.7993],[97.8868,0.7433],[97.9004,0.6262],[97.8526,0.5885],[97.8367,0.5586],[97.8196,0.5674],[97.8272,0.5444],[97.8039,0.5598],[97.7823,0.5527],[97.7804,0.5801],[97.7669,0.5575],[97.7442,0.5539],[97.7407,0.5811],[97.7097,0.5613],[97.6844,0.584],[97.6957,0.6181],[97.6617,0.6761],[97.6684,0.6915],[97.6517,0.7146],[97.6554,0.7436],[97.6351,0.7609],[97.6335,0.7996],[97.6055,0.8142],[97.6024,0.8382],[97.5583,0.8672],[97.5482,0.8882],[97.5236,0.9517],[97.5878,1.0186],[97.62,1.0274],[97.6297,1.0135]]]}},{"type":"Feature","properties":{"province":"SUMATERA UTARA","district":"NIAS UTARA","id":"SUMATERA UTARA/NIAS UTARA","name":"NIAS UTARA"},"geometry":{"type":"Polygon","coordinates":[[[97.3516,1.5411],[97.3955,1.4996],[97.4108,1.5034],[97.4136,1.5224],[97.4226,1.5178],[97.4409,1.4731],[97.4834,1.4788],[97.4963,1.4487],[97.5392,1.4208],[97.4976,1.3824],[97.5095,1.3657],[97.4993,1.3391],[97.4707,1.3475],[97.4994,1.295],[97.4808,1.2917],[97.5071,1.2625],[97.4947,1.2616],[97.4891,1.2374],[97.4882,1.188],[97.5018,1.1915],[97.4774,1.1391],[97.4778,1.0855],[97.4463,1.1192],[97.4343,1.0917],[97.3615,1.0904],[97.3212,1.1562],[97.2953,1.1674],[97.3003,1.1801],[97.284,1.2056],[97.2581,1.2142],[97.2629,1.2416],[97.2462,1.249],[97.2485,1.2593],[97.233,1.2537],[97.2186,1.2738],[97.2047,1.2671],[97.2091,1.2825],[97.1515,1.366],[97.1009,1.4065],[97.0826,1.4073],[97.0738,1.3879],[97.0576,1.4093],[97.0672,1.4251],[97.0658,1.4145],[97.1361,1.4355],[97.1628,1.4246],[97.1724,1.3957],[97.189,1.4193],[97.2066,1.4029],[97.2749,1.4189],[97.2913,1.4509],[97.3452,1.4807],[97.3518,1.5038],[97.3346,1.5242],[97.3516,1.5411]]]}},{"type":"Feature","properties":{"province":"KALIMANTAN UTARA","district":"NUNUKAN","id":"KALIMANTAN UTARA/NUNUKAN","name":"NUNUKAN"},"geometry":{"type":"Polygon","coordinates":[[[116.5704,4.4064],[116.588,4.3744],[116.6138,4.3773],[116.6192,4.3385],[116.6306,4.3357],[116.6533,4.3369],[116.6673,4.3525],[116.7026,4.3343],[116.7337,4.3533],[116.7517,4.3907],[116.7831,4.3591],[116.7847,4.3424],[116.8157,4.3505],[116.8349,4.3262],[116.9111,4.3688],[116.9552,4.3561],[116.9684,4.3371],[117.008,4.3467],[117.0062,4.3211],[117.0209,4.319],[117.0429,4.3473],[117.1075,4.3325],[117.1537,4.3537],[117.1691,4.3375],[117.1997,4.3352],[117.227,4.3695],[117.2475,4.374],[117.2964,4.31],[117.3716,4.2861],[117.3865,4.2579],[117.412,4.2497],[117.4582,4.1777],[117.5296,4.1601],[117.5661,4.1798],[117.5933,4.1723],[117.5482,4.1424],[117.5177,4.0993],[117.4187,4.1469],[117.3948,4.1454],[117.3912,4.1357],[117.4193,4.1129],[117.4184,4.0943],[117.4684,4.0829],[117.4738,4.0707],[117.4382,4.0134],[117.383,4.0365],[117.3695,4.0328],[117.3655,4.0143],[117.3854,4.0273],[117.4397,4.0044],[117.4636,3.9609],[117.4574,3.9302],[117.4874,3.9146],[117.5333,3.9248],[117.5966,3.8768],[117.6689,3.8788],[117.6949,3.8671],[117.734,3.8367],[117.7316,3.8109],[117.7789,3.7858],[117.779,3.7674],[117.7922,3.7594],[117.666,3.7861],[117.6507,3.77],[117.6013,3.7737],[117.5955,3.7959],[117.5319,3.7669],[117.488,3.7693],[117.4774,3.7527],[117.4899,3.7218],[117.4364,3.6904],[117.3919,3.7097],[117.2489,3.7306],[117.2372,3.7622],[117.2205,3.7686],[117.1814,3.749],[117.138,3.7536],[117.0432,3.7348],[116.9684,3.7372],[116.9442,3.7503],[116.8812,3.7316],[116.8334,3.6939],[116.7613,3.6951],[116.7313,3.6829],[116.7181,3.6993],[116.6957,3.7019],[116.6726,3.7383],[116.6817,3.7488],[116.6433,3.7982],[116.5565,3.8452],[116.4948,3.8574],[116.464,3.8805],[116.4255,3.8813],[116.407,3.8959],[116.3844,3.9443],[116.3908,3.9917],[116.3565,4.0079],[116.3548,4.0361],[116.3228,4.0657],[116.3084,4.0513],[116.2827,4.0586],[116.2716,4.0398],[116.2366,4.0478],[116.2171,4.0796],[116.1998,4.0745],[116.1616,4.091],[116.1675,4.1121],[116.1319,4.1224],[116.112,4.1123],[116.0852,4.1179],[116.033,4.0811],[115.9648,4.118],[115.9578,4.0763],[115.9944,4.0586],[116.0213,4.0094],[116.0155,3.9629],[115.9985,3.9307],[115.9566,3.9143],[115.943,3.8844],[115.9137,3.8781],[115.9076,3.8437],[115.925,3.8348],[115.9225,3.804],[115.9437,3.7936],[115.948,3.7755],[115.9263,3.7507],[115.9125,3.6828],[115.9537,3.6173],[115.9587,3.5718],[115.973,3.5634],[115.9708,3.5294],[115.958,3.5185],[115.9386,3.527],[115.921,3.4989],[115.9013,3.5],[115.8782,3.4584],[115.8566,3.4694],[115.8485,3.4924],[115.8136,3.5003],[115.8018,3.4669],[115.7697,3.466],[115.7572,3.4444],[115.7221,3.4449],[115.6983,3.4073],[115.6865,3.4089],[115.6374,3.456],[115.609,3.5107],[115.6034,3.5769],[115.588,3.5789],[115.5784,3.5986],[115.5771,3.7469],[115.6126,3.8242],[115.6179,3.8682],[115.5954,3.8906],[115.5818,3.8862],[115.5582,3.9179],[115.5891,3.9432],[115.6172,3.9367],[115.6397,3.9617],[115.6518,4.033],[115.6771,4.0898],[115.6822,4.1606],[115.7028,4.1953],[115.7276,4.1889],[115.7664,4.245],[115.7956,4.2382],[115.8016,4.2204],[115.8287,4.2345],[115.8248,4.2629],[115.8748,4.2914],[115.8629,4.3435],[115.8792,4.3924],[115.9068,4.3926],[115.9285,4.3533],[115.9765,4.3579],[116.0026,4.3478],[116.0314,4.3288],[116.0344,4.2952],[116.0725,4.2767],[116.1109,4.3319],[116.155,4.3385],[116.1668,4.391],[116.204,4.373],[116.2518,4.3772],[116.2792,4.3602],[116.3541,4.3893],[116.3856,4.3592],[116.4041,4.359],[116.4183,4.3263],[116.437,4.3231],[116.4414,4.2882],[116.4788,4.3026],[116.4885,4.3348],[116.5369,4.3208],[116.5362,4.3762],[116.5704,4.4064]]]}},{"type":"Feature","properties":{"province":"SUMATERA SELATAN","district":"OGAN ILIR","id":"SUMATERA SELATAN/OGAN ILIR","name":"OGAN ILIR"},"geometry":{"type":"Polygon","coordinates":[[[104.7902,-3.0535],[104.8061,-3.0554],[104.793,-3.131],[104.8182,-3.1435],[104.7991,-3.1732],[104.8134,-3.2376],[104.7906,-3.2378],[104.787,-3.249],[104.8264,-3.3187],[104.8058,-3.4121],[104.8161,-3.4506],[104.7855,-3.4671],[104.7683,-3.4607],[104.7488,-3.4874],[104.726,-3.4665],[104.7009,-3.4666],[104.6608,-3.4959],[104.6395,-3.5736],[104.6513,-3.5759],[104.6314,-3.6037],[104.66,-3.6504],[104.6353,-3.6534],[104.6224,-3.7119],[104.5564,-3.8031],[104.4992,-3.7854],[104.454,-3.7449],[104.3973,-3.7663],[104.3669,-3.7572],[104.3752,-3.6917],[104.4514,-3.644],[104.4675,-3.6146],[104.4558,-3.5788],[104.416,-3.563],[104.3907,-3.5903],[104.358,-3.5893],[104.3209,-3.6092],[104.3177,-3.5387],[104.4244,-3.4917],[104.4428,-3.4576],[104.4373,-3.4281],[104.4657,-3.4226],[104.4978,-3.3993],[104.5011,-3.3723],[104.5333,-3.3616],[104.5407,-3.3029],[104.5307,-3.2743],[104.5505,-3.2593],[104.5425,-3.2101],[104.5217,-3.208],[104.5228,-3.1791],[104.577,-3.1016],[104.643,-3.0963],[104.6431,-3.0709],[104.6604,-3.0777],[104.6766,-3.0486],[104.7105,-3.0578],[104.7245,-3.0907],[104.7505,-3.0392],[104.7754,-3.0353],[104.778,-3.0516],[104.7902,-3.0535]]]}},{"type":"Feature","properties":{"province":"SUMATERA SELATAN","district":"OGAN KOMERING ILIR","id":"SUMATERA SELATAN/OGAN KOMERING ILIR","name":"OGAN KOMERING ILIR"},"geometry":{"type":"Polygon","coordinates":[[[105.6167,-2.3913],[105.6337,-2.4375],[105.6036,-2.5526],[105.626,-2.6295],[105.6924,-2.6836],[105.7796,-2.6829],[105.7823,-2.8567],[105.811,-2.9154],[105.847,-2.9508],[105.8861,-2.9659],[105.9364,-2.9612],[105.9588,-2.9434],[105.9748,-2.9628],[106.0417,-2.9869],[106.0557,-3.0666],[106.0479,-3.1227],[106.0954,-3.2199],[106.0841,-3.2618],[106.0119,-3.2961],[105.9298,-3.3604],[105.8855,-3.4288],[105.8262,-3.5939],[105.8308,-3.7107],[105.8509,-3.743],[105.9262,-3.7754],[105.961,-3.8279],[105.8627,-4.0319],[105.8453,-4.16],[105.8214,-4.1572],[105.8112,-4.1261],[105.7755,-4.1109],[105.7686,-4.133],[105.7454,-4.1436],[105.7267,-4.1304],[105.7003,-4.1353],[105.7085,-4.1017],[105.685,-4.0978],[105.6789,-4.074],[105.6651,-4.0899],[105.6503,-4.0842],[105.6452,-4.0644],[105.6617,-4.0463],[105.6248,-4.0393],[105.6189,-4.0565],[105.6044,-4.0526],[105.6307,-4.0039],[105.611,-3.9649],[105.59,-3.9541],[105.6103,-3.9408],[105.5994,-3.9244],[105.5831,-3.9371],[105.5631,-3.9292],[105.5732,-3.9],[105.548,-3.8808],[105.5246,-3.8941],[105.5122,-3.873],[105.5228,-3.8395],[105.4927,-3.841],[105.48,-3.8217],[105.4321,-3.8257],[105.4329,-3.7835],[105.3897,-3.7786],[105.3574,-3.7966],[105.333,-3.7237],[105.3191,-3.7316],[105.3043,-3.792],[105.2842,-3.7973],[105.2821,-3.8285],[105.293,-3.8427],[105.2772,-3.8769],[105.245,-3.9062],[105.2303,-3.8897],[105.2045,-3.8911],[105.1777,-3.9071],[105.1654,-3.9376],[105.1388,-3.9361],[105.1347,-3.9895],[105.1055,-4.0196],[105.1196,-4.0476],[105.0947,-4.0459],[105.0614,-4.0972],[105.063,-4.1258],[105.0288,-4.1445],[105.0139,-4.1747],[104.9676,-4.1711],[104.9462,-4.1921],[104.8751,-4.2181],[104.8727,-4.2356],[104.7969,-4.2505],[104.7925,-4.2666],[104.7636,-4.2458],[104.7481,-4.2481],[104.7446,-4.2272],[104.7859,-4.1707],[104.7905,-4.127],[104.8346,-4.0994],[104.8301,-4.0605],[104.8726,-4.021],[104.9112,-4.0065],[104.9297,-3.9494],[104.8999,-3.9416],[104.8545,-3.9536],[104.8977,-3.9251],[104.8876,-3.9099],[104.8492,-3.9108],[104.8606,-3.8739],[104.877,-3.8626],[104.8771,-3.81],[104.8351,-3.7479],[104.7994,-3.757],[104.8016,-3.7352],[104.7766,-3.7289],[104.7535,-3.6859],[104.7218,-3.6791],[104.711,-3.6655],[104.719,-3.657],[104.6981,-3.6601],[104.7047,-3.6201],[104.6809,-3.6378],[104.6712,-3.6193],[104.6588,-3.6158],[104.6729,-3.6242],[104.6678,-3.6344],[104.6474,-3.6219],[104.6648,-3.6395],[104.66,-3.6504],[104.632,-3.6151],[104.6513,-3.5759],[104.6395,-3.5736],[104.6608,-3.4959],[104.7009,-3.4666],[104.726,-3.4665],[104.7488,-3.4874],[104.7683,-3.4607],[104.7855,-3.4671],[104.8161,-3.4506],[104.8058,-3.4121],[104.8264,-3.3187],[104.787,-3.249],[104.7906,-3.2378],[104.8134,-3.2376],[104.7991,-3.1732],[104.8182,-3.1435],[104.793,-3.131],[104.7964,-3.0729],[104.8301,-3.074],[104.8303,-3.0908],[104.8552,-3.1101],[104.88,-3.0989],[104.8837,-3.1422],[104.9026,-3.1415],[104.9232,-3.1594],[104.9614,-3.1684],[104.9842,-3.1529],[105.0503,-3.1485],[105.0444,-3.114],[105.0843,-3.1049],[105.0833,-3.0001],[105.1268,-2.9415],[105.1564,-2.9921],[105.1891,-3.1068],[105.209,-3.1097],[105.2327,-3.0208],[105.2603,-2.9826],[105.2811,-2.9753],[105.293,-2.994],[105.3051,-2.9783],[105.2885,-2.958],[105.299,-2.9041],[105.2852,-2.8827],[105.2706,-2.898],[105.259,-2.8823],[105.2571,-2.8558],[105.2786,-2.8516],[105.2782,-2.8267],[105.2487,-2.8072],[105.2552,-2.7562],[105.2056,-2.7321],[105.2147,-2.6854],[105.1739,-2.6462],[105.2051,-2.6312],[105.2098,-2.6067],[105.1989,-2.5891],[105.2129,-2.5604],[105.2291,-2.5417],[105.2465,-2.5547],[105.2584,-2.5497],[105.2855,-2.509],[105.3122,-2.4995],[105.3064,-2.4887],[105.3344,-2.4482],[105.3779,-2.4453],[105.4004,-2.4575],[105.4275,-2.4484],[105.4724,-2.4643],[105.4808,-2.4466],[105.4948,-2.451],[105.5255,-2.4231],[105.5804,-2.4182],[105.6167,-2.3913]]]}},{"type":"Feature","properties":{"province":"SUMATERA SELATAN","district":"OGAN KOMERING ULU","id":"SUMATERA SELATAN/OGAN KOMERING ULU","name":"OGAN KOMERING ULU"},"geometry":{"type":"Polygon","coordinates":[[[104.5564,-3.8031],[104.5724,-3.8212],[104.5563,-3.8468],[104.5677,-3.8629],[104.4936,-3.9016],[104.4654,-3.9339],[104.4794,-3.9566],[104.4454,-3.9582],[104.423,-3.9891],[104.4233,-3.9764],[104.4042,-3.9744],[104.4151,-3.9942],[104.3509,-4.0126],[104.3406,-4.051],[104.3085,-4.0747],[104.3345,-4.1787],[104.3216,-4.2079],[104.2899,-4.212],[104.2607,-4.2461],[104.2262,-4.2499],[104.2208,-4.305],[104.2403,-4.3322],[104.2178,-4.4016],[104.1958,-4.3947],[104.1748,-4.4145],[104.1513,-4.4058],[104.0456,-4.4581],[104.0132,-4.4484],[104.0059,-4.463],[103.9883,-4.4634],[103.9699,-4.453],[103.9742,-4.4377],[103.9398,-4.349],[103.9167,-4.3437],[103.8872,-4.2999],[103.8897,-4.286],[103.87,-4.2846],[103.8364,-4.237],[103.7957,-4.2368],[103.7888,-4.2228],[103.7062,-4.2762],[103.6263,-4.2733],[103.6152,-4.2627],[103.619,-4.2246],[103.6441,-4.2177],[103.6447,-4.201],[103.7052,-4.1839],[103.7018,-4.087],[103.7742,-4.0745],[103.7918,-4.0447],[103.8915,-3.9681],[103.8947,-3.9288],[103.9286,-3.9163],[103.9407,-3.8988],[103.9697,-3.8885],[103.9935,-3.92],[104.1491,-3.8868],[104.2438,-3.8222],[104.2479,-3.7813],[104.2878,-3.7551],[104.3076,-3.7746],[104.3364,-3.7599],[104.3608,-3.7712],[104.3973,-3.7663],[104.454,-3.7449],[104.4992,-3.7854],[104.5564,-3.8031]]]}},{"type":"Feature","properties":{"province":"SUMATERA SELATAN","district":"OGAN KOMERING ULU SELATAN","id":"SUMATERA SELATAN/OGAN KOMERING ULU SELATAN","name":"OGAN KOMERING ULU SELATAN"},"geometry":{"type":"Polygon","coordinates":[[[103.7911,-4.2266],[103.7957,-4.2368],[103.8364,-4.237],[103.87,-4.2846],[103.8897,-4.286],[103.8872,-4.2999],[103.9167,-4.3437],[103.9416,-4.3519],[103.9802,-4.4598],[104.0059,-4.463],[104.0132,-4.4484],[104.0456,-4.4581],[104.1513,-4.4058],[104.2124,-4.4428],[104.2242,-4.4909],[104.2774,-4.5792],[104.2807,-4.6249],[104.2993,-4.644],[104.2872,-4.6837],[104.2899,-4.7042],[104.3079,-4.705],[104.3126,-4.7239],[104.3042,-4.7652],[104.3341,-4.8182],[104.369,-4.8217],[104.3352,-4.8718],[104.2851,-4.8557],[104.2536,-4.8829],[104.2341,-4.8808],[104.2154,-4.8589],[104.1913,-4.863],[104.1773,-4.9023],[104.1444,-4.9238],[104.0927,-4.9182],[104.0712,-4.908],[104.0608,-4.886],[104.0488,-4.9017],[103.9762,-4.9131],[103.9356,-4.8846],[103.846,-4.9193],[103.8695,-4.8564],[103.8454,-4.8229],[103.8253,-4.8226],[103.8263,-4.8015],[103.7988,-4.7913],[103.7633,-4.7423],[103.7353,-4.7439],[103.7013,-4.723],[103.6683,-4.7288],[103.7047,-4.7041],[103.7024,-4.6644],[103.6611,-4.6104],[103.5987,-4.5934],[103.6301,-4.5575],[103.6215,-4.5332],[103.5716,-4.5252],[103.5275,-4.5722],[103.4874,-4.5779],[103.4084,-4.504],[103.413,-4.4665],[103.4262,-4.4558],[103.4249,-4.4014],[103.4675,-4.3549],[103.5043,-4.3609],[103.5181,-4.3768],[103.559,-4.3565],[103.6018,-4.3631],[103.6263,-4.2733],[103.7062,-4.2762],[103.7336,-4.2506],[103.7633,-4.2482],[103.7911,-4.2266]]]}},{"type":"Feature","properties":{"province":"SUMATERA SELATAN","district":"OGAN KOMERING ULU TIMUR","id":"SUMATERA SELATAN/OGAN KOMERING ULU TIMUR","name":"OGAN KOMERING ULU TIMUR"},"geometry":{"type":"Polygon","coordinates":[[[104.6665,-3.6188],[104.6809,-3.6378],[104.7048,-3.6202],[104.6981,-3.6601],[104.719,-3.657],[104.711,-3.6655],[104.7218,-3.6791],[104.7535,-3.6859],[104.7766,-3.7289],[104.8016,-3.7352],[104.7994,-3.757],[104.8326,-3.7458],[104.8688,-3.7907],[104.8775,-3.8606],[104.8606,-3.8739],[104.8492,-3.9108],[104.8876,-3.9099],[104.8977,-3.9251],[104.8545,-3.9536],[104.9278,-3.9451],[104.9257,-3.9748],[104.9056,-4.012],[104.8726,-4.021],[104.8301,-4.0605],[104.8346,-4.0994],[104.7905,-4.127],[104.7859,-4.1707],[104.7465,-4.2235],[104.7389,-4.2543],[104.6787,-4.2574],[104.6274,-4.2444],[104.6211,-4.2139],[104.5849,-4.2432],[104.5248,-4.2643],[104.524,-4.2777],[104.4922,-4.2982],[104.4839,-4.2914],[104.4721,-4.3118],[104.4497,-4.2985],[104.4139,-4.3362],[104.384,-4.3477],[104.3791,-4.374],[104.3489,-4.398],[104.3218,-4.4583],[104.3292,-4.5142],[104.3106,-4.5127],[104.3233,-4.5565],[104.3346,-4.5565],[104.3408,-4.6023],[104.2995,-4.6441],[104.2807,-4.6249],[104.2774,-4.5792],[104.2242,-4.4909],[104.2124,-4.4428],[104.1513,-4.4058],[104.1748,-4.4145],[104.1958,-4.3947],[104.2186,-4.4011],[104.2403,-4.3322],[104.2208,-4.305],[104.2262,-4.2499],[104.2607,-4.2461],[104.2899,-4.212],[104.3216,-4.2079],[104.3345,-4.1787],[104.3085,-4.0747],[104.3406,-4.051],[104.3509,-4.0126],[104.4151,-3.9942],[104.4042,-3.9744],[104.4233,-3.9764],[104.423,-3.9891],[104.4454,-3.9582],[104.4794,-3.9566],[104.4654,-3.9339],[104.4936,-3.9016],[104.5677,-3.8629],[104.5563,-3.8468],[104.5724,-3.8212],[104.5564,-3.8031],[104.6224,-3.7119],[104.6353,-3.6534],[104.6646,-3.6462],[104.6474,-3.6219],[104.6678,-3.6344],[104.6665,-3.6188]],[[104.7369,-4.2296],[104.737,-4.2295],[104.7371,-4.2294],[104.7369,-4.2296]]]}},{"type":"Feature","properties":{"province":"JAWA TIMUR","district":"PACITAN","id":"JAWA TIMUR/PACITAN","name":"PACITAN"},"geometry":{"type":"Polygon","coordinates":[[[111.1875,-7.9197],[111.1913,-7.9344],[111.2222,-7.9304],[111.2319,-7.9487],[111.2831,-7.919],[111.2867,-7.9391],[111.3163,-7.9363],[111.327,-7.9674],[111.3493,-7.979],[111.3438,-8.0064],[111.3671,-8.033],[111.3463,-8.0662],[111.3625,-8.0996],[111.3472,-8.1142],[111.3799,-8.1365],[111.3803,-8.1633],[111.4266,-8.1754],[111.4243,-8.1914],[111.4035,-8.197],[111.4089,-8.2127],[111.3922,-8.2332],[111.4065,-8.2592],[111.3986,-8.2775],[111.3775,-8.2763],[111.3674,-8.2604],[111.3249,-8.2733],[111.3021,-8.2569],[111.2845,-8.2728],[111.2849,-8.2592],[111.2613,-8.2475],[111.1536,-8.2847],[111.1332,-8.2727],[111.1373,-8.2617],[111.0939,-8.2468],[111.1056,-8.2313],[111.0931,-8.2208],[111.0753,-8.2233],[111.0766,-8.2456],[111.0281,-8.2566],[110.9003,-8.2116],[110.8953,-8.1667],[110.9079,-8.1165],[110.9518,-8.063],[110.9829,-8.0789],[111.0324,-8.0798],[111.0796,-8.0427],[111.091,-8.0634],[111.1154,-8.0609],[111.135,-8.0212],[111.1233,-7.98],[111.1448,-7.9523],[111.141,-7.9345],[111.1875,-7.9197]]]}},{"type":"Feature","properties":{"province":"SUMATERA UTARA","district":"PADANG LAWAS","id":"SUMATERA UTARA/PADANG LAWAS","name":"PADANG LAWAS"},"geometry":{"type":"Polygon","coordinates":[[[100.0525,1.3778],[100.0508,1.3497],[100.0853,1.3406],[100.1258,1.2559],[100.1143,1.2115],[100.1405,1.176],[100.1661,1.1698],[100.1627,1.1396],[100.1844,1.125],[100.1491,1.1194],[100.1164,1.093],[100.1183,1.0662],[100.1294,1.0548],[100.1402,1.0608],[100.1489,1.0101],[100.1657,1.0019],[100.1393,0.9842],[100.1507,0.9347],[100.1196,0.9102],[100.0876,0.9269],[100.1218,0.8955],[100.1438,0.8986],[100.1225,0.8181],[100.1579,0.7991],[100.1833,0.7572],[100.0748,0.7877],[100.0103,0.8397],[99.9668,0.8511],[99.951,0.8802],[99.8745,0.9064],[99.8325,0.8844],[99.8374,0.8262],[99.7987,0.8585],[99.7457,0.8671],[99.6927,0.9311],[99.6401,0.9202],[99.5943,0.9631],[99.5903,0.9801],[99.6066,0.9964],[99.5697,1.0407],[99.5688,1.0692],[99.5451,1.0697],[99.5483,1.0866],[99.5125,1.1336],[99.4914,1.1397],[99.4182,1.2062],[99.4313,1.2322],[99.4571,1.2341],[99.487,1.2762],[99.5444,1.2579],[99.5751,1.2623],[99.6079,1.3323],[99.7292,1.396],[99.7295,1.438],[99.7724,1.4653],[99.8595,1.4864],[99.9027,1.5504],[99.9234,1.5456],[99.9098,1.4983],[99.9249,1.4404],[99.9797,1.4304],[99.9425,1.4027],[99.9649,1.3945],[99.9924,1.4264],[100.0227,1.4113],[100.0332,1.3751],[100.0525,1.3778]]]}},{"type":"Feature","properties":{"province":"SUMATERA UTARA","district":"PADANG LAWAS UTARA","id":"SUMATERA UTARA/PADANG LAWAS UTARA","name":"PADANG LAWAS UTARA"},"geometry":{"type":"Polygon","coordinates":[[[99.8405,1.801],[99.7349,1.8348],[99.676,1.821],[99.695,1.8049],[99.7016,1.7621],[99.7321,1.727],[99.8159,1.6728],[99.8459,1.6369],[99.9095,1.7168],[99.9365,1.6838],[99.9918,1.6627],[100.0473,1.7561],[100.0547,1.7304],[100.0423,1.7032],[100.0493,1.7209],[100.0776,1.7207],[100.1455,1.6307],[100.1643,1.6225],[100.1683,1.5987],[100.314,1.507],[100.3181,1.4709],[100.2772,1.4747],[100.2772,1.4636],[100.3409,1.4376],[100.3035,1.4166],[100.2669,1.4253],[100.2225,1.4035],[100.1805,1.4168],[100.123,1.4063],[100.0386,1.373],[100.0227,1.4113],[99.9924,1.4264],[99.9649,1.3945],[99.9425,1.4027],[99.9797,1.4304],[99.9249,1.4404],[99.9098,1.4983],[99.9234,1.5456],[99.9027,1.5504],[99.8595,1.4864],[99.7724,1.4653],[99.7295,1.438],[99.7292,1.396],[99.6079,1.3323],[99.5751,1.2623],[99.5444,1.2579],[99.487,1.2762],[99.4571,1.2341],[99.4313,1.2322],[99.4321,1.2188],[99.4218,1.2189],[99.4114,1.2949],[99.3597,1.3829],[99.388,1.4142],[99.4047,1.4151],[99.4194,1.3976],[99.4199,1.4288],[99.3943,1.4815],[99.4196,1.5419],[99.3905,1.5717],[99.4298,1.575],[99.4546,1.593],[99.4353,1.6254],[99.4352,1.6581],[99.4654,1.6725],[99.4791,1.7045],[99.5504,1.7164],[99.5708,1.8112],[99.5484,1.8615],[99.5653,1.8907],[99.6111,1.8888],[99.6157,1.9072],[99.5995,1.9139],[99.5983,1.943],[99.6337,1.9638],[99.6028,1.9733],[99.5827,2.0007],[99.5883,2.0162],[99.6218,1.9953],[99.6161,2.0407],[99.6588,2.0264],[99.6879,2.0338],[99.6955,2.0233],[99.6838,1.9825],[99.7098,1.9665],[99.7011,1.9428],[99.7421,2.0019],[99.7915,2.0242],[99.8496,2.0041],[99.839,1.9936],[99.852,1.9936],[99.8557,1.9725],[99.8304,1.954],[99.8461,1.9195],[99.8291,1.9098],[99.8317,1.8597],[99.8479,1.8352],[99.8297,1.8287],[99.8405,1.801]]]}},{"type":"Feature","properties":{"province":"SUMATERA BARAT","district":"PADANG PARIAMAN","id":"SUMATERA BARAT/PADANG PARIAMAN","name":"PADANG PARIAMAN"},"geometry":{"type":"Polygon","coordinates":[[[100.1025,-0.3239],[100.1013,-0.3353],[100.1511,-0.3481],[100.1581,-0.3944],[100.1786,-0.414],[100.215,-0.416],[100.2217,-0.448],[100.2441,-0.4587],[100.2449,-0.4731],[100.2836,-0.4711],[100.316,-0.4333],[100.3179,-0.4734],[100.3319,-0.4894],[100.3543,-0.4804],[100.3933,-0.4911],[100.3839,-0.5259],[100.419,-0.5824],[100.4158,-0.6231],[100.3957,-0.6317],[100.4021,-0.6531],[100.4266,-0.6584],[100.4422,-0.7125],[100.4579,-0.7261],[100.3854,-0.7556],[100.3674,-0.8004],[100.2978,-0.8057],[100.2911,-0.8166],[100.1544,-0.669],[100.1727,-0.652],[100.1738,-0.6223],[100.1861,-0.6231],[100.1422,-0.5855],[100.1313,-0.5506],[100.0923,-0.5722],[100.0455,-0.5104],[99.9621,-0.434],[99.9844,-0.3997],[99.9998,-0.3982],[99.9903,-0.3619],[100.0462,-0.3639],[100.0356,-0.3554],[100.0574,-0.3483],[100.0671,-0.3254],[100.1025,-0.3239]]]}},{"type":"Feature","properties":{"province":"SUMATERA UTARA","district":"PAKPAK BHARAT","id":"SUMATERA UTARA/PAKPAK BHARAT","name":"PAKPAK BHARAT"},"geometry":{"type":"Polygon","coordinates":[[[98.4675,2.5492],[98.4201,2.5368],[98.4442,2.5051],[98.4257,2.4847],[98.431,2.4675],[98.4214,2.4764],[98.4093,2.462],[98.3639,2.4587],[98.3488,2.423],[98.2987,2.4175],[98.3028,2.3353],[98.2521,2.3556],[98.264,2.2645],[98.197,2.3116],[98.148,2.4226],[98.0844,2.5046],[98.0766,2.5748],[98.0848,2.6034],[98.1103,2.6111],[98.104,2.6819],[98.0728,2.731],[98.0694,2.7642],[98.1197,2.7858],[98.1612,2.7578],[98.1784,2.7603],[98.1931,2.7379],[98.2469,2.7086],[98.2608,2.7197],[98.307,2.6961],[98.3377,2.7031],[98.357,2.6598],[98.4222,2.6357],[98.4675,2.5492]]]}},{"type":"Feature","properties":{"province":"JAWA TIMUR","district":"PAMEKASAN","id":"JAWA TIMUR/PAMEKASAN","name":"PAMEKASAN"},"geometry":{"type":"Polygon","coordinates":[[[113.6425,-6.8876],[113.6356,-6.9172],[113.6497,-6.9196],[113.6254,-6.9485],[113.6265,-6.9648],[113.6084,-6.9737],[113.619,-7.0095],[113.5923,-7.0094],[113.5762,-7.0314],[113.582,-7.0435],[113.6056,-7.0434],[113.5911,-7.0611],[113.6212,-7.0848],[113.6227,-7.104],[113.5737,-7.1614],[113.552,-7.2338],[113.5092,-7.254],[113.4985,-7.2437],[113.5163,-7.2413],[113.4971,-7.2269],[113.3937,-7.2176],[113.3977,-7.2017],[113.3846,-7.1891],[113.379,-7.2109],[113.3813,-7.1533],[113.361,-7.15],[113.3634,-7.1012],[113.3953,-7.0707],[113.3924,-7.0345],[113.4215,-7.0114],[113.4344,-6.9614],[113.46,-6.9507],[113.4834,-6.8967],[113.6425,-6.8876]]]}},{"type":"Feature","properties":{"province":"BANTEN","district":"PANDEGLANG","id":"BANTEN/PANDEGLANG","name":"PANDEGLANG"},"geometry":{"type":"Polygon","coordinates":[[[105.8987,-6.2422],[105.9164,-6.25],[105.9303,-6.281],[105.9345,-6.2403],[105.9464,-6.2375],[105.9496,-6.2483],[105.9774,-6.2457],[105.9814,-6.2652],[106.0013,-6.2754],[106.0605,-6.2668],[106.085,-6.2276],[106.1087,-6.2524],[106.1802,-6.2574],[106.1515,-6.325],[106.1301,-6.3269],[106.1181,-6.4205],[106.0905,-6.4239],[106.0635,-6.4051],[106.0428,-6.4113],[105.9747,-6.5173],[105.9828,-6.5421],[105.9287,-6.6166],[105.9428,-6.6295],[105.9462,-6.6602],[105.9195,-6.7176],[105.8962,-6.7162],[105.884,-6.7645],[105.863,-6.7813],[105.8778,-6.7948],[105.8695,-6.8106],[105.8884,-6.8208],[105.882,-6.8398],[105.8497,-6.8337],[105.7742,-6.8503],[105.6705,-6.836],[105.5633,-6.8565],[105.538,-6.8743],[105.4793,-6.8651],[105.439,-6.8361],[105.4139,-6.8538],[105.4047,-6.8286],[105.3271,-6.8026],[105.2952,-6.8049],[105.2671,-6.8451],[105.2377,-6.836],[105.2389,-6.7963],[105.2102,-6.7635],[105.2121,-6.7456],[105.2634,-6.7611],[105.3303,-6.696],[105.3271,-6.6681],[105.3696,-6.6464],[105.4009,-6.7172],[105.3894,-6.7413],[105.4236,-6.7743],[105.4303,-6.7674],[105.4429,-6.8222],[105.4783,-6.8208],[105.5123,-6.7571],[105.5067,-6.7304],[105.5717,-6.6806],[105.5692,-6.6577],[105.6113,-6.6329],[105.6262,-6.5854],[105.6163,-6.559],[105.6501,-6.4812],[105.6772,-6.4758],[105.674,-6.5093],[105.7147,-6.5327],[105.7329,-6.517],[105.7721,-6.5165],[105.798,-6.4915],[105.8229,-6.4373],[105.8251,-6.3978],[105.807,-6.407],[105.826,-6.3916],[105.8085,-6.4021],[105.8254,-6.3905],[105.8189,-6.3594],[105.8409,-6.3089],[105.8265,-6.2891],[105.8269,-6.2478],[105.8777,-6.2396],[105.8842,-6.2234],[105.8987,-6.2422]]]}},{"type":"Feature","properties":{"province":"JAWA BARAT","district":"PANGANDARAN","id":"JAWA BARAT/PANGANDARAN","name":"PANGANDARAN"},"geometry":{"type":"Polygon","coordinates":[[[108.6869,-7.461],[108.7061,-7.4772],[108.7203,-7.4722],[108.7548,-7.5593],[108.7508,-7.5919],[108.7318,-7.6134],[108.7878,-7.6693],[108.8004,-7.6677],[108.7947,-7.6906],[108.7765,-7.6995],[108.775,-7.6901],[108.7622,-7.6964],[108.7017,-7.6744],[108.674,-7.6819],[108.6585,-7.7018],[108.676,-7.7163],[108.6702,-7.7308],[108.651,-7.7189],[108.6554,-7.6995],[108.6406,-7.6877],[108.5391,-7.6913],[108.5027,-7.7112],[108.4968,-7.7409],[108.5077,-7.7638],[108.4957,-7.7945],[108.4458,-7.8201],[108.3425,-7.8192],[108.3435,-7.8031],[108.3181,-7.7866],[108.3242,-7.7572],[108.3129,-7.7246],[108.332,-7.7134],[108.3145,-7.6902],[108.3547,-7.6839],[108.3664,-7.6593],[108.3552,-7.6421],[108.3674,-7.6087],[108.3538,-7.5622],[108.3332,-7.5486],[108.3397,-7.4948],[108.3999,-7.4794],[108.4105,-7.4979],[108.4203,-7.4898],[108.4854,-7.5285],[108.5209,-7.5238],[108.5346,-7.5357],[108.5213,-7.5448],[108.5241,-7.5689],[108.553,-7.5743],[108.6466,-7.5403],[108.6597,-7.5128],[108.6487,-7.4679],[108.6869,-7.461]]]}},{"type":"Feature","properties":{"province":"SULAWESI SELATAN","district":"PANGKAJENE DAN KEPULAUAN","id":"SULAWESI SELATAN/PANGKAJENE DAN KEPULAUAN","name":"PANGKAJENE DAN KEPULAUAN"},"geometry":{"type":"Polygon","coordinates":[[[119.5994,-4.5575],[119.6252,-4.5741],[119.6397,-4.6273],[119.6667,-4.6539],[119.6546,-4.7162],[119.6611,-4.7262],[119.6916,-4.7208],[119.696,-4.7566],[119.6809,-4.769],[119.7003,-4.8022],[119.721,-4.8217],[119.7256,-4.8095],[119.7569,-4.804],[119.7664,-4.8245],[119.7845,-4.8065],[119.807,-4.8082],[119.7963,-4.8648],[119.8045,-4.9257],[119.7747,-4.9431],[119.747,-4.9289],[119.667,-4.9505],[119.6627,-4.9235],[119.6226,-4.9095],[119.6325,-4.8903],[119.6035,-4.887],[119.5981,-4.905],[119.5877,-4.8957],[119.5748,-4.9049],[119.563,-4.8923],[119.5287,-4.8939],[119.5049,-4.8653],[119.4819,-4.7514],[119.5168,-4.7157],[119.5252,-4.6755],[119.5994,-4.5575]]]}},{"type":"Feature","properties":{"province":"PAPUA","district":"PANIAI","id":"PAPUA/PANIAI","name":"PANIAI"},"geometry":{"type":"Polygon","coordinates":[[[136.3921,-3.3558],[136.369,-3.4084],[136.3772,-3.4555],[136.4223,-3.4989],[136.4176,-3.5184],[136.4359,-3.5572],[136.4701,-3.5549],[136.4988,-3.5971],[136.5136,-3.5877],[136.5406,-3.6107],[136.5789,-3.6129],[136.59,-3.6762],[136.5649,-3.7109],[136.5838,-3.7291],[136.6165,-3.7289],[136.6642,-3.7535],[136.6812,-3.7482],[136.7143,-3.7744],[136.8056,-3.8073],[136.8419,-3.8028],[136.861,-3.8266],[136.9964,-3.8397],[137.0217,-3.9428],[137.0958,-4.0342],[137.0727,-4.0553],[137.0319,-4.049],[137.0282,-4.0772],[137.0111,-4.0778],[137.0196,-4.1129],[137.0086,-4.1307],[136.978,-4.1174],[136.9223,-4.1285],[136.775,-4.0785],[136.7231,-4.0907],[136.737,-4.12],[136.7607,-4.1253],[136.7706,-4.1654],[136.6982,-4.1924],[136.6802,-4.1887],[136.6607,-4.1715],[136.5739,-4.1481],[136.5767,-4.1332],[136.6022,-4.128],[136.6018,-4.0973],[136.5664,-4.0841],[136.5715,-4.0639],[136.5085,-4.0208],[136.3625,-4.0051],[136.3486,-3.9954],[136.3571,-3.9896],[136.3487,-3.9726],[136.3149,-3.9957],[136.2734,-3.9802],[136.2143,-3.9983],[136.189,-3.9766],[136.207,-3.9534],[136.1678,-3.9621],[136.1441,-3.9467],[136.1263,-3.8568],[136.1169,-3.8569],[136.1016,-3.8068],[136.1166,-3.7432],[136.1023,-3.7313],[136.0778,-3.7361],[136.0263,-3.7058],[135.9904,-3.6206],[136.0192,-3.5557],[136.0516,-3.5453],[136.0554,-3.5293],[136.0908,-3.5039],[136.1027,-3.4701],[136.1291,-3.4785],[136.1533,-3.4621],[136.1544,-3.3637],[136.1824,-3.3458],[136.1879,-3.3011],[136.212,-3.2963],[136.2231,-3.3113],[136.2397,-3.2973],[136.266,-3.31],[136.2829,-3.3301],[136.2819,-3.3506],[136.3054,-3.3609],[136.3487,-3.3212],[136.38,-3.3122],[136.3921,-3.3558]]]}},{"type":"Feature","properties":{"province":"SULAWESI TENGAH","district":"PARIGI MOUTONG","id":"SULAWESI TENGAH/PARIGI MOUTONG","name":"PARIGI MOUTONG"},"geometry":{"type":"Polygon","coordinates":[[[121.0262,0.7059],[121.1529,0.684],[121.1976,0.6413],[121.2287,0.6456],[121.2422,0.6004],[121.3026,0.5692],[121.3295,0.5753],[121.3182,0.5426],[121.3516,0.4926],[121.3367,0.4738],[121.2904,0.4964],[121.2584,0.4908],[121.2324,0.4564],[121.1744,0.4591],[121.1558,0.4362],[121.1557,0.4141],[121.1122,0.4009],[121.0775,0.3985],[121.0277,0.4405],[120.8977,0.3957],[120.8545,0.4426],[120.8093,0.4532],[120.8105,0.4747],[120.7673,0.457],[120.7258,0.4762],[120.6953,0.5105],[120.6466,0.5216],[120.5714,0.509],[120.5071,0.5135],[120.4605,0.4934],[120.4359,0.4658],[120.4041,0.4744],[120.3034,0.4182],[120.2748,0.3664],[120.248,0.3497],[120.201,0.2631],[120.1588,0.2291],[120.1239,0.1649],[120.1334,0.1279],[120.1058,0.0949],[120.1115,0.0557],[120.096,-0.0319],[120.0655,-0.0609],[120.0346,-0.0654],[120.0421,-0.1287],[120.0086,-0.178],[120.0068,-0.2749],[120.0308,-0.3041],[120.0408,-0.3913],[120.0734,-0.4421],[120.0496,-0.4883],[120.0472,-0.5317],[120.0587,-0.6307],[120.084,-0.6883],[120.1331,-0.7743],[120.1748,-0.7987],[120.1969,-0.8467],[120.221,-0.8452],[120.3105,-0.9661],[120.3469,-0.9567],[120.3718,-0.9276],[120.4117,-0.9245],[120.4607,-0.9935],[120.5094,-0.9992],[120.5603,-1.0924],[120.5801,-1.1025],[120.5475,-1.1266],[120.424,-1.1528],[120.3542,-1.1852],[120.3543,-1.1739],[120.3408,-1.1724],[120.3698,-1.148],[120.2993,-1.1371],[120.265,-1.1496],[120.2342,-1.1306],[120.2163,-1.0676],[120.1783,-1.0629],[120.1503,-1.04],[120.1236,-1.0363],[120.1114,-1.0163],[120.0875,-1.0163],[120.0738,-0.9834],[120.0524,-0.9676],[120.0647,-0.9123],[120.0438,-0.8885],[120.0488,-0.866],[120.0337,-0.8567],[120.0421,-0.8341],[120.0186,-0.7816],[120.0176,-0.7504],[120.027,-0.7489],[120.0142,-0.713],[120.0321,-0.7035],[120.0325,-0.6837],[120.0152,-0.6654],[120.0201,-0.6424],[120.0022,-0.633],[120.0004,-0.5855],[119.9384,-0.5122],[119.9412,-0.4599],[119.9224,-0.4429],[119.923,-0.3933],[119.9105,-0.371],[119.9275,-0.3037],[119.9055,-0.2694],[119.9218,-0.2586],[119.9124,-0.2379],[119.9354,-0.21],[119.8985,-0.1386],[119.9429,-0.0717],[119.9359,-0.0281],[119.9415,0.0108],[119.9573,0.028],[119.9503,0.0553],[119.9612,0.0857],[119.9984,0.1099],[120.0001,0.1231],[120.0367,0.1295],[120.0427,0.1745],[120.0922,0.2049],[120.0958,0.2434],[120.0796,0.2732],[120.055,0.2862],[120.0571,0.3355],[120.0742,0.3457],[120.0829,0.3861],[120.1275,0.4097],[120.1133,0.4317],[120.1299,0.4584],[120.1568,0.4711],[120.1592,0.5318],[120.2031,0.574],[120.1926,0.6158],[120.2292,0.6078],[120.3567,0.678],[120.4169,0.6617],[120.4621,0.6679],[120.4922,0.6513],[120.4955,0.6364],[120.5402,0.6337],[120.5474,0.5952],[120.5749,0.6093],[120.6003,0.5954],[120.6128,0.6012],[120.6216,0.5879],[120.7063,0.6686],[120.7536,0.662],[120.7832,0.6783],[120.8134,0.6753],[120.8664,0.7112],[120.9382,0.6896],[121.0262,0.7059]]]}},{"type":"Feature","properties":{"province":"SUMATERA BARAT","district":"PASAMAN","id":"SUMATERA BARAT/PASAMAN","name":"PASAMAN"},"geometry":{"type":"Polygon","coordinates":[[[100.1812,0.7623],[100.2117,0.7361],[100.2731,0.7283],[100.2687,0.708],[100.2857,0.687],[100.2214,0.6653],[100.1978,0.6281],[100.2096,0.5822],[100.24,0.5357],[100.2213,0.5151],[100.2403,0.4878],[100.2357,0.4747],[100.3333,0.3522],[100.3084,0.302],[100.3535,0.1791],[100.3287,0.152],[100.3158,0.0838],[100.3301,0.0504],[100.3534,0.0452],[100.2665,-0.02],[100.2463,-0.0735],[100.2131,-0.07],[100.2021,-0.1118],[100.1882,-0.0925],[100.1605,-0.1077],[100.092,-0.0808],[100.0387,-0.0818],[100.0171,-0.0988],[100.011,-0.0679],[100.0375,-0.0667],[100.0386,-0.0368],[100.024,-0.0231],[100.0365,0.0095],[99.9979,0.0369],[99.9806,0.0708],[100.0223,0.1077],[100.0424,0.1521],[100.0636,0.1497],[100.0606,0.2442],[100.0516,0.2366],[100.0419,0.2531],[100.0225,0.2489],[99.9804,0.2874],[99.9228,0.2934],[99.9156,0.3142],[99.8579,0.3198],[99.8466,0.3155],[99.8495,0.3023],[99.7953,0.2995],[99.7866,0.3209],[99.7639,0.3119],[99.7533,0.3241],[99.7768,0.3586],[99.7435,0.3832],[99.7493,0.4014],[99.773,0.4014],[99.767,0.4209],[99.82,0.4165],[99.8269,0.4594],[99.9073,0.4715],[99.9607,0.5134],[99.9503,0.5238],[99.9645,0.5459],[99.9596,0.5687],[99.9092,0.6256],[99.9264,0.632],[99.9113,0.6798],[99.8506,0.6836],[99.8308,0.6961],[99.825,0.736],[99.8482,0.7631],[99.8501,0.7911],[99.8309,0.8805],[99.8705,0.9067],[99.9436,0.8832],[99.9668,0.8511],[100.0103,0.8397],[100.0703,0.79],[100.1812,0.7623]]]}},{"type":"Feature","properties":{"province":"SUMATERA BARAT","district":"PASAMAN BARAT","id":"SUMATERA BARAT/PASAMAN BARAT","name":"PASAMAN BARAT"},"geometry":{"type":"Polygon","coordinates":[[[99.5426,0.5181],[99.5745,0.509],[99.6406,0.5459],[99.6654,0.5162],[99.6768,0.4727],[99.7178,0.4514],[99.7419,0.4783],[99.7787,0.4819],[99.8269,0.4594],[99.8236,0.4184],[99.7678,0.4211],[99.7721,0.4001],[99.7493,0.4014],[99.7437,0.3822],[99.7768,0.3586],[99.7524,0.333],[99.7566,0.3174],[99.7866,0.3209],[99.7953,0.2995],[99.8495,0.3023],[99.8466,0.3155],[99.8579,0.3198],[99.9156,0.3142],[99.9228,0.2934],[99.9804,0.2874],[100.0225,0.2489],[100.0419,0.2531],[100.0516,0.2366],[100.0606,0.2442],[100.0636,0.1497],[100.0424,0.1521],[100.0223,0.1077],[99.9806,0.0708],[99.9979,0.0369],[100.0365,0.0095],[100.024,-0.0237],[100.0387,-0.0373],[100.036,-0.0693],[100.0109,-0.0681],[100.0179,-0.0908],[99.9825,-0.1394],[99.9939,-0.1419],[99.9873,-0.1589],[99.8055,-0.1819],[99.7706,-0.1758],[99.7475,-0.1396],[99.7625,-0.0785],[99.7535,-0.0471],[99.618,0.0658],[99.4713,0.1345],[99.3983,0.1511],[99.3923,0.1864],[99.3738,0.1901],[99.3772,0.207],[99.353,0.2323],[99.2858,0.2291],[99.2675,0.2223],[99.2631,0.2019],[99.2434,0.2166],[99.2366,0.2073],[99.2097,0.2157],[99.1906,0.2539],[99.1672,0.2282],[99.1961,0.272],[99.1937,0.3116],[99.2628,0.3446],[99.3167,0.3339],[99.366,0.4315],[99.412,0.4863],[99.4385,0.4776],[99.4764,0.5261],[99.5192,0.552],[99.5125,0.5379],[99.5426,0.5181]]]}},{"type":"Feature","properties":{"province":"SULAWESI BARAT","district":"MAMUJU UTARA","id":"SULAWESI BARAT/MAMUJU UTARA","name":"MAMUJU UTARA"},"geometry":{"type":"Polygon","coordinates":[[[119.5608,-0.8496],[119.573,-0.8797],[119.5589,-0.8999],[119.5684,-0.9209],[119.5519,-0.9425],[119.5572,-1.0099],[119.5784,-1.0302],[119.5722,-1.0498],[119.5835,-1.0712],[119.5726,-1.0789],[119.5899,-1.0896],[119.5814,-1.1619],[119.5921,-1.1834],[119.5357,-1.1782],[119.5231,-1.1964],[119.5348,-1.1976],[119.5323,-1.2345],[119.4664,-1.2986],[119.4816,-1.3095],[119.5047,-1.2967],[119.5106,-1.3122],[119.4617,-1.3191],[119.4267,-1.3482],[119.4385,-1.3783],[119.462,-1.3964],[119.4967,-1.3921],[119.5083,-1.4134],[119.5189,-1.4095],[119.5099,-1.4513],[119.5408,-1.4318],[119.5394,-1.4217],[119.5463,-1.4365],[119.5725,-1.4195],[119.5835,-1.4254],[119.5916,-1.3959],[119.6417,-1.4038],[119.6727,-1.4314],[119.6705,-1.4424],[119.6972,-1.4507],[119.6667,-1.5252],[119.6712,-1.5447],[119.7345,-1.6057],[119.728,-1.6378],[119.7589,-1.658],[119.7816,-1.6917],[119.7761,-1.7017],[119.7953,-1.7084],[119.7958,-1.7413],[119.8111,-1.7428],[119.8264,-1.7689],[119.8715,-1.7792],[119.8367,-1.8043],[119.8115,-1.7923],[119.7776,-1.8111],[119.7443,-1.8066],[119.7067,-1.8331],[119.6789,-1.825],[119.657,-1.8419],[119.6289,-1.8203],[119.5934,-1.8104],[119.5798,-1.8194],[119.5116,-1.7934],[119.4502,-1.7532],[119.4386,-1.7286],[119.3518,-1.7722],[119.3373,-1.8188],[119.3114,-1.7978],[119.3008,-1.7061],[119.2815,-1.6872],[119.2851,-1.6586],[119.3105,-1.6296],[119.3031,-1.6123],[119.3259,-1.5898],[119.2885,-1.4501],[119.2922,-1.3901],[119.3328,-1.3494],[119.3033,-1.2733],[119.341,-1.1684],[119.3779,-1.1654],[119.3858,-1.1375],[119.4165,-1.1262],[119.4613,-1.0741],[119.481,-0.9987],[119.4993,-0.9837],[119.5275,-0.8979],[119.5608,-0.8496]]]}},{"type":"Feature","properties":{"province":"KALIMANTAN TIMUR","district":"PASER","id":"KALIMANTAN TIMUR/PASER","name":"PASER"},"geometry":{"type":"Polygon","coordinates":[[[116.3986,-0.9728],[116.4417,-0.9702],[116.4541,-1.0435],[116.3762,-1.132],[116.3779,-1.1993],[116.3443,-1.2453],[116.3355,-1.2842],[116.3624,-1.4746],[116.3791,-1.4987],[116.3749,-1.5255],[116.384,-1.5222],[116.3976,-1.55],[116.5206,-1.5965],[116.5561,-1.5884],[116.5601,-1.5973],[116.4922,-1.6428],[116.4456,-1.6499],[116.336,-1.6992],[116.3178,-1.6951],[116.3088,-1.724],[116.2843,-1.7296],[116.2781,-1.752],[116.2462,-1.7793],[116.2452,-1.8028],[116.2649,-1.8104],[116.3446,-1.7751],[116.3692,-1.7852],[116.3735,-1.7627],[116.4494,-1.7709],[116.4508,-1.8191],[116.4169,-1.8674],[116.441,-1.8718],[116.4557,-1.9151],[116.4595,-2.0561],[116.3932,-2.0829],[116.3604,-2.1106],[116.3646,-2.1205],[116.3917,-2.1166],[116.3828,-2.183],[116.4005,-2.2144],[116.515,-2.1656],[116.5525,-2.1738],[116.5395,-2.2049],[116.5524,-2.209],[116.575,-2.189],[116.5788,-2.1653],[116.586,-2.1698],[116.5974,-2.2027],[116.5589,-2.4052],[116.4626,-2.3872],[116.3277,-2.3408],[116.2679,-2.3392],[116.2363,-2.3279],[116.2358,-2.3091],[116.1625,-2.3066],[116.1136,-2.3377],[116.1049,-2.327],[116.0797,-2.3364],[116.0451,-2.3287],[116.033,-2.3074],[116.014,-2.3222],[115.926,-2.3253],[115.8898,-2.3371],[115.8875,-2.3743],[115.8355,-2.3899],[115.8314,-2.3331],[115.817,-2.3172],[115.8331,-2.2956],[115.8099,-2.2772],[115.811,-2.2376],[115.7851,-2.2155],[115.7972,-2.1079],[115.8147,-2.0981],[115.8134,-2.0704],[115.7818,-2.0534],[115.7217,-2.0627],[115.6949,-2.0408],[115.719,-1.9984],[115.7106,-1.98],[115.6942,-1.9774],[115.7275,-1.9248],[115.7193,-1.9122],[115.7324,-1.8612],[115.7214,-1.8289],[115.7284,-1.7992],[115.7075,-1.7885],[115.6913,-1.8048],[115.6795,-1.7933],[115.6901,-1.751],[115.7071,-1.7333],[115.6652,-1.7067],[115.6769,-1.6565],[115.6698,-1.6287],[115.6362,-1.604],[115.63,-1.5759],[115.6402,-1.5611],[115.6292,-1.5619],[115.6323,-1.5299],[115.6555,-1.5127],[115.6209,-1.5149],[115.6211,-1.4775],[115.6888,-1.4488],[115.6948,-1.4161],[115.7091,-1.4119],[115.7518,-1.3335],[115.7772,-1.2312],[115.8249,-1.1786],[115.8494,-1.1718],[115.8434,-1.11],[115.8953,-1.1052],[115.9035,-1.1376],[115.9224,-1.1541],[115.9789,-1.1133],[115.9853,-1.0818],[116.0126,-1.0811],[116.0186,-1.0927],[116.0756,-1.0762],[116.2121,-1.1041],[116.2482,-1.0849],[116.2621,-1.056],[116.2996,-1.0519],[116.37,-0.9963],[116.3845,-0.9665],[116.3986,-0.9728]]]}},{"type":"Feature","properties":{"province":"JAWA TIMUR","district":"PASURUAN","id":"JAWA TIMUR/PASURUAN","name":"PASURUAN"},"geometry":{"type":"Polygon","coordinates":[[[112.8696,-7.5716],[112.9026,-7.6251],[112.8724,-7.6339],[112.8722,-7.6626],[112.887,-7.6601],[112.8811,-7.6719],[112.8952,-7.6849],[112.9314,-7.6687],[112.9544,-7.6211],[112.9847,-7.6564],[113.028,-7.6413],[113.0877,-7.7033],[113.1002,-7.7019],[113.0547,-7.7482],[113.0472,-7.82],[112.9693,-7.8877],[112.9682,-7.9005],[112.9537,-7.9004],[112.9526,-7.9455],[112.9347,-7.9562],[112.8055,-7.9255],[112.7837,-7.9003],[112.7794,-7.8724],[112.762,-7.8761],[112.7329,-7.8181],[112.7111,-7.8239],[112.6324,-7.7976],[112.5898,-7.7652],[112.5748,-7.7325],[112.6236,-7.6668],[112.6208,-7.6152],[112.6521,-7.5978],[112.6571,-7.5681],[112.6743,-7.5502],[112.7057,-7.545],[112.7244,-7.5693],[112.7531,-7.5752],[112.832,-7.5524],[112.8451,-7.5774],[112.8696,-7.5716]]]}},{"type":"Feature","properties":{"province":"JAWA TENGAH","district":"PATI","id":"JAWA TENGAH/PATI","name":"PATI"},"geometry":{"type":"Polygon","coordinates":[[[111.2342,-6.6873],[111.2446,-6.7962],[111.2709,-6.8287],[111.2558,-6.8367],[111.2634,-6.8558],[111.2431,-6.8629],[111.2254,-6.8494],[111.2219,-6.8691],[111.2031,-6.8746],[111.2015,-6.8966],[111.1628,-6.9089],[111.1438,-6.8995],[111.1365,-6.9204],[111.108,-6.914],[111.08,-6.946],[111.0859,-6.9619],[111.0605,-6.9696],[110.9627,-6.9733],[110.9481,-6.9637],[110.9315,-6.9728],[110.9151,-6.9611],[110.9058,-6.9827],[110.8781,-6.9709],[110.8516,-6.9999],[110.8453,-6.9902],[110.813,-7.001],[110.8044,-6.9902],[110.8149,-6.9389],[110.8442,-6.9358],[110.8573,-6.9012],[110.8827,-6.9057],[110.882,-6.8676],[110.9478,-6.8588],[110.977,-6.8333],[110.963,-6.7559],[110.9448,-6.7556],[110.941,-6.7354],[110.9249,-6.7374],[110.9353,-6.6979],[110.8977,-6.6363],[110.912,-6.6007],[110.9125,-6.4997],[110.9735,-6.4567],[110.9693,-6.4104],[111.0472,-6.4273],[111.0595,-6.5089],[111.1173,-6.625],[111.1437,-6.6532],[111.2342,-6.6873]]]}},{"type":"Feature","properties":{"province":"PAPUA BARAT","district":"PEGUNUNGAN ARFAK","id":"PAPUA BARAT/PEGUNUNGAN ARFAK","name":"PEGUNUNGAN ARFAK"},"geometry":{"type":"Polygon","coordinates":[[[134.0445,-1.2408],[134.0365,-1.2565],[134.0494,-1.2573],[134.0518,-1.2754],[134.0813,-1.2824],[134.073,-1.3069],[134.083,-1.3356],[134.0623,-1.3581],[134.0426,-1.3606],[134.0477,-1.3805],[134.0753,-1.395],[134.0796,-1.4164],[134.0484,-1.4042],[134.0254,-1.4124],[134.0798,-1.4197],[134.0762,-1.4449],[134.0085,-1.4314],[134.0119,-1.4635],[133.9779,-1.4689],[133.9521,-1.5097],[133.9372,-1.5085],[133.9392,-1.5372],[133.9046,-1.5247],[133.888,-1.5309],[133.8497,-1.5059],[133.8432,-1.5604],[133.7887,-1.5141],[133.7538,-1.531],[133.732,-1.5098],[133.6814,-1.5317],[133.6705,-1.5116],[133.6928,-1.4835],[133.7015,-1.4462],[133.6976,-1.409],[133.6828,-1.3899],[133.655,-1.4939],[133.5755,-1.513],[133.5581,-1.4973],[133.5105,-1.5097],[133.4883,-1.4996],[133.4606,-1.455],[133.4738,-1.3349],[133.4296,-1.3364],[133.3601,-1.3095],[133.3237,-1.2791],[133.2911,-1.277],[133.2816,-1.2557],[133.2383,-1.252],[133.23,-1.2382],[133.2471,-1.2224],[133.2332,-1.196],[133.2424,-1.1846],[133.334,-1.204],[133.3677,-1.2251],[133.4317,-1.1793],[133.4234,-1.1447],[133.439,-1.1238],[133.4307,-1.0944],[133.4423,-0.9977],[133.4585,-0.959],[133.4739,-0.952],[133.4884,-0.9606],[133.4809,-1.0099],[133.498,-1.0433],[133.5335,-1.0366],[133.5289,-1.0622],[133.5893,-1.076],[133.5993,-1.0595],[133.6494,-1.0375],[133.6537,-1.0554],[133.6704,-1.0458],[133.6974,-1.0699],[133.7111,-1.1226],[133.7429,-1.111],[133.7678,-1.1153],[133.7733,-1.1315],[133.7893,-1.0737],[133.8334,-1.0612],[133.8549,-1.0841],[133.8724,-1.0532],[133.8687,-1.031],[133.8915,-1.0237],[133.8972,-1.0026],[133.9033,-1.0867],[133.8875,-1.1009],[133.9183,-1.1637],[133.9315,-1.166],[133.9414,-1.1939],[133.9616,-1.1839],[133.9745,-1.1991],[133.9822,-1.1917],[134.0174,-1.2386],[134.0445,-1.2408]]]}},{"type":"Feature","properties":{"province":"PAPUA","district":"PEGUNUNGAN BINTANG","id":"PAPUA/PEGUNUNGAN BINTANG","name":"PEGUNUNGAN BINTANG"},"geometry":{"type":"Polygon","coordinates":[[[140.3842,-3.7365],[140.403,-3.737],[140.4079,-3.7567],[140.3971,-3.7703],[140.4175,-3.8011],[140.4002,-3.8139],[140.4222,-3.8201],[140.4145,-3.8427],[140.432,-3.8543],[140.4123,-3.8839],[140.4171,-3.899],[140.4046,-3.8942],[140.4051,-3.9145],[140.4354,-3.9116],[140.4273,-3.9312],[140.4467,-3.948],[140.4378,-3.9592],[140.4707,-3.9652],[140.4764,-3.993],[140.4646,-3.9915],[140.4839,-4.0009],[140.5189,-4.0637],[140.5586,-4.0822],[140.5523,-4.0968],[140.5689,-4.0973],[140.5676,-4.116],[140.5886,-4.116],[140.6103,-4.0619],[140.6401,-4.0647],[140.6408,-4.0462],[140.6638,-4.0375],[140.6844,-4.0457],[140.708,-4.0987],[140.7186,-4.0992],[140.7207,-4.082],[140.657,-3.9722],[140.6921,-3.984],[140.7184,-4.0205],[140.7787,-4.0001],[140.8123,-4.013],[140.8101,-3.9953],[140.8275,-3.9996],[140.851,-3.9735],[140.8898,-3.9611],[140.9744,-3.9669],[140.9835,-4.0081],[141.0012,-4.0196],[141.0007,-5.169],[140.9899,-5.1933],[140.9009,-5.1918],[140.8537,-5.2285],[140.813,-5.2369],[140.7996,-5.2246],[140.7909,-5.236],[140.7661,-5.2294],[140.7416,-5.2458],[140.7243,-5.2324],[140.6363,-5.2647],[140.5934,-5.2504],[140.5542,-5.2561],[140.5449,-5.2382],[140.522,-5.242],[140.5158,-5.226],[140.4348,-5.2279],[140.4128,-5.2119],[140.3879,-5.2127],[140.3875,-5.1962],[140.353,-5.1865],[140.3521,-5.1747],[140.316,-5.1697],[140.2964,-5.154],[140.295,-5.1311],[140.2686,-5.1345],[140.2843,-5.1214],[140.2572,-5.0609],[140.238,-5.0475],[140.2159,-5.056],[140.1856,-5.0383],[140.1402,-5.0549],[140.1084,-5.0497],[140.1099,-5.0293],[140.1436,-4.9904],[140.1497,-4.9232],[140.1433,-4.902],[140.1101,-4.8866],[140.0911,-4.8561],[140.1173,-4.8205],[140.1105,-4.7606],[140.13,-4.6184],[140.1121,-4.451],[140.1193,-4.0566],[140.1013,-4.0406],[140.1524,-3.9565],[140.1226,-3.9128],[140.1275,-3.894],[140.1482,-3.8868],[140.1502,-3.87],[140.1325,-3.8487],[140.1538,-3.8422],[140.1627,-3.8076],[140.1499,-3.8097],[140.1348,-3.7719],[140.1611,-3.7653],[140.1273,-3.7507],[140.1415,-3.7365],[140.1224,-3.7157],[140.1356,-3.6965],[140.1763,-3.7082],[140.1981,-3.6972],[140.2055,-3.6777],[140.2714,-3.67],[140.2853,-3.7179],[140.3212,-3.7436],[140.3196,-3.7538],[140.3842,-3.7365]]]}},{"type":"Feature","properties":{"province":"JAWA TENGAH","district":"PEKALONGAN","id":"JAWA TENGAH/PEKALONGAN","name":"PEKALONGAN"},"geometry":{"type":"Polygon","coordinates":[[[109.6631,-6.8506],[109.6632,-6.8779],[109.6453,-6.8808],[109.6422,-6.9179],[109.6695,-6.9222],[109.6716,-6.9368],[109.6755,-6.9266],[109.7065,-6.9857],[109.7214,-6.9862],[109.7312,-7.0031],[109.749,-6.9997],[109.7594,-7.0694],[109.739,-7.1017],[109.7716,-7.1139],[109.7714,-7.1428],[109.7991,-7.171],[109.7528,-7.1795],[109.7264,-7.202],[109.6899,-7.1951],[109.681,-7.1732],[109.6467,-7.1727],[109.6113,-7.2108],[109.5899,-7.207],[109.5386,-7.2444],[109.4907,-7.1289],[109.5046,-7.1013],[109.4834,-7.0299],[109.4974,-7.0101],[109.4978,-6.9657],[109.5615,-6.9241],[109.5658,-6.8852],[109.5822,-6.8766],[109.5957,-6.8408],[109.6631,-6.8506]]]}},{"type":"Feature","properties":{"province":"RIAU","district":"PELALAWAN","id":"RIAU/PELALAWAN","name":"PELALAWAN"},"geometry":{"type":"Polygon","coordinates":[[[102.9004,0.7234],[103.0959,0.4945],[103.1073,0.4558],[103.0757,0.4414],[103.1105,0.385],[103.1583,0.4065],[103.1961,0.4748],[103.295,0.5104],[103.3256,0.5447],[103.3474,0.5385],[103.3516,0.4848],[103.2691,0.438],[103.2114,0.3688],[103.0736,0.3134],[102.7874,0.1183],[102.6954,0.0859],[102.583,0.0882],[102.5335,0.0682],[102.4674,-0.117],[102.4147,-0.1655],[102.2144,-0.1653],[102.1434,-0.2875],[102.0872,-0.2883],[102.0872,-0.298],[102.048,-0.314],[102.0471,-0.3418],[102.0165,-0.3536],[101.9853,-0.3945],[101.9578,-0.4018],[101.8987,-0.3868],[101.8656,-0.402],[101.803,-0.3281],[101.761,-0.3364],[101.7603,-0.2932],[101.73,-0.2839],[101.7143,-0.2618],[101.6658,-0.2365],[101.6144,-0.2338],[101.5956,-0.1954],[101.5627,-0.1698],[101.549,-0.1278],[101.5128,-0.1066],[101.5151,-0.064],[101.5467,-0.0437],[101.534,-0.0025],[101.5223,-0.005],[101.5172,0.053],[101.4971,0.0651],[101.5038,0.1012],[101.5676,0.1309],[101.5678,0.2024],[101.5696,0.1923],[101.5847,0.1957],[101.585,0.2681],[101.6651,0.2783],[101.6668,0.3163],[101.637,0.3186],[101.6143,0.3404],[101.6343,0.3573],[101.6367,0.3833],[101.6111,0.3827],[101.6136,0.3976],[101.5921,0.4142],[101.6,0.4457],[101.5788,0.4848],[101.587,0.5064],[101.6748,0.5099],[101.6736,0.4914],[101.6439,0.4852],[101.6582,0.4695],[101.6508,0.4482],[101.6753,0.4518],[101.6877,0.4307],[101.701,0.4346],[101.6947,0.4503],[101.7332,0.4543],[101.7885,0.4057],[101.8503,0.4613],[101.8415,0.4875],[101.8219,0.4875],[101.8219,0.4998],[101.8733,0.5251],[101.8847,0.5098],[101.8859,0.4495],[101.9126,0.454],[101.9323,0.552],[102.8097,0.653],[102.8017,0.676],[102.8142,0.6941],[102.8864,0.7095],[102.9004,0.7234]]]}},{"type":"Feature","properties":{"province":"JAWA TENGAH","district":"PEMALANG","id":"JAWA TENGAH/PEMALANG","name":"PEMALANG"},"geometry":{"type":"Polygon","coordinates":[[[109.5955,-6.841],[109.5822,-6.8766],[109.5658,-6.8852],[109.5615,-6.9241],[109.4978,-6.9657],[109.4974,-7.0101],[109.4834,-7.0296],[109.5046,-7.1],[109.4907,-7.1289],[109.5321,-7.2317],[109.5069,-7.2392],[109.478,-7.2237],[109.4439,-7.1633],[109.4101,-7.2016],[109.3825,-7.1902],[109.3462,-7.2116],[109.255,-7.2249],[109.2029,-7.2472],[109.2139,-7.235],[109.1999,-7.2244],[109.1872,-7.1366],[109.2155,-7.1294],[109.2348,-7.0774],[109.2756,-7.0528],[109.2904,-6.9971],[109.3357,-6.9571],[109.3253,-6.9254],[109.3559,-6.8922],[109.351,-6.8617],[109.4397,-6.8407],[109.5095,-6.7856],[109.5175,-6.7902],[109.5227,-6.772],[109.5589,-6.8261],[109.5955,-6.841]]]}},{"type":"Feature","properties":{"province":"KALIMANTAN TIMUR","district":"PENAJAM PASER UTARA","id":"KALIMANTAN TIMUR/PENAJAM PASER UTARA","name":"PENAJAM PASER UTARA"},"geometry":{"type":"Polygon","coordinates":[[[116.7113,-0.8074],[116.7338,-0.8055],[116.7353,-0.8259],[116.7733,-0.8014],[116.7725,-0.8258],[116.8068,-0.806],[116.8252,-0.8098],[116.8309,-0.8238],[116.884,-0.8506],[116.8956,-0.8665],[116.8872,-0.8914],[116.9452,-0.8796],[116.9451,-0.9067],[116.9049,-0.9854],[116.8743,-0.9897],[116.8739,-1.009],[116.8265,-1.0205],[116.8006,-1.0506],[116.7829,-1.0428],[116.765,-1.0714],[116.7375,-1.0678],[116.7569,-1.0292],[116.7499,-1.0051],[116.738,-1.0375],[116.7198,-1.0355],[116.7262,-1.076],[116.7204,-1.0969],[116.6997,-1.0841],[116.7128,-1.1049],[116.7019,-1.1013],[116.7015,-1.1211],[116.7496,-1.1574],[116.7508,-1.1765],[116.7669,-1.1872],[116.7418,-1.2181],[116.7785,-1.2449],[116.7604,-1.2923],[116.7643,-1.3577],[116.6002,-1.4198],[116.5454,-1.4577],[116.53,-1.5097],[116.5485,-1.5334],[116.5573,-1.5871],[116.5206,-1.5965],[116.3976,-1.55],[116.384,-1.5222],[116.3749,-1.5255],[116.3791,-1.4987],[116.3625,-1.4751],[116.3558,-1.3917],[116.3355,-1.3338],[116.3443,-1.2453],[116.3779,-1.1993],[116.3762,-1.132],[116.4541,-1.0435],[116.4398,-0.959],[116.4797,-0.944],[116.4535,-0.9027],[116.4538,-0.8771],[116.4677,-0.8624],[116.5061,-0.8561],[116.514,-0.8271],[116.555,-0.81],[116.5722,-0.8312],[116.5701,-0.8616],[116.591,-0.8643],[116.5995,-0.8824],[116.6247,-0.8783],[116.6709,-0.8055],[116.6899,-0.7978],[116.7113,-0.8074]]]}},{"type":"Feature","properties":{"province":"SUMATERA SELATAN","district":"PENUKAL ABAB LEMATANG ILIR","id":"SUMATERA SELATAN/PENUKAL ABAB LEMATANG ILIR","name":"PENUKAL ABAB LEMATANG ILIR"},"geometry":{"type":"Polygon","coordinates":[[[104.1659,-3.0503],[104.1931,-3.0518],[104.2337,-3.02],[104.2579,-3.0315],[104.2354,-3.2063],[104.2103,-3.258],[104.2338,-3.2834],[104.187,-3.3288],[104.1737,-3.3306],[104.1712,-3.3164],[104.1398,-3.3341],[104.1446,-3.3213],[104.1278,-3.3251],[104.1327,-3.3437],[104.1126,-3.3511],[104.1126,-3.333],[104.0925,-3.356],[104.0593,-3.3377],[104.0287,-3.3412],[104.0246,-3.4058],[103.9927,-3.4136],[103.9177,-3.3992],[103.8922,-3.3439],[103.8705,-3.3285],[103.8569,-3.3329],[103.8484,-3.3171],[103.8209,-3.3265],[103.8013,-3.3095],[103.7872,-3.3181],[103.7606,-3.2801],[103.737,-3.2958],[103.7325,-3.3532],[103.7161,-3.3335],[103.7224,-3.3055],[103.7074,-3.2942],[103.6267,-3.3594],[103.6178,-3.3506],[103.6051,-3.2875],[103.6325,-3.2547],[103.6483,-3.2477],[103.6344,-3.2628],[103.655,-3.266],[103.7167,-3.236],[103.7219,-3.2557],[103.738,-3.2612],[103.7956,-3.2405],[103.7801,-3.179],[103.7972,-3.1504],[103.791,-3.1355],[103.8489,-3.083],[103.8897,-3.0758],[103.9118,-3.0217],[103.9257,-3.0242],[103.9504,-3.0042],[104.0234,-3.0301],[104.0523,-3.0088],[104.0937,-3.0025],[104.1348,-3.0118],[104.1416,-3.0465],[104.1659,-3.0503]]]}},{"type":"Feature","properties":{"province":"LAMPUNG","district":"PESAWARAN","id":"LAMPUNG/PESAWARAN","name":"PESAWARAN"},"geometry":{"type":"Polygon","coordinates":[[[105.0828,-5.1261],[105.0837,-5.1433],[105.1034,-5.1397],[105.0926,-5.1507],[105.1001,-5.1606],[105.1156,-5.1481],[105.136,-5.1643],[105.1484,-5.1304],[105.166,-5.1354],[105.1905,-5.1218],[105.2266,-5.1543],[105.2238,-5.1688],[105.2582,-5.179],[105.2186,-5.1794],[105.1948,-5.2004],[105.1645,-5.1998],[105.1532,-5.2297],[105.167,-5.2377],[105.1717,-5.2709],[105.145,-5.2526],[105.1157,-5.301],[105.1164,-5.3144],[105.1655,-5.3271],[105.1676,-5.3483],[105.2016,-5.3471],[105.2114,-5.3698],[105.2069,-5.3891],[105.1956,-5.3845],[105.1784,-5.4065],[105.1912,-5.4292],[105.1794,-5.433],[105.188,-5.4362],[105.1806,-5.4465],[105.2216,-5.4461],[105.2248,-5.4897],[105.2502,-5.4828],[105.267,-5.5193],[105.2549,-5.526],[105.2467,-5.515],[105.247,-5.5451],[105.2617,-5.5449],[105.2503,-5.5647],[105.2375,-5.5642],[105.2501,-5.5763],[105.2447,-5.5883],[105.2031,-5.5771],[105.1669,-5.6011],[105.1914,-5.6283],[105.1901,-5.6505],[105.2098,-5.6471],[105.1737,-5.6668],[105.1927,-5.6798],[105.1832,-5.684],[105.1931,-5.7023],[105.2186,-5.72],[105.2088,-5.7292],[105.2013,-5.7175],[105.1813,-5.7212],[105.1539,-5.7475],[105.1756,-5.7784],[105.2065,-5.7664],[105.2222,-5.7787],[105.2198,-5.7899],[105.1949,-5.795],[105.1386,-5.785],[105.1099,-5.7498],[105.0967,-5.7064],[105.0814,-5.7125],[105.0742,-5.6456],[104.9931,-5.5819],[104.9629,-5.5756],[104.9561,-5.5208],[104.9343,-5.4954],[104.95,-5.4473],[105.0013,-5.4229],[105.0019,-5.3876],[105.0155,-5.3997],[105.0392,-5.3862],[105.076,-5.391],[105.0809,-5.3629],[105.0684,-5.3609],[105.0596,-5.3164],[105.0447,-5.321],[105.0367,-5.2765],[105.0376,-5.2588],[105.0548,-5.2591],[105.0695,-5.2288],[105.0978,-5.2299],[105.0539,-5.211],[105.0586,-5.1942],[105.0409,-5.185],[105.0802,-5.1465],[105.0715,-5.134],[105.0828,-5.1261]]]}},{"type":"Feature","properties":{"province":"LAMPUNG","district":"PESISIR BARAT","id":"LAMPUNG/PESISIR BARAT","name":"PESISIR BARAT"},"geometry":{"type":"Polygon","coordinates":[[[103.8007,-4.7909],[103.8263,-4.8015],[103.8253,-4.8226],[103.8454,-4.8229],[103.8695,-4.8564],[103.8557,-4.8919],[103.8123,-4.8918],[103.8316,-4.9431],[103.8584,-4.9454],[103.8972,-4.9729],[103.9726,-4.9691],[104.0191,-5.0437],[104.0031,-5.0985],[104.0631,-5.0993],[104.0837,-5.1409],[104.1208,-5.1748],[104.2226,-5.2181],[104.291,-5.3317],[104.3341,-5.3608],[104.4186,-5.4521],[104.4167,-5.483],[104.443,-5.5228],[104.4785,-5.5393],[104.4905,-5.5684],[104.4835,-5.5801],[104.4943,-5.5821],[104.4903,-5.6076],[104.5,-5.6012],[104.5088,-5.6118],[104.5199,-5.6],[104.5343,-5.617],[104.5682,-5.6204],[104.628,-5.6917],[104.6137,-5.7454],[104.5886,-5.7545],[104.6177,-5.8013],[104.6537,-5.8211],[104.6344,-5.843],[104.6649,-5.9152],[104.6586,-5.9364],[104.6025,-5.9298],[104.5931,-5.9375],[104.6114,-5.9372],[104.5845,-5.9431],[104.5563,-5.926],[104.5551,-5.9129],[104.5762,-5.9037],[104.5654,-5.8674],[104.4528,-5.7641],[104.416,-5.7072],[104.301,-5.6419],[104.2992,-5.6292],[104.3125,-5.6313],[104.3202,-5.6145],[104.2991,-5.5761],[104.2132,-5.5251],[104.2129,-5.5095],[104.19,-5.4899],[104.12,-5.4572],[104.1083,-5.4291],[104.0692,-5.4077],[104.0559,-5.3766],[104.0265,-5.358],[104.0264,-5.3327],[103.9948,-5.318],[104.0079,-5.2899],[103.9928,-5.2634],[103.9065,-5.232],[103.9034,-5.2119],[103.9361,-5.1786],[103.9131,-5.1286],[103.8669,-5.1102],[103.8389,-5.0661],[103.7813,-5.0307],[103.7478,-5.0425],[103.7396,-5.0238],[103.7479,-4.9955],[103.711,-4.9631],[103.6863,-4.9622],[103.6688,-4.9891],[103.6558,-4.9896],[103.659,-4.9621],[103.6413,-4.9341],[103.596,-4.9224],[103.6038,-4.8888],[103.626,-4.8898],[103.6375,-4.8675],[103.6985,-4.837],[103.7311,-4.7993],[103.7905,-4.779],[103.8007,-4.7909]]]}},{"type":"Feature","properties":{"province":"SUMATERA BARAT","district":"PESISIR SELATAN","id":"SUMATERA BARAT/PESISIR SELATAN","name":"PESISIR SELATAN"},"geometry":{"type":"Polygon","coordinates":[[[100.5385,-0.9606],[100.5581,-1.0411],[100.5826,-1.0711],[100.6214,-1.0624],[100.6222,-1.097],[100.644,-1.1209],[100.7083,-1.0926],[100.7371,-1.1042],[100.7521,-1.1252],[100.753,-1.1611],[100.7759,-1.1611],[100.8007,-1.203],[100.7961,-1.2215],[100.8099,-1.2442],[100.7987,-1.2781],[100.8176,-1.279],[100.8372,-1.305],[100.8568,-1.2968],[100.8928,-1.3257],[100.9065,-1.3706],[100.8941,-1.3934],[100.9371,-1.4247],[100.9415,-1.4711],[100.9762,-1.4831],[100.9832,-1.5278],[101.0203,-1.5654],[101.0181,-1.6073],[101.0653,-1.6353],[101.0654,-1.6579],[101.1317,-1.6847],[101.1383,-1.8989],[101.2437,-2.0728],[101.2411,-2.0976],[101.2611,-2.1019],[101.2929,-2.2887],[101.2696,-2.2965],[101.2607,-2.3197],[101.2013,-2.3671],[101.1468,-2.3888],[101.0224,-2.4784],[100.9933,-2.4314],[100.8902,-2.3258],[100.875,-2.2452],[100.8231,-2.1738],[100.8224,-2.1436],[100.8664,-2.0965],[100.8798,-2.0505],[100.8654,-1.9316],[100.688,-1.6635],[100.6436,-1.6213],[100.6224,-1.5006],[100.5974,-1.4926],[100.561,-1.4414],[100.5842,-1.4217],[100.5581,-1.4068],[100.5927,-1.3941],[100.5783,-1.3695],[100.561,-1.3723],[100.5747,-1.3578],[100.563,-1.3473],[100.5685,-1.337],[100.5442,-1.3109],[100.4901,-1.2988],[100.4526,-1.2584],[100.4224,-1.2772],[100.4006,-1.2709],[100.4068,-1.2369],[100.4329,-1.2548],[100.4361,-1.2316],[100.4213,-1.2252],[100.4321,-1.2008],[100.3801,-1.1782],[100.3806,-1.1459],[100.3557,-1.1613],[100.3657,-1.1346],[100.4319,-1.1158],[100.4206,-1.1023],[100.4253,-1.0724],[100.4774,-1.0045],[100.5247,-1.0008],[100.5271,-0.9648],[100.5385,-0.9606]]]}},{"type":"Feature","properties":{"province":"ACEH","district":"PIDIE","id":"ACEH/PIDIE","name":"PIDIE"},"geometry":{"type":"Polygon","coordinates":[[[95.7542,5.5641],[95.8856,5.5061],[95.8913,5.4613],[95.934,5.4062],[96.0496,5.3275],[96.0787,5.2925],[96.1046,5.287],[96.0641,5.2971],[96.0544,5.2883],[96.045,5.2662],[96.0554,5.2552],[96.0367,5.237],[96.0565,5.2022],[96.0522,5.1827],[96.0339,5.1739],[96.0203,5.1459],[96.0898,5.0917],[96.1668,5.0684],[96.193,5.0769],[96.2067,5.0401],[96.19,4.9974],[96.2116,4.9592],[96.2767,4.9097],[96.3221,4.9156],[96.3541,4.9444],[96.3766,4.9304],[96.4247,4.9404],[96.4638,4.9142],[96.4699,4.8874],[96.4562,4.8615],[96.4773,4.8447],[96.4709,4.7623],[96.3069,4.7633],[96.2821,4.7798],[96.2603,4.7124],[96.1676,4.7501],[96.1586,4.7107],[96.1411,4.7042],[96.1335,4.6754],[96.1045,4.6752],[96.1068,4.7497],[95.9955,4.7543],[95.9921,4.786],[95.9714,4.8134],[95.9013,4.8681],[95.8814,4.9159],[95.8562,4.9284],[95.8469,4.9544],[95.7835,5.0088],[95.7621,5.0555],[95.743,5.0606],[95.8207,5.0855],[95.8407,5.1361],[95.7748,5.2534],[95.7914,5.2801],[95.7649,5.2898],[95.767,5.3107],[95.7485,5.3189],[95.7676,5.4035],[95.7533,5.4186],[95.7803,5.4407],[95.7749,5.4563],[95.761,5.4443],[95.7642,5.4676],[95.726,5.5005],[95.7373,5.5126],[95.7253,5.5233],[95.7287,5.5422],[95.7447,5.5694],[95.7542,5.5641]]]}},{"type":"Feature","properties":{"province":"ACEH","district":"PIDIE JAYA","id":"ACEH/PIDIE JAYA","name":"PIDIE JAYA"},"geometry":{"type":"Polygon","coordinates":[[[96.1052,5.2843],[96.1873,5.2593],[96.2618,5.2655],[96.3433,5.2265],[96.335,5.1505],[96.3643,5.0372],[96.3271,4.9679],[96.3465,4.9439],[96.3254,4.9172],[96.2635,4.9138],[96.2116,4.9592],[96.19,4.9974],[96.2067,5.0401],[96.193,5.0769],[96.1668,5.0684],[96.0898,5.0917],[96.0203,5.1459],[96.0339,5.1739],[96.0522,5.1827],[96.0565,5.2022],[96.0367,5.237],[96.0554,5.2552],[96.045,5.2662],[96.0544,5.2883],[96.0641,5.2971],[96.1052,5.2843]]]}},{"type":"Feature","properties":{"province":"SULAWESI SELATAN","district":"PINRANG","id":"SULAWESI SELATAN/PINRANG","name":"PINRANG"},"geometry":{"type":"Polygon","coordinates":[[[119.5602,-3.2708],[119.5797,-3.2883],[119.6159,-3.287],[119.6474,-3.3237],[119.6513,-3.3629],[119.6842,-3.3896],[119.6969,-3.3867],[119.702,-3.4248],[119.6855,-3.4507],[119.7062,-3.4728],[119.6923,-3.5016],[119.6998,-3.5449],[119.7221,-3.5643],[119.7401,-3.6144],[119.765,-3.6864],[119.7589,-3.7128],[119.8027,-3.7333],[119.778,-3.7378],[119.7487,-3.7783],[119.7515,-3.8138],[119.7178,-3.9073],[119.7038,-3.9063],[119.6401,-3.9805],[119.6329,-3.967],[119.6114,-3.9841],[119.5864,-3.9738],[119.5929,-4.0051],[119.6139,-4.0044],[119.5933,-4.0224],[119.5959,-4.0438],[119.5841,-4.0336],[119.5709,-3.9487],[119.5383,-3.902],[119.4468,-3.6796],[119.4515,-3.6723],[119.4531,-3.6862],[119.4594,-3.6419],[119.5105,-3.5963],[119.5136,-3.5613],[119.4742,-3.5023],[119.493,-3.4753],[119.4753,-3.4577],[119.4641,-3.3728],[119.4314,-3.3391],[119.4465,-3.3325],[119.4361,-3.2877],[119.4761,-3.2883],[119.5016,-3.3155],[119.5207,-3.3096],[119.5199,-3.2779],[119.5602,-3.2708]]]}},{"type":"Feature","properties":{"province":"GORONTALO","district":"PAHUWATO","id":"GORONTALO/PAHUWATO","name":"PAHUWATO"},"geometry":{"type":"Polygon","coordinates":[[[121.8537,0.9932],[121.8881,0.9779],[121.9226,0.9274],[121.998,0.8912],[122.0327,0.8857],[122.0839,0.9087],[122.1013,0.9018],[122.1105,0.7365],[122.1268,0.667],[122.1274,0.5414],[122.1131,0.4861],[121.9368,0.4436],[121.8687,0.4416],[121.8038,0.4099],[121.7581,0.4565],[121.7332,0.503],[121.7189,0.5061],[121.7185,0.5238],[121.6851,0.5133],[121.6369,0.545],[121.628,0.539],[121.6423,0.5253],[121.6237,0.5356],[121.6214,0.5223],[121.6193,0.5478],[121.6079,0.5382],[121.6022,0.5486],[121.6019,0.5271],[121.5973,0.5393],[121.5681,0.5317],[121.5339,0.5555],[121.5124,0.5288],[121.519,0.4963],[121.4939,0.4788],[121.4763,0.4838],[121.4425,0.4661],[121.4392,0.5009],[121.4249,0.4825],[121.4105,0.4854],[121.4091,0.4721],[121.4088,0.4876],[121.3374,0.4732],[121.3516,0.4926],[121.3182,0.5426],[121.3296,0.5752],[121.3026,0.5692],[121.2422,0.6004],[121.2287,0.6456],[121.1976,0.6413],[121.1617,0.677],[121.1876,0.7217],[121.192,0.7675],[121.2079,0.7667],[121.2371,0.8015],[121.2889,0.799],[121.317,0.7851],[121.3648,0.8029],[121.3499,0.8215],[121.3488,0.8523],[121.4671,0.8483],[121.4811,0.8376],[121.5315,0.8521],[121.542,0.8794],[121.6035,0.8727],[121.8138,0.9509],[121.8537,0.9932]]]}},{"type":"Feature","properties":{"province":"SULAWESI BARAT","district":"POLEWALI MANDAR","id":"SULAWESI BARAT/POLEWALI MANDAR","name":"POLEWALI MANDAR"},"geometry":{"type":"Polygon","coordinates":[[[119.2649,-3.0742],[119.2747,-3.0947],[119.2573,-3.158],[119.3116,-3.2398],[119.296,-3.2636],[119.3356,-3.2709],[119.3371,-3.2895],[119.3956,-3.3096],[119.4511,-3.3545],[119.4743,-3.413],[119.4753,-3.4577],[119.4929,-3.4836],[119.4742,-3.5023],[119.4529,-3.4784],[119.4267,-3.473],[119.4285,-3.4597],[119.4113,-3.4668],[119.3867,-3.45],[119.3734,-3.4633],[119.344,-3.434],[119.3048,-3.4255],[119.2854,-3.4294],[119.2769,-3.4474],[119.2892,-3.4469],[119.2372,-3.4719],[119.2351,-3.4854],[119.1445,-3.4917],[119.1082,-3.5163],[119.0648,-3.5026],[119.0201,-3.5155],[119.0042,-3.5331],[118.9818,-3.498],[118.9662,-3.4984],[118.9514,-3.4449],[118.9151,-3.4086],[118.9144,-3.3864],[118.9393,-3.3557],[118.9151,-3.2775],[118.9167,-3.2243],[118.9016,-3.1982],[118.9096,-3.1639],[118.9545,-3.1596],[118.9464,-3.1054],[118.9621,-3.0887],[118.9835,-3.0999],[119.0036,-3.0852],[119.0377,-3.0846],[119.0654,-3.1154],[119.1235,-3.0942],[119.1491,-3.1168],[119.2649,-3.0742]]]}},{"type":"Feature","properties":{"province":"JAWA TIMUR","district":"PONOROGO","id":"JAWA TIMUR/PONOROGO","name":"PONOROGO"},"geometry":{"type":"Polygon","coordinates":[[[111.7505,-7.7991],[111.7858,-7.8327],[111.7712,-7.8867],[111.7562,-7.8931],[111.7553,-7.9083],[111.7482,-7.88],[111.7013,-7.8962],[111.7067,-7.9065],[111.6885,-7.9327],[111.6548,-7.9415],[111.6474,-7.9581],[111.6635,-7.9681],[111.6533,-8.0205],[111.6361,-8.0022],[111.5905,-8.0194],[111.5733,-8.0479],[111.5353,-8.0597],[111.5435,-8.0665],[111.5269,-8.0811],[111.5279,-8.1074],[111.4833,-8.1085],[111.4771,-8.1733],[111.3803,-8.1633],[111.3799,-8.1365],[111.347,-8.1135],[111.3625,-8.0996],[111.3463,-8.0662],[111.3671,-8.033],[111.3438,-8.0064],[111.3496,-7.9795],[111.327,-7.9674],[111.3163,-7.9363],[111.2867,-7.9391],[111.2793,-7.9171],[111.2942,-7.8613],[111.3145,-7.8516],[111.2887,-7.7935],[111.3276,-7.8004],[111.3437,-7.7833],[111.4686,-7.7771],[111.5087,-7.7995],[111.5498,-7.8044],[111.5855,-7.7969],[111.5989,-7.777],[111.6595,-7.7666],[111.6884,-7.7857],[111.6938,-7.8053],[111.7194,-7.8111],[111.7505,-7.7991]]]}},{"type":"Feature","properties":{"province":"SULAWESI TENGAH","district":"POSO","id":"SULAWESI TENGAH/POSO","name":"POSO"},"geometry":{"type":"Polygon","coordinates":[[[120.5847,-1.1112],[120.5938,-1.1678],[120.5714,-1.1991],[120.5713,-1.2563],[120.6395,-1.3113],[120.6434,-1.3636],[120.6655,-1.3835],[120.675,-1.4144],[120.694,-1.4192],[120.7231,-1.3882],[120.75,-1.3889],[120.7659,-1.3648],[120.7875,-1.3728],[120.8053,-1.3514],[120.844,-1.3588],[120.8467,-1.4042],[120.8883,-1.4115],[120.8887,-1.4831],[120.9259,-1.6021],[120.9239,-1.6411],[120.9539,-1.6946],[120.949,-1.8701],[120.9302,-1.8889],[120.9061,-1.883],[120.931,-1.9159],[120.8172,-2.0643],[120.8377,-2.1398],[120.8377,-2.2186],[120.7799,-2.2136],[120.7801,-2.2279],[120.757,-2.2417],[120.7407,-2.24],[120.7234,-2.211],[120.6866,-2.2038],[120.6761,-2.1672],[120.6362,-2.1135],[120.5995,-2.096],[120.5482,-2.0193],[120.5389,-2.0394],[120.5226,-2.033],[120.5297,-2.083],[120.5081,-2.1129],[120.482,-2.0865],[120.4831,-2.0575],[120.4685,-2.0557],[120.3991,-1.9542],[120.3868,-1.9592],[120.3919,-1.9969],[120.3822,-1.9843],[120.3617,-1.9926],[120.3437,-1.9772],[120.3126,-2.0525],[120.2992,-2.0504],[120.2878,-2.0274],[120.2716,-2.0275],[120.232,-1.9826],[120.219,-1.9962],[120.1978,-1.9946],[120.1661,-1.9622],[120.1158,-2.0],[120.0938,-1.9663],[120.0905,-1.9263],[120.141,-1.8995],[120.1122,-1.8323],[120.0912,-1.8174],[120.1229,-1.7893],[120.1803,-1.7717],[120.1437,-1.7214],[120.1421,-1.678],[120.1244,-1.6459],[120.136,-1.6144],[120.1303,-1.56],[120.0894,-1.5537],[120.1021,-1.5174],[120.1519,-1.484],[120.1744,-1.4509],[120.2379,-1.443],[120.2765,-1.4031],[120.2665,-1.384],[120.2828,-1.3718],[120.272,-1.3433],[120.2523,-1.3355],[120.2246,-1.2928],[120.176,-1.2694],[120.2138,-1.2578],[120.2309,-1.2238],[120.2724,-1.2321],[120.2863,-1.2052],[120.3113,-1.1921],[120.5847,-1.1112]]]}},{"type":"Feature","properties":{"province":"LAMPUNG","district":"PRINGSEWU","id":"LAMPUNG/PRINGSEWU","name":"PRINGSEWU"},"geometry":{"type":"Polygon","coordinates":[[[104.8025,-5.1712],[104.8289,-5.2026],[104.8614,-5.2018],[104.8718,-5.2327],[104.9104,-5.2472],[104.9248,-5.2665],[105.049,-5.2065],[105.0978,-5.2299],[105.0695,-5.2288],[105.0548,-5.2591],[105.0376,-5.2588],[105.0447,-5.321],[105.0596,-5.3164],[105.0684,-5.3609],[105.0809,-5.3629],[105.0748,-5.3934],[105.0392,-5.3862],[105.0148,-5.3996],[105.0027,-5.387],[105.0013,-5.4229],[104.9773,-5.4412],[104.9643,-5.4365],[104.9417,-5.4605],[104.9343,-5.4954],[104.9561,-5.5208],[104.9622,-5.5762],[104.9069,-5.5691],[104.8891,-5.5529],[104.8985,-5.5339],[104.8912,-5.5083],[104.9001,-5.5117],[104.9165,-5.4479],[104.8867,-5.4352],[104.9125,-5.429],[104.8682,-5.3781],[104.8686,-5.3373],[104.8222,-5.3122],[104.7874,-5.2595],[104.7864,-5.2078],[104.772,-5.18],[104.7927,-5.1569],[104.8025,-5.1712]]]}},{"type":"Feature","properties":{"province":"JAWA TIMUR","district":"PROBOLINGGO","id":"JAWA TIMUR/PROBOLINGGO","name":"PROBOLINGGO"},"geometry":{"type":"Polygon","coordinates":[[[113.4911,-7.6982],[113.5977,-7.7151],[113.5726,-7.7421],[113.6007,-7.7753],[113.6061,-7.7989],[113.5922,-7.8054],[113.6117,-7.8241],[113.6029,-7.8431],[113.6263,-7.917],[113.6111,-7.9501],[113.6436,-7.9731],[113.614,-7.9921],[113.5939,-7.9759],[113.5628,-7.9827],[113.5331,-8.0092],[113.4822,-7.994],[113.4759,-8.0255],[113.4654,-8.0275],[113.391,-7.9972],[113.3617,-8.0279],[113.3413,-7.9425],[113.2747,-7.9253],[113.2625,-7.8959],[113.2546,-7.9073],[113.2074,-7.8999],[113.2061,-7.9257],[113.1495,-7.9798],[113.136,-7.9765],[113.1126,-7.9953],[113.1059,-7.9843],[113.0788,-7.9842],[113.06,-8.0106],[113.009,-7.9634],[112.9931,-7.96],[112.9501,-7.987],[112.9261,-7.9665],[112.9526,-7.9455],[112.9537,-7.9004],[112.9682,-7.9005],[112.9693,-7.8877],[113.0472,-7.82],[113.0547,-7.7482],[113.0881,-7.7074],[113.1009,-7.7023],[113.1079,-7.7206],[113.1401,-7.7256],[113.1511,-7.741],[113.1767,-7.7259],[113.164,-7.7793],[113.1831,-7.7907],[113.1786,-7.8101],[113.2079,-7.8043],[113.2171,-7.8202],[113.2425,-7.7949],[113.2365,-7.7393],[113.2486,-7.7452],[113.2564,-7.7356],[113.2631,-7.7647],[113.2871,-7.7837],[113.3074,-7.7683],[113.3452,-7.7712],[113.382,-7.7364],[113.3884,-7.7446],[113.4389,-7.7346],[113.4911,-7.6982]]]}},{"type":"Feature","properties":{"province":"KALIMANTAN TENGAH","district":"PULANG PISAU","id":"KALIMANTAN TENGAH/PULANG PISAU","name":"PULANG PISAU"},"geometry":{"type":"Polygon","coordinates":[[[113.9831,-1.5321],[113.9984,-1.5631],[114.0309,-1.5872],[113.9815,-1.6671],[113.9863,-1.7074],[113.9744,-1.7345],[114.0062,-1.8599],[114.032,-1.9067],[114.0729,-1.9381],[114.0814,-1.9743],[114.1711,-2.0905],[114.1844,-2.1887],[114.2278,-2.2293],[114.2619,-2.2316],[114.2624,-2.3779],[114.3253,-2.3733],[114.3381,-2.7174],[114.3488,-2.7442],[114.2847,-2.8037],[114.2837,-2.8653],[114.2123,-2.9374],[114.2811,-3.0443],[114.2259,-3.1919],[114.1664,-3.1746],[114.1467,-3.1875],[114.1414,-3.2669],[114.172,-3.334],[114.1518,-3.3844],[114.0774,-3.3512],[114.0535,-3.3109],[114.0392,-3.3496],[113.9497,-3.3704],[113.8206,-3.4498],[113.7392,-3.4666],[113.6297,-3.4654],[113.5813,-3.4419],[113.6117,-3.3962],[113.6323,-3.321],[113.6275,-3.2494],[113.6011,-3.1672],[113.6145,-3.1415],[113.6315,-3.1413],[113.6461,-3.088],[113.6657,-3.0854],[113.6639,-3.0542],[113.7149,-3.012],[113.7084,-2.9633],[113.6603,-2.9139],[113.6278,-2.8108],[113.5841,-2.7378],[113.665,-2.6183],[113.751,-2.5217],[113.762,-2.4019],[113.9939,-2.3949],[114.0249,-2.4036],[114.0418,-2.3106],[114.0671,-2.2722],[114.085,-2.2688],[114.1083,-2.1879],[114.0092,-2.1621],[113.9357,-2.1634],[113.8261,-2.0114],[113.8324,-1.8065],[113.798,-1.6041],[113.8443,-1.583],[113.8647,-1.5274],[113.9244,-1.5378],[113.9736,-1.5206],[113.9831,-1.5321]]]}},{"type":"Feature","properties":{"province":"MALUKU UTARA","district":"PULAU MOROTAI","id":"MALUKU UTARA/PULAU MOROTAI","name":"PULAU MOROTAI"},"geometry":{"type":"Polygon","coordinates":[[[128.5924,2.6119],[128.6068,2.5724],[128.6305,2.563],[128.6325,2.5336],[128.6588,2.5245],[128.6702,2.4989],[128.6876,2.5019],[128.6937,2.4235],[128.6499,2.37],[128.6409,2.3332],[128.6539,2.3101],[128.6235,2.2152],[128.5761,2.1403],[128.5777,2.1117],[128.5489,2.1043],[128.5051,2.0591],[128.4007,2.0574],[128.2973,2.0348],[128.2924,2.0089],[128.2598,1.9806],[128.2931,2.0545],[128.2789,2.0879],[128.2533,2.0938],[128.2459,2.1243],[128.2492,2.1902],[128.2397,2.205],[128.2491,2.2477],[128.1999,2.2867],[128.2845,2.3719],[128.2978,2.4418],[128.3618,2.5071],[128.4133,2.5282],[128.4336,2.573],[128.4457,2.5688],[128.4667,2.5971],[128.5028,2.5755],[128.5263,2.5769],[128.5667,2.6452],[128.5924,2.6119]]]}},{"type":"Feature","properties":{"province":"MALUKU UTARA","district":"PULAU TALIABU","id":"MALUKU UTARA/PULAU TALIABU","name":"PULAU TALIABU"},"geometry":{"type":"Polygon","coordinates":[[[124.5259,-1.6356],[124.5262,-1.6653],[124.5536,-1.6388],[124.578,-1.6472],[124.6431,-1.6395],[124.7513,-1.6707],[124.7786,-1.6655],[124.8097,-1.6871],[124.8065,-1.6733],[124.8705,-1.6805],[124.898,-1.709],[124.9113,-1.6956],[124.9261,-1.706],[124.9583,-1.6963],[124.9608,-1.7099],[124.9792,-1.704],[124.9793,-1.7174],[125.0012,-1.7153],[125.0008,-1.7277],[125.0263,-1.7234],[125.0144,-1.751],[125.0237,-1.7613],[125.0368,-1.7519],[125.0466,-1.7718],[125.0586,-1.7664],[125.0601,-1.7447],[125.0698,-1.7736],[125.0791,-1.7599],[125.1033,-1.7609],[125.1118,-1.7454],[125.0881,-1.7451],[125.1147,-1.7302],[125.1019,-1.7311],[125.1079,-1.6919],[125.1288,-1.6836],[125.148,-1.7158],[125.1647,-1.6968],[125.203,-1.7241],[125.1803,-1.7801],[125.2064,-1.7935],[125.2296,-1.7622],[125.2233,-1.7356],[125.25,-1.7234],[125.2893,-1.7309],[125.2954,-1.7671],[125.2698,-1.7909],[125.2998,-1.7783],[125.3211,-1.784],[125.3142,-1.8466],[125.3269,-1.8846],[125.3077,-1.8924],[125.2313,-1.8723],[125.1846,-1.885],[125.1496,-1.8737],[125.0983,-1.8996],[125.0438,-1.8867],[125.0129,-1.9007],[125.0198,-1.9287],[125.0084,-1.9429],[124.9928,-1.9312],[124.8909,-1.9253],[124.8607,-1.8916],[124.7745,-1.9156],[124.6809,-1.9756],[124.5239,-2.0181],[124.4176,-2.0223],[124.4046,-2.0332],[124.3922,-2.0188],[124.3929,-1.9704],[124.3372,-1.89],[124.3478,-1.7889],[124.373,-1.7385],[124.3771,-1.699],[124.3619,-1.7182],[124.3618,-1.7052],[124.4004,-1.6595],[124.4796,-1.6607],[124.5259,-1.6356]]]}},{"type":"Feature","properties":{"province":"PAPUA","district":"PUNCAK","id":"PAPUA/PUNCAK","name":"PUNCAK"},"geometry":{"type":"Polygon","coordinates":[[[137.6834,-3.0487],[137.641,-3.098],[137.5676,-3.1005],[137.5649,-3.1158],[137.4479,-3.2307],[137.4363,-3.288],[137.4657,-3.286],[137.4644,-3.3801],[137.4908,-3.4071],[137.5023,-3.4044],[137.5085,-3.4282],[137.5646,-3.4384],[137.6156,-3.4718],[137.6467,-3.5379],[137.6234,-3.5658],[137.5939,-3.5752],[137.596,-3.6028],[137.6328,-3.61],[137.6381,-3.6428],[137.6589,-3.6565],[137.6603,-3.6852],[137.6892,-3.7109],[137.7603,-3.7237],[137.8154,-3.6845],[137.8401,-3.7195],[137.8699,-3.7271],[137.8731,-3.7897],[137.8899,-3.8093],[137.9143,-3.8141],[137.93,-3.8491],[137.9855,-3.8594],[138.0227,-3.8448],[138.0795,-3.8733],[138.0565,-3.8878],[138.0241,-3.8846],[137.9619,-3.9349],[137.9696,-3.9721],[137.9491,-4.0002],[137.9638,-4.011],[137.9461,-4.0251],[137.977,-4.0581],[137.9684,-4.0728],[137.9878,-4.0902],[137.9839,-4.1091],[138.0055,-4.1205],[137.9799,-4.1214],[137.9587,-4.1384],[137.9479,-4.1503],[137.954,-4.1657],[137.925,-4.1625],[137.9256,-4.1904],[137.8739,-4.1775],[137.8422,-4.1933],[137.8368,-4.2116],[137.7807,-4.1926],[137.6643,-4.203],[137.6197,-4.1872],[137.5784,-4.1921],[137.5616,-4.1484],[137.5115,-4.1445],[137.4086,-4.0748],[137.3254,-4.0719],[137.2839,-4.0538],[137.2667,-4.0698],[137.1931,-4.0574],[137.1844,-4.0754],[137.1627,-4.064],[137.1518,-4.0383],[137.1238,-4.0392],[137.11,-4.0192],[137.1497,-3.9885],[137.1458,-3.9562],[137.1969,-3.944],[137.2145,-3.957],[137.2421,-3.9294],[137.235,-3.8928],[137.2551,-3.8792],[137.2461,-3.8407],[137.2071,-3.8123],[137.2075,-3.7763],[137.2391,-3.7148],[137.262,-3.7057],[137.3509,-3.616],[137.3574,-3.5922],[137.3084,-3.5551],[137.2824,-3.5059],[137.2874,-3.4699],[137.171,-3.5509],[137.1288,-3.5481],[137.1119,-3.5631],[137.0426,-3.5337],[137.0278,-3.5457],[137.005,-3.502],[136.9831,-3.4923],[136.966,-3.432],[136.9454,-3.4129],[136.9441,-3.3393],[136.9183,-3.3298],[136.9231,-3.3056],[136.8999,-3.2713],[136.8778,-3.2708],[136.8694,-3.2525],[136.8995,-3.2197],[136.898,-3.1936],[136.9064,-3.2038],[136.9191,-3.1883],[136.9132,-3.165],[136.9242,-3.1397],[136.95,-3.1233],[136.985,-3.1333],[136.9873,-3.125],[137.0154,-3.1505],[137.0536,-3.1409],[137.086,-3.1627],[137.1062,-3.1565],[137.107,-3.1379],[137.1252,-3.1229],[137.1343,-3.1348],[137.1612,-3.132],[137.1877,-3.1071],[137.1968,-3.1213],[137.2114,-3.1098],[137.2194,-3.1238],[137.2336,-3.1154],[137.251,-3.1231],[137.2591,-3.1096],[137.2899,-3.1131],[137.2942,-3.1018],[137.3485,-3.0902],[137.3594,-3.0683],[137.3803,-3.0967],[137.4103,-3.088],[137.4436,-3.1075],[137.4877,-3.0968],[137.5313,-3.0682],[137.5505,-3.0708],[137.5535,-3.0509],[137.5772,-3.0677],[137.6208,-3.0403],[137.6302,-3.0648],[137.6834,-3.0487]]]}},{"type":"Feature","properties":{"province":"PAPUA","district":"PUNCAK JAYA","id":"PAPUA/PUNCAK JAYA","name":"PUNCAK JAYA"},"geometry":{"type":"Polygon","coordinates":[[[138.1768,-3.1101],[138.0747,-3.1313],[138.0719,-3.198],[138.0619,-3.2097],[138.0866,-3.2251],[138.0787,-3.2431],[138.1059,-3.2721],[138.1034,-3.3065],[138.1354,-3.2977],[138.1326,-3.3289],[138.1137,-3.3345],[138.1151,-3.4018],[138.1508,-3.4369],[138.2304,-3.4411],[138.2308,-3.471],[138.2556,-3.4735],[138.271,-3.4903],[138.2548,-3.6196],[138.2806,-3.6506],[138.2827,-3.7042],[138.3211,-3.7074],[138.3434,-3.7261],[138.3366,-3.747],[138.3539,-3.8256],[138.318,-3.8378],[138.2811,-3.8218],[138.245,-3.8409],[138.2362,-3.8691],[138.2142,-3.8852],[138.1532,-3.9111],[138.1042,-3.9117],[138.0857,-3.908],[138.0795,-3.8733],[138.0459,-3.8511],[138.01,-3.846],[137.9751,-3.8594],[137.93,-3.8491],[137.9143,-3.8141],[137.8899,-3.8093],[137.8731,-3.7897],[137.8699,-3.7271],[137.8401,-3.7195],[137.8162,-3.6849],[137.749,-3.7249],[137.6901,-3.7115],[137.6675,-3.6927],[137.6569,-3.6521],[137.6381,-3.6428],[137.6337,-3.611],[137.5992,-3.6059],[137.5944,-3.5936],[137.5939,-3.5752],[137.6237,-3.5655],[137.6452,-3.526],[137.6063,-3.461],[137.5639,-3.4381],[137.5085,-3.4282],[137.5023,-3.4044],[137.4908,-3.4071],[137.4644,-3.3801],[137.4657,-3.286],[137.4369,-3.2889],[137.4351,-3.266],[137.4642,-3.2096],[137.5649,-3.1158],[137.5676,-3.1005],[137.641,-3.098],[137.6579,-3.0677],[137.7025,-3.0385],[137.7249,-3.0658],[137.7691,-3.0491],[137.7896,-3.0839],[137.8066,-3.0657],[137.8333,-3.071],[137.8467,-3.0489],[137.8815,-3.0833],[137.8849,-3.0397],[137.9079,-3.0511],[137.8984,-3.0147],[137.9303,-3.0256],[137.9611,-3.0012],[137.9683,-3.0114],[137.9583,-3.028],[137.9784,-3.0312],[138.0099,-3.022],[137.9982,-2.9922],[138.0258,-3.0156],[138.0548,-2.983],[138.0596,-3.0227],[138.125,-3.0273],[138.144,-3.0468],[138.1445,-2.9938],[138.11,-3.0072],[138.1017,-3.0],[138.1239,-2.9774],[138.1509,-2.984],[138.1604,-2.9708],[138.1761,-2.9967],[138.1768,-3.1101]]]}},{"type":"Feature","properties":{"province":"JAWA TENGAH","district":"PURBALINGGA","id":"JAWA TENGAH/PURBALINGGA","name":"PURBALINGGA"},"geometry":{"type":"Polygon","coordinates":[[[109.5324,-7.2314],[109.5847,-7.2933],[109.5673,-7.3007],[109.5626,-7.3323],[109.5275,-7.3234],[109.5185,-7.3428],[109.5464,-7.4053],[109.5017,-7.4113],[109.5053,-7.4502],[109.4737,-7.4417],[109.4266,-7.4549],[109.4182,-7.4791],[109.4026,-7.4672],[109.3643,-7.4874],[109.3452,-7.4782],[109.3374,-7.4935],[109.3212,-7.4828],[109.3266,-7.4625],[109.3318,-7.4696],[109.3411,-7.4574],[109.3335,-7.4301],[109.3128,-7.4107],[109.2549,-7.2806],[109.2246,-7.2391],[109.3462,-7.2116],[109.3825,-7.1902],[109.4101,-7.2016],[109.4439,-7.1633],[109.478,-7.2237],[109.5069,-7.2392],[109.5324,-7.2314]]]}},{"type":"Feature","properties":{"province":"JAWA BARAT","district":"PURWAKARTA","id":"JAWA BARAT/PURWAKARTA","name":"PURWAKARTA"},"geometry":{"type":"Polygon","coordinates":[[[107.5294,-6.4184],[107.5267,-6.437],[107.5655,-6.4872],[107.5539,-6.5666],[107.5844,-6.5849],[107.5797,-6.6354],[107.5995,-6.6582],[107.5841,-6.6895],[107.5938,-6.7285],[107.571,-6.7361],[107.5614,-6.7732],[107.5126,-6.7544],[107.4536,-6.701],[107.4109,-6.6888],[107.3717,-6.6896],[107.3708,-6.701],[107.3435,-6.6945],[107.3237,-6.7226],[107.3021,-6.7284],[107.2892,-6.7087],[107.2515,-6.6941],[107.2684,-6.6446],[107.2205,-6.5907],[107.2841,-6.5308],[107.2891,-6.5017],[107.3487,-6.4798],[107.3905,-6.5112],[107.3732,-6.4683],[107.4333,-6.4595],[107.445,-6.4386],[107.4614,-6.4266],[107.4783,-6.4319],[107.5003,-6.4084],[107.5294,-6.4184]]]}},{"type":"Feature","properties":{"province":"JAWA TENGAH","district":"PURWOREJO","id":"JAWA TENGAH/PURWOREJO","name":"PURWOREJO"},"geometry":{"type":"Polygon","coordinates":[[[110.0443,-7.5347],[110.0597,-7.5755],[110.1017,-7.5696],[110.103,-7.5906],[110.1416,-7.6466],[110.1156,-7.6736],[110.1385,-7.6943],[110.1235,-7.7306],[110.1307,-7.7469],[110.1114,-7.7774],[110.063,-7.8125],[110.0416,-7.8844],[110.0314,-7.8963],[109.8236,-7.8312],[109.8393,-7.7736],[109.832,-7.7232],[109.7978,-7.6953],[109.8079,-7.6705],[109.7984,-7.6468],[109.8147,-7.6313],[109.8183,-7.5906],[109.8724,-7.5479],[109.868,-7.5309],[109.9012,-7.5177],[109.9737,-7.535],[109.9683,-7.5629],[109.9789,-7.5769],[109.9954,-7.5754],[109.9973,-7.5899],[110.0171,-7.5861],[110.0142,-7.5663],[110.0354,-7.5522],[110.0338,-7.5329],[110.0443,-7.5347]]]}},{"type":"Feature","properties":{"province":"PAPUA BARAT","district":"RAJA AMPAT","id":"PAPUA BARAT/RAJA AMPAT","name":"RAJA AMPAT"},"geometry":{"type":"Polygon","coordinates":[[[130.8153,-0.0073],[130.8798,-0.0151],[130.9386,-0.0409],[130.9544,-0.0336],[130.9702,-0.0496],[130.9666,-0.0624],[130.9855,-0.0546],[130.9764,-0.0351],[131.0079,-0.0439],[131.0503,-0.0211],[131.0541,-0.0496],[131.0338,-0.0606],[131.1332,-0.0707],[131.181,-0.1004],[131.1939,-0.1296],[131.2277,-0.1328],[131.2369,-0.1448],[131.2581,-0.1358],[131.2626,-0.1488],[131.2994,-0.1599],[131.3182,-0.1977],[131.2948,-0.2217],[131.2968,-0.2436],[131.3409,-0.2917],[131.3107,-0.2984],[131.2775,-0.345],[131.2452,-0.3402],[131.2557,-0.3719],[131.2473,-0.3799],[131.2125,-0.3647],[131.1956,-0.3697],[131.1932,-0.342],[131.1024,-0.3223],[131.0999,-0.3073],[131.0633,-0.3222],[131.0553,-0.3427],[131.0355,-0.3371],[131.0246,-0.3571],[131.0078,-0.3357],[130.9877,-0.3379],[130.996,-0.3543],[130.988,-0.358],[130.9417,-0.3421],[130.9239,-0.304],[130.8944,-0.2985],[130.9043,-0.2951],[130.8989,-0.2702],[130.8683,-0.2348],[130.8,-0.242],[130.7905,-0.1692],[130.7766,-0.1536],[130.7556,-0.1599],[130.7221,-0.1373],[130.7086,-0.0954],[130.68,-0.0985],[130.6987,-0.0778],[130.6633,-0.0788],[130.6455,-0.0959],[130.6178,-0.0816],[130.6106,-0.0934],[130.6234,-0.0956],[130.6201,-0.1044],[130.654,-0.1018],[130.6457,-0.1136],[130.6663,-0.1166],[130.6225,-0.1204],[130.6375,-0.144],[130.6234,-0.1323],[130.6208,-0.1459],[130.6563,-0.1521],[130.6759,-0.173],[130.7407,-0.275],[130.7317,-0.2954],[130.7827,-0.291],[130.8163,-0.3123],[130.8111,-0.2954],[130.8273,-0.2881],[130.8471,-0.2932],[130.853,-0.31],[130.898,-0.3155],[130.9197,-0.3061],[130.9322,-0.3489],[130.9442,-0.3516],[130.9395,-0.3634],[130.9184,-0.3607],[130.9362,-0.3821],[130.8835,-0.4036],[130.8805,-0.4202],[130.8415,-0.4196],[130.8131,-0.4374],[130.8015,-0.4284],[130.791,-0.4426],[130.772,-0.4326],[130.7671,-0.4417],[130.7265,-0.4392],[130.7027,-0.4109],[130.6946,-0.3509],[130.6733,-0.339],[130.7059,-0.3232],[130.6799,-0.2922],[130.6367,-0.313],[130.6339,-0.3009],[130.6193,-0.3111],[130.6154,-0.2987],[130.6042,-0.3134],[130.5744,-0.3186],[130.5833,-0.3344],[130.5758,-0.3308],[130.5581,-0.3677],[130.5864,-0.3586],[130.5914,-0.3796],[130.5525,-0.4301],[130.5412,-0.424],[130.5584,-0.3923],[130.5576,-0.3756],[130.5439,-0.3832],[130.5464,-0.3064],[130.5238,-0.3089],[130.5174,-0.2944],[130.5348,-0.2574],[130.5274,-0.2463],[130.4632,-0.2617],[130.4517,-0.2885],[130.4374,-0.2901],[130.43,-0.284],[130.4427,-0.274],[130.4301,-0.2609],[130.3989,-0.2715],[130.3936,-0.26],[130.3763,-0.2607],[130.3852,-0.2786],[130.3557,-0.2532],[130.3175,-0.2729],[130.3199,-0.2514],[130.2915,-0.228],[130.2189,-0.2093],[130.2405,-0.2014],[130.2728,-0.2118],[130.2677,-0.2211],[130.3379,-0.2189],[130.3667,-0.2021],[130.3711,-0.2245],[130.3873,-0.2295],[130.3675,-0.224],[130.3761,-0.2383],[130.4088,-0.223],[130.415,-0.2062],[130.4512,-0.1987],[130.432,-0.1763],[130.3761,-0.1819],[130.4257,-0.1671],[130.4245,-0.1288],[130.4183,-0.1378],[130.4006,-0.1267],[130.4192,-0.1618],[130.3984,-0.169],[130.3847,-0.1588],[130.3897,-0.1718],[130.376,-0.1633],[130.3726,-0.1379],[130.3626,-0.1404],[130.3678,-0.16],[130.3358,-0.1409],[130.3557,-0.191],[130.3026,-0.1738],[130.3072,-0.1488],[130.2812,-0.1385],[130.2846,-0.1263],[130.2945,-0.1318],[130.281,-0.1124],[130.3009,-0.1018],[130.2956,-0.0934],[130.3454,-0.1099],[130.3523,-0.0782],[130.3594,-0.1032],[130.3496,-0.113],[130.3637,-0.1361],[130.3821,-0.1188],[130.3625,-0.0831],[130.3802,-0.0826],[130.368,-0.0752],[130.4048,-0.0769],[130.3976,-0.1101],[130.4127,-0.1146],[130.418,-0.1005],[130.4358,-0.1034],[130.4378,-0.0901],[130.4264,-0.0884],[130.4374,-0.0746],[130.4472,-0.1005],[130.4594,-0.0814],[130.4745,-0.0881],[130.4737,-0.0767],[130.4973,-0.0822],[130.5042,-0.0693],[130.5258,-0.0685],[130.5085,-0.0509],[130.5396,-0.057],[130.5535,-0.0776],[130.5483,-0.0578],[130.5791,-0.0749],[130.5695,-0.039],[130.5866,-0.0614],[130.5941,-0.0426],[130.6339,-0.0632],[130.7271,-0.0279],[130.7321,-0.0367],[130.7077,-0.0622],[130.7388,-0.0471],[130.7699,-0.0544],[130.7846,-0.0429],[130.7397,-0.036],[130.7401,-0.0253],[130.8153,-0.0073]]]}},{"type":"Feature","properties":{"province":"BENGKULU","district":"REJANG LEBONG","id":"BENGKULU/REJANG LEBONG","name":"REJANG LEBONG"},"geometry":{"type":"Polygon","coordinates":[[[102.4982,-3.2688],[102.5393,-3.2762],[102.5454,-3.2909],[102.5677,-3.2766],[102.5923,-3.3172],[102.6324,-3.326],[102.6381,-3.3378],[102.6747,-3.3157],[102.7509,-3.3093],[102.7761,-3.2818],[102.798,-3.3317],[102.8641,-3.3453],[102.8962,-3.3267],[102.8963,-3.3762],[102.9816,-3.3631],[103.0044,-3.4354],[102.9947,-3.5248],[102.9726,-3.5317],[102.9617,-3.5615],[102.9071,-3.6165],[102.8912,-3.6092],[102.8688,-3.557],[102.8187,-3.5276],[102.7222,-3.5526],[102.655,-3.5407],[102.6282,-3.5164],[102.5944,-3.5257],[102.5296,-3.4942],[102.5007,-3.4972],[102.4969,-3.5136],[102.4464,-3.5291],[102.4245,-3.5241],[102.4271,-3.5],[102.4034,-3.4342],[102.3697,-3.3997],[102.3878,-3.3526],[102.4229,-3.3585],[102.4421,-3.3471],[102.4498,-3.3207],[102.4965,-3.3216],[102.4864,-3.2826],[102.4982,-3.2688]]]}},{"type":"Feature","properties":{"province":"JAWA TENGAH","district":"REMBANG","id":"JAWA TENGAH/REMBANG","name":"REMBANG"},"geometry":{"type":"Polygon","coordinates":[[[111.4926,-6.6207],[111.5623,-6.6393],[111.6914,-6.7542],[111.6848,-6.7712],[111.6695,-6.7634],[111.6608,-6.7769],[111.6681,-6.8017],[111.6564,-6.8263],[111.6192,-6.8217],[111.6023,-6.9117],[111.5438,-6.909],[111.533,-6.8892],[111.4979,-6.8941],[111.4881,-6.8812],[111.4535,-6.8758],[111.4254,-6.8941],[111.413,-6.8825],[111.3777,-6.8915],[111.2634,-6.8558],[111.2558,-6.8367],[111.2709,-6.8287],[111.2446,-6.7962],[111.2342,-6.6873],[111.3788,-6.7027],[111.461,-6.6648],[111.4649,-6.6413],[111.4926,-6.6207]]]}},{"type":"Feature","properties":{"province":"RIAU","district":"ROKAN HILIR","id":"RIAU/ROKAN HILIR","name":"ROKAN HILIR"},"geometry":{"type":"Polygon","coordinates":[[[100.3223,2.5468],[100.3615,2.3926],[100.3814,2.3756],[100.3939,2.3183],[100.4404,2.2591],[100.5677,2.1557],[100.6852,2.1198],[100.7229,2.0946],[100.7632,2.0863],[100.7889,2.1188],[100.7605,2.2509],[100.7754,2.2835],[100.8112,2.2968],[100.9253,2.3047],[101.0472,2.2908],[101.0668,2.2344],[101.0391,2.2202],[101.0257,2.1836],[101.0102,2.1248],[101.0161,2.0805],[101.0669,1.9353],[101.2392,1.6948],[101.2904,1.5995],[101.3354,1.4961],[101.3172,1.4744],[101.2774,1.4674],[101.2771,1.49],[101.2645,1.4901],[101.2658,1.4652],[101.2427,1.4809],[101.2093,1.4566],[101.1773,1.4519],[101.0141,1.3495],[100.9734,1.3488],[100.976,1.3788],[100.9511,1.3875],[100.9532,1.3993],[100.9347,1.3964],[100.8442,1.3346],[100.786,1.2402],[100.6984,1.2411],[100.6638,1.2923],[100.6237,1.2298],[100.5593,1.2552],[100.4562,1.3342],[100.4803,1.3423],[100.4597,1.3453],[100.4484,1.3769],[100.3735,1.3948],[100.3409,1.4377],[100.2772,1.4636],[100.2772,1.4747],[100.3222,1.4738],[100.3189,1.4477],[100.3766,1.4498],[100.4218,1.4854],[100.4345,1.5204],[100.4158,1.5354],[100.4041,1.5782],[100.421,1.6076],[100.4082,1.6247],[100.4176,1.6651],[100.3661,1.6857],[100.3519,1.7325],[100.3898,1.7577],[100.3871,1.7778],[100.2891,1.7989],[100.2804,1.8125],[100.2889,1.8755],[100.3104,1.8836],[100.3181,1.9018],[100.3235,2.061],[100.3729,2.1931],[100.3727,2.2241],[100.3067,2.3752],[100.299,2.4426],[100.3223,2.5468]]]}},{"type":"Feature","properties":{"province":"RIAU","district":"ROKAN HULU","id":"RIAU/ROKAN HULU","name":"ROKAN HULU"},"geometry":{"type":"Polygon","coordinates":[[[100.9734,1.3488],[100.9677,1.3309],[100.9883,1.2981],[100.9789,1.2638],[100.9924,1.207],[100.9909,1.117],[100.9808,1.0692],[100.9973,1.0195],[100.9941,0.9564],[100.9139,0.9594],[100.8349,0.941],[100.7735,0.8642],[100.7338,0.8423],[100.7402,0.8042],[100.7265,0.801],[100.7492,0.7784],[100.7043,0.7584],[100.6744,0.7665],[100.648,0.7332],[100.5873,0.7001],[100.6385,0.6548],[100.6433,0.6219],[100.6743,0.5956],[100.7598,0.5897],[100.797,0.5333],[100.8617,0.5339],[100.856,0.3811],[100.8437,0.3727],[100.8324,0.3859],[100.8079,0.3823],[100.7863,0.4042],[100.7195,0.3899],[100.5712,0.5281],[100.5424,0.5019],[100.5556,0.4721],[100.528,0.4442],[100.4687,0.4489],[100.4523,0.4204],[100.4352,0.414],[100.4202,0.4242],[100.3459,0.3806],[100.3233,0.4004],[100.2887,0.3993],[100.2229,0.506],[100.24,0.5357],[100.2096,0.5822],[100.1978,0.6281],[100.2214,0.6653],[100.2844,0.6823],[100.2687,0.708],[100.2737,0.7273],[100.2117,0.7361],[100.1579,0.7991],[100.1237,0.8161],[100.1441,0.8979],[100.1218,0.8955],[100.0876,0.9256],[100.1196,0.9102],[100.1507,0.9347],[100.1393,0.9842],[100.1657,1.0019],[100.1489,1.0101],[100.1402,1.0608],[100.1294,1.0548],[100.1183,1.0662],[100.1164,1.093],[100.1491,1.1194],[100.1844,1.1249],[100.1627,1.1396],[100.1661,1.1698],[100.1405,1.176],[100.1143,1.2115],[100.1258,1.2559],[100.0853,1.3406],[100.0508,1.3497],[100.0534,1.3799],[100.1804,1.4168],[100.2224,1.4035],[100.2669,1.4253],[100.3035,1.4166],[100.3409,1.4376],[100.3735,1.3948],[100.4484,1.3769],[100.4597,1.3453],[100.4803,1.3423],[100.4523,1.3377],[100.5593,1.2552],[100.6222,1.2298],[100.6638,1.2923],[100.6984,1.2411],[100.786,1.2402],[100.8442,1.3346],[100.9347,1.3964],[100.9532,1.3993],[100.9511,1.3875],[100.976,1.3788],[100.9734,1.3488]]]}},{"type":"Feature","properties":{"province":"NUSA TENGGARA TIMUR","district":"ROTE NDAO","id":"NUSA TENGGARA TIMUR/ROTE NDAO","name":"ROTE NDAO"},"geometry":{"type":"Polygon","coordinates":[[[123.3815,-10.4331],[123.4102,-10.4704],[123.426,-10.4721],[123.4046,-10.4713],[123.3828,-10.4882],[123.3777,-10.5021],[123.3875,-10.4933],[123.3999,-10.5052],[123.3573,-10.5459],[123.3723,-10.5617],[123.3792,-10.5525],[123.3835,-10.5685],[123.3425,-10.5867],[123.4206,-10.6137],[123.4267,-10.6565],[123.407,-10.6661],[123.4033,-10.6852],[123.332,-10.678],[123.3,-10.7203],[123.2529,-10.7342],[123.2365,-10.7532],[123.2449,-10.7769],[123.2227,-10.8296],[123.2079,-10.8194],[123.189,-10.8369],[123.1615,-10.8172],[123.1326,-10.8155],[123.1026,-10.8316],[123.0897,-10.8567],[123.0706,-10.8477],[123.0583,-10.8638],[122.9975,-10.8585],[122.9687,-10.8702],[122.949,-10.8929],[122.9705,-10.9151],[122.9493,-10.904],[122.9114,-10.9249],[122.9091,-10.9101],[122.8999,-10.9213],[122.9011,-10.9109],[122.8888,-10.9103],[122.8624,-10.9174],[122.8558,-10.9398],[122.832,-10.9312],[122.8221,-10.9194],[122.8256,-10.8341],[122.8037,-10.8025],[122.81,-10.782],[122.8372,-10.7879],[122.8341,-10.7742],[122.8583,-10.7588],[122.9335,-10.7365],[122.9475,-10.7462],[123.0427,-10.7294],[123.1292,-10.6435],[123.149,-10.6528],[123.1778,-10.6371],[123.1949,-10.5938],[123.2597,-10.6058],[123.3103,-10.5931],[123.3124,-10.576],[123.2759,-10.5792],[123.2448,-10.6027],[123.2133,-10.5796],[123.2645,-10.5205],[123.3696,-10.478],[123.3689,-10.4407],[123.3815,-10.4331]]]}},{"type":"Feature","properties":{"province":"NUSA TENGGARA TIMUR","district":"SABU RAIJUA","id":"NUSA TENGGARA TIMUR/SABU RAIJUA","name":"SABU RAIJUA"},"geometry":{"type":"Polygon","coordinates":[[[121.9536,-10.4345],[122.0059,-10.453],[121.994,-10.5348],[121.9862,-10.5509],[121.9379,-10.5632],[121.8752,-10.6182],[121.8378,-10.6259],[121.795,-10.6068],[121.7493,-10.6151],[121.6842,-10.5779],[121.8338,-10.4985],[121.8444,-10.4504],[121.8603,-10.4358],[121.9075,-10.4186],[121.9536,-10.4345]]]}},{"type":"Feature","properties":{"province":"KALIMANTAN BARAT","district":"SAMBAS","id":"KALIMANTAN BARAT/SAMBAS","name":"SAMBAS"},"geometry":{"type":"Polygon","coordinates":[[[109.6364,2.0289],[109.6204,1.9831],[109.5533,1.9659],[109.567,1.9457],[109.5562,1.9288],[109.5381,1.9271],[109.5388,1.9118],[109.5583,1.8721],[109.5533,1.8536],[109.5824,1.8355],[109.5863,1.7919],[109.6354,1.8054],[109.6855,1.7821],[109.6609,1.6932],[109.662,1.6174],[109.6885,1.6098],[109.7535,1.527],[109.719,1.4758],[109.6783,1.4475],[109.6098,1.4309],[109.608,1.3888],[109.5769,1.3805],[109.6158,1.3627],[109.6068,1.3284],[109.6254,1.3197],[109.6206,1.2414],[109.5911,1.2153],[109.5901,1.1992],[109.5615,1.1887],[109.5534,1.1311],[109.5326,1.114],[109.5032,1.0234],[109.4786,1.0143],[109.4247,1.0449],[109.378,0.9981],[109.3134,1.0269],[109.2417,1.0185],[109.2176,0.9763],[109.1903,0.9587],[109.1726,0.966],[109.1733,0.9788],[109.1503,0.9787],[109.1467,1.0089],[109.1292,1.018],[109.0953,1.0044],[109.0931,0.9904],[109.0473,1.0081],[108.9785,0.9974],[108.9668,1.0445],[108.9034,1.168],[108.9272,1.1756],[108.9561,1.166],[108.979,1.1847],[108.9624,1.1984],[108.9638,1.2177],[109.0426,1.3559],[109.0372,1.4624],[109.0547,1.5184],[109.1199,1.5803],[109.2202,1.6325],[109.255,1.6641],[109.3005,1.768],[109.2877,1.7769],[109.3373,1.8332],[109.3434,1.8758],[109.3222,1.9265],[109.3373,1.9432],[109.4289,1.9505],[109.4765,1.9824],[109.5849,1.9901],[109.6436,2.0813],[109.6303,2.0459],[109.6364,2.0289]]]}},{"type":"Feature","properties":{"province":"SUMATERA UTARA","district":"SAMOSIR","id":"SUMATERA UTARA/SAMOSIR","name":"SAMOSIR"},"geometry":{"type":"Polygon","coordinates":[[[98.8947,2.6629],[98.9053,2.5971],[98.9222,2.5699],[98.9899,2.5202],[99.0186,2.4837],[99.0189,2.4392],[98.9816,2.3945],[98.9124,2.408],[98.8749,2.4021],[98.8603,2.3964],[98.8498,2.3559],[98.8383,2.3575],[98.7512,2.4342],[98.7302,2.4388],[98.6734,2.4062],[98.6188,2.3958],[98.5592,2.4378],[98.5371,2.4405],[98.5239,2.4264],[98.4574,2.4365],[98.4214,2.4764],[98.431,2.4675],[98.4257,2.4847],[98.4442,2.5051],[98.4201,2.5368],[98.5197,2.5567],[98.5603,2.5802],[98.5723,2.7244],[98.6289,2.7949],[98.738,2.7916],[98.8658,2.7026],[98.8947,2.6629]]]}},{"type":"Feature","properties":{"province":"JAWA TIMUR","district":"SAMPANG","id":"JAWA TIMUR/SAMPANG","name":"SAMPANG"},"geometry":{"type":"Polygon","coordinates":[[[113.4169,-6.8868],[113.4833,-6.9],[113.46,-6.9507],[113.4344,-6.9614],[113.4215,-7.0114],[113.3945,-7.0305],[113.3846,-7.0889],[113.3633,-7.1016],[113.361,-7.15],[113.3813,-7.1533],[113.3719,-7.1946],[113.379,-7.2109],[113.3824,-7.189],[113.3967,-7.1995],[113.3934,-7.2176],[113.1719,-7.2275],[113.1532,-7.2055],[113.1501,-7.2241],[113.1003,-7.229],[113.0408,-7.2144],[113.0601,-7.1978],[113.0484,-7.1844],[113.0573,-7.1637],[113.0729,-7.1492],[113.0976,-7.1569],[113.0931,-7.1327],[113.1078,-7.1076],[113.1154,-7.1158],[113.1078,-7.081],[113.122,-7.0746],[113.1106,-7.0293],[113.1304,-7.0354],[113.1462,-6.9979],[113.1346,-6.9787],[113.1093,-6.9859],[113.0961,-6.9426],[113.1184,-6.9323],[113.1247,-6.893],[113.4169,-6.8868]]]}},{"type":"Feature","properties":{"province":"KALIMANTAN BARAT","district":"SANGGAU","id":"KALIMANTAN BARAT/SANGGAU","name":"SANGGAU"},"geometry":{"type":"Polygon","coordinates":[[[110.8032,0.9006],[110.7587,0.8422],[110.792,0.7922],[110.8137,0.7897],[110.8465,0.7554],[110.8693,0.7548],[110.851,0.744],[110.8577,0.7277],[110.9036,0.7128],[110.9679,0.7244],[110.9747,0.7422],[111.0116,0.7393],[110.9972,0.7354],[110.9887,0.7052],[111.0131,0.6594],[110.9888,0.5984],[110.9999,0.558],[110.9622,0.5174],[110.9425,0.4618],[110.9404,0.4255],[110.9587,0.3979],[110.959,0.3726],[110.9232,0.3397],[110.9086,0.2511],[110.8882,0.2334],[110.9109,0.2221],[110.8987,0.2034],[110.9014,0.1678],[110.843,0.0961],[110.7664,0.0885],[110.7248,-0.0038],[110.7297,-0.0316],[110.7146,-0.0495],[110.7144,-0.0829],[110.7473,-0.1616],[110.6908,-0.168],[110.6383,-0.1422],[110.597,-0.1574],[110.6299,-0.203],[110.5969,-0.2423],[110.5601,-0.259],[110.5696,-0.2861],[110.5531,-0.3261],[110.5681,-0.3477],[110.538,-0.3509],[110.5097,-0.3244],[110.4413,-0.3356],[110.4226,-0.3647],[110.429,-0.3843],[110.3831,-0.3815],[110.3784,-0.4016],[110.3513,-0.3959],[110.3206,-0.4105],[110.3026,-0.4524],[110.1971,-0.4166],[110.1542,-0.4389],[110.1344,-0.4251],[110.1084,-0.4287],[110.0987,-0.3975],[110.0515,-0.3873],[110.0371,-0.4359],[109.9939,-0.4733],[109.9958,-0.4864],[109.9658,-0.4971],[109.9586,-0.4873],[109.9724,-0.4771],[109.9697,-0.4576],[109.9461,-0.4439],[109.968,-0.4455],[109.9721,-0.4349],[109.9303,-0.414],[109.9247,-0.3925],[109.9277,-0.3587],[109.9531,-0.3488],[109.9361,-0.3189],[109.9707,-0.2817],[109.9444,-0.2281],[109.9475,-0.1415],[109.921,-0.1473],[109.9054,-0.1366],[109.9039,-0.1077],[109.8513,-0.0491],[109.8425,0.003],[109.886,0.0413],[109.8764,0.077],[109.9096,0.0841],[109.9117,0.1001],[109.9365,0.1142],[109.9582,0.1075],[109.9978,0.1445],[110.0249,0.1404],[110.0493,0.2111],[110.0712,0.2223],[110.1171,0.2072],[110.1193,0.2499],[110.1503,0.2734],[110.1333,0.3025],[110.1358,0.3223],[110.1487,0.3233],[110.1617,0.35],[110.1593,0.3786],[110.1891,0.3804],[110.1945,0.4145],[110.2103,0.4105],[110.1639,0.4576],[110.1836,0.4879],[110.1991,0.4857],[110.1993,0.5259],[110.2546,0.5508],[110.2492,0.5754],[110.2304,0.5762],[110.2199,0.6022],[110.2183,0.6248],[110.2361,0.65],[110.2282,0.6609],[110.2451,0.6744],[110.2396,0.7267],[110.2016,0.7516],[110.1787,0.8069],[110.1843,0.8361],[110.2424,0.8487],[110.2593,0.8708],[110.2171,0.9182],[110.2242,0.9808],[110.1845,1.0025],[110.1344,1.0067],[110.1437,1.0254],[110.1129,1.0625],[110.1311,1.0819],[110.124,1.119],[110.1041,1.1406],[110.1057,1.1695],[110.132,1.1992],[110.1909,1.1846],[110.2127,1.1508],[110.2105,1.1186],[110.2413,1.1179],[110.2475,1.0864],[110.2672,1.0663],[110.2603,1.0576],[110.2863,1.0445],[110.2763,0.9967],[110.308,1.0038],[110.3252,0.9921],[110.3394,1.0126],[110.3435,0.9919],[110.3588,0.9835],[110.3964,0.9977],[110.4054,0.953],[110.439,0.9437],[110.4383,0.9174],[110.4905,0.8767],[110.5754,0.8538],[110.6288,0.8691],[110.6327,0.8947],[110.6516,0.9034],[110.6536,0.8757],[110.6749,0.8783],[110.6946,0.8635],[110.7163,0.9061],[110.7556,0.8993],[110.7715,0.9322],[110.8032,0.9006]]]}},{"type":"Feature","properties":{"province":"PAPUA","district":"SARMI","id":"PAPUA/SARMI","name":"SARMI"},"geometry":{"type":"Polygon","coordinates":[[[138.3072,-1.6956],[138.6652,-1.7926],[138.7358,-1.8523],[138.7511,-1.8466],[138.7491,-1.8677],[138.7888,-1.9199],[138.8627,-1.9658],[138.9049,-1.9553],[138.9927,-1.9731],[139.1248,-2.0306],[139.2506,-2.1096],[139.365,-2.148],[139.7608,-2.3606],[139.8106,-2.3785],[139.9955,-2.359],[140.0045,-2.3672],[139.9845,-2.3911],[139.9865,-2.4386],[139.9761,-2.4428],[139.7831,-2.4029],[139.7521,-2.4076],[139.7567,-2.466],[139.7828,-2.4792],[139.7691,-2.487],[139.7763,-2.5016],[139.7592,-2.5292],[139.6606,-2.5553],[139.6426,-2.5412],[139.5828,-2.54],[139.5769,-2.5681],[139.5514,-2.5875],[139.5582,-2.6078],[139.5113,-2.6164],[139.4956,-2.6017],[139.4857,-2.6234],[139.4174,-2.59],[139.396,-2.6429],[139.3665,-2.6581],[139.3606,-2.6725],[139.382,-2.6995],[139.423,-2.7131],[139.426,-2.8007],[139.4456,-2.8072],[139.4696,-2.7943],[139.5371,-2.8182],[139.5896,-2.88],[139.5206,-2.9425],[139.5358,-3.0719],[139.5007,-3.0976],[139.5182,-3.1324],[139.4971,-3.1632],[139.4789,-3.1668],[139.4849,-3.1861],[139.4764,-3.1867],[139.4944,-3.2037],[139.4863,-3.2345],[139.5133,-3.3083],[139.4969,-3.3306],[139.4959,-3.3689],[139.4701,-3.3988],[139.4771,-3.4111],[139.441,-3.4366],[139.4636,-3.4602],[139.4397,-3.4634],[139.4174,-3.4432],[139.3735,-3.4359],[139.379,-3.4677],[139.3396,-3.4842],[139.3305,-3.4461],[139.3064,-3.4737],[139.2757,-3.4636],[139.2695,-3.4415],[139.2493,-3.4526],[139.2501,-3.4329],[139.2696,-3.4187],[139.2067,-3.449],[139.183,-3.4269],[139.1432,-3.4279],[139.1406,-3.3603],[139.1235,-3.3577],[139.1246,-3.3771],[139.1112,-3.3813],[139.1057,-3.3362],[139.0729,-3.3238],[139.0692,-3.2939],[139.095,-3.307],[139.0915,-3.2858],[139.0358,-3.2517],[139.0177,-3.2531],[139.014,-3.23],[139.0035,-3.2313],[139.0019,-3.1909],[139.0214,-3.1861],[139.0166,-3.1479],[139.0335,-3.1412],[139.0261,-3.1265],[139.0393,-3.1299],[139.0514,-3.1067],[139.1204,-3.1173],[139.1206,-3.052],[139.0843,-3.0347],[139.0884,-3.0202],[139.0995,-3.0209],[139.0934,-3.0105],[139.1053,-3.0206],[139.1075,-3.0099],[139.1263,-3.0085],[139.1191,-2.9854],[139.1343,-2.9954],[139.1446,-2.9559],[139.1252,-2.926],[139.1026,-2.9247],[139.1179,-2.9088],[139.1065,-2.8822],[139.1177,-2.8547],[139.1429,-2.8471],[139.1369,-2.8357],[139.1508,-2.8228],[139.1725,-2.828],[139.1719,-2.814],[139.1882,-2.8051],[139.17,-2.7909],[139.1708,-2.7712],[139.211,-2.7538],[139.2185,-2.6989],[139.2331,-2.6913],[139.2311,-2.6273],[139.1293,-2.6527],[139.1168,-2.624],[139.0866,-2.6156],[139.0753,-2.5994],[139.051,-2.5955],[139.0307,-2.6125],[138.9974,-2.5913],[138.9755,-2.5989],[138.949,-2.5781],[138.9065,-2.5764],[138.8723,-2.5465],[138.8128,-2.5389],[138.7879,-2.5205],[138.7175,-2.5319],[138.6343,-2.5005],[138.624,-2.4784],[138.5952,-2.4875],[138.5843,-2.5211],[138.5637,-2.5205],[138.5389,-2.5432],[138.4365,-2.5228],[138.4139,-2.4559],[138.4207,-2.4302],[138.3826,-2.3902],[138.3999,-2.3578],[138.4218,-2.3564],[138.421,-2.3448],[138.437,-2.3381],[138.4474,-2.3501],[138.4465,-2.331],[138.4657,-2.3213],[138.4686,-2.285],[138.4381,-2.2433],[138.4411,-2.2229],[138.4087,-2.2149],[138.4028,-2.2001],[138.3731,-2.2256],[138.3712,-2.215],[138.3436,-2.2095],[138.4111,-2.1851],[138.3988,-2.1802],[138.3944,-2.1921],[138.3698,-2.176],[138.3728,-2.1889],[138.3459,-2.1689],[138.3308,-2.1929],[138.2992,-2.1681],[138.2944,-2.1268],[138.3063,-2.0843],[138.2928,-2.0817],[138.3105,-2.0698],[138.293,-2.0561],[138.2875,-2.0652],[138.2886,-2.0453],[138.2539,-2.0453],[138.2624,-2.0],[138.2587,-1.9893],[138.2457,-1.9957],[138.2508,-1.9841],[138.2386,-1.991],[138.2285,-1.9418],[138.1862,-1.9449],[138.189,-1.9138],[138.1637,-1.9355],[138.1661,-1.9171],[138.1494,-1.9188],[138.1711,-1.9074],[138.1538,-1.9039],[138.162,-1.8889],[138.1482,-1.8908],[138.1611,-1.8749],[138.1454,-1.873],[138.1564,-1.8587],[138.1454,-1.85],[138.1598,-1.8355],[138.1532,-1.8203],[138.1464,-1.8273],[138.1365,-1.8176],[138.1585,-1.8081],[138.1558,-1.7881],[138.1663,-1.7861],[138.1546,-1.7717],[138.1749,-1.7431],[138.1649,-1.7214],[138.1742,-1.7135],[138.1597,-1.7024],[138.1706,-1.6919],[138.1667,-1.6519],[138.1472,-1.6276],[138.1733,-1.63],[138.3072,-1.6956]]]}},{"type":"Feature","properties":{"province":"JAMBI","district":"SAROLANGUN","id":"JAMBI/SAROLANGUN","name":"SAROLANGUN"},"geometry":{"type":"Polygon","coordinates":[[[102.5193,-1.9079],[102.5477,-1.9179],[102.6156,-1.9054],[102.6279,-1.9214],[102.7126,-1.9534],[102.8018,-1.9324],[102.8008,-1.9906],[102.888,-1.9799],[102.9075,-1.9643],[102.9419,-1.9729],[102.9554,-1.9509],[102.9656,-1.9576],[102.9794,-1.9435],[103.0796,-1.9536],[103.0872,-1.9802],[103.0942,-1.9657],[103.1329,-1.9701],[103.1328,-1.9582],[103.169,-1.9584],[103.1768,-1.9236],[103.1994,-1.9096],[103.1996,-1.9561],[103.1808,-1.9759],[103.2059,-2.0139],[103.1916,-2.0409],[103.2101,-2.0592],[103.2309,-2.1313],[103.2258,-2.1654],[103.187,-2.1842],[103.1674,-2.2294],[103.1982,-2.2606],[103.2113,-2.3203],[103.1186,-2.3541],[103.0671,-2.3399],[103.0552,-2.3173],[103.0293,-2.3416],[102.915,-2.3325],[102.8675,-2.3145],[102.8449,-2.3878],[102.8671,-2.3977],[102.8792,-2.4244],[102.8157,-2.4854],[102.7867,-2.5467],[102.7437,-2.5612],[102.7348,-2.5794],[102.7254,-2.5796],[102.7226,-2.5548],[102.7076,-2.5838],[102.6803,-2.5909],[102.6727,-2.6091],[102.6245,-2.6153],[102.6141,-2.6222],[102.6158,-2.6527],[102.5806,-2.6783],[102.5388,-2.6752],[102.507,-2.703],[102.4971,-2.6944],[102.4691,-2.7043],[102.4056,-2.6891],[102.3496,-2.6466],[102.3344,-2.6566],[102.3052,-2.6493],[102.2982,-2.6329],[102.2713,-2.6245],[102.2428,-2.647],[102.2361,-2.6912],[102.1684,-2.7072],[102.1094,-2.7387],[102.097,-2.7667],[102.073,-2.7649],[102.0873,-2.685],[102.064,-2.6216],[102.1042,-2.6014],[102.0943,-2.5726],[102.1353,-2.5252],[102.1558,-2.5229],[102.1577,-2.4854],[102.1244,-2.4305],[102.1339,-2.4109],[102.1483,-2.4217],[102.1554,-2.4084],[102.2398,-2.4035],[102.2761,-2.3575],[102.3035,-2.3614],[102.3031,-2.3935],[102.3382,-2.3899],[102.3371,-2.361],[102.3955,-2.3291],[102.4108,-2.2733],[102.4625,-2.182],[102.5115,-2.1932],[102.5159,-2.2132],[102.5304,-2.2034],[102.5475,-2.2049],[102.5461,-2.2139],[102.6137,-2.2092],[102.6291,-2.1854],[102.6258,-2.1122],[102.5925,-2.0869],[102.5474,-2.0779],[102.5472,-2.0181],[102.4945,-2.0086],[102.5155,-1.9821],[102.4766,-1.9749],[102.4583,-1.9451],[102.4583,-1.9],[102.4771,-1.8914],[102.5193,-1.9079]]]}},{"type":"Feature","properties":{"province":"KALIMANTAN BARAT","district":"SEKADAU","id":"KALIMANTAN BARAT/SEKADAU","name":"SEKADAU"},"geometry":{"type":"Polygon","coordinates":[[[111.0951,-0.504],[111.0077,-0.506],[110.9661,-0.4815],[110.9659,-0.5207],[110.9277,-0.5576],[110.97,-0.626],[110.9602,-0.643],[110.9347,-0.6502],[110.9301,-0.6776],[110.9133,-0.6647],[110.8963,-0.6806],[110.8713,-0.6732],[110.8636,-0.6355],[110.8239,-0.5999],[110.7638,-0.6213],[110.675,-0.6169],[110.6169,-0.5654],[110.6335,-0.5503],[110.6149,-0.5099],[110.618,-0.4435],[110.5976,-0.3953],[110.575,-0.39],[110.5626,-0.3718],[110.5704,-0.3465],[110.5556,-0.3423],[110.5531,-0.3261],[110.5696,-0.2861],[110.5601,-0.259],[110.5969,-0.2423],[110.6299,-0.203],[110.597,-0.1574],[110.6383,-0.1422],[110.6908,-0.168],[110.7473,-0.1616],[110.7144,-0.0829],[110.7146,-0.0495],[110.7297,-0.0316],[110.7248,-0.0038],[110.7643,0.0859],[110.7973,0.0995],[110.843,0.0961],[110.9014,0.1678],[110.8987,0.2034],[110.9109,0.2221],[110.8882,0.2334],[110.9086,0.2511],[110.9232,0.3397],[110.959,0.3726],[110.9587,0.3979],[110.9404,0.4255],[110.9425,0.4618],[110.9622,0.5174],[110.9999,0.558],[110.9888,0.5984],[111.0124,0.6687],[110.9887,0.7052],[110.9972,0.7354],[111.0116,0.7393],[111.0507,0.7199],[111.1193,0.7201],[111.1991,0.6852],[111.1987,0.6261],[111.2122,0.5983],[111.2715,0.5776],[111.2958,0.5072],[111.261,0.4534],[111.2355,0.4393],[111.215,0.4006],[111.2262,0.3759],[111.208,0.3686],[111.2356,0.325],[111.2314,0.3067],[111.2595,0.2948],[111.261,0.247],[111.2734,0.2452],[111.2685,0.1705],[111.2169,0.0628],[111.1796,0.0776],[111.1574,0.1022],[111.1226,0.0851],[111.1442,0.0098],[111.1339,-0.1109],[111.1228,-0.1328],[111.0882,-0.1446],[111.0819,-0.261],[111.0447,-0.2673],[111.029,-0.2933],[111.0063,-0.2952],[110.992,-0.3272],[111.0,-0.378],[111.0363,-0.4308],[111.0723,-0.4537],[111.0951,-0.504]]]}},{"type":"Feature","properties":{"province":"BENGKULU","district":"SELUMA","id":"BENGKULU/SELUMA","name":"SELUMA"},"geometry":{"type":"Polygon","coordinates":[[[102.6304,-3.8094],[102.6697,-3.826],[102.6836,-3.8612],[102.7012,-3.8547],[102.7701,-3.9102],[102.7794,-3.9409],[102.8171,-3.9786],[102.8454,-3.9772],[102.8615,-3.9929],[102.9119,-3.9696],[102.9611,-4.0197],[102.9979,-4.0192],[102.9584,-4.0547],[102.9308,-4.0482],[102.9141,-4.0623],[102.9196,-4.0966],[102.9705,-4.124],[103.0027,-4.1605],[102.9602,-4.1648],[102.9415,-4.1825],[102.9004,-4.1785],[102.8811,-4.2415],[102.908,-4.2416],[102.9182,-4.2561],[102.8623,-4.2824],[102.843,-4.3446],[102.8268,-4.3198],[102.8126,-4.3236],[102.7965,-4.3539],[102.7433,-4.3217],[102.6963,-4.275],[102.3006,-3.9821],[102.3171,-3.9114],[102.332,-3.9041],[102.3469,-3.9133],[102.342,-3.9007],[102.3648,-3.8843],[102.3686,-3.8572],[102.3913,-3.8542],[102.3919,-3.8703],[102.4071,-3.8714],[102.4629,-3.8437],[102.4885,-3.8601],[102.5098,-3.8371],[102.5533,-3.833],[102.5741,-3.8037],[102.6304,-3.8094]]]}},{"type":"Feature","properties":{"province":"JAWA TENGAH","district":"SEMARANG","id":"JAWA TENGAH/SEMARANG","name":"SEMARANG"},"geometry":{"type":"Polygon","coordinates":[[[110.4605,-7.0794],[110.4997,-7.0967],[110.5054,-7.1231],[110.5424,-7.1283],[110.5738,-7.1522],[110.537,-7.1765],[110.546,-7.1949],[110.5555,-7.1869],[110.5918,-7.2031],[110.6144,-7.199],[110.6105,-7.2265],[110.624,-7.2296],[110.6371,-7.2636],[110.6241,-7.2856],[110.5999,-7.2918],[110.5996,-7.3154],[110.6087,-7.3349],[110.6434,-7.3251],[110.6322,-7.3384],[110.6364,-7.3704],[110.6231,-7.3809],[110.6385,-7.4058],[110.6217,-7.4544],[110.6487,-7.4476],[110.6284,-7.4666],[110.6553,-7.4729],[110.6615,-7.4967],[110.6017,-7.4904],[110.5786,-7.4639],[110.583,-7.4476],[110.5658,-7.4434],[110.5826,-7.4398],[110.5941,-7.4532],[110.591,-7.4387],[110.5756,-7.4255],[110.558,-7.4496],[110.5388,-7.4341],[110.5173,-7.4397],[110.5072,-7.4064],[110.4644,-7.4089],[110.4375,-7.4528],[110.4143,-7.4166],[110.4033,-7.3647],[110.3815,-7.3541],[110.3791,-7.3346],[110.3265,-7.3238],[110.3141,-7.3099],[110.3328,-7.2963],[110.2696,-7.2534],[110.2729,-7.237],[110.2483,-7.2075],[110.2567,-7.1943],[110.3054,-7.1954],[110.3664,-7.1758],[110.3438,-7.1553],[110.3489,-7.1051],[110.3689,-7.1093],[110.3762,-7.0946],[110.377,-7.1115],[110.3958,-7.1155],[110.4605,-7.0794]],[[110.4781,-7.2903],[110.4663,-7.297],[110.4756,-7.3744],[110.4924,-7.3904],[110.5147,-7.3856],[110.5154,-7.3629],[110.5349,-7.3595],[110.5167,-7.3202],[110.5227,-7.2918],[110.5023,-7.3022],[110.4971,-7.2885],[110.4781,-7.2903]]]}},{"type":"Feature","properties":{"province":"MALUKU","district":"SERAM BAGIAN BARAT","id":"MALUKU/SERAM BAGIAN BARAT","name":"SERAM BAGIAN BARAT"},"geometry":{"type":"Polygon","coordinates":[[[128.5156,-2.8355],[128.564,-2.8539],[128.6284,-2.8533],[128.6645,-2.8395],[128.7043,-2.8612],[128.7548,-2.8517],[128.7504,-2.9064],[128.7635,-2.9384],[128.7538,-2.9581],[128.8116,-2.9985],[128.7861,-3.0063],[128.7712,-3.0527],[128.7755,-3.0675],[128.8181,-3.072],[128.8027,-3.0877],[128.811,-3.097],[128.7935,-3.1701],[128.8429,-3.2404],[128.7795,-3.2649],[128.6801,-3.3594],[128.6709,-3.3906],[128.6985,-3.4126],[128.6744,-3.4329],[128.5947,-3.4261],[128.5212,-3.4584],[128.4681,-3.4602],[128.405,-3.4285],[128.3939,-3.3932],[128.333,-3.3297],[128.295,-3.2321],[128.2693,-3.2037],[128.2492,-3.2075],[128.253,-3.1974],[128.2208,-3.2172],[128.1923,-3.1987],[128.2024,-3.2179],[128.1815,-3.2313],[128.1602,-3.2006],[128.1703,-3.186],[128.1575,-3.1876],[128.1586,-3.1602],[128.1726,-3.1642],[128.1711,-3.14],[128.1851,-3.1494],[128.1961,-3.1405],[128.1994,-3.0757],[128.1839,-3.0649],[128.1541,-3.0693],[128.0834,-3.145],[128.0551,-3.3403],[128.0167,-3.3811],[127.9919,-3.3751],[127.9833,-3.3849],[127.9694,-3.4357],[127.9453,-3.4678],[127.9602,-3.528],[127.9212,-3.5684],[127.8954,-3.4897],[127.9418,-3.3827],[127.9431,-3.3525],[127.9235,-3.3027],[127.8881,-3.2715],[127.8718,-3.1889],[127.8386,-3.156],[127.9027,-3.1564],[127.945,-3.1284],[127.951,-3.1067],[127.9852,-3.1077],[127.9772,-3.0954],[127.9984,-3.0711],[128.0015,-3.0844],[128.005,-3.0725],[128.1147,-3.0655],[128.0871,-3.0207],[128.1231,-3.0005],[128.1178,-2.9708],[128.08,-2.9871],[128.0708,-2.9734],[128.081,-2.9609],[128.112,-2.9589],[128.1336,-2.9369],[128.1419,-2.9225],[128.1291,-2.9049],[128.1653,-2.8822],[128.1627,-2.8637],[128.2383,-2.8539],[128.2669,-2.8688],[128.3505,-2.8601],[128.3978,-2.8707],[128.4335,-2.8477],[128.4701,-2.8521],[128.5156,-2.8355]]]}},{"type":"Feature","properties":{"province":"MALUKU","district":"SERAM BAGIAN TIMUR","id":"MALUKU/SERAM BAGIAN TIMUR","name":"SERAM BAGIAN TIMUR"},"geometry":{"type":"Polygon","coordinates":[[[130.3122,-2.9717],[130.3835,-2.9876],[130.4396,-3.0311],[130.4444,-3.0595],[130.4779,-3.0707],[130.4943,-3.1024],[130.5533,-3.1073],[130.6,-3.1476],[130.6403,-3.2833],[130.6309,-3.3301],[130.6641,-3.4006],[130.8052,-3.407],[130.8404,-3.4537],[130.8426,-3.4671],[130.8151,-3.482],[130.8278,-3.469],[130.8109,-3.4712],[130.8059,-3.4875],[130.8753,-3.5679],[130.8824,-3.5914],[130.8754,-3.624],[130.8329,-3.6577],[130.8218,-3.7021],[130.8328,-3.7822],[130.8203,-3.8304],[130.8488,-3.8602],[130.8469,-3.8742],[130.8216,-3.8702],[130.8188,-3.851],[130.7764,-3.8487],[130.7669,-3.8281],[130.7541,-3.8376],[130.7426,-3.8242],[130.7,-3.8212],[130.6842,-3.8044],[130.6538,-3.8075],[130.6317,-3.7871],[130.62,-3.7931],[130.6103,-3.7654],[130.5744,-3.7407],[130.5703,-3.723],[130.4832,-3.7064],[130.4507,-3.6592],[130.4125,-3.6299],[130.3268,-3.6143],[130.2976,-3.5863],[130.1329,-3.5326],[130.0981,-3.5006],[130.0176,-3.4832],[129.9708,-3.4261],[129.9707,-3.3808],[129.9572,-3.3557],[129.9275,-3.3378],[129.8586,-3.3366],[129.8831,-3.2696],[129.9,-3.2578],[129.8919,-3.217],[129.907,-3.1958],[129.9029,-3.16],[130.1521,-3.2173],[130.1579,-3.1952],[130.136,-3.1753],[130.1426,-3.1427],[130.1238,-3.1039],[130.1371,-3.0842],[130.1166,-3.0415],[130.1334,-3.0163],[130.1259,-2.9989],[130.1687,-2.9889],[130.178,-3.0085],[130.195,-3.0104],[130.3122,-2.9717]]]}},{"type":"Feature","properties":{"province":"BANTEN","district":"SERANG","id":"BANTEN/SERANG","name":"SERANG"},"geometry":{"type":"Polygon","coordinates":[[[106.0443,-5.8756],[106.0722,-5.8823],[106.1014,-5.9117],[106.1143,-5.931],[106.1043,-5.9443],[106.1137,-5.9889],[106.0999,-5.9881],[106.1108,-5.9954],[106.1229,-5.9855],[106.1134,-6.0029],[106.1483,-6.0203],[106.1489,-6.0676],[106.1101,-6.0858],[106.0743,-6.1217],[106.0659,-6.1744],[106.1114,-6.182],[106.122,-6.1679],[106.1496,-6.1694],[106.138,-6.2093],[106.1923,-6.218],[106.1999,-6.1984],[106.2284,-6.1947],[106.2195,-6.1869],[106.2512,-6.1591],[106.2557,-6.1462],[106.2423,-6.1307],[106.2223,-6.1262],[106.2302,-6.0993],[106.2192,-6.0834],[106.2257,-6.0387],[106.2164,-6.0162],[106.2432,-5.9906],[106.2442,-5.967],[106.265,-5.9589],[106.3329,-5.9865],[106.3554,-5.9618],[106.3577,-5.9744],[106.3631,-5.9642],[106.3891,-5.9782],[106.4099,-6.0288],[106.3665,-6.0385],[106.3393,-6.0681],[106.3507,-6.1099],[106.3926,-6.1518],[106.3908,-6.1791],[106.3664,-6.2148],[106.3871,-6.2303],[106.3828,-6.2619],[106.4009,-6.3303],[106.3195,-6.3351],[106.2771,-6.3014],[106.2597,-6.3108],[106.246,-6.297],[106.2225,-6.3117],[106.2137,-6.2926],[106.1718,-6.2913],[106.1745,-6.2508],[106.1097,-6.2527],[106.0855,-6.2276],[106.0659,-6.2635],[106.027,-6.2752],[105.9949,-6.2739],[105.9774,-6.2457],[105.9496,-6.2483],[105.947,-6.2375],[105.9345,-6.2403],[105.9303,-6.281],[105.9164,-6.25],[105.8851,-6.2235],[105.8777,-6.2396],[105.8269,-6.2478],[105.8849,-6.0696],[105.9225,-6.0467],[105.9443,-6.0459],[105.9537,-6.0581],[105.9721,-6.0496],[105.9866,-6.0624],[105.9848,-6.0379],[106.0296,-6.04],[106.0203,-6.0781],[106.0363,-6.0801],[106.0851,-6.0356],[106.088,-6.0025],[106.0643,-5.9931],[106.0579,-5.9587],[106.0314,-5.9338],[106.0448,-5.9116],[106.0443,-5.8756]]]}},{"type":"Feature","properties":{"province":"SUMATERA UTARA","district":"SERDANG BEDAGAI","id":"SUMATERA UTARA/SERDANG BEDAGAI","name":"SERDANG BEDAGAI"},"geometry":{"type":"Polygon","coordinates":[[[98.9564,3.6773],[99.1218,3.5684],[99.1667,3.5546],[99.2456,3.495],[99.2752,3.487],[99.2798,3.4727],[99.2922,3.4787],[99.3195,3.4327],[99.2823,3.3935],[99.2935,3.3789],[99.2723,3.3537],[99.261,3.3065],[99.2433,3.2803],[99.2235,3.2796],[99.2315,3.2573],[99.1953,3.2004],[99.1967,3.1785],[99.1529,3.1501],[99.1506,3.1672],[99.1329,3.1738],[99.1316,3.1576],[99.1091,3.14],[99.0327,3.1108],[99.0343,3.0916],[99.0071,3.0691],[98.9994,3.0247],[98.9269,3.0159],[98.9814,3.0788],[98.9776,3.1187],[98.9892,3.1252],[98.965,3.1448],[99.008,3.2085],[98.9371,3.2075],[98.9872,3.2738],[98.9646,3.2872],[98.9232,3.2655],[98.9134,3.2749],[98.863,3.256],[98.8404,3.2224],[98.7747,3.213],[98.7618,3.2215],[98.75,3.2089],[98.7356,3.2202],[98.7969,3.3009],[98.8454,3.3404],[98.9143,3.3618],[98.9142,3.4507],[98.9363,3.5202],[98.9186,3.6013],[98.9376,3.6249],[98.9433,3.6758],[98.9564,3.6773]],[[99.1662,3.3732],[99.1546,3.3667],[99.1656,3.3566],[99.1546,3.3412],[99.1294,3.3494],[99.1167,3.3387],[99.1338,3.3123],[99.1144,3.2975],[99.1382,3.2739],[99.1389,3.3086],[99.1937,3.3104],[99.1815,3.3315],[99.1932,3.3514],[99.1676,3.3501],[99.1768,3.3683],[99.1662,3.3732]]]}},{"type":"Feature","properties":{"province":"KALIMANTAN TENGAH","district":"SERUYAN","id":"KALIMANTAN TENGAH/SERUYAN","name":"SERUYAN"},"geometry":{"type":"Polygon","coordinates":[[[112.1754,-0.7256],[112.1942,-0.7654],[112.1465,-0.8302],[112.1723,-0.8663],[112.1132,-0.9298],[112.114,-0.9885],[112.1002,-1.0208],[112.1169,-1.0452],[112.1467,-1.0359],[112.1604,-1.0438],[112.1622,-1.0871],[112.1187,-1.1398],[112.1085,-1.2007],[112.0963,-1.2114],[112.1261,-1.2331],[112.1328,-1.4122],[112.067,-1.5947],[112.0912,-1.6443],[112.1921,-1.758],[112.201,-1.7895],[112.251,-1.8314],[112.2516,-1.8601],[112.3446,-1.927],[112.3385,-1.9569],[112.3127,-1.9841],[112.3121,-1.9959],[112.3408,-2.0127],[112.3312,-2.0523],[112.3058,-2.0622],[112.314,-2.1564],[112.3362,-2.1822],[112.3737,-2.1967],[112.3735,-2.2671],[112.4082,-2.267],[112.4087,-2.331],[112.4308,-2.3313],[112.4362,-2.362],[112.4348,-2.435],[112.4521,-2.4329],[112.4505,-2.491],[112.4743,-2.4965],[112.4928,-2.543],[112.5249,-2.5454],[112.4954,-2.5453],[112.5118,-2.629],[112.6042,-2.6668],[112.6091,-2.7044],[112.6363,-2.7287],[112.7448,-2.7548],[112.822,-2.8057],[112.8438,-2.8458],[112.845,-2.998],[112.8141,-3.0502],[112.8166,-3.2987],[112.6846,-3.3622],[112.6369,-3.4064],[112.5681,-3.4303],[112.5625,-3.4469],[112.4799,-3.411],[112.4209,-3.3528],[112.3809,-3.332],[112.309,-3.3107],[112.2564,-3.3136],[112.1924,-3.3368],[112.0816,-3.4037],[111.9067,-3.538],[111.853,-3.5413],[111.7947,-3.5257],[112.1314,-3.159],[112.0969,-3.0538],[112.0989,-2.988],[112.1398,-2.8034],[112.1295,-2.7657],[112.042,-2.6883],[112.0618,-2.6492],[112.0368,-2.5918],[112.0416,-2.5576],[112.0328,-2.5569],[112.0341,-2.5203],[112.0229,-2.5202],[112.0236,-2.4827],[112.011,-2.462],[112.0242,-2.4484],[112.05,-2.4517],[112.0502,-2.4275],[112.0614,-2.4278],[112.0622,-2.3935],[112.04,-2.393],[112.04,-2.3455],[112.073,-2.3474],[112.0374,-2.2679],[112.0423,-2.2509],[112.0248,-2.232],[112.018,-2.1254],[112.0564,-2.0674],[112.0581,-2.0123],[112.0744,-1.972],[112.0576,-1.95],[111.9685,-1.9041],[111.9371,-1.8689],[111.9554,-1.7505],[111.917,-1.618],[111.872,-1.5444],[111.7034,-1.4542],[111.6779,-1.421],[111.6448,-1.4193],[111.5687,-1.3343],[111.5772,-1.314],[111.5606,-1.311],[111.504,-1.2535],[111.4525,-1.2597],[111.446,-1.2453],[111.526,-1.2027],[111.5494,-1.2073],[111.5687,-1.1847],[111.5774,-1.1676],[111.5571,-1.1527],[111.5612,-1.1298],[111.5434,-1.1154],[111.5443,-1.0985],[111.5582,-1.1013],[111.5713,-1.0581],[111.6161,-1.0563],[111.6251,-0.9911],[111.6396,-0.968],[111.7239,-0.9426],[111.7481,-0.9116],[111.8382,-0.9064],[111.8855,-0.8582],[111.8869,-0.8417],[111.9173,-0.8411],[111.9234,-0.7927],[111.9517,-0.7926],[111.9768,-0.8133],[111.9844,-0.7994],[112.0549,-0.7706],[112.054,-0.7516],[112.0743,-0.734],[112.0852,-0.6997],[112.1468,-0.7306],[112.1754,-0.7256]]]}},{"type":"Feature","properties":{"province":"RIAU","district":"SIAK","id":"RIAU/SIAK","name":"SIAK"},"geometry":{"type":"Polygon","coordinates":[[[102.1822,1.2283],[102.2091,1.1868],[102.1919,1.0871],[102.2291,0.9958],[102.2626,0.956],[102.3399,0.8996],[102.4169,0.804],[102.5042,0.7512],[102.5716,0.7386],[102.6766,0.7557],[102.7695,0.7324],[102.8503,0.7401],[102.8996,0.7241],[102.8864,0.7095],[102.8127,0.6929],[102.8017,0.676],[102.8097,0.653],[101.9323,0.552],[101.9126,0.454],[101.8859,0.4495],[101.8847,0.5098],[101.8733,0.5251],[101.8219,0.4998],[101.8219,0.4875],[101.8415,0.4875],[101.8503,0.4613],[101.7906,0.4061],[101.7332,0.4543],[101.6947,0.4503],[101.701,0.4346],[101.6877,0.4307],[101.6753,0.4518],[101.6508,0.4482],[101.6582,0.4695],[101.6439,0.4852],[101.6736,0.4914],[101.6748,0.5099],[101.6009,0.5063],[101.592,0.5297],[101.6054,0.5438],[101.5958,0.5438],[101.5823,0.5908],[101.5926,0.6072],[101.5738,0.6195],[101.5703,0.6386],[101.5466,0.6411],[101.5381,0.6812],[101.5143,0.6905],[101.4849,0.6424],[101.466,0.638],[101.4581,0.6671],[101.4249,0.6686],[101.3752,0.7106],[101.3236,0.6922],[101.3203,0.7142],[101.3799,0.7339],[101.3793,0.7688],[101.0874,0.9201],[101.0656,0.9152],[101.0559,0.8881],[101.0621,0.9245],[101.001,0.962],[100.9898,0.9816],[100.9973,1.0195],[100.984,1.082],[101.0789,1.003],[101.1281,1.0201],[101.1926,0.9996],[101.2313,1.0068],[101.2823,1.0597],[101.3396,1.0282],[101.4342,1.0158],[101.4566,1.003],[101.4562,0.985],[101.5155,0.9536],[101.5245,0.9315],[101.5475,0.9217],[101.599,1.034],[101.7128,1.2118],[101.777,1.212],[101.8568,1.2015],[101.8872,1.1762],[101.9101,1.0891],[101.979,0.98],[102.0203,1.0322],[102.0333,1.0322],[102.0376,1.0874],[102.0653,1.0931],[102.077,1.1227],[102.0946,1.1204],[102.1019,1.1485],[102.1491,1.1873],[102.1481,1.2045],[102.1652,1.2017],[102.1686,1.2285],[102.1822,1.2283]]]}},{"type":"Feature","properties":{"province":"SULAWESI SELATAN","district":"SIDENRENG RAPPANG","id":"SULAWESI SELATAN/SIDENRENG RAPPANG","name":"SIDENRENG RAPPANG"},"geometry":{"type":"Polygon","coordinates":[[[120.3209,-3.6468],[120.3388,-3.6779],[120.3134,-3.6851],[120.3036,-3.7304],[120.2805,-3.75],[120.2709,-3.7263],[120.2931,-3.7219],[120.2993,-3.7052],[120.2016,-3.6487],[120.1566,-3.6422],[120.1433,-3.683],[120.2105,-3.7234],[120.1918,-3.7728],[120.1534,-3.7652],[120.1255,-3.8128],[120.0862,-3.7925],[120.0725,-3.8228],[120.0795,-3.8473],[120.0669,-3.8426],[120.0459,-3.8702],[120.0411,-3.9021],[120.0162,-3.9386],[119.9107,-3.9345],[119.8812,-4.0251],[119.9082,-4.0694],[119.8965,-4.0786],[119.8968,-4.1081],[119.8483,-4.0986],[119.8095,-4.1122],[119.8047,-4.1286],[119.7767,-4.1321],[119.7506,-4.1267],[119.7258,-4.0985],[119.7103,-4.0671],[119.7188,-4.046],[119.6987,-4.0138],[119.679,-4.0122],[119.6864,-3.9902],[119.6594,-3.966],[119.7247,-3.8946],[119.7515,-3.8138],[119.7519,-3.7728],[119.778,-3.7378],[119.8027,-3.7333],[119.873,-3.8187],[119.9067,-3.8227],[119.9372,-3.8029],[119.9606,-3.804],[119.9693,-3.7884],[119.9405,-3.7618],[119.9372,-3.7086],[119.9229,-3.6854],[119.9516,-3.6603],[119.9953,-3.66],[119.9921,-3.6304],[120.0272,-3.5957],[120.0373,-3.5474],[120.0615,-3.5371],[120.0857,-3.4944],[120.0975,-3.488],[120.1402,-3.5245],[120.1763,-3.5072],[120.1972,-3.5804],[120.234,-3.5845],[120.2744,-3.6137],[120.2891,-3.641],[120.3209,-3.6468]]]}},{"type":"Feature","properties":{"province":"JAWA TIMUR","district":"SIDOARJO","id":"JAWA TIMUR/SIDOARJO","name":"SIDOARJO"},"geometry":{"type":"Polygon","coordinates":[[[112.8696,-7.5716],[112.8451,-7.5774],[112.832,-7.5524],[112.7709,-7.5748],[112.739,-7.5732],[112.7057,-7.545],[112.6743,-7.5502],[112.6696,-7.5624],[112.5706,-7.4797],[112.4886,-7.4599],[112.4567,-7.447],[112.4594,-7.4372],[112.4851,-7.4092],[112.5663,-7.3979],[112.5889,-7.3701],[112.6534,-7.3622],[112.7043,-7.3365],[112.7258,-7.3483],[112.7554,-7.3367],[112.8125,-7.3464],[112.8405,-7.3305],[112.8315,-7.4049],[112.8411,-7.4811],[112.813,-7.4787],[112.87,-7.5327],[112.8778,-7.5638],[112.8696,-7.5716]]]}},{"type":"Feature","properties":{"province":"SULAWESI TENGAH","district":"SIGI","id":"SULAWESI TENGAH/SIGI","name":"SIGI"},"geometry":{"type":"Polygon","coordinates":[[[120.3542,-1.1852],[120.2867,-1.2049],[120.2724,-1.2321],[120.2309,-1.2238],[120.2138,-1.2578],[120.176,-1.2694],[120.2246,-1.2928],[120.2523,-1.3355],[120.272,-1.3433],[120.2833,-1.3628],[120.2665,-1.384],[120.2765,-1.4031],[120.2379,-1.443],[120.1744,-1.4509],[120.1519,-1.484],[120.1021,-1.5174],[120.0894,-1.5537],[120.1303,-1.56],[120.136,-1.6144],[120.1244,-1.6459],[120.1421,-1.678],[120.1437,-1.7214],[120.1803,-1.7709],[120.1229,-1.7893],[120.0912,-1.8174],[120.1122,-1.8323],[120.1405,-1.9017],[120.0905,-1.9263],[120.0945,-1.9675],[120.0753,-1.9473],[120.0446,-1.9721],[119.9954,-1.9577],[119.9451,-2.0145],[119.945,-2.0288],[119.9208,-2.0331],[119.8995,-2.0549],[119.8715,-2.0337],[119.8717,-2.0187],[119.8459,-2.0171],[119.8712,-1.9389],[119.847,-1.9022],[119.8537,-1.8752],[119.8749,-1.8632],[119.8588,-1.8257],[119.871,-1.7771],[119.8264,-1.7689],[119.8111,-1.7428],[119.7958,-1.7413],[119.7953,-1.7084],[119.7761,-1.7017],[119.7816,-1.6917],[119.7589,-1.658],[119.728,-1.6378],[119.7345,-1.6057],[119.6723,-1.5464],[119.6666,-1.5264],[119.6935,-1.4713],[119.6892,-1.4324],[119.7092,-1.4164],[119.7327,-1.4242],[119.7629,-1.4023],[119.7996,-1.4023],[119.8331,-1.3867],[119.8382,-1.3634],[119.8218,-1.3037],[119.8309,-1.2839],[119.7751,-1.1953],[119.8041,-1.1393],[119.7941,-1.1305],[119.8007,-1.0875],[119.76,-1.0278],[119.7573,-0.9967],[119.6742,-1.0065],[119.6477,-0.9871],[119.6532,-0.953],[119.7109,-0.9365],[119.7087,-0.9204],[119.7289,-0.9045],[119.7431,-0.922],[119.77,-0.9105],[119.7705,-0.8788],[119.8008,-0.8575],[119.8224,-0.8691],[119.8323,-0.9425],[119.874,-0.9234],[119.878,-0.934],[119.9311,-0.9475],[119.9418,-0.9364],[119.9283,-0.9215],[119.9582,-0.9161],[120.0194,-0.8758],[120.0314,-0.8807],[120.0378,-0.8575],[120.0657,-0.9195],[120.0524,-0.9676],[120.0738,-0.9834],[120.0822,-1.0127],[120.1114,-1.0163],[120.1236,-1.0363],[120.1503,-1.04],[120.1783,-1.0629],[120.2163,-1.0676],[120.2342,-1.1306],[120.265,-1.1496],[120.2993,-1.1371],[120.3698,-1.148],[120.3408,-1.1724],[120.3543,-1.1739],[120.3542,-1.1852]]]}},{"type":"Feature","properties":{"province":"SUMATERA BARAT","district":"SIJUNJUNG","id":"SUMATERA BARAT/SIJUNJUNG","name":"SIJUNJUNG"},"geometry":{"type":"Polygon","coordinates":[[[100.8298,-0.3584],[100.8608,-0.3322],[100.8744,-0.3449],[100.9342,-0.3153],[100.9941,-0.3162],[101.0381,-0.3518],[101.0414,-0.3853],[101.0285,-0.3987],[101.0649,-0.5019],[101.1117,-0.5017],[101.1431,-0.5298],[101.1813,-0.5426],[101.1986,-0.5814],[101.2231,-0.5868],[101.2549,-0.6252],[101.3054,-0.6278],[101.3226,-0.6495],[101.3574,-0.6575],[101.3478,-0.6835],[101.4056,-0.7175],[101.3948,-0.7436],[101.4251,-0.7387],[101.5058,-0.8085],[101.5469,-0.8237],[101.5206,-0.848],[101.5049,-0.839],[101.4966,-0.8507],[101.4769,-0.8342],[101.4542,-0.8342],[101.4388,-0.8823],[101.4134,-0.8993],[101.4204,-0.927],[101.3962,-0.9404],[101.3967,-0.9751],[101.353,-0.9551],[101.3255,-0.9669],[101.3109,-0.951],[101.2874,-0.962],[101.258,-0.9334],[101.2173,-0.9211],[101.2025,-0.9508],[101.0634,-0.9881],[101.0497,-0.9684],[101.0667,-0.9495],[101.0459,-0.8859],[100.9995,-0.8773],[100.9948,-0.8544],[100.9537,-0.8315],[100.9621,-0.8043],[100.9112,-0.8119],[100.8884,-0.8281],[100.8506,-0.7841],[100.8098,-0.794],[100.8218,-0.7799],[100.8096,-0.7728],[100.8119,-0.7355],[100.7891,-0.6707],[100.8095,-0.6231],[100.7988,-0.5987],[100.8132,-0.5834],[100.8035,-0.5657],[100.8179,-0.5066],[100.8324,-0.4967],[100.8164,-0.4872],[100.8395,-0.4814],[100.8493,-0.4269],[100.8291,-0.3996],[100.8298,-0.3584]]]}},{"type":"Feature","properties":{"province":"NUSA TENGGARA TIMUR","district":"SIKKA","id":"NUSA TENGGARA TIMUR/SIKKA","name":"SIKKA"},"geometry":{"type":"Polygon","coordinates":[[[122.6384,-8.3842],[122.6835,-8.3861],[122.6847,-8.4387],[122.6734,-8.4597],[122.6869,-8.4847],[122.6557,-8.5623],[122.6542,-8.6371],[122.5572,-8.6663],[122.5397,-8.7013],[122.51,-8.7182],[122.3688,-8.7526],[122.3344,-8.7389],[122.2833,-8.7545],[122.238,-8.742],[122.1971,-8.7502],[122.1774,-8.7304],[122.1158,-8.7292],[122.0,-8.8074],[121.9898,-8.7958],[121.9933,-8.7536],[121.9582,-8.7571],[121.9285,-8.7171],[121.9582,-8.6853],[121.9589,-8.6589],[121.9735,-8.6546],[121.9762,-8.6257],[121.9655,-8.6132],[121.9906,-8.6057],[122.0054,-8.5551],[121.9857,-8.5435],[122.0007,-8.5153],[122.0183,-8.5307],[122.0713,-8.5228],[122.0816,-8.5432],[122.1044,-8.529],[122.1599,-8.5544],[122.2212,-8.6203],[122.2895,-8.642],[122.364,-8.6114],[122.4718,-8.6095],[122.5176,-8.5473],[122.5181,-8.526],[122.4789,-8.493],[122.4912,-8.4734],[122.5494,-8.465],[122.5707,-8.429],[122.5922,-8.4235],[122.5968,-8.3932],[122.6105,-8.3999],[122.6201,-8.3839],[122.6384,-8.3842]]]}},{"type":"Feature","properties":{"province":"SUMATERA UTARA","district":"SIMALUNGUN","id":"SUMATERA UTARA/SIMALUNGUN","name":"SIMALUNGUN"},"geometry":{"type":"Polygon","coordinates":[[[99.3315,3.2925],[99.3466,3.2838],[99.3567,3.2198],[99.3833,3.2578],[99.4041,3.2544],[99.3699,3.1511],[99.4176,3.1552],[99.4498,3.1339],[99.495,3.1257],[99.4969,3.1151],[99.5162,3.1174],[99.5215,3.1028],[99.5021,3.095],[99.5292,3.0839],[99.5298,3.1043],[99.5513,3.0998],[99.5657,3.0786],[99.5443,3.0377],[99.4973,3.0024],[99.498,2.9823],[99.4551,2.9555],[99.446,2.9315],[99.3993,2.9152],[99.3713,2.883],[99.3329,2.8942],[99.2662,2.8607],[99.2479,2.8122],[99.1257,2.7128],[99.126,2.693],[99.0787,2.6621],[99.0777,2.5971],[99.0424,2.6338],[98.9746,2.602],[98.9505,2.6541],[98.8947,2.6629],[98.8658,2.7026],[98.738,2.7916],[98.6289,2.7949],[98.5812,2.825],[98.5631,2.8846],[98.5352,2.908],[98.5602,3.0257],[98.5848,3.0502],[98.5819,3.0712],[98.6057,3.1094],[98.6287,3.0977],[98.6348,3.062],[98.6926,3.072],[98.6918,3.0468],[98.705,3.0504],[98.7327,3.1453],[98.7357,3.2149],[98.8404,3.2224],[98.863,3.256],[98.9134,3.2749],[98.9232,3.2655],[98.9644,3.2872],[98.987,3.274],[98.9371,3.2075],[99.008,3.2085],[98.965,3.1448],[98.9892,3.1252],[98.9776,3.1187],[98.9814,3.0788],[98.9269,3.0159],[98.9696,3.0178],[99.0,3.0252],[99.0071,3.0691],[99.0343,3.0916],[99.0327,3.1108],[99.1091,3.14],[99.1316,3.1576],[99.1329,3.1738],[99.1599,3.1522],[99.1967,3.1785],[99.2068,3.2247],[99.2266,3.2044],[99.236,3.2572],[99.2602,3.2596],[99.2654,3.2793],[99.3017,3.2832],[99.305,3.3043],[99.3315,3.2925]],[[99.0997,3.0186],[99.03,3.0037],[99.0394,2.9944],[99.027,2.9882],[99.0209,2.9484],[99.0416,2.9249],[99.0122,2.8922],[99.1021,2.935],[99.0989,2.9627],[99.08,2.9597],[99.0949,2.9787],[99.0997,3.0186]]]}},{"type":"Feature","properties":{"province":"ACEH","district":"SIMEULUE","id":"ACEH/SIMEULUE","name":"SIMEULUE"},"geometry":{"type":"Polygon","coordinates":[[[95.803,2.9298],[95.7995,2.9084],[95.8194,2.9123],[95.8396,2.8829],[95.8353,2.913],[95.8723,2.9132],[95.9047,2.8948],[95.918,2.8679],[95.9122,2.8473],[95.8835,2.8726],[95.8731,2.8683],[95.8831,2.8593],[95.8651,2.8584],[95.8871,2.8431],[95.8828,2.825],[95.9039,2.8238],[95.9165,2.8448],[95.9327,2.8233],[95.9756,2.8115],[95.9802,2.7911],[96.0262,2.7566],[96.0927,2.7563],[96.1034,2.7511],[96.0847,2.7534],[96.0823,2.7311],[96.0901,2.7491],[96.1312,2.7306],[96.1312,2.719],[96.1115,2.7295],[96.1131,2.7142],[96.1288,2.7005],[96.1334,2.7144],[96.1455,2.7116],[96.1409,2.6959],[96.1517,2.689],[96.1295,2.6826],[96.1127,2.6865],[96.1192,2.6938],[96.0921,2.6749],[96.1021,2.6727],[96.1056,2.6365],[96.1235,2.6335],[96.1234,2.6479],[96.1429,2.6545],[96.1437,2.6358],[96.1548,2.6477],[96.1762,2.6315],[96.1774,2.6157],[96.1926,2.6166],[96.1815,2.6558],[96.159,2.6767],[96.1733,2.6736],[96.223,2.6199],[96.239,2.6193],[96.2532,2.5853],[96.3496,2.5465],[96.3401,2.5215],[96.3704,2.5125],[96.3688,2.4883],[96.3924,2.4748],[96.3846,2.456],[96.4068,2.4574],[96.4039,2.5128],[96.4254,2.4771],[96.427,2.4917],[96.4537,2.4759],[96.4722,2.4495],[96.4673,2.4275],[96.4764,2.4307],[96.4922,2.4078],[96.4762,2.399],[96.4987,2.3635],[96.4434,2.3283],[96.4094,2.3314],[96.3873,2.3497],[96.367,2.3373],[96.345,2.3412],[96.3145,2.3596],[96.3341,2.372],[96.3359,2.3881],[96.3138,2.3861],[96.3163,2.4178],[96.2283,2.4419],[96.1884,2.4883],[96.1696,2.4907],[96.1607,2.5121],[96.1284,2.52],[96.1185,2.5411],[96.0802,2.5667],[96.059,2.5633],[96.0497,2.5779],[96.0109,2.5905],[95.9964,2.5661],[95.9943,2.5819],[95.9788,2.5885],[95.9494,2.5699],[95.9167,2.5992],[95.8855,2.6035],[95.8893,2.6203],[95.8631,2.638],[95.845,2.6372],[95.8391,2.6219],[95.8179,2.6477],[95.7973,2.6302],[95.7856,2.6815],[95.7551,2.7004],[95.7641,2.714],[95.7225,2.7415],[95.734,2.7572],[95.7046,2.7469],[95.6921,2.7737],[95.7194,2.8251],[95.7725,2.8274],[95.7792,2.8179],[95.7917,2.8307],[95.7965,2.8441],[95.7649,2.8472],[95.7633,2.8795],[95.7835,2.9219],[95.803,2.9298]]]}},{"type":"Feature","properties":{"province":"SULAWESI SELATAN","district":"SINJAI","id":"SULAWESI SELATAN/SINJAI","name":"SINJAI"},"geometry":{"type":"Polygon","coordinates":[[[120.1307,-5.0445],[120.1647,-5.0785],[120.1874,-5.069],[120.2073,-5.1],[120.2324,-5.0875],[120.2608,-5.1162],[120.2659,-5.1018],[120.293,-5.1177],[120.2709,-5.145],[120.3344,-5.2876],[120.3047,-5.3019],[120.2989,-5.2879],[120.2631,-5.286],[120.1698,-5.314],[120.1406,-5.2884],[120.125,-5.3117],[120.0781,-5.3159],[120.0741,-5.3392],[120.0396,-5.3469],[119.9986,-5.3197],[119.9376,-5.3559],[119.9288,-5.3414],[119.9966,-5.2315],[119.9904,-5.2052],[120.0248,-5.1999],[120.0319,-5.1845],[119.9731,-5.1586],[119.9706,-5.1311],[120.0572,-5.1268],[120.0814,-5.0776],[120.1063,-5.071],[120.1307,-5.0445]]]}},{"type":"Feature","properties":{"province":"KALIMANTAN BARAT","district":"SINTANG","id":"KALIMANTAN BARAT/SINTANG","name":"SINTANG"},"geometry":{"type":"Polygon","coordinates":[[[111.529,0.9544],[111.561,0.9212],[111.6078,0.9343],[111.6259,0.9232],[111.6436,0.8607],[111.6647,0.846],[111.6765,0.8154],[111.7454,0.7578],[111.7179,0.707],[111.7167,0.6723],[111.6874,0.6276],[111.7206,0.5706],[111.7245,0.4593],[111.7014,0.4364],[111.686,0.3775],[111.6448,0.3593],[111.6508,0.3331],[111.6679,0.3421],[111.6813,0.3211],[111.6856,0.3001],[111.6665,0.3013],[111.6674,0.2914],[111.6797,0.27],[111.7209,0.2497],[111.7715,0.2323],[111.8409,0.2281],[111.867,0.1831],[111.9266,0.1831],[111.9688,0.1628],[112.006,0.1951],[112.0587,0.1798],[112.0487,0.1344],[112.0938,0.1187],[112.139,0.0662],[112.145,0.0889],[112.1712,0.0824],[112.2175,0.1148],[112.2653,0.1106],[112.2906,0.0826],[112.3078,0.1012],[112.336,0.1059],[112.3934,0.0948],[112.4027,0.1222],[112.3957,0.147],[112.5056,0.1048],[112.5116,0.1836],[112.5405,0.1783],[112.5694,0.2044],[112.6475,0.1674],[112.6286,0.2068],[112.6717,0.2417],[112.753,0.2335],[112.8241,0.162],[112.9482,0.1466],[112.9633,0.1506],[112.9755,0.1759],[112.9655,0.2144],[112.9973,0.2534],[113.0465,0.2715],[113.0547,0.2917],[113.075,0.2685],[113.1028,0.2624],[113.1005,0.2307],[113.1227,0.2119],[113.1792,0.2431],[113.2618,0.2301],[113.2943,0.2071],[113.3135,0.171],[113.3998,0.1349],[113.4144,0.1141],[113.3933,0.0833],[113.4052,0.0642],[113.3958,0.0343],[113.4328,0.0092],[113.4157,-0.0478],[113.4432,-0.064],[113.4199,-0.0917],[113.4225,-0.1105],[113.4007,-0.1105],[113.3853,-0.1319],[113.3302,-0.1516],[113.2908,-0.2087],[113.3054,-0.2542],[113.2574,-0.2817],[113.2599,-0.2934],[113.2205,-0.3335],[113.2391,-0.3778],[113.2623,-0.3894],[113.2573,-0.4055],[113.2711,-0.4257],[113.2553,-0.4343],[113.2609,-0.4493],[113.2465,-0.4502],[113.2256,-0.4977],[113.1922,-0.5035],[113.1308,-0.4522],[113.0546,-0.5138],[113.0377,-0.4959],[112.9981,-0.5034],[112.9915,-0.4928],[112.9757,-0.5111],[112.923,-0.522],[112.9116,-0.5405],[112.8658,-0.5478],[112.8324,-0.5776],[112.7875,-0.5858],[112.7774,-0.5738],[112.7446,-0.5719],[112.7295,-0.5881],[112.7345,-0.6307],[112.7037,-0.6205],[112.6881,-0.6591],[112.6382,-0.6573],[112.5945,-0.6898],[112.5776,-0.6815],[112.5613,-0.6962],[112.5029,-0.7002],[112.4961,-0.6843],[112.4702,-0.685],[112.4475,-0.6499],[112.4142,-0.6276],[112.44,-0.5476],[112.4232,-0.5264],[112.4354,-0.5057],[112.4143,-0.4839],[112.4374,-0.4307],[112.3635,-0.3467],[112.3721,-0.3022],[112.3865,-0.2926],[112.3726,-0.2558],[112.4106,-0.1823],[112.3541,-0.1913],[112.2281,-0.2435],[112.151,-0.309],[112.1324,-0.3039],[112.1072,-0.2623],[112.0466,-0.2357],[112.0371,-0.204],[112.0309,-0.2199],[111.9973,-0.2079],[111.9769,-0.2179],[111.9317,-0.1864],[111.8925,-0.2134],[111.8601,-0.1901],[111.8558,-0.208],[111.8146,-0.2159],[111.785,-0.18],[111.7651,-0.1769],[111.7686,-0.1861],[111.7512,-0.1905],[111.7482,-0.1794],[111.7248,-0.1752],[111.7316,-0.1497],[111.7151,-0.1532],[111.7023,-0.1275],[111.6852,-0.1314],[111.6619,-0.1646],[111.5515,-0.2119],[111.5415,-0.2348],[111.4981,-0.2336],[111.4792,-0.2728],[111.495,-0.322],[111.4673,-0.347],[111.4308,-0.3663],[111.3916,-0.3497],[111.3675,-0.3591],[111.3553,-0.384],[111.2607,-0.4354],[111.2395,-0.4553],[111.2416,-0.4686],[111.2022,-0.4959],[111.203,-0.5109],[111.1712,-0.5182],[111.0959,-0.5047],[111.0723,-0.4537],[111.0363,-0.4308],[111.0,-0.378],[110.992,-0.3272],[111.0063,-0.2952],[111.029,-0.2933],[111.0447,-0.2673],[111.0819,-0.261],[111.0882,-0.1446],[111.1228,-0.1328],[111.1339,-0.1109],[111.1442,0.0098],[111.1226,0.0851],[111.1574,0.1022],[111.1796,0.0776],[111.2169,0.0628],[111.2685,0.1705],[111.2734,0.2452],[111.261,0.247],[111.2595,0.2948],[111.2314,0.3067],[111.2356,0.325],[111.208,0.3685],[111.2262,0.3759],[111.215,0.4006],[111.2355,0.4393],[111.261,0.4534],[111.2944,0.5],[111.2816,0.5363],[111.2898,0.5453],[111.2715,0.5776],[111.2122,0.5983],[111.1968,0.6405],[111.2021,0.6786],[111.1872,0.693],[111.1193,0.7201],[111.0507,0.7199],[110.997,0.7461],[110.9946,0.7368],[110.9747,0.7422],[110.9679,0.7244],[110.9036,0.7128],[110.8577,0.7277],[110.851,0.744],[110.8693,0.7548],[110.8465,0.7554],[110.8137,0.7897],[110.792,0.7922],[110.7597,0.8508],[110.7952,0.897],[110.8163,0.9054],[110.8093,0.95],[110.8612,0.9513],[110.8627,0.9654],[110.89,0.9834],[110.905,1.0285],[110.995,1.0287],[111.0798,1.0511],[111.1536,1.0529],[111.2315,1.0862],[111.2521,1.063],[111.273,1.0679],[111.4134,1.0076],[111.4443,1.0135],[111.4644,1.0369],[111.4887,1.0353],[111.5147,1.0039],[111.529,0.9544]]]}},{"type":"Feature","properties":{"province":"JAWA TIMUR","district":"SITUBONDO","id":"JAWA TIMUR/SITUBONDO","name":"SITUBONDO"},"geometry":{"type":"Polygon","coordinates":[[[114.0395,-7.605],[114.1075,-7.7069],[114.2081,-7.7178],[114.24,-7.698],[114.2926,-7.7472],[114.3284,-7.7584],[114.3714,-7.7504],[114.4411,-7.7915],[114.467,-7.8346],[114.4578,-7.8484],[114.4645,-7.8861],[114.4237,-7.9169],[114.424,-7.9354],[114.3328,-7.9069],[114.3036,-7.8847],[114.2509,-7.9378],[114.2243,-7.9867],[114.1745,-7.9694],[114.1276,-7.993],[114.1111,-7.9096],[114.0925,-7.8754],[114.0794,-7.7707],[114.0663,-7.7594],[114.0078,-7.755],[113.9924,-7.7778],[113.9508,-7.7652],[113.9348,-7.7927],[113.9182,-7.7888],[113.904,-7.8036],[113.8532,-7.7944],[113.8343,-7.8131],[113.8016,-7.8165],[113.7934,-7.8028],[113.7397,-7.7889],[113.7225,-7.879],[113.6629,-7.9216],[113.6604,-7.9385],[113.6157,-7.9581],[113.6235,-7.8955],[113.6029,-7.8431],[113.6117,-7.8241],[113.5922,-7.8054],[113.6061,-7.7989],[113.6007,-7.7753],[113.5727,-7.7426],[113.5793,-7.7259],[113.5982,-7.7154],[113.6668,-7.7369],[113.7134,-7.7083],[113.7636,-7.738],[113.7958,-7.7275],[113.8309,-7.6885],[113.8682,-7.6801],[113.9309,-7.7008],[113.9403,-7.6768],[113.9558,-7.6777],[113.9722,-7.6516],[114.0395,-7.605]]]}},{"type":"Feature","properties":{"province":"DAERAH ISTIMEWA YOGYAKARTA","district":"SLEMAN","id":"DAERAH ISTIMEWA YOGYAKARTA/SLEMAN","name":"SLEMAN"},"geometry":{"type":"Polygon","coordinates":[[[110.5436,-7.7926],[110.5424,-7.8234],[110.5192,-7.831],[110.454,-7.8204],[110.4337,-7.8366],[110.4216,-7.8223],[110.421,-7.7863],[110.4001,-7.7914],[110.3523,-7.7665],[110.3306,-7.8066],[110.316,-7.8052],[110.3166,-7.8237],[110.2922,-7.8352],[110.2804,-7.8185],[110.2867,-7.7846],[110.2334,-7.8152],[110.216,-7.7402],[110.2325,-7.7135],[110.2722,-7.7063],[110.3028,-7.6558],[110.4452,-7.5412],[110.4918,-7.7668],[110.5095,-7.7693],[110.5305,-7.798],[110.5436,-7.7926]]]}},{"type":"Feature","properties":{"province":"SUMATERA BARAT","district":"SOLOK","id":"SUMATERA BARAT/SOLOK","name":"SOLOK"},"geometry":{"type":"Polygon","coordinates":[[[100.6781,-0.5375],[100.6991,-0.5505],[100.7059,-0.5729],[100.691,-0.6453],[100.7245,-0.6619],[100.7066,-0.6712],[100.6961,-0.7244],[100.7142,-0.7358],[100.7376,-0.7245],[100.7797,-0.7648],[100.8207,-0.7785],[100.8108,-0.7951],[100.8506,-0.7841],[100.8884,-0.8281],[100.9112,-0.8119],[100.9621,-0.8043],[100.9537,-0.8315],[100.9948,-0.8544],[100.9995,-0.8773],[101.0459,-0.8859],[101.0667,-0.9495],[101.0497,-0.9684],[101.0663,-0.9895],[101.1266,-0.9781],[101.1585,-0.9558],[101.201,-0.9571],[101.1839,-1.0299],[101.1423,-1.0373],[101.1656,-1.0555],[101.1582,-1.0707],[101.1717,-1.087],[101.1769,-1.1352],[101.2451,-1.2134],[101.2314,-1.249],[101.2626,-1.2631],[101.2527,-1.2915],[101.2154,-1.2817],[101.2057,-1.2929],[101.192,-1.2807],[101.1715,-1.3038],[101.1218,-1.2933],[101.0946,-1.3016],[101.0046,-1.2588],[101.0001,-1.3062],[100.9806,-1.3129],[100.973,-1.2986],[100.9339,-1.2845],[100.9004,-1.2977],[100.8896,-1.3292],[100.859,-1.2979],[100.8372,-1.305],[100.8176,-1.279],[100.7987,-1.2781],[100.8099,-1.2442],[100.7929,-1.1827],[100.7739,-1.16],[100.753,-1.1611],[100.7521,-1.1252],[100.726,-1.0945],[100.644,-1.1209],[100.6222,-1.097],[100.6196,-1.0608],[100.5945,-1.0746],[100.5784,-1.0684],[100.5532,-1.0323],[100.5525,-0.9877],[100.5385,-0.9606],[100.5656,-0.9027],[100.5556,-0.86],[100.5355,-0.847],[100.5497,-0.8274],[100.5444,-0.8148],[100.5613,-0.819],[100.5977,-0.7972],[100.6059,-0.8066],[100.6361,-0.7952],[100.678,-0.8068],[100.6704,-0.774],[100.6853,-0.7622],[100.6839,-0.745],[100.6437,-0.7448],[100.629,-0.7719],[100.5708,-0.7867],[100.5415,-0.809],[100.5246,-0.7899],[100.5104,-0.795],[100.5094,-0.7547],[100.4793,-0.7518],[100.4766,-0.7334],[100.4422,-0.7125],[100.426,-0.6595],[100.4844,-0.6591],[100.5235,-0.6424],[100.5917,-0.5987],[100.5831,-0.5847],[100.5914,-0.552],[100.6132,-0.5614],[100.6401,-0.539],[100.6781,-0.5375]]]}},{"type":"Feature","properties":{"province":"SUMATERA BARAT","district":"SOLOK SELATAN","id":"SUMATERA BARAT/SOLOK SELATAN","name":"SOLOK SELATAN"},"geometry":{"type":"Polygon","coordinates":[[[101.4266,-1.6775],[101.4111,-1.6727],[101.3954,-1.69],[101.3732,-1.6753],[101.3365,-1.6807],[101.3104,-1.701],[101.2667,-1.6958],[101.2423,-1.7211],[101.2159,-1.7251],[101.1968,-1.7102],[101.191,-1.676],[101.1692,-1.7106],[101.1223,-1.6754],[101.0654,-1.6579],[101.0653,-1.6353],[101.0174,-1.606],[101.0203,-1.5654],[100.9832,-1.5278],[100.9762,-1.4831],[100.9415,-1.4711],[100.9371,-1.4247],[100.8941,-1.3934],[100.9065,-1.3706],[100.8881,-1.3378],[100.8946,-1.304],[100.9168,-1.2884],[100.9419,-1.2845],[100.9806,-1.3129],[101.0001,-1.3062],[101.0046,-1.2588],[101.0946,-1.3016],[101.1218,-1.2933],[101.1715,-1.3038],[101.192,-1.2807],[101.2057,-1.2929],[101.2154,-1.2817],[101.2527,-1.2915],[101.2626,-1.2631],[101.2314,-1.249],[101.2451,-1.2134],[101.1769,-1.1352],[101.1666,-1.1028],[101.198,-1.107],[101.2323,-1.1511],[101.2577,-1.1432],[101.2633,-1.1667],[101.2927,-1.1741],[101.2995,-1.1436],[101.3507,-1.1315],[101.3443,-1.0436],[101.4038,-1.038],[101.4319,-1.0046],[101.4536,-1.011],[101.4601,-1.0306],[101.403,-1.1599],[101.4205,-1.1948],[101.4501,-1.211],[101.4471,-1.2413],[101.4678,-1.2589],[101.4686,-1.2813],[101.5257,-1.3042],[101.515,-1.3377],[101.587,-1.3253],[101.5969,-1.3489],[101.6724,-1.3894],[101.6264,-1.4128],[101.6094,-1.4373],[101.5607,-1.4443],[101.5574,-1.4624],[101.527,-1.4858],[101.5409,-1.5142],[101.5097,-1.573],[101.4871,-1.5801],[101.441,-1.627],[101.4266,-1.6775]]]}},{"type":"Feature","properties":{"province":"SULAWESI SELATAN","district":"SOPPENG","id":"SULAWESI SELATAN/SOPPENG","name":"SOPPENG"},"geometry":{"type":"Polygon","coordinates":[[[119.8944,-4.109],[119.9504,-4.1233],[119.936,-4.2394],[119.9596,-4.2565],[119.9608,-4.2719],[120.0404,-4.2624],[120.0416,-4.2872],[120.0726,-4.2855],[120.0615,-4.3206],[120.0944,-4.3351],[120.0928,-4.4058],[120.049,-4.3991],[120.0641,-4.4192],[120.0604,-4.4863],[120.0334,-4.5259],[119.9946,-4.5211],[119.9762,-4.5393],[119.9024,-4.5153],[119.893,-4.5355],[119.8597,-4.5274],[119.8504,-4.5452],[119.8061,-4.5362],[119.7915,-4.4956],[119.7585,-4.4803],[119.7561,-4.2888],[119.7062,-4.2316],[119.7218,-4.2145],[119.7576,-4.2065],[119.7573,-4.1935],[119.7312,-4.1765],[119.7302,-4.1513],[119.7506,-4.1267],[119.8021,-4.1297],[119.8095,-4.1122],[119.8483,-4.0986],[119.8944,-4.109]]]}},{"type":"Feature","properties":{"province":"PAPUA BARAT","district":"SORONG","id":"PAPUA BARAT/SORONG","name":"SORONG"},"geometry":{"type":"Polygon","coordinates":[[[131.5329,-0.728],[131.5434,-0.7474],[131.5166,-0.7567],[131.5072,-0.7751],[131.5441,-0.7708],[131.5826,-0.7482],[131.7457,-0.7305],[131.7605,-0.7998],[131.7739,-0.8002],[131.7808,-0.8161],[131.8011,-0.8079],[131.8386,-0.8376],[131.8346,-0.8498],[131.8794,-0.8385],[131.9072,-0.8418],[131.9127,-0.8555],[131.9255,-0.8374],[131.9688,-0.8567],[132.0062,-0.8385],[132.1199,-0.892],[132.2121,-0.8989],[132.236,-0.9318],[132.2102,-0.9698],[132.2322,-1.0012],[132.2169,-1.0197],[132.2262,-1.0452],[132.2077,-1.0573],[132.1835,-1.0534],[132.1854,-1.1073],[132.1582,-1.1097],[132.1251,-1.0821],[132.1103,-1.0946],[132.0801,-1.0795],[132.0711,-1.0903],[132.0556,-1.0584],[132.0288,-1.0722],[132.0213,-1.0483],[132.0014,-1.0654],[131.9931,-1.0503],[131.9808,-1.0603],[131.9801,-1.0453],[131.9698,-1.0565],[131.9427,-1.0019],[131.9341,-1.0205],[131.8995,-1.0114],[131.9167,-1.0547],[131.901,-1.0999],[131.8759,-1.097],[131.8573,-1.1461],[131.8668,-1.1516],[131.8532,-1.16],[131.8368,-1.2085],[131.8669,-1.301],[131.8907,-1.311],[131.8864,-1.3451],[131.8738,-1.3482],[131.8792,-1.3631],[131.8585,-1.3605],[131.8653,-1.3246],[131.8472,-1.3512],[131.8334,-1.3467],[131.8323,-1.3699],[131.8184,-1.3588],[131.8092,-1.3715],[131.8162,-1.3868],[131.8297,-1.3783],[131.8052,-1.4193],[131.8257,-1.4365],[131.7988,-1.4362],[131.7963,-1.4468],[131.8174,-1.4497],[131.8217,-1.4792],[131.7925,-1.4914],[131.8027,-1.5475],[131.7781,-1.5735],[131.7212,-1.5819],[131.6958,-1.5586],[131.6946,-1.5468],[131.7453,-1.4944],[131.7429,-1.4482],[131.7144,-1.4241],[131.6666,-1.443],[131.6686,-1.465],[131.6548,-1.4617],[131.6527,-1.44],[131.588,-1.4532],[131.5476,-1.4883],[131.5,-1.4693],[131.4438,-1.5122],[131.3802,-1.4529],[131.4032,-1.4286],[131.3574,-1.3634],[131.3365,-1.3668],[131.3531,-1.3178],[131.3283,-1.3249],[131.3322,-1.3393],[131.2992,-1.3552],[131.3148,-1.3719],[131.2688,-1.3817],[131.3368,-1.4374],[131.3354,-1.4638],[131.2819,-1.5041],[131.2088,-1.523],[131.1648,-1.4629],[131.0936,-1.4494],[130.9965,-1.4571],[130.9371,-1.4363],[130.9352,-1.4204],[130.9996,-1.3812],[131.0145,-1.3175],[131.0281,-1.3059],[131.0225,-1.2872],[131.0506,-1.2546],[131.1777,-1.2189],[131.249,-1.0828],[131.2397,-1.0281],[131.2614,-0.9935],[131.2839,-0.9915],[131.2652,-0.976],[131.2796,-0.975],[131.2669,-0.961],[131.2766,-0.9479],[131.2684,-0.9202],[131.2977,-0.9156],[131.3156,-0.9349],[131.3363,-0.9232],[131.3343,-0.9475],[131.3567,-0.9522],[131.3965,-0.9329],[131.3948,-0.9137],[131.3807,-0.9074],[131.3891,-0.8958],[131.3601,-0.8794],[131.3766,-0.8434],[131.3573,-0.7818],[131.3996,-0.7779],[131.4185,-0.758],[131.5329,-0.728]]]}},{"type":"Feature","properties":{"province":"PAPUA BARAT","district":"SORONG SELATAN","id":"PAPUA BARAT/SORONG SELATAN","name":"SORONG SELATAN"},"geometry":{"type":"Polygon","coordinates":[[[132.5964,-2.1962],[132.5143,-2.1987],[132.3165,-2.2837],[132.2361,-2.1925],[132.194,-2.164],[132.198,-2.1511],[132.143,-2.149],[132.0419,-2.0752],[132.0408,-2.0568],[132.075,-2.0435],[132.0851,-2.0212],[132.0414,-2.0264],[131.968,-1.9643],[131.9889,-1.9328],[131.9538,-1.9176],[131.9289,-1.8825],[131.926,-1.8603],[131.9479,-1.8437],[131.9216,-1.8137],[131.9951,-1.7377],[132.0138,-1.7471],[132.0256,-1.6998],[131.9952,-1.6741],[131.9774,-1.7043],[131.9143,-1.7187],[131.8812,-1.6442],[131.8916,-1.6105],[131.8784,-1.5842],[131.8571,-1.5662],[131.8104,-1.6135],[131.7795,-1.596],[131.7781,-1.5735],[131.8027,-1.5475],[131.7925,-1.4914],[131.8217,-1.4792],[131.8182,-1.4507],[131.7965,-1.443],[131.8246,-1.4395],[131.8052,-1.4193],[131.8302,-1.3805],[131.8162,-1.3868],[131.808,-1.3742],[131.8184,-1.3588],[131.8323,-1.3699],[131.8334,-1.3467],[131.8472,-1.3512],[131.8653,-1.3246],[131.8585,-1.3605],[131.8792,-1.3631],[131.8738,-1.3482],[131.8864,-1.3451],[131.8907,-1.311],[131.8669,-1.301],[131.8368,-1.2085],[131.8532,-1.16],[131.8668,-1.1516],[131.8573,-1.1461],[131.8759,-1.097],[131.884,-1.1056],[131.9034,-1.096],[131.919,-1.0417],[131.9013,-1.0098],[131.9341,-1.0205],[131.9427,-1.0019],[131.9607,-1.0504],[131.963,-1.0393],[131.9698,-1.0565],[131.9808,-1.0455],[131.9813,-1.0606],[131.9931,-1.0503],[132.0021,-1.0652],[132.0213,-1.0483],[132.0297,-1.0724],[132.0563,-1.0591],[132.0842,-1.1152],[132.0785,-1.1717],[132.0911,-1.1885],[132.0763,-1.2062],[132.0918,-1.215],[132.1146,-1.3239],[132.2071,-1.3727],[132.3481,-1.5259],[132.4205,-1.5695],[132.4407,-1.6055],[132.4108,-1.6471],[132.4144,-1.6718],[132.3963,-1.7021],[132.4078,-1.7185],[132.3917,-1.7546],[132.4386,-1.8246],[132.4468,-1.8849],[132.4957,-1.826],[132.5223,-1.8202],[132.627,-1.858],[132.6199,-1.8733],[132.6372,-1.9041],[132.6182,-1.9128],[132.646,-1.922],[132.6391,-1.9421],[132.6561,-1.962],[132.6513,-1.9757],[132.6394,-1.968],[132.6141,-1.9872],[132.6347,-1.9852],[132.6425,-2.0209],[132.6664,-2.0149],[132.6539,-2.0361],[132.6884,-2.0491],[132.6951,-2.0729],[132.6816,-2.0809],[132.6958,-2.0847],[132.6857,-2.0963],[132.6721,-2.0881],[132.6825,-2.105],[132.671,-2.0991],[132.6657,-2.1089],[132.639,-2.0898],[132.6372,-2.1483],[132.5964,-2.1962]]]}},{"type":"Feature","properties":{"province":"JAWA TENGAH","district":"SRAGEN","id":"JAWA TENGAH/SRAGEN","name":"SRAGEN"},"geometry":{"type":"Polygon","coordinates":[[[111.1487,-7.2645],[111.1344,-7.2977],[111.1553,-7.3133],[111.1419,-7.3324],[111.1453,-7.3685],[111.1184,-7.4149],[111.1352,-7.4836],[111.1527,-7.4995],[111.148,-7.5254],[111.1276,-7.511],[111.1116,-7.5315],[111.0814,-7.5276],[111.0784,-7.4972],[111.0638,-7.4969],[111.0407,-7.5114],[111.0495,-7.5374],[111.0223,-7.5339],[110.9395,-7.495],[110.8722,-7.489],[110.8379,-7.4592],[110.7934,-7.4607],[110.7705,-7.4406],[110.7822,-7.4328],[110.7691,-7.4181],[110.7727,-7.3923],[110.8022,-7.3684],[110.7866,-7.3635],[110.7998,-7.349],[110.793,-7.2781],[110.8033,-7.263],[110.8675,-7.2652],[110.9047,-7.2832],[110.9222,-7.2696],[110.9724,-7.2816],[111.0299,-7.2567],[111.0578,-7.2706],[111.1027,-7.2473],[111.1487,-7.2645]]]}},{"type":"Feature","properties":{"province":"JAWA BARAT","district":"SUBANG","id":"JAWA BARAT/SUBANG","name":"SUBANG"},"geometry":{"type":"Polygon","coordinates":[[[107.9196,-6.2498],[107.9118,-6.2698],[107.9254,-6.2796],[107.9235,-6.3599],[107.8959,-6.3945],[107.9004,-6.4055],[107.8905,-6.4036],[107.8973,-6.4247],[107.8862,-6.4559],[107.8979,-6.4824],[107.9192,-6.4836],[107.9058,-6.5045],[107.9151,-6.4987],[107.9208,-6.5136],[107.8937,-6.5571],[107.8509,-6.5726],[107.851,-6.6545],[107.8276,-6.688],[107.839,-6.6976],[107.8367,-6.7767],[107.8019,-6.8109],[107.7767,-6.8026],[107.7335,-6.8143],[107.7076,-6.7929],[107.688,-6.7983],[107.6711,-6.7763],[107.6007,-6.7614],[107.5841,-6.6895],[107.5989,-6.6533],[107.5795,-6.6339],[107.5904,-6.5998],[107.5534,-6.5642],[107.5655,-6.4872],[107.5261,-6.4334],[107.5378,-6.387],[107.5827,-6.3124],[107.5807,-6.2564],[107.6429,-6.2155],[107.6678,-6.2393],[107.6958,-6.2208],[107.7212,-6.2375],[107.764,-6.2131],[107.7812,-6.2211],[107.7825,-6.2048],[107.8052,-6.2209],[107.8044,-6.1975],[107.819,-6.1869],[107.8638,-6.1918],[107.8481,-6.1929],[107.8592,-6.2125],[107.8867,-6.182],[107.8986,-6.1871],[107.8864,-6.2266],[107.9196,-6.2498]]]}},{"type":"Feature","properties":{"province":"JAWA BARAT","district":"SUKABUMI","id":"JAWA BARAT/SUKABUMI","name":"SUKABUMI"},"geometry":{"type":"Polygon","coordinates":[[[106.7559,-6.7321],[106.7776,-6.7548],[106.8999,-6.7882],[106.959,-6.7618],[106.9929,-6.799],[106.996,-6.8344],[107.0315,-6.8714],[107.0318,-6.8971],[107.0484,-6.9106],[107.0486,-6.9422],[107.064,-6.9615],[107.0417,-6.9628],[107.0323,-6.9812],[107.0561,-7.0313],[107.0394,-7.0459],[106.9749,-7.0167],[106.9584,-7.0333],[106.9366,-7.1091],[106.9424,-7.1329],[106.9659,-7.1449],[106.9579,-7.1645],[106.9826,-7.2224],[106.9603,-7.2603],[106.976,-7.2847],[106.9672,-7.3122],[106.9406,-7.3178],[106.9341,-7.3341],[106.9151,-7.323],[106.9094,-7.3493],[106.8953,-7.3414],[106.8754,-7.364],[106.8557,-7.362],[106.8586,-7.3542],[106.8231,-7.3625],[106.7771,-7.402],[106.7808,-7.4156],[106.7898,-7.4097],[106.7926,-7.4372],[106.56,-7.417],[106.4429,-7.3606],[106.4141,-7.3629],[106.4054,-7.3825],[106.3981,-7.3326],[106.3726,-7.308],[106.3703,-7.2796],[106.385,-7.2679],[106.3732,-7.2369],[106.3914,-7.2286],[106.4009,-7.1864],[106.4437,-7.1917],[106.4622,-7.1811],[106.4492,-7.1532],[106.4572,-7.1292],[106.5453,-7.0547],[106.5452,-7.0274],[106.5332,-7.0217],[106.5432,-7.0255],[106.5345,-7.0199],[106.5441,-6.9879],[106.5136,-6.9661],[106.4446,-6.9521],[106.4167,-6.9631],[106.4135,-6.9759],[106.3936,-6.9737],[106.3929,-6.9006],[106.4311,-6.8621],[106.4361,-6.8198],[106.4976,-6.7912],[106.5755,-6.7175],[106.589,-6.7437],[106.6317,-6.755],[106.656,-6.7477],[106.6594,-6.7317],[106.6943,-6.7447],[106.7326,-6.7157],[106.7559,-6.7321]],[[106.9146,-6.8926],[106.901,-6.9139],[106.9115,-6.9523],[106.8738,-6.9631],[106.8748,-6.9761],[106.9118,-6.9782],[106.9557,-6.9584],[106.9544,-6.904],[106.9181,-6.9029],[106.9146,-6.8926]]]}},{"type":"Feature","properties":{"province":"KALIMANTAN TENGAH","district":"SUKAMARA","id":"KALIMANTAN TENGAH/SUKAMARA","name":"SUKAMARA"},"geometry":{"type":"Polygon","coordinates":[[[111.1561,-2.0194],[111.1716,-2.0358],[111.2052,-2.0376],[111.1939,-2.056],[111.2045,-2.0642],[111.2676,-2.0727],[111.2648,-2.1404],[111.3552,-2.1523],[111.3669,-2.1922],[111.3578,-2.2147],[111.3894,-2.2148],[111.382,-2.2821],[111.3557,-2.2817],[111.3469,-2.3062],[111.3169,-2.3052],[111.3164,-2.3325],[111.2748,-2.336],[111.266,-2.347],[111.265,-2.3726],[111.2836,-2.3728],[111.2841,-2.4002],[111.2955,-2.4083],[111.2752,-2.4299],[111.2872,-2.518],[111.2552,-2.5004],[111.2176,-2.5051],[111.2255,-2.562],[111.3083,-2.5842],[111.3437,-2.6257],[111.3977,-2.6481],[111.3623,-2.7598],[111.3824,-2.76],[111.3799,-2.8768],[111.3614,-2.9086],[111.3001,-2.9269],[111.1337,-3.0182],[110.9827,-3.0654],[110.9512,-3.0628],[110.8105,-2.979],[110.7709,-2.9781],[110.7332,-2.9964],[110.7532,-2.945],[110.7934,-2.9124],[110.8945,-2.8696],[110.9696,-2.856],[111.0118,-2.7952],[111.1013,-2.7686],[111.1472,-2.7418],[111.1704,-2.707],[111.1759,-2.6884],[111.1316,-2.5988],[111.1273,-2.5621],[111.1426,-2.5607],[111.147,-2.5418],[111.1132,-2.5227],[111.0991,-2.4657],[111.1172,-2.432],[111.1066,-2.4118],[111.1156,-2.3275],[111.0229,-2.224],[111.0401,-2.2058],[111.0365,-2.1684],[111.0503,-2.1614],[111.0695,-2.1145],[111.0584,-2.0593],[111.1103,-2.0249],[111.1561,-2.0194]]]}},{"type":"Feature","properties":{"province":"JAWA TENGAH","district":"SUKOHARJO","id":"JAWA TENGAH/SUKOHARJO","name":"SUKOHARJO"},"geometry":{"type":"Polygon","coordinates":[[[110.7709,-7.5453],[110.7825,-7.5758],[110.802,-7.5715],[110.8189,-7.5946],[110.8682,-7.5666],[110.9125,-7.5843],[110.9064,-7.6138],[110.9469,-7.6184],[110.9478,-7.67],[110.9604,-7.6841],[110.9357,-7.7802],[110.9108,-7.756],[110.8774,-7.7464],[110.8606,-7.7594],[110.8523,-7.8179],[110.8378,-7.7976],[110.8065,-7.791],[110.7853,-7.8001],[110.7856,-7.8167],[110.7676,-7.8082],[110.7551,-7.8257],[110.7148,-7.7913],[110.7704,-7.7169],[110.7674,-7.6887],[110.7996,-7.6431],[110.7635,-7.6359],[110.7672,-7.6234],[110.7473,-7.6166],[110.7437,-7.5991],[110.7026,-7.5936],[110.7265,-7.5537],[110.7116,-7.5465],[110.7254,-7.5381],[110.7709,-7.5453]]]}},{"type":"Feature","properties":{"province":"NUSA TENGGARA TIMUR","district":"SUMBA BARAT","id":"NUSA TENGGARA TIMUR/SUMBA BARAT","name":"SUMBA BARAT"},"geometry":{"type":"Polygon","coordinates":[[[119.4041,-9.3825],[119.4434,-9.4654],[119.4551,-9.4692],[119.4658,-9.5147],[119.4838,-9.5273],[119.5203,-9.5269],[119.5144,-9.5658],[119.495,-9.6048],[119.4822,-9.6075],[119.4963,-9.6241],[119.4887,-9.6651],[119.5428,-9.6965],[119.5325,-9.7049],[119.5462,-9.7375],[119.5389,-9.7627],[119.4577,-9.7416],[119.4173,-9.7611],[119.4103,-9.7881],[119.3935,-9.7972],[119.3516,-9.7606],[119.3186,-9.7664],[119.3013,-9.7444],[119.2187,-9.7377],[119.1851,-9.7588],[119.1788,-9.7444],[119.1425,-9.7291],[119.1407,-9.6916],[119.1663,-9.6581],[119.1964,-9.6478],[119.2157,-9.6833],[119.2778,-9.6845],[119.3089,-9.6343],[119.3665,-9.6156],[119.396,-9.5734],[119.4051,-9.5478],[119.3671,-9.4667],[119.3815,-9.4132],[119.3668,-9.3789],[119.4041,-9.3825]]]}},{"type":"Feature","properties":{"province":"NUSA TENGGARA TIMUR","district":"SUMBA BARAT DAYA","id":"NUSA TENGGARA TIMUR/SUMBA BARAT DAYA","name":"SUMBA BARAT DAYA"},"geometry":{"type":"Polygon","coordinates":[[[119.3174,-9.3677],[119.3668,-9.3789],[119.3815,-9.4132],[119.3671,-9.4667],[119.405,-9.5535],[119.3665,-9.6156],[119.3089,-9.6343],[119.2778,-9.6845],[119.2275,-9.6882],[119.1872,-9.6489],[119.1411,-9.6907],[119.1425,-9.7291],[119.1178,-9.7265],[119.0262,-9.6751],[118.9861,-9.6077],[118.9279,-9.5576],[118.9645,-9.482],[119.0309,-9.432],[119.1013,-9.4215],[119.1781,-9.3748],[119.219,-9.391],[119.2925,-9.3578],[119.3174,-9.3677]]]}},{"type":"Feature","properties":{"province":"NUSA TENGGARA TIMUR","district":"SUMBA TENGAH","id":"NUSA TENGGARA TIMUR/SUMBA TENGAH","name":"SUMBA TENGAH"},"geometry":{"type":"Polygon","coordinates":[[[119.8815,-9.3725],[119.9091,-9.3832],[119.8979,-9.4311],[119.9263,-9.4827],[119.9091,-9.513],[119.8865,-9.5131],[119.8699,-9.5545],[119.8412,-9.5778],[119.8529,-9.6146],[119.8448,-9.6599],[119.7555,-9.7047],[119.7388,-9.726],[119.7497,-9.7333],[119.6806,-9.829],[119.6897,-9.8148],[119.6711,-9.7809],[119.6535,-9.7763],[119.646,-9.7934],[119.6211,-9.8009],[119.6223,-9.7645],[119.5949,-9.7791],[119.5833,-9.7619],[119.538,-9.7594],[119.5462,-9.7375],[119.5325,-9.7049],[119.5428,-9.6965],[119.4887,-9.6651],[119.4963,-9.6241],[119.4822,-9.6075],[119.495,-9.6048],[119.5144,-9.5658],[119.5203,-9.5269],[119.4838,-9.5273],[119.4658,-9.5147],[119.4551,-9.4692],[119.4434,-9.4654],[119.4033,-9.376],[119.4724,-9.358],[119.5386,-9.3776],[119.5858,-9.3507],[119.6281,-9.3453],[119.6864,-9.3824],[119.7615,-9.3857],[119.794,-9.3995],[119.8648,-9.3435],[119.8815,-9.3725]]]}},{"type":"Feature","properties":{"province":"NUSA TENGGARA TIMUR","district":"SUMBA TIMUR","id":"NUSA TENGGARA TIMUR/SUMBA TIMUR","name":"SUMBA TIMUR"},"geometry":{"type":"Polygon","coordinates":[[[119.9411,-9.2813],[119.9536,-9.3157],[120.0074,-9.3827],[120.0343,-9.3973],[120.0845,-9.4697],[120.1283,-9.4854],[120.1849,-9.4682],[120.2107,-9.4908],[120.2508,-9.6467],[120.2578,-9.6376],[120.2989,-9.6419],[120.3225,-9.6704],[120.3659,-9.6436],[120.389,-9.6484],[120.3883,-9.6377],[120.4646,-9.6148],[120.5041,-9.6857],[120.5449,-9.6887],[120.5966,-9.731],[120.6056,-9.769],[120.6766,-9.8975],[120.7841,-9.9483],[120.8403,-10.0171],[120.8416,-10.089],[120.8162,-10.1245],[120.7709,-10.1429],[120.7392,-10.1902],[120.6843,-10.2249],[120.6401,-10.229],[120.6139,-10.2528],[120.5519,-10.2378],[120.4869,-10.262],[120.473,-10.3019],[120.4535,-10.3172],[120.3485,-10.2486],[120.2957,-10.2578],[120.2431,-10.2441],[120.2184,-10.254],[120.1761,-10.2289],[120.1648,-10.2401],[120.1106,-10.1776],[120.0825,-10.1774],[120.0457,-10.1255],[120.0083,-10.1241],[120.0228,-10.0986],[120.019,-10.0802],[119.9946,-10.037],[119.9471,-9.9997],[119.9499,-9.9744],[119.9051,-9.9735],[119.905,-9.9502],[119.8821,-9.9579],[119.8629,-9.9223],[119.7837,-9.9223],[119.7675,-9.896],[119.7078,-9.863],[119.6966,-9.8437],[119.6865,-9.848],[119.6748,-9.8287],[119.7497,-9.7333],[119.7388,-9.726],[119.7555,-9.7047],[119.8457,-9.6588],[119.8529,-9.6146],[119.8412,-9.5778],[119.8699,-9.5545],[119.8865,-9.5131],[119.9091,-9.513],[119.9259,-9.4849],[119.8979,-9.4311],[119.9091,-9.3832],[119.8764,-9.3713],[119.8645,-9.3443],[119.9278,-9.2789],[119.9411,-9.2813]]]}},{"type":"Feature","properties":{"province":"NUSA TENGGARA BARAT","district":"SUMBAWA","id":"NUSA TENGGARA BARAT/SUMBAWA","name":"SUMBAWA"},"geometry":{"type":"Polygon","coordinates":[[[117.1565,-8.3649],[117.2019,-8.4063],[117.2383,-8.4008],[117.2506,-8.4171],[117.3881,-8.4727],[117.4035,-8.4664],[117.4352,-8.412],[117.4278,-8.3958],[117.4734,-8.4159],[117.5637,-8.4058],[117.5703,-8.5007],[117.5918,-8.504],[117.5777,-8.4324],[117.5999,-8.4268],[117.6243,-8.4429],[117.635,-8.466],[117.6253,-8.4989],[117.6349,-8.5215],[117.6228,-8.5379],[117.6314,-8.5359],[117.6318,-8.5613],[117.644,-8.556],[117.6889,-8.5776],[117.7003,-8.5639],[117.7372,-8.5637],[117.727,-8.5882],[117.7614,-8.5988],[117.7513,-8.631],[117.7813,-8.632],[117.7491,-8.6446],[117.7574,-8.6594],[117.7698,-8.6563],[117.7728,-8.7117],[117.8047,-8.7273],[117.8318,-8.7092],[117.8472,-8.7182],[117.871,-8.6964],[117.9018,-8.7051],[117.8885,-8.7235],[117.905,-8.741],[117.9217,-8.7189],[117.949,-8.7307],[117.946,-8.743],[117.9653,-8.7423],[117.9912,-8.7107],[118.0092,-8.712],[118.0364,-8.6712],[118.1412,-8.6479],[118.1758,-8.6548],[118.1884,-8.7057],[118.3122,-8.6934],[118.3335,-8.7154],[118.3236,-8.7316],[118.2873,-8.7404],[118.2838,-8.7693],[118.2594,-8.7746],[118.2489,-8.7946],[118.2215,-8.8068],[118.1852,-8.8539],[118.127,-8.8779],[118.0795,-8.8402],[118.039,-8.8576],[118.0127,-8.8528],[117.9808,-8.8948],[117.9503,-8.9069],[117.9352,-8.8991],[117.9233,-8.9165],[117.8959,-8.9224],[117.8842,-8.9437],[117.8531,-8.9265],[117.8378,-8.9316],[117.8171,-8.899],[117.7655,-8.9342],[117.7338,-8.9161],[117.6905,-8.9188],[117.5953,-8.9813],[117.4104,-9.0494],[117.3596,-9.0557],[117.3456,-9.042],[117.324,-9.0556],[117.2199,-9.0197],[117.1858,-9.0208],[117.1347,-9.0701],[117.1351,-9.084],[117.0404,-9.1009],[117.0666,-9.0422],[117.0621,-8.9521],[117.0881,-8.9307],[117.0833,-8.9015],[117.0539,-8.8898],[117.0819,-8.8357],[117.0965,-8.8369],[117.061,-8.8049],[117.0346,-8.8003],[117.0902,-8.7607],[117.0787,-8.729],[117.0901,-8.7029],[117.0694,-8.678],[117.0397,-8.6715],[116.9953,-8.6155],[116.9354,-8.6062],[116.9362,-8.5913],[116.9213,-8.5924],[116.8726,-8.5288],[116.9458,-8.5166],[116.9636,-8.4891],[116.9798,-8.4936],[116.9873,-8.4791],[117.0035,-8.5057],[117.0188,-8.4796],[117.0076,-8.4605],[117.0236,-8.4638],[117.0351,-8.444],[117.0667,-8.4352],[117.0704,-8.4203],[117.0968,-8.4163],[117.0876,-8.3989],[117.1155,-8.377],[117.1055,-8.3728],[117.1422,-8.3785],[117.1565,-8.3649]]]}},{"type":"Feature","properties":{"province":"NUSA TENGGARA BARAT","district":"SUMBAWA BARAT","id":"NUSA TENGGARA BARAT/SUMBAWA BARAT","name":"SUMBAWA BARAT"},"geometry":{"type":"Polygon","coordinates":[[[116.8239,-8.5154],[116.8428,-8.5386],[116.8726,-8.5288],[116.9213,-8.5924],[116.9362,-8.5913],[116.9354,-8.6062],[116.9953,-8.6155],[117.0397,-8.6715],[117.0694,-8.678],[117.0901,-8.7029],[117.0787,-8.729],[117.0902,-8.7607],[117.0346,-8.8003],[117.061,-8.8049],[117.0965,-8.8369],[117.0819,-8.8357],[117.0539,-8.8898],[117.0833,-8.9015],[117.0881,-8.9307],[117.0621,-8.9521],[117.0666,-9.0422],[117.0389,-9.1046],[117.0092,-9.1075],[116.9417,-9.0528],[116.8973,-9.0649],[116.8422,-9.0397],[116.7881,-9.0357],[116.7395,-8.997],[116.7288,-9.0063],[116.7364,-8.9768],[116.7152,-8.9713],[116.7517,-8.9241],[116.7252,-8.911],[116.7319,-8.8917],[116.7475,-8.9006],[116.755,-8.8904],[116.7329,-8.8693],[116.7679,-8.8555],[116.7666,-8.8349],[116.7866,-8.8139],[116.803,-8.8261],[116.8147,-8.813],[116.805,-8.7783],[116.7904,-8.7653],[116.7814,-8.7747],[116.783,-8.751],[116.7632,-8.7366],[116.7859,-8.7208],[116.7737,-8.6747],[116.7462,-8.6629],[116.7641,-8.6536],[116.7885,-8.5896],[116.8175,-8.5787],[116.8333,-8.5575],[116.8239,-8.5154]]]}},{"type":"Feature","properties":{"province":"JAWA BARAT","district":"SUMEDANG","id":"JAWA BARAT/SUMEDANG","name":"SUMEDANG"},"geometry":{"type":"Polygon","coordinates":[[[108.0431,-6.6391],[108.1177,-6.7064],[108.1623,-6.7242],[108.1487,-6.7551],[108.1642,-6.7612],[108.1696,-6.784],[108.1544,-6.7956],[108.1597,-6.8265],[108.1791,-6.8336],[108.1794,-6.852],[108.1984,-6.8707],[108.1934,-6.8854],[108.2141,-6.889],[108.2199,-6.9282],[108.1708,-6.9684],[108.1377,-7.0388],[108.1002,-7.0197],[108.0821,-6.9871],[108.0421,-6.9964],[107.916,-6.9457],[107.8899,-6.9639],[107.8286,-6.9716],[107.7529,-6.9552],[107.7592,-6.9034],[107.7432,-6.8707],[107.7455,-6.824],[107.7732,-6.8029],[107.8019,-6.8109],[107.8367,-6.7767],[107.839,-6.6976],[107.8276,-6.688],[107.851,-6.6545],[107.8487,-6.5809],[107.9061,-6.5939],[107.9395,-6.6254],[108.0188,-6.6633],[108.0349,-6.6547],[108.0318,-6.6371],[108.0431,-6.6391]]]}},{"type":"Feature","properties":{"province":"JAWA TIMUR","district":"SUMENEP","id":"JAWA TIMUR/SUMENEP","name":"SUMENEP"},"geometry":{"type":"Polygon","coordinates":[[[113.9103,-6.8635],[113.9673,-6.8731],[114.0916,-6.9293],[114.1238,-6.9785],[114.093,-6.98],[114.0431,-7.0078],[113.989,-7.0083],[113.9617,-7.0407],[113.947,-7.042],[113.9236,-7.0182],[113.9202,-7.0303],[113.9479,-7.0522],[113.9156,-7.0431],[113.8783,-7.0768],[113.8688,-7.0962],[113.8881,-7.1045],[113.8919,-7.1328],[113.816,-7.1331],[113.6834,-7.1086],[113.6538,-7.1277],[113.602,-7.1285],[113.6227,-7.104],[113.6213,-7.0852],[113.5912,-7.0612],[113.6049,-7.0425],[113.5821,-7.0435],[113.5762,-7.0314],[113.5923,-7.0094],[113.619,-7.0095],[113.6084,-6.9737],[113.6265,-6.9648],[113.6254,-6.9485],[113.6497,-6.9196],[113.6356,-6.9172],[113.6425,-6.8876],[113.7957,-6.8859],[113.9103,-6.8635]]]}},{"type":"Feature","properties":{"province":"PAPUA","district":"SUPIORI","id":"PAPUA/SUPIORI","name":"SUPIORI"},"geometry":{"type":"Polygon","coordinates":[[[135.3942,-0.6223],[135.4173,-0.6537],[135.4481,-0.6415],[135.4389,-0.6675],[135.4599,-0.6456],[135.4827,-0.6622],[135.4957,-0.652],[135.5254,-0.6616],[135.5343,-0.6742],[135.5506,-0.6579],[135.5936,-0.6645],[135.5947,-0.7023],[135.6191,-0.6696],[135.645,-0.6633],[135.6778,-0.6881],[135.685,-0.7198],[135.719,-0.7089],[135.7475,-0.7396],[135.6425,-0.8869],[135.5307,-0.7828],[135.4859,-0.769],[135.4853,-0.7465],[135.4714,-0.7397],[135.4658,-0.7583],[135.4914,-0.7923],[135.4933,-0.8182],[135.4114,-0.7463],[135.3606,-0.6356],[135.3942,-0.6223]]]}},{"type":"Feature","properties":{"province":"KALIMANTAN SELATAN","district":"TABALONG","id":"KALIMANTAN SELATAN/TABALONG","name":"TABALONG"},"geometry":{"type":"Polygon","coordinates":[[[115.6949,-2.0405],[115.6876,-2.0768],[115.6442,-2.1275],[115.6178,-2.1133],[115.62,-2.125],[115.5513,-2.1866],[115.492,-2.2114],[115.4778,-2.2553],[115.4579,-2.2716],[115.4421,-2.2701],[115.4052,-2.2981],[115.3596,-2.2956],[115.3481,-2.3079],[115.3556,-2.3409],[115.301,-2.3411],[115.2819,-2.3596],[115.2138,-2.3402],[115.1255,-2.2946],[115.2542,-2.2094],[115.2437,-2.192],[115.2647,-2.2263],[115.2903,-2.2239],[115.3024,-2.1826],[115.2973,-2.1437],[115.3358,-2.0958],[115.355,-2.0945],[115.3636,-2.0442],[115.4086,-2.0583],[115.3969,-2.0131],[115.4161,-2.0128],[115.4201,-1.974],[115.4433,-1.9467],[115.4213,-1.9333],[115.431,-1.9249],[115.417,-1.9121],[115.4202,-1.892],[115.3195,-1.8921],[115.2999,-1.8244],[115.3135,-1.8254],[115.311,-1.7973],[115.3344,-1.748],[115.3469,-1.6746],[115.3741,-1.6527],[115.3594,-1.5879],[115.391,-1.5205],[115.4354,-1.4964],[115.4336,-1.4522],[115.4554,-1.4616],[115.4714,-1.4296],[115.4883,-1.4492],[115.5125,-1.452],[115.5567,-1.398],[115.5979,-1.3799],[115.6256,-1.3507],[115.6676,-1.3348],[115.7093,-1.3389],[115.7588,-1.3126],[115.7091,-1.4119],[115.6948,-1.4161],[115.6888,-1.4488],[115.628,-1.4678],[115.6169,-1.5],[115.6275,-1.5033],[115.6229,-1.5162],[115.6555,-1.5127],[115.6314,-1.5321],[115.6361,-1.6038],[115.6699,-1.6291],[115.6769,-1.6565],[115.6652,-1.7067],[115.7071,-1.7333],[115.6901,-1.751],[115.6795,-1.7933],[115.6913,-1.8048],[115.7075,-1.7885],[115.7284,-1.7992],[115.7214,-1.8289],[115.7324,-1.8612],[115.7193,-1.9122],[115.7275,-1.9248],[115.6942,-1.9774],[115.7106,-1.98],[115.719,-1.9984],[115.6949,-2.0405]]]}},{"type":"Feature","properties":{"province":"BALI","district":"TABANAN","id":"BALI/TABANAN","name":"TABANAN"},"geometry":{"type":"Polygon","coordinates":[[[115.1895,-8.2558],[115.1858,-8.2759],[115.2123,-8.3286],[115.198,-8.3587],[115.2174,-8.4382],[115.2025,-8.4893],[115.1984,-8.4457],[115.1762,-8.4592],[115.1837,-8.4951],[115.15,-8.5809],[115.1559,-8.6004],[115.1382,-8.6184],[115.1374,-8.6088],[115.1198,-8.6109],[115.0992,-8.6373],[115.0559,-8.5789],[114.9156,-8.4671],[114.9363,-8.3941],[114.9315,-8.364],[114.9501,-8.3605],[114.9813,-8.2893],[115.0129,-8.3125],[115.0329,-8.3016],[115.082,-8.314],[115.1059,-8.2983],[115.1258,-8.3084],[115.1388,-8.2708],[115.1791,-8.2432],[115.1895,-8.2558]]]}},{"type":"Feature","properties":{"province":"SULAWESI SELATAN","district":"TAKALAR","id":"SULAWESI SELATAN/TAKALAR","name":"TAKALAR"},"geometry":{"type":"Polygon","coordinates":[[[119.5661,-5.2921],[119.6151,-5.3479],[119.6453,-5.4074],[119.6272,-5.4192],[119.6363,-5.4316],[119.6083,-5.442],[119.5734,-5.4465],[119.5307,-5.4316],[119.5105,-5.4498],[119.5283,-5.4812],[119.4856,-5.491],[119.4875,-5.5108],[119.508,-5.5264],[119.5053,-5.5527],[119.4594,-5.5791],[119.471,-5.5932],[119.4861,-5.5844],[119.4892,-5.6037],[119.4599,-5.6064],[119.4184,-5.5603],[119.4395,-5.5345],[119.4305,-5.5085],[119.3657,-5.4226],[119.407,-5.4056],[119.4209,-5.4113],[119.4107,-5.4367],[119.4324,-5.4386],[119.4265,-5.3982],[119.4568,-5.3756],[119.4495,-5.3574],[119.4754,-5.3298],[119.4563,-5.3305],[119.4563,-5.321],[119.4814,-5.311],[119.5024,-5.3232],[119.5231,-5.2998],[119.5418,-5.3064],[119.5661,-5.2921]],[[119.4127,-5.4435],[119.4105,-5.443],[119.4086,-5.4442],[119.408,-5.4515],[119.4162,-5.453],[119.4164,-5.4504],[119.4191,-5.4484],[119.4169,-5.4425],[119.4179,-5.4411],[119.4159,-5.4411],[119.4127,-5.4435]]]}},{"type":"Feature","properties":{"province":"PAPUA BARAT","district":"TAMBRAUW","id":"PAPUA BARAT/TAMBRAUW","name":"TAMBRAUW"},"geometry":{"type":"Polygon","coordinates":[[[132.4202,-0.3447],[132.5125,-0.3604],[132.6157,-0.3564],[132.6822,-0.3718],[132.7154,-0.362],[132.7334,-0.3886],[132.7629,-0.3876],[132.7661,-0.4016],[132.8674,-0.4492],[132.8863,-0.4468],[132.9013,-0.4635],[132.9542,-0.4537],[132.9709,-0.4934],[133.0078,-0.4971],[133.0301,-0.5194],[133.0799,-0.5171],[133.086,-0.5386],[133.1145,-0.5526],[133.1504,-0.5454],[133.1764,-0.5835],[133.2356,-0.6053],[133.3192,-0.6973],[133.3862,-0.7382],[133.4858,-0.7406],[133.4932,-0.7619],[133.4687,-0.774],[133.4742,-0.7996],[133.4263,-0.8001],[133.4371,-0.8058],[133.4407,-0.8616],[133.463,-0.887],[133.471,-0.9275],[133.4511,-0.9496],[133.4549,-0.9761],[133.4422,-0.9981],[133.4307,-1.0944],[133.439,-1.1238],[133.4234,-1.1447],[133.4317,-1.1793],[133.3677,-1.2251],[133.334,-1.204],[133.2424,-1.1846],[133.2332,-1.196],[133.2471,-1.2224],[133.23,-1.2382],[133.238,-1.2522],[133.1966,-1.2406],[133.154,-1.251],[133.1174,-1.2904],[133.0892,-1.2894],[133.0655,-1.322],[133.0569,-1.3119],[133.0375,-1.3175],[133.0285,-1.3499],[133.0035,-1.3567],[132.9594,-1.3359],[132.9353,-1.2944],[132.9048,-1.2938],[132.8201,-1.2321],[132.8097,-1.2111],[132.821,-1.1867],[132.786,-1.1486],[132.7487,-1.1696],[132.7241,-1.1585],[132.7056,-1.1767],[132.6923,-1.176],[132.6772,-1.1483],[132.6401,-1.1598],[132.5788,-1.1454],[132.5604,-1.0674],[132.505,-1.0323],[132.4651,-1.0347],[132.4051,-1.0168],[132.4028,-0.9906],[132.3616,-0.98],[132.3527,-0.9587],[132.3134,-0.9529],[132.2765,-0.9241],[132.2384,-0.9431],[132.2121,-0.8989],[132.1199,-0.892],[132.0062,-0.8385],[131.9688,-0.8567],[131.9255,-0.8374],[131.9127,-0.8555],[131.9072,-0.8418],[131.8794,-0.8385],[131.8346,-0.8498],[131.8386,-0.8376],[131.8011,-0.8079],[131.7808,-0.8161],[131.7739,-0.8002],[131.7605,-0.7998],[131.7457,-0.7305],[131.8442,-0.7075],[131.9041,-0.6755],[131.9035,-0.6539],[131.9756,-0.5795],[132.0696,-0.5423],[132.0945,-0.4803],[132.1414,-0.4584],[132.17,-0.4271],[132.2515,-0.4036],[132.262,-0.3827],[132.3383,-0.3856],[132.4202,-0.3447]]]}},{"type":"Feature","properties":{"province":"KALIMANTAN UTARA","district":"TANA TIDUNG","id":"KALIMANTAN UTARA/TANA TIDUNG","name":"TANA TIDUNG"},"geometry":{"type":"Polygon","coordinates":[[[117.2368,3.7564],[117.2489,3.7306],[117.3919,3.7097],[117.427,3.6933],[117.4287,3.6711],[117.4854,3.6735],[117.4958,3.6396],[117.4356,3.642],[117.4284,3.6247],[117.379,3.6402],[117.2611,3.6172],[117.1687,3.6443],[117.0868,3.6379],[117.0174,3.596],[117.0,3.5978],[117.0,3.5877],[117.1324,3.6211],[117.2209,3.6091],[117.2271,3.5919],[117.1934,3.5367],[117.2118,3.5001],[117.2533,3.4714],[117.2976,3.4658],[117.2818,3.4602],[117.3181,3.4648],[117.3043,3.4473],[117.3579,3.4475],[117.3695,3.4128],[117.4141,3.3887],[117.4097,3.3267],[117.3904,3.3237],[117.372,3.3706],[117.3304,3.3756],[117.3282,3.4018],[117.2894,3.4277],[117.2472,3.3138],[117.226,3.3373],[117.1871,3.3351],[117.1727,3.3584],[117.116,3.3483],[117.0949,3.3664],[117.0912,3.3904],[117.0668,3.3883],[117.0482,3.4069],[117.0026,3.3912],[116.9672,3.4044],[116.9239,3.3839],[116.9001,3.3967],[116.8187,3.387],[116.7855,3.3708],[116.7607,3.3845],[116.7049,3.3693],[116.6963,3.3994],[116.7095,3.4242],[116.697,3.4335],[116.702,3.4508],[116.6765,3.5333],[116.7115,3.5504],[116.6979,3.5721],[116.738,3.6057],[116.7148,3.642],[116.7591,3.6943],[116.8334,3.6939],[116.8812,3.7316],[116.9442,3.7503],[116.9684,3.7372],[117.0432,3.7348],[117.138,3.7536],[117.1814,3.749],[117.2173,3.7687],[117.2368,3.7564]]]}},{"type":"Feature","properties":{"province":"SULAWESI SELATAN","district":"TANA TORAJA","id":"SULAWESI SELATAN/TANA TORAJA","name":"TANA TORAJA"},"geometry":{"type":"Polygon","coordinates":[[[119.6817,-2.7562],[119.674,-2.8051],[119.6965,-2.845],[119.6758,-2.9189],[119.6998,-2.9241],[119.7209,-2.9558],[119.7741,-2.9395],[119.7966,-2.9451],[119.8124,-2.9872],[119.8025,-3.0236],[119.8187,-3.0275],[119.832,-3.0101],[119.8575,-3.0543],[119.8783,-3.0211],[119.8954,-3.027],[119.895,-3.045],[119.9269,-3.0495],[119.9372,-3.0684],[119.9689,-3.0691],[119.959,-3.1003],[119.9794,-3.1091],[119.9678,-3.1255],[119.973,-3.1741],[119.9871,-3.1827],[119.9937,-3.2119],[119.9802,-3.2239],[119.9811,-3.2493],[120.0253,-3.2825],[120.0414,-3.3683],[120.0017,-3.3343],[119.9979,-3.3034],[119.9371,-3.2934],[119.9218,-3.2638],[119.8819,-3.2568],[119.879,-3.2695],[119.8502,-3.2809],[119.8151,-3.2455],[119.7817,-3.2376],[119.7711,-3.2743],[119.7305,-3.294],[119.7158,-3.2868],[119.7254,-3.3828],[119.6842,-3.3896],[119.6513,-3.3629],[119.6474,-3.3237],[119.6157,-3.2869],[119.5797,-3.2883],[119.5579,-3.2695],[119.5285,-3.2745],[119.519,-3.2796],[119.5207,-3.3096],[119.5012,-3.3156],[119.4761,-3.2883],[119.4364,-3.2852],[119.4321,-3.2617],[119.3742,-3.2126],[119.3741,-3.195],[119.3938,-3.1989],[119.432,-3.1674],[119.4447,-3.1912],[119.462,-3.1814],[119.4821,-3.1899],[119.5157,-3.171],[119.5359,-3.1394],[119.573,-3.1448],[119.573,-3.131],[119.6059,-3.1181],[119.6369,-3.1278],[119.5646,-2.9943],[119.5766,-2.9502],[119.55,-2.8973],[119.5789,-2.837],[119.5678,-2.7982],[119.5863,-2.743],[119.6817,-2.7562]]]}},{"type":"Feature","properties":{"province":"KALIMANTAN SELATAN","district":"TANAH BUMBU","id":"KALIMANTAN SELATAN/TANAH BUMBU","name":"TANAH BUMBU"},"geometry":{"type":"Polygon","coordinates":[[[115.592,-3.0328],[115.6228,-3.0695],[115.637,-3.0565],[115.6511,-3.0711],[115.665,-3.0649],[115.6783,-3.0857],[115.6818,-3.0721],[115.7035,-3.0789],[115.7166,-3.0977],[115.7109,-3.1141],[115.7305,-3.1184],[115.7409,-3.1593],[115.7688,-3.1952],[115.9342,-3.1524],[115.9513,-3.1933],[115.9281,-3.2273],[115.9468,-3.2539],[115.99,-3.22],[116.0413,-3.2615],[116.0816,-3.2574],[116.085,-3.2849],[116.0509,-3.3497],[116.0307,-3.3652],[116.0245,-3.4088],[116.0069,-3.4327],[116.0143,-3.4833],[115.9906,-3.5269],[115.9956,-3.566],[115.9678,-3.61],[115.8335,-3.6306],[115.7158,-3.7316],[115.6325,-3.7497],[115.3758,-3.8613],[115.3446,-3.7666],[115.325,-3.755],[115.3244,-3.7055],[115.2833,-3.7],[115.2619,-3.6667],[115.2694,-3.65],[115.25,-3.5908],[115.2613,-3.5618],[115.3046,-3.517],[115.3516,-3.5034],[115.4115,-3.4517],[115.3907,-3.4374],[115.3961,-3.3624],[115.4289,-3.296],[115.3921,-3.2504],[115.4022,-3.2363],[115.4365,-3.2599],[115.4475,-3.2408],[115.4457,-3.225],[115.4147,-3.2219],[115.4342,-3.1195],[115.4718,-3.1124],[115.4904,-3.0922],[115.4836,-3.0625],[115.533,-3.0202],[115.5768,-3.0205],[115.5845,-3.005],[115.592,-3.0328]]]}},{"type":"Feature","properties":{"province":"SUMATERA BARAT","district":"TANAH DATAR","id":"SUMATERA BARAT/TANAH DATAR","name":"TANAH DATAR"},"geometry":{"type":"Polygon","coordinates":[[[100.5342,-0.2787],[100.5747,-0.2834],[100.5813,-0.2921],[100.5672,-0.3231],[100.6194,-0.352],[100.6642,-0.3513],[100.661,-0.3347],[100.6777,-0.3242],[100.7514,-0.3698],[100.7804,-0.3666],[100.7784,-0.3467],[100.825,-0.3526],[100.837,-0.3918],[100.8291,-0.3996],[100.8493,-0.4269],[100.8395,-0.4814],[100.8164,-0.4872],[100.8324,-0.4967],[100.8179,-0.5066],[100.8039,-0.5667],[100.7827,-0.5477],[100.7729,-0.5603],[100.7314,-0.5567],[100.705,-0.5711],[100.6991,-0.5505],[100.6646,-0.532],[100.6218,-0.5598],[100.5913,-0.5521],[100.5831,-0.5847],[100.5917,-0.5987],[100.5235,-0.6424],[100.4844,-0.6591],[100.4092,-0.6572],[100.3957,-0.6314],[100.4158,-0.6231],[100.419,-0.5824],[100.3839,-0.5259],[100.3933,-0.4911],[100.3543,-0.4804],[100.3322,-0.4895],[100.3204,-0.4795],[100.3169,-0.4241],[100.3441,-0.3922],[100.4706,-0.391],[100.5122,-0.2958],[100.5342,-0.2787]],[[100.3977,-0.45],[100.3653,-0.4773],[100.3742,-0.4885],[100.4354,-0.4832],[100.4332,-0.4584],[100.3977,-0.45]]]}},{"type":"Feature","properties":{"province":"KALIMANTAN SELATAN","district":"TANAH LAUT","id":"KALIMANTAN SELATAN/TANAH LAUT","name":"TANAH LAUT"},"geometry":{"type":"Polygon","coordinates":[[[114.7387,-3.5107],[114.8086,-3.5243],[114.8119,-3.5395],[114.8473,-3.5503],[114.8568,-3.5692],[114.8942,-3.5432],[114.8848,-3.5561],[114.9108,-3.5676],[114.932,-3.6233],[114.9631,-3.6341],[114.9268,-3.7043],[114.9311,-3.7288],[114.9926,-3.7011],[115.0272,-3.6931],[115.0423,-3.7017],[115.0896,-3.6736],[115.1113,-3.6385],[115.2155,-3.6044],[115.2613,-3.5618],[115.25,-3.5908],[115.2694,-3.65],[115.2619,-3.6667],[115.2833,-3.7],[115.3244,-3.7055],[115.325,-3.755],[115.3446,-3.7666],[115.3536,-3.8134],[115.3717,-3.8279],[115.3665,-3.8537],[115.3773,-3.8589],[115.0202,-4.0068],[114.7091,-4.1695],[114.6701,-4.1779],[114.6283,-4.1694],[114.6192,-4.1607],[114.6302,-4.1477],[114.6244,-4.0655],[114.6352,-4.0605],[114.6378,-4.0288],[114.6023,-3.8087],[114.6207,-3.6723],[114.5721,-3.571],[114.5137,-3.5429],[114.7387,-3.5107]]]}},{"type":"Feature","properties":{"province":"BANTEN","district":"TANGERANG","id":"BANTEN/TANGERANG","name":"TANGERANG"},"geometry":{"type":"Polygon","coordinates":[[[106.6477,-6.006],[106.7097,-6.0366],[106.725,-6.0897],[106.6758,-6.0986],[106.6726,-6.1195],[106.6414,-6.1226],[106.6358,-6.1061],[106.614,-6.1261],[106.6134,-6.1478],[106.5904,-6.1482],[106.592,-6.1585],[106.5515,-6.19],[106.5829,-6.2207],[106.6011,-6.2055],[106.6116,-6.2272],[106.6387,-6.2302],[106.6622,-6.3173],[106.647,-6.3404],[106.6567,-6.3596],[106.5939,-6.3627],[106.5773,-6.3386],[106.5268,-6.3246],[106.5133,-6.3257],[106.5319,-6.3396],[106.5193,-6.3549],[106.4763,-6.3507],[106.4842,-6.3253],[106.469,-6.3033],[106.4277,-6.3485],[106.4103,-6.3451],[106.3919,-6.3139],[106.3871,-6.2303],[106.3664,-6.2148],[106.3908,-6.1791],[106.3926,-6.1518],[106.3507,-6.1099],[106.3394,-6.0632],[106.3931,-6.0277],[106.4667,-6.0396],[106.469,-6.0312],[106.4692,-6.0424],[106.4716,-6.0316],[106.4707,-6.0447],[106.4851,-6.0487],[106.5234,-6.0329],[106.5352,-6.0105],[106.5867,-6.0325],[106.6477,-6.006]]]}},{"type":"Feature","properties":{"province":"LAMPUNG","district":"TANGGAMUS","id":"LAMPUNG/TANGGAMUS","name":"TANGGAMUS"},"geometry":{"type":"Polygon","coordinates":[[[104.5472,-5.0943],[104.5939,-5.132],[104.6524,-5.1325],[104.6828,-5.1567],[104.7007,-5.1558],[104.7213,-5.125],[104.7507,-5.1181],[104.7882,-5.145],[104.7934,-5.1556],[104.7715,-5.184],[104.7864,-5.2078],[104.7874,-5.2595],[104.8222,-5.3122],[104.8686,-5.3373],[104.8682,-5.3781],[104.9125,-5.429],[104.8867,-5.4352],[104.9165,-5.4479],[104.9001,-5.5117],[104.8912,-5.5083],[104.8985,-5.5339],[104.8891,-5.5529],[104.9069,-5.5691],[104.9931,-5.5819],[105.0308,-5.6211],[105.05,-5.6197],[105.0742,-5.6456],[105.0814,-5.7125],[105.0967,-5.7064],[105.1099,-5.7498],[105.1464,-5.7903],[105.1951,-5.8026],[105.1489,-5.8094],[105.1256,-5.7969],[105.1166,-5.7747],[105.0888,-5.7956],[105.1092,-5.7741],[105.0876,-5.7757],[105.0871,-5.7555],[105.0629,-5.7647],[105.0525,-5.7478],[105.0276,-5.7521],[105.0299,-5.7277],[105.0107,-5.7332],[104.9864,-5.7219],[104.9885,-5.7122],[104.9675,-5.7148],[104.965,-5.693],[104.9593,-5.7098],[104.9349,-5.7016],[104.9129,-5.6863],[104.9024,-5.6569],[104.8868,-5.6636],[104.8283,-5.6211],[104.7773,-5.6053],[104.7494,-5.5674],[104.7281,-5.5589],[104.7085,-5.5218],[104.6038,-5.4961],[104.5598,-5.5133],[104.5307,-5.5434],[104.5671,-5.6045],[104.6425,-5.6902],[104.6562,-5.7265],[104.6446,-5.7436],[104.7106,-5.8323],[104.698,-5.8785],[104.7328,-5.9294],[104.671,-5.9264],[104.6756,-5.934],[104.6586,-5.9364],[104.6649,-5.9152],[104.6344,-5.843],[104.6537,-5.8211],[104.6177,-5.8013],[104.5886,-5.7545],[104.6137,-5.7454],[104.628,-5.6917],[104.5682,-5.6204],[104.5343,-5.617],[104.5199,-5.6],[104.5088,-5.6118],[104.5,-5.6012],[104.4903,-5.6076],[104.4943,-5.5821],[104.4835,-5.5801],[104.4905,-5.5684],[104.4788,-5.5398],[104.431,-5.5068],[104.4162,-5.4811],[104.4186,-5.4521],[104.3341,-5.3608],[104.3149,-5.3543],[104.3339,-5.3244],[104.3484,-5.3408],[104.374,-5.3293],[104.3601,-5.3026],[104.3993,-5.3033],[104.3891,-5.2826],[104.364,-5.2812],[104.3801,-5.2377],[104.374,-5.1995],[104.4964,-5.1268],[104.5143,-5.1362],[104.5339,-5.0955],[104.5472,-5.0943]]]}},{"type":"Feature","properties":{"province":"JAMBI","district":"TANJUNG JABUNG BARAT","id":"JAMBI/TANJUNG JABUNG BARAT","name":"TANJUNG JABUNG BARAT"},"geometry":{"type":"Polygon","coordinates":[[[103.7513,-0.9872],[103.7523,-1.0198],[103.7403,-1.0155],[103.7279,-1.0285],[103.7393,-1.0472],[103.7308,-1.0642],[103.6758,-1.0758],[103.6531,-1.0885],[103.6513,-1.1022],[103.6163,-1.1012],[103.5931,-1.1152],[103.5431,-1.09],[103.5273,-1.1223],[103.4783,-1.1097],[103.4708,-1.1257],[103.455,-1.1182],[103.4451,-1.1302],[103.4478,-1.195],[103.4296,-1.2009],[103.4257,-1.2197],[103.3815,-1.2219],[103.3814,-1.2365],[103.2711,-1.2346],[103.2627,-1.3747],[103.2416,-1.3613],[103.2401,-1.3306],[103.2246,-1.3312],[103.2246,-1.3592],[103.2383,-1.3745],[103.2071,-1.3598],[103.1702,-1.3891],[103.1501,-1.3772],[103.11,-1.4005],[103.0552,-1.3873],[103.0622,-1.4053],[103.0429,-1.4137],[103.0294,-1.455],[103.0193,-1.4386],[102.9608,-1.4213],[102.8913,-1.3708],[102.8656,-1.3715],[102.8573,-1.3896],[102.8223,-1.3964],[102.8086,-1.4231],[102.7809,-1.3104],[102.7463,-1.2614],[102.7243,-1.2623],[102.6971,-1.2386],[102.6868,-1.1969],[102.6436,-1.1249],[102.6832,-1.0959],[102.6816,-1.0814],[102.729,-1.0802],[102.7317,-1.0497],[102.751,-1.044],[102.7532,-1.0238],[102.7809,-1.0322],[102.7693,-1.0116],[102.7858,-0.9792],[102.9278,-0.8661],[103.0036,-0.7547],[103.0808,-0.7619],[103.1118,-0.7466],[103.3015,-0.7813],[103.3122,-0.7647],[103.3464,-0.7792],[103.3528,-0.7992],[103.4017,-0.7873],[103.4089,-0.77],[103.4372,-0.7781],[103.4411,-0.7317],[103.4542,-0.7332],[103.4827,-0.753],[103.4886,-0.8032],[103.5476,-0.8106],[103.5544,-0.8579],[103.5733,-0.8759],[103.589,-0.8725],[103.675,-0.9525],[103.7272,-0.9573],[103.7513,-0.9872]]]}},{"type":"Feature","properties":{"province":"JAMBI","district":"TANJUNG JABUNG TIMUR","id":"JAMBI/TANJUNG JABUNG TIMUR","name":"TANJUNG JABUNG TIMUR"},"geometry":{"type":"Polygon","coordinates":[[[103.9122,-0.9828],[104.0284,-1.0009],[104.105,-1.0296],[104.1256,-1.0491],[104.1786,-1.0512],[104.2071,-1.0707],[104.2657,-1.0416],[104.3291,-1.0428],[104.3569,-1.0186],[104.367,-1.0244],[104.4051,-1.1274],[104.392,-1.217],[104.4563,-1.3367],[104.4564,-1.4261],[104.4378,-1.5081],[104.491,-1.6678],[104.4696,-1.6604],[104.464,-1.6417],[104.4307,-1.6396],[104.4293,-1.6281],[104.3625,-1.6467],[104.3163,-1.6278],[104.2863,-1.5734],[104.2355,-1.5434],[104.1639,-1.449],[104.0853,-1.3214],[104.1082,-1.3103],[104.0916,-1.2942],[104.0553,-1.3183],[103.7499,-1.3549],[103.618,-1.3919],[103.5807,-1.3902],[103.5809,-1.3549],[103.5585,-1.3539],[103.559,-1.3157],[103.5071,-1.3163],[103.5069,-1.3323],[103.4413,-1.3299],[103.4327,-1.3416],[103.3912,-1.2799],[103.3354,-1.2774],[103.3382,-1.2372],[103.4257,-1.2197],[103.4296,-1.2009],[103.4478,-1.195],[103.4451,-1.1302],[103.455,-1.1182],[103.4708,-1.1257],[103.4783,-1.1097],[103.5273,-1.1223],[103.5431,-1.09],[103.5931,-1.1152],[103.6163,-1.1012],[103.6513,-1.1022],[103.6531,-1.0885],[103.6758,-1.0758],[103.7364,-1.0597],[103.7278,-1.0291],[103.7403,-1.0155],[103.7523,-1.0198],[103.7513,-0.9872],[103.8022,-0.9939],[103.8083,-1.0137],[103.8307,-1.0153],[103.9122,-0.9828]]]}},{"type":"Feature","properties":{"province":"SUMATERA UTARA","district":"TAPANULI SELATAN","id":"SUMATERA UTARA/TAPANULI SELATAN","name":"TAPANULI SELATAN"},"geometry":{"type":"Polygon","coordinates":[[[99.4638,2.1219],[99.4891,2.1119],[99.5119,2.1231],[99.5208,2.0916],[99.5506,2.0787],[99.5532,2.0427],[99.5895,2.0167],[99.5827,2.0007],[99.6028,1.9733],[99.6337,1.9638],[99.5983,1.943],[99.5995,1.9139],[99.6157,1.9072],[99.6111,1.8888],[99.5653,1.8907],[99.5484,1.8615],[99.5708,1.8112],[99.5504,1.7164],[99.4791,1.7045],[99.4654,1.6725],[99.4352,1.6581],[99.4353,1.6254],[99.4546,1.593],[99.4298,1.575],[99.3905,1.5717],[99.4196,1.5419],[99.3943,1.4815],[99.4199,1.4288],[99.4194,1.3976],[99.4047,1.4151],[99.388,1.4142],[99.3597,1.3829],[99.4129,1.2908],[99.427,1.2386],[99.4187,1.2047],[99.5204,1.1192],[99.4811,1.127],[99.4286,1.0897],[99.4244,1.0714],[99.4637,1.0187],[99.4339,0.976],[99.3747,1.0235],[99.3363,1.0237],[99.2781,1.0958],[99.2695,1.0973],[99.2618,1.0521],[99.2404,1.0416],[99.2223,1.0433],[99.2104,1.0808],[99.187,1.0974],[99.1707,1.0926],[99.1323,1.1104],[99.1176,1.1012],[99.1328,1.1673],[99.0504,1.2045],[99.0292,1.2619],[99.0307,1.2965],[98.9709,1.3459],[98.9079,1.2933],[98.8876,1.3012],[98.8686,1.2799],[98.8523,1.2865],[98.8383,1.3503],[98.782,1.431],[98.8423,1.4312],[98.8309,1.4502],[98.8555,1.4679],[98.9022,1.4486],[98.9019,1.439],[98.9254,1.4477],[98.9427,1.4347],[98.9463,1.4466],[98.9867,1.4477],[98.9707,1.4502],[98.9851,1.458],[98.924,1.468],[98.9394,1.4803],[98.9797,1.4689],[99.0121,1.4816],[99.0121,1.5028],[98.9978,1.5036],[98.9893,1.523],[98.9966,1.5388],[99.0369,1.5581],[99.0035,1.5474],[99.0372,1.6265],[99.057,1.6451],[99.0514,1.7009],[99.0774,1.6994],[99.1162,1.6492],[99.1427,1.6404],[99.2596,1.7255],[99.2486,1.783],[99.2555,1.8236],[99.3076,1.8266],[99.3183,1.841],[99.3312,1.8302],[99.3499,1.8346],[99.3469,1.854],[99.3616,1.8682],[99.3394,1.9046],[99.3792,1.9505],[99.4828,1.9456],[99.4447,2.027],[99.4638,2.1219]],[[99.2415,1.4667],[99.22,1.4108],[99.2437,1.3631],[99.311,1.3028],[99.3493,1.3111],[99.3278,1.4155],[99.2723,1.4689],[99.2488,1.4773],[99.2415,1.4667]]]}},{"type":"Feature","properties":{"province":"SUMATERA UTARA","district":"TAPANULI TENGAH","id":"SUMATERA UTARA/TAPANULI TENGAH","name":"TAPANULI TENGAH"},"geometry":{"type":"Polygon","coordinates":[[[98.2779,2.2392],[98.2776,2.2036],[98.3131,2.1594],[98.4998,2.0806],[98.5639,2.0727],[98.5957,2.0822],[98.6086,2.0603],[98.6084,2.0217],[98.6432,1.9991],[98.6702,2.013],[98.6522,1.994],[98.7254,1.9528],[98.8132,1.9438],[98.8192,1.9172],[98.8056,1.8874],[98.7832,1.8813],[98.7886,1.8562],[98.8186,1.852],[98.8437,1.8157],[98.8642,1.8095],[98.8894,1.7417],[98.9923,1.7558],[98.9656,1.6791],[98.9851,1.654],[98.9999,1.6508],[99.0025,1.6692],[99.0519,1.7083],[99.057,1.6451],[99.0372,1.6265],[99.0035,1.5474],[99.0369,1.5581],[98.9966,1.5388],[98.9893,1.523],[98.9978,1.5036],[99.0121,1.5028],[99.0121,1.4816],[98.9797,1.4689],[98.9394,1.4803],[98.924,1.468],[98.9851,1.458],[98.9707,1.4502],[98.9867,1.4477],[98.9463,1.4466],[98.9427,1.4347],[98.9254,1.4477],[98.9019,1.439],[98.9022,1.4486],[98.8555,1.4679],[98.8309,1.4502],[98.8423,1.4312],[98.7823,1.4303],[98.769,1.4868],[98.7127,1.5605],[98.7308,1.5672],[98.766,1.5278],[98.7826,1.5784],[98.8063,1.5648],[98.7989,1.5938],[98.8212,1.6008],[98.8404,1.6277],[98.8377,1.6509],[98.8197,1.6619],[98.825,1.6784],[98.8095,1.691],[98.7944,1.6848],[98.7817,1.7029],[98.7841,1.7213],[98.8117,1.7309],[98.7969,1.7461],[98.8008,1.758],[98.7694,1.7576],[98.7419,1.7833],[98.7284,1.775],[98.7068,1.7858],[98.6989,1.7723],[98.7168,1.7539],[98.7318,1.7679],[98.7378,1.7263],[98.7231,1.7164],[98.6887,1.7328],[98.6085,1.8381],[98.5625,1.8712],[98.5422,1.9097],[98.4608,1.9901],[98.3758,2.0158],[98.358,2.0034],[98.3674,2.0222],[98.3403,2.0466],[98.3107,2.0341],[98.2849,2.0438],[98.2633,2.0281],[98.2723,2.0445],[98.2623,2.0625],[98.1273,2.1695],[98.1785,2.2391],[98.1947,2.3108],[98.2769,2.255],[98.2779,2.2392]]]}},{"type":"Feature","properties":{"province":"SUMATERA UTARA","district":"TAPANULI UTARA","id":"SUMATERA UTARA/TAPANULI UTARA","name":"TAPANULI UTARA"},"geometry":{"type":"Polygon","coordinates":[[[98.9816,2.3945],[98.996,2.3535],[98.9869,2.3253],[98.9986,2.2696],[99.02,2.2856],[99.0693,2.2925],[99.1234,2.2761],[99.1609,2.3028],[99.1813,2.2955],[99.1965,2.27],[99.1927,2.2368],[99.2073,2.2162],[99.2124,2.165],[99.2517,2.1209],[99.3316,2.105],[99.3344,2.1397],[99.3695,2.1739],[99.3946,2.1709],[99.3876,2.1357],[99.4145,2.1127],[99.4594,2.1253],[99.4452,2.0228],[99.4573,2.0187],[99.4532,2.0032],[99.4828,1.9456],[99.3792,1.9505],[99.3394,1.9046],[99.3616,1.8682],[99.3469,1.854],[99.3499,1.8346],[99.3312,1.8302],[99.3183,1.841],[99.3076,1.8266],[99.2555,1.8236],[99.2486,1.783],[99.2596,1.7255],[99.1427,1.6404],[99.1162,1.6492],[99.0774,1.6994],[99.0519,1.7083],[99.0025,1.6692],[98.9999,1.6508],[98.9851,1.654],[98.9656,1.6791],[98.9923,1.7558],[98.8894,1.7417],[98.8642,1.8095],[98.8437,1.8157],[98.8186,1.852],[98.7886,1.8562],[98.7832,1.8813],[98.8056,1.8874],[98.8192,1.9172],[98.8132,1.9438],[98.7262,1.9525],[98.6522,1.994],[98.6705,2.0041],[98.6904,2.0531],[98.7162,2.0757],[98.7147,2.1028],[98.7322,2.1042],[98.7253,2.1194],[98.7349,2.1286],[98.841,2.162],[98.8212,2.1732],[98.8119,2.221],[98.8858,2.2048],[98.8841,2.2191],[98.9181,2.2242],[98.945,2.2639],[98.9626,2.2674],[98.9492,2.3187],[98.8456,2.3438],[98.8623,2.3726],[98.8603,2.3964],[98.9124,2.408],[98.9816,2.3945]]]}},{"type":"Feature","properties":{"province":"KALIMANTAN SELATAN","district":"TAPIN","id":"KALIMANTAN SELATAN/TAPIN","name":"TAPIN"},"geometry":{"type":"Polygon","coordinates":[[[114.8646,-2.5282],[114.9981,-2.7571],[115.0246,-2.7796],[115.0741,-2.7864],[115.0688,-2.8452],[115.0944,-2.8289],[115.1886,-2.8703],[115.2317,-2.8683],[115.266,-2.9303],[115.2957,-2.9329],[115.3022,-2.9221],[115.3426,-2.9372],[115.3812,-2.9159],[115.3824,-2.8817],[115.443,-2.8891],[115.462,-2.8721],[115.5048,-2.8835],[115.4777,-2.9403],[115.435,-2.9769],[115.3986,-2.9959],[115.3875,-2.979],[115.3536,-2.9834],[115.3451,-2.9653],[115.3225,-2.9689],[115.2778,-2.9979],[115.2386,-3.0479],[115.2163,-3.0473],[115.168,-3.1147],[115.1812,-3.1307],[115.2419,-3.1358],[115.2376,-3.1668],[115.1986,-3.1752],[115.1752,-3.1625],[115.1657,-3.1882],[115.1231,-3.1961],[115.0646,-3.1678],[115.0251,-3.1629],[115.0258,-3.1343],[114.8264,-3.0132],[114.8266,-2.9928],[114.8149,-2.9922],[114.7992,-2.9568],[114.8394,-2.87],[114.8115,-2.8068],[114.8043,-2.7423],[114.8646,-2.5282]]]}},{"type":"Feature","properties":{"province":"JAWA BARAT","district":"TASIKMALAYA","id":"JAWA BARAT/TASIKMALAYA","name":"TASIKMALAYA"},"geometry":{"type":"Polygon","coordinates":[[[108.1299,-7.0406],[108.1562,-7.0669],[108.1937,-7.0708],[108.2196,-7.0879],[108.2199,-7.1233],[108.2014,-7.1375],[108.1926,-7.1696],[108.1933,-7.2693],[108.1535,-7.2951],[108.1613,-7.3215],[108.1525,-7.3348],[108.1671,-7.3441],[108.1712,-7.3856],[108.1846,-7.3953],[108.1875,-7.4465],[108.2686,-7.4254],[108.2825,-7.3846],[108.2652,-7.3744],[108.2973,-7.3403],[108.4052,-7.3601],[108.4149,-7.377],[108.3959,-7.4082],[108.4206,-7.4231],[108.4247,-7.4841],[108.4424,-7.4886],[108.4277,-7.5008],[108.4167,-7.4891],[108.4105,-7.4979],[108.3999,-7.4794],[108.374,-7.479],[108.3343,-7.5075],[108.3332,-7.5486],[108.3538,-7.5622],[108.3674,-7.6087],[108.3546,-7.6376],[108.3664,-7.6587],[108.3556,-7.6834],[108.3145,-7.6902],[108.332,-7.7122],[108.3129,-7.7246],[108.3242,-7.7572],[108.3181,-7.7866],[108.3435,-7.8031],[108.3408,-7.8168],[107.9101,-7.7311],[107.9312,-7.6861],[107.917,-7.5971],[107.9425,-7.5735],[107.9352,-7.5573],[107.9462,-7.545],[107.9534,-7.4603],[107.9436,-7.3982],[107.9045,-7.3627],[107.9471,-7.3309],[107.9225,-7.289],[107.9736,-7.2703],[107.9895,-7.2452],[108.0649,-7.2186],[108.0877,-7.1627],[108.068,-7.1302],[108.0994,-7.1029],[108.1225,-7.1148],[108.118,-7.0781],[108.1364,-7.0604],[108.1299,-7.0406]]]}},{"type":"Feature","properties":{"province":"JAMBI","district":"TEBO","id":"JAMBI/TEBO","name":"TEBO"},"geometry":{"type":"Polygon","coordinates":[[[102.0148,-0.8785],[102.0483,-0.9003],[102.0656,-0.8895],[102.1172,-0.9211],[102.1442,-0.8991],[102.1665,-0.8998],[102.1747,-0.9172],[102.189,-0.9163],[102.1903,-0.945],[102.2029,-0.9471],[102.2572,-0.9198],[102.3038,-0.9186],[102.3235,-0.9619],[102.3575,-0.9678],[102.3831,-0.9936],[102.3746,-1.0342],[102.4407,-1.0309],[102.48,-1.0891],[102.5086,-1.0836],[102.537,-1.1002],[102.5419,-1.0869],[102.5498,-1.1044],[102.6122,-1.0957],[102.6302,-1.1075],[102.6868,-1.1969],[102.6971,-1.2386],[102.7243,-1.2623],[102.7463,-1.2614],[102.7771,-1.3038],[102.8021,-1.3756],[102.7948,-1.3964],[102.8229,-1.4427],[102.8241,-1.4668],[102.7935,-1.5267],[102.8046,-1.5796],[102.7843,-1.6385],[102.7269,-1.6831],[102.7274,-1.7044],[102.707,-1.7043],[102.7142,-1.7184],[102.6678,-1.7569],[102.6643,-1.8134],[102.5903,-1.882],[102.5657,-1.887],[102.497,-1.8521],[102.4886,-1.8898],[102.4583,-1.9],[102.4582,-1.8853],[102.4859,-1.8843],[102.4569,-1.8503],[102.4816,-1.8033],[102.4969,-1.797],[102.4867,-1.7597],[102.5067,-1.7588],[102.5137,-1.7177],[102.5143,-1.7076],[102.4896,-1.7058],[102.5235,-1.6859],[102.5166,-1.6708],[102.5303,-1.6526],[102.4703,-1.6552],[102.5131,-1.6494],[102.5129,-1.6395],[102.489,-1.646],[102.489,-1.5953],[102.4769,-1.5712],[102.3144,-1.5689],[102.3142,-1.535],[102.3295,-1.51],[102.2902,-1.4435],[102.2912,-1.4603],[102.2513,-1.4789],[102.222,-1.468],[102.2106,-1.4761],[102.1834,-1.4602],[102.1821,-1.4443],[102.1452,-1.446],[102.1387,-1.4224],[102.093,-1.4136],[102.0788,-1.3916],[102.0401,-1.3916],[102.0037,-1.3525],[101.933,-1.3443],[101.9197,-1.2501],[101.9615,-1.2273],[101.9442,-1.1736],[101.9697,-1.1622],[101.9671,-1.1399],[101.9421,-1.1468],[101.9459,-1.1316],[101.9229,-1.1293],[101.9141,-1.14],[101.8906,-1.1215],[101.8875,-1.1383],[101.8926,-1.1018],[101.8777,-1.0936],[101.8664,-1.112],[101.853,-1.1002],[101.8455,-1.1119],[101.8296,-1.1096],[101.8152,-1.0016],[101.8236,-0.9776],[101.8453,-0.9836],[101.855,-0.9678],[101.9078,-0.9525],[101.9154,-0.9193],[101.9467,-0.9078],[101.9624,-0.9173],[101.9861,-0.8811],[102.0148,-0.8785]]]}},{"type":"Feature","properties":{"province":"JAWA TENGAH","district":"TEGAL","id":"JAWA TENGAH/TEGAL","name":"TEGAL"},"geometry":{"type":"Polygon","coordinates":[[[109.351,-6.8617],[109.3559,-6.8922],[109.3253,-6.9254],[109.3357,-6.9571],[109.2904,-6.9971],[109.2756,-7.0528],[109.2348,-7.0774],[109.2155,-7.1294],[109.1872,-7.1366],[109.1999,-7.2244],[109.2139,-7.235],[109.2042,-7.2462],[109.1734,-7.2313],[109.1498,-7.2417],[109.1133,-7.2116],[109.0576,-7.1916],[109.0843,-7.1477],[109.0725,-7.128],[109.0582,-7.1243],[109.055,-7.1503],[109.0089,-7.1357],[108.9625,-7.1477],[108.9524,-7.1235],[108.9798,-7.1201],[108.986,-7.0967],[108.9685,-7.0615],[108.9877,-7.0606],[109.0041,-7.0411],[109.0246,-7.0446],[109.0185,-7.0245],[109.0328,-6.9841],[109.066,-6.9754],[109.0751,-6.9943],[109.0764,-6.8892],[109.1163,-6.8992],[109.1466,-6.8884],[109.1623,-6.8445],[109.1925,-6.8609],[109.2735,-6.8734],[109.351,-6.8617]]]}},{"type":"Feature","properties":{"province":"PAPUA BARAT","district":"TELUK BINTUNI","id":"PAPUA BARAT/TELUK BINTUNI","name":"TELUK BINTUNI"},"geometry":{"type":"Polygon","coordinates":[[[133.2003,-1.2436],[133.2815,-1.2556],[133.2915,-1.2772],[133.3237,-1.2791],[133.3434,-1.3026],[133.4294,-1.3364],[133.4738,-1.3349],[133.4631,-1.4702],[133.5099,-1.5095],[133.5572,-1.4972],[133.5755,-1.513],[133.655,-1.4939],[133.6724,-1.4587],[133.6749,-1.3974],[133.6881,-1.3921],[133.7015,-1.4466],[133.6928,-1.4835],[133.6705,-1.5116],[133.6814,-1.5317],[133.7002,-1.5342],[133.6969,-1.5516],[133.7225,-1.5887],[133.7126,-1.6113],[133.6625,-1.6135],[133.6561,-1.6278],[133.7088,-1.6212],[133.732,-1.6329],[133.7555,-1.6222],[133.8031,-1.6513],[133.8138,-1.6726],[133.8534,-1.683],[133.8537,-1.6962],[133.889,-1.713],[133.8981,-1.7373],[133.8852,-1.7523],[133.9005,-1.7516],[133.9078,-1.7968],[133.9189,-1.8007],[133.8767,-1.8389],[133.9175,-1.8527],[133.9298,-1.8414],[133.9393,-1.8491],[133.9873,-1.8328],[134.0084,-1.8384],[134.0326,-1.854],[134.0425,-1.888],[134.0543,-1.889],[134.0559,-2.0376],[134.0837,-2.1125],[134.077,-2.1959],[134.0922,-2.2224],[134.0895,-2.2651],[134.1047,-2.3092],[134.1071,-2.4335],[134.1185,-2.4415],[134.1237,-2.484],[134.1656,-2.5078],[134.19,-2.57],[134.2253,-2.5789],[134.2459,-2.6079],[134.262,-2.6092],[134.2476,-2.647],[134.2669,-2.6819],[134.2584,-2.7084],[134.2742,-2.7451],[134.3144,-2.7692],[134.3081,-2.7977],[134.3299,-2.8858],[134.3248,-2.9099],[134.3598,-2.9529],[134.3319,-2.988],[134.3349,-3.0113],[134.313,-3.0525],[134.2833,-3.0654],[134.2895,-3.1097],[134.2628,-3.1285],[134.2561,-3.1184],[134.2298,-3.1196],[134.2231,-3.088],[134.2038,-3.0777],[134.1919,-3.0128],[134.1427,-3.0174],[134.121,-2.9567],[134.1004,-2.9356],[134.0635,-2.9277],[134.023,-2.8287],[134.0365,-2.8211],[134.0043,-2.7875],[133.9837,-2.7904],[133.9699,-2.8122],[133.9897,-2.8517],[133.9613,-2.8655],[133.9378,-2.8485],[133.9296,-2.8176],[133.897,-2.8019],[133.868,-2.8099],[133.8601,-2.788],[133.8095,-2.8069],[133.7978,-2.7931],[133.7782,-2.8086],[133.7353,-2.8117],[133.7227,-2.8225],[133.731,-2.8844],[133.7152,-2.9111],[133.6593,-2.9367],[133.6482,-2.9651],[133.6046,-2.9729],[133.5705,-3.0635],[133.5101,-3.0673],[133.4976,-3.0811],[133.4881,-3.0407],[133.4156,-3.0245],[133.3988,-2.9913],[133.3709,-2.973],[133.3444,-2.9933],[133.2679,-2.9878],[133.2092,-2.9389],[133.1572,-2.929],[133.1816,-2.913],[133.2237,-2.8495],[133.1973,-2.8281],[133.2132,-2.8019],[133.1619,-2.78],[133.1366,-2.747],[133.0565,-2.7178],[133.0431,-2.7035],[133.0477,-2.692],[133.0839,-2.6779],[133.0669,-2.6373],[133.0195,-2.6208],[133.0168,-2.5946],[132.9845,-2.5781],[133.0423,-2.4961],[133.0819,-2.4646],[133.127,-2.4368],[133.1814,-2.4323],[133.2167,-2.4115],[133.304,-2.4452],[133.3097,-2.5098],[133.2906,-2.4995],[133.2886,-2.5118],[133.313,-2.5173],[133.3236,-2.4678],[133.3766,-2.5099],[133.3728,-2.6201],[133.3972,-2.6905],[133.4118,-2.6952],[133.4197,-2.6736],[133.4388,-2.6755],[133.4376,-2.644],[133.4628,-2.632],[133.493,-2.6463],[133.5286,-2.6421],[133.535,-2.6099],[133.5642,-2.608],[133.5704,-2.5902],[133.5607,-2.5779],[133.5721,-2.5649],[133.6381,-2.5318],[133.6731,-2.5669],[133.6624,-2.6582],[133.6726,-2.6627],[133.69,-2.616],[133.7473,-2.621],[133.7515,-2.6562],[133.7402,-2.6626],[133.7606,-2.6744],[133.8049,-2.6466],[133.8085,-2.5439],[133.7836,-2.49],[133.8189,-2.462],[133.8206,-2.4458],[133.8534,-2.4731],[133.8716,-2.4558],[133.9055,-2.4826],[133.9561,-2.467],[133.9762,-2.4789],[133.9865,-2.45],[133.9463,-2.4193],[133.9489,-2.3956],[133.9886,-2.3893],[133.9897,-2.3648],[133.9596,-2.3506],[133.949,-2.3249],[133.9915,-2.2999],[133.985,-2.2792],[134.0004,-2.2486],[133.986,-2.2241],[133.9794,-2.2395],[133.9419,-2.2322],[133.9413,-2.1341],[133.9658,-2.122],[133.9731,-2.0992],[133.9499,-2.0926],[133.9513,-2.0596],[133.936,-2.0633],[133.9432,-2.0818],[133.9061,-2.1037],[133.8737,-2.1085],[133.8407,-2.0961],[133.8172,-2.1372],[133.7729,-2.1498],[133.7528,-2.1689],[133.7194,-2.1623],[133.6937,-2.1978],[133.6663,-2.1967],[133.6215,-2.2317],[133.6078,-2.215],[133.5899,-2.2275],[133.5656,-2.2117],[133.52,-2.2352],[133.4998,-2.2257],[133.4249,-2.2297],[133.4037,-2.2076],[133.3721,-2.202],[133.325,-2.2191],[133.2727,-2.1946],[133.2257,-2.2151],[133.2172,-2.202],[133.1778,-2.1942],[133.1374,-2.2049],[133.1174,-2.2275],[133.0299,-2.2389],[132.9597,-2.2917],[132.9445,-2.2622],[132.939,-2.2771],[132.9009,-2.2811],[132.8388,-2.2426],[132.7623,-2.2579],[132.7122,-2.2984],[132.6587,-2.2799],[132.6439,-2.2881],[132.6258,-2.2674],[132.5986,-2.1944],[132.6372,-2.1482],[132.639,-2.0898],[132.6657,-2.1089],[132.671,-2.0991],[132.6825,-2.105],[132.6721,-2.0881],[132.6857,-2.0963],[132.6958,-2.0837],[132.6816,-2.0809],[132.6951,-2.0729],[132.6884,-2.0491],[132.6539,-2.0361],[132.6664,-2.0149],[132.6425,-2.0209],[132.6347,-1.9852],[132.6141,-1.9872],[132.6394,-1.968],[132.6513,-1.9757],[132.6561,-1.962],[132.6391,-1.9421],[132.646,-1.922],[132.6182,-1.9128],[132.6372,-1.9041],[132.6222,-1.8761],[132.6751,-1.8717],[132.7241,-1.8858],[132.7332,-1.8771],[132.7278,-1.859],[132.7425,-1.8466],[132.7402,-1.8194],[132.7724,-1.7263],[132.7695,-1.6513],[132.7871,-1.573],[132.8239,-1.5638],[132.8578,-1.5016],[132.8646,-1.4664],[132.8544,-1.4498],[132.9051,-1.3969],[132.8969,-1.3873],[132.9095,-1.3621],[132.8974,-1.3238],[132.9054,-1.2922],[132.9353,-1.2944],[132.9594,-1.3359],[133.007,-1.357],[133.0375,-1.339],[133.0375,-1.3175],[133.0569,-1.3119],[133.0654,-1.3221],[133.0892,-1.2894],[133.1174,-1.2904],[133.15,-1.253],[133.2003,-1.2436]]]}},{"type":"Feature","properties":{"province":"PAPUA BARAT","district":"TELUK WONDAMA","id":"PAPUA BARAT/TELUK WONDAMA","name":"TELUK WONDAMA"},"geometry":{"type":"Polygon","coordinates":[[[134.1008,-1.7784],[134.1019,-1.8619],[134.1214,-1.8627],[134.1428,-1.9933],[134.1303,-2.0296],[134.1196,-2.0231],[134.1202,-2.0391],[134.1019,-2.0519],[134.1178,-2.1642],[134.1356,-2.1532],[134.1441,-2.1691],[134.1442,-2.2066],[134.1251,-2.2094],[134.1426,-2.222],[134.1355,-2.2371],[134.1558,-2.2429],[134.1485,-2.2558],[134.16,-2.3095],[134.1761,-2.3562],[134.1953,-2.3861],[134.202,-2.3764],[134.2135,-2.4189],[134.2325,-2.4215],[134.2415,-2.44],[134.2606,-2.4308],[134.2637,-2.4633],[134.3127,-2.5068],[134.2864,-2.5197],[134.3108,-2.5157],[134.3208,-2.5266],[134.31,-2.5341],[134.3392,-2.5512],[134.3411,-2.577],[134.3192,-2.587],[134.3355,-2.5867],[134.3603,-2.6183],[134.3491,-2.6239],[134.358,-2.6395],[134.3755,-2.6438],[134.3663,-2.6675],[134.3796,-2.6738],[134.3973,-2.7214],[134.4085,-2.7186],[134.4058,-2.7676],[134.4217,-2.7738],[134.4262,-2.797],[134.4301,-2.7896],[134.4547,-2.8112],[134.4453,-2.8154],[134.4461,-2.8506],[134.4681,-2.8656],[134.4961,-2.8598],[134.4918,-2.8482],[134.5143,-2.8334],[134.5235,-2.8032],[134.5054,-2.7568],[134.5118,-2.7321],[134.4972,-2.7127],[134.4974,-2.6601],[134.4747,-2.6413],[134.4757,-2.6014],[134.4611,-2.5902],[134.4607,-2.5496],[134.477,-2.5229],[134.516,-2.4825],[134.5527,-2.4939],[134.5461,-2.4848],[134.569,-2.485],[134.5123,-2.4738],[134.5185,-2.4632],[134.5511,-2.4727],[134.533,-2.4492],[134.5674,-2.4559],[134.5713,-2.4743],[134.6029,-2.4886],[134.6312,-2.4744],[134.6277,-2.4928],[134.6507,-2.5319],[134.6614,-2.7563],[134.6375,-2.7576],[134.6211,-2.7904],[134.5853,-2.8027],[134.6314,-3.0514],[134.617,-3.0836],[134.6332,-3.1147],[134.6146,-3.1141],[134.6088,-3.1277],[134.643,-3.1434],[134.647,-3.1668],[134.6704,-3.1702],[134.6825,-3.2577],[134.6937,-3.2912],[134.7149,-3.3038],[134.6939,-3.3082],[134.6809,-3.2956],[134.6241,-3.3189],[134.5864,-3.3043],[134.6245,-3.3729],[134.6199,-3.4026],[134.5907,-3.4097],[134.6056,-3.4627],[134.5848,-3.4813],[134.5511,-3.4792],[134.5411,-3.4918],[134.5332,-3.4796],[134.502,-3.4991],[134.4468,-3.4799],[134.4353,-3.4871],[134.3931,-3.4616],[134.3449,-3.4701],[134.2898,-3.3874],[134.253,-3.3634],[134.2467,-3.3533],[134.2609,-3.325],[134.2315,-3.3002],[134.209,-3.2571],[134.2231,-3.242],[134.1975,-3.1775],[134.2038,-3.0777],[134.2227,-3.0875],[134.2309,-3.1204],[134.2561,-3.1184],[134.2628,-3.1285],[134.2884,-3.1114],[134.2833,-3.0654],[134.313,-3.0525],[134.3349,-3.0113],[134.3319,-2.988],[134.3598,-2.9529],[134.3248,-2.9099],[134.3299,-2.8858],[134.3081,-2.7977],[134.3144,-2.7692],[134.2742,-2.7451],[134.2584,-2.7084],[134.2669,-2.6819],[134.2476,-2.647],[134.262,-2.6092],[134.2459,-2.6079],[134.2253,-2.5789],[134.19,-2.57],[134.1656,-2.5078],[134.1237,-2.484],[134.1185,-2.4415],[134.1071,-2.4335],[134.1047,-2.3092],[134.0895,-2.2651],[134.0922,-2.2224],[134.077,-2.1959],[134.0837,-2.1125],[134.0559,-2.0376],[134.0543,-1.889],[134.0425,-1.888],[134.0326,-1.854],[134.0084,-1.8384],[134.0403,-1.8316],[134.0783,-1.8023],[134.099,-1.768],[134.1008,-1.7784]]]}},{"type":"Feature","properties":{"province":"JAWA TENGAH","district":"TEMANGGUNG","id":"JAWA TENGAH/TEMANGGUNG","name":"TEMANGGUNG"},"geometry":{"type":"Polygon","coordinates":[[[110.2567,-7.1943],[110.2483,-7.2075],[110.2729,-7.237],[110.2696,-7.2534],[110.3329,-7.2965],[110.3141,-7.3099],[110.3275,-7.3141],[110.3166,-7.3524],[110.2666,-7.3819],[110.2355,-7.3724],[110.2145,-7.404],[110.2141,-7.3905],[110.1954,-7.3809],[110.0705,-7.3847],[109.9963,-7.301],[109.9944,-7.2603],[109.9355,-7.2018],[110.0598,-7.1189],[110.0766,-7.1209],[110.1202,-7.0931],[110.1754,-7.101],[110.1833,-7.0775],[110.1933,-7.0808],[110.1934,-7.1057],[110.145,-7.1253],[110.1404,-7.1381],[110.1849,-7.1516],[110.2135,-7.1856],[110.2567,-7.1943]]]}},{"type":"Feature","properties":{"province":"NUSA TENGGARA TIMUR","district":"TIMOR TENGAH SELATAN","id":"NUSA TENGGARA TIMUR/TIMOR TENGAH SELATAN","name":"TIMOR TENGAH SELATAN"},"geometry":{"type":"Polygon","coordinates":[[[124.1898,-9.4832],[124.2385,-9.5259],[124.2149,-9.538],[124.2266,-9.5603],[124.2364,-9.5432],[124.2669,-9.5527],[124.2802,-9.5699],[124.3086,-9.5718],[124.3207,-9.597],[124.3509,-9.5864],[124.3617,-9.5971],[124.4302,-9.594],[124.4288,-9.606],[124.461,-9.6135],[124.4575,-9.6346],[124.5172,-9.663],[124.5633,-9.6411],[124.5801,-9.617],[124.6158,-9.613],[124.6453,-9.5849],[124.6634,-9.627],[124.7136,-9.6386],[124.7598,-9.6],[124.7859,-9.5982],[124.7852,-9.615],[124.8003,-9.6179],[124.7952,-9.6418],[124.8205,-9.6591],[124.7981,-9.7486],[124.8098,-9.7914],[124.7507,-9.8816],[124.6688,-9.9195],[124.6557,-9.948],[124.5882,-10.0002],[124.5484,-10.0106],[124.5069,-10.0935],[124.4002,-10.1684],[124.2235,-10.163],[124.2147,-10.1136],[124.1985,-10.1044],[124.2066,-10.0873],[124.1428,-10.0242],[124.1648,-10.0177],[124.1247,-9.9757],[124.0968,-9.9766],[124.0857,-9.964],[124.094,-9.8094],[124.0673,-9.7586],[124.1106,-9.6845],[124.0984,-9.6564],[124.083,-9.6736],[124.0549,-9.6532],[124.0894,-9.6208],[124.078,-9.5866],[124.1196,-9.553],[124.1472,-9.5651],[124.1576,-9.5573],[124.1173,-9.4848],[124.1216,-9.4729],[124.1449,-9.4762],[124.1854,-9.5114],[124.1953,-9.5045],[124.1898,-9.4832]]]}},{"type":"Feature","properties":{"province":"NUSA TENGGARA TIMUR","district":"TIMOR TENGAH UTARA","id":"NUSA TENGGARA TIMUR/TIMOR TENGAH UTARA","name":"TIMOR TENGAH UTARA"},"geometry":{"type":"Polygon","coordinates":[[[124.8195,-9.3453],[124.8006,-9.3507],[124.8036,-9.3856],[124.7793,-9.4],[124.7978,-9.4254],[124.7816,-9.4702],[124.7687,-9.4677],[124.7672,-9.4816],[124.7213,-9.5035],[124.753,-9.5363],[124.7537,-9.5636],[124.7308,-9.5532],[124.7042,-9.5614],[124.6945,-9.5857],[124.6334,-9.5864],[124.6158,-9.613],[124.5801,-9.617],[124.5633,-9.6411],[124.5172,-9.663],[124.4575,-9.6346],[124.461,-9.6135],[124.4288,-9.606],[124.4302,-9.594],[124.3617,-9.5971],[124.3509,-9.5864],[124.3207,-9.597],[124.3086,-9.5718],[124.2802,-9.5699],[124.2669,-9.5527],[124.2364,-9.5432],[124.2266,-9.5603],[124.2149,-9.538],[124.2385,-9.5262],[124.224,-9.5062],[124.1623,-9.4521],[124.1449,-9.4528],[124.0927,-9.413],[124.1198,-9.4067],[124.1341,-9.4265],[124.15,-9.4273],[124.1682,-9.3945],[124.2173,-9.3656],[124.2716,-9.4124],[124.287,-9.4512],[124.2781,-9.5029],[124.3548,-9.4852],[124.3648,-9.46],[124.3494,-9.4252],[124.3728,-9.4169],[124.3655,-9.402],[124.3804,-9.3968],[124.3799,-9.3569],[124.4384,-9.3338],[124.4402,-9.3145],[124.4626,-9.2995],[124.4545,-9.2658],[124.4686,-9.2081],[124.4829,-9.1977],[124.476,-9.1743],[124.5306,-9.1863],[124.6159,-9.1534],[124.6393,-9.1283],[124.6702,-9.1181],[124.6974,-9.0536],[124.7298,-9.0588],[124.7924,-9.0182],[124.8202,-9.0763],[124.8136,-9.102],[124.8272,-9.1456],[124.8096,-9.1682],[124.8363,-9.2173],[124.826,-9.2425],[124.8576,-9.2614],[124.844,-9.3261],[124.8195,-9.3453]]]}},{"type":"Feature","properties":{"province":"SUMATERA UTARA","district":"TOBA SAMOSIR","id":"SUMATERA UTARA/TOBA SAMOSIR","name":"TOBA SAMOSIR"},"geometry":{"type":"Polygon","coordinates":[[[99.0777,2.5971],[99.0918,2.5759],[99.15,2.5675],[99.2035,2.5312],[99.2709,2.5428],[99.305,2.5741],[99.3054,2.5503],[99.3267,2.5659],[99.3852,2.5644],[99.4204,2.5993],[99.4082,2.5643],[99.4162,2.5627],[99.439,2.574],[99.4424,2.5951],[99.4574,2.6043],[99.4485,2.5674],[99.4656,2.5475],[99.4525,2.5409],[99.4471,2.4954],[99.4187,2.4604],[99.5018,2.3945],[99.5195,2.4001],[99.5124,2.4385],[99.5237,2.4591],[99.5205,2.3508],[99.5819,2.3374],[99.5858,2.3135],[99.5502,2.3072],[99.5348,2.2474],[99.4793,2.2424],[99.4241,2.2153],[99.393,2.1698],[99.3616,2.1728],[99.3341,2.139],[99.3316,2.105],[99.2517,2.1209],[99.2124,2.165],[99.2073,2.2162],[99.1927,2.2368],[99.1965,2.27],[99.1813,2.2955],[99.1609,2.3028],[99.1234,2.2761],[99.0693,2.2925],[99.02,2.2856],[98.9986,2.2696],[98.9869,2.3253],[98.996,2.3535],[98.9816,2.3945],[99.0189,2.4392],[99.0186,2.4837],[98.9899,2.5202],[98.9222,2.5699],[98.9053,2.5971],[98.8947,2.6629],[98.9505,2.6541],[98.9746,2.602],[99.0424,2.6338],[99.0777,2.5971]]]}},{"type":"Feature","properties":{"province":"SULAWESI TENGAH","district":"TOJO UNA-UNA","id":"SULAWESI TENGAH/TOJO UNA-UNA","name":"TOJO UNA-UNA"},"geometry":{"type":"Polygon","coordinates":[[[121.6562,-0.8056],[121.6695,-0.8571],[121.6579,-0.9134],[121.7605,-0.9708],[121.8153,-0.957],[121.8552,-0.969],[121.8537,-1.0132],[121.8755,-1.0725],[121.9206,-1.096],[121.9367,-1.1298],[121.9556,-1.1113],[122.0034,-1.1313],[122.0093,-1.1507],[122.0443,-1.1706],[122.0661,-1.2256],[122.0572,-1.2471],[122.1244,-1.271],[122.1314,-1.3235],[122.1194,-1.3315],[122.1304,-1.344],[122.1106,-1.3761],[122.0386,-1.3404],[122.0166,-1.3515],[122.0135,-1.3789],[121.9897,-1.3764],[121.9848,-1.3919],[121.9321,-1.3059],[121.8662,-1.2736],[121.8203,-1.3],[121.7587,-1.3693],[121.6952,-1.416],[121.6428,-1.406],[121.6042,-1.3736],[121.488,-1.3322],[121.4694,-1.3657],[121.3994,-1.4336],[121.2901,-1.4778],[121.2627,-1.5153],[121.2307,-1.5232],[121.1969,-1.5733],[121.1421,-1.5702],[121.1354,-1.5975],[121.0898,-1.5967],[121.0093,-1.6446],[120.9285,-1.6497],[120.9259,-1.6021],[120.8887,-1.4831],[120.8877,-1.411],[120.9493,-1.4152],[120.9808,-1.3994],[121.0158,-1.42],[121.0383,-1.4141],[121.038,-1.4339],[121.058,-1.4404],[121.1119,-1.4295],[121.1351,-1.3841],[121.1632,-1.3672],[121.1606,-1.349],[121.1815,-1.326],[121.222,-1.2025],[121.2789,-1.1587],[121.2947,-1.1166],[121.3371,-1.0639],[121.3918,-1.0356],[121.3957,-1.0055],[121.4501,-0.9723],[121.4801,-0.8998],[121.5389,-0.8726],[121.5876,-0.8667],[121.6015,-0.8504],[121.5898,-0.8358],[121.5972,-0.8249],[121.6562,-0.8056]]]}},{"type":"Feature","properties":{"province":"SULAWESI TENGAH","district":"TOLITOLI","id":"SULAWESI TENGAH/TOLITOLI","name":"TOLITOLI"},"geometry":{"type":"Polygon","coordinates":[[[120.9108,1.349],[120.8974,1.3338],[120.905,1.3186],[120.891,1.326],[120.8955,1.3176],[120.8853,1.317],[120.9012,1.3127],[120.8938,1.3037],[120.9182,1.3257],[120.9273,1.318],[120.9303,1.3304],[120.9214,1.33],[120.942,1.3502],[121.0242,1.3287],[121.0622,1.302],[121.0789,1.3189],[121.1012,1.3157],[121.1784,1.2633],[121.1743,1.2168],[121.1573,1.2185],[121.1293,1.1716],[121.1281,1.1305],[121.099,1.1076],[121.0943,1.0887],[121.0589,1.0759],[121.0432,1.0467],[121.01,1.0301],[121.0293,1.0],[121.008,0.8605],[120.9833,0.8321],[121.0001,0.8264],[120.9907,0.7997],[120.9578,0.8001],[120.9237,0.7795],[120.9141,0.7374],[120.8926,0.7405],[120.8809,0.7036],[120.8652,0.711],[120.8142,0.6756],[120.7832,0.6783],[120.7543,0.662],[120.7063,0.6686],[120.6252,0.5885],[120.5749,0.6093],[120.5474,0.5952],[120.5402,0.6337],[120.4955,0.6364],[120.4922,0.6513],[120.4621,0.6679],[120.4169,0.6617],[120.3567,0.678],[120.2292,0.6078],[120.1926,0.6158],[120.1962,0.7006],[120.1519,0.7241],[120.1369,0.7469],[120.1831,0.7589],[120.2377,0.8],[120.2459,0.8341],[120.2346,0.8862],[120.2483,0.9592],[120.2861,0.9765],[120.2826,0.9863],[120.3539,0.984],[120.3285,0.8513],[120.3638,0.8289],[120.3733,0.8667],[120.3748,0.8288],[120.3984,0.7913],[120.4683,0.7775],[120.496,0.7937],[120.5359,0.7908],[120.5572,0.7679],[120.5471,0.7555],[120.5947,0.7501],[120.5919,0.7645],[120.5737,0.7693],[120.599,0.7913],[120.5955,0.8088],[120.6097,0.8082],[120.5972,0.837],[120.6032,0.8706],[120.6229,0.9124],[120.6382,0.9197],[120.6354,0.9391],[120.6711,0.9489],[120.6701,0.9654],[120.689,0.953],[120.6808,0.961],[120.6958,0.9658],[120.6788,0.9703],[120.6965,0.9868],[120.701,0.9751],[120.7038,0.9861],[120.7068,0.9738],[120.7211,0.9752],[120.712,0.9578],[120.729,0.9628],[120.7587,1.0105],[120.7875,1.0312],[120.8087,1.0283],[120.8097,1.0487],[120.796,1.0535],[120.7978,1.0915],[120.7769,1.1074],[120.7885,1.1636],[120.7988,1.1576],[120.8268,1.1817],[120.8273,1.2038],[120.8098,1.2203],[120.8205,1.2558],[120.8081,1.2665],[120.822,1.2932],[120.8075,1.3251],[120.8389,1.3123],[120.8685,1.3174],[120.8883,1.3276],[120.8949,1.3501],[120.9108,1.349]]]}},{"type":"Feature","properties":{"province":"PAPUA","district":"TOLIKARA","id":"PAPUA/TOLIKARA","name":"TOLIKARA"},"geometry":{"type":"Polygon","coordinates":[[[138.1768,-3.1101],[138.2357,-3.153],[138.1848,-3.2067],[138.1593,-3.1985],[138.1306,-3.268],[138.1473,-3.2935],[138.1583,-3.2851],[138.1509,-3.2611],[138.1743,-3.2601],[138.1774,-3.2423],[138.1906,-3.2429],[138.2396,-3.1888],[138.2919,-3.1745],[138.3521,-3.2392],[138.4069,-3.2463],[138.4349,-3.2298],[138.4439,-3.2409],[138.435,-3.2595],[138.4621,-3.2721],[138.476,-3.2956],[138.4647,-3.2981],[138.4707,-3.312],[138.4993,-3.2993],[138.5186,-3.3215],[138.5431,-3.3237],[138.5294,-3.3545],[138.5385,-3.3683],[138.6155,-3.402],[138.6414,-3.448],[138.7023,-3.4854],[138.7147,-3.5052],[138.7067,-3.5438],[138.7216,-3.5576],[138.7274,-3.5975],[138.7543,-3.6005],[138.7637,-3.6162],[138.7449,-3.6195],[138.7424,-3.6552],[138.6991,-3.7233],[138.653,-3.7113],[138.6251,-3.7197],[138.6094,-3.75],[138.6208,-3.7688],[138.5972,-3.7794],[138.5323,-3.7787],[138.4787,-3.7579],[138.4674,-3.778],[138.4375,-3.7754],[138.4082,-3.792],[138.3439,-3.7617],[138.3434,-3.7261],[138.3211,-3.7074],[138.2827,-3.7042],[138.2806,-3.6506],[138.2548,-3.6196],[138.271,-3.4903],[138.2556,-3.4735],[138.2308,-3.471],[138.2304,-3.4411],[138.1508,-3.4369],[138.1151,-3.4018],[138.1137,-3.3345],[138.1326,-3.3289],[138.1354,-3.2977],[138.1034,-3.3065],[138.1059,-3.2721],[138.0787,-3.2431],[138.0866,-3.2251],[138.0619,-3.2097],[138.0719,-3.198],[138.0747,-3.1313],[138.1768,-3.1101]]]}},{"type":"Feature","properties":{"province":"SULAWESI SELATAN","district":"TORAJA UTARA","id":"SULAWESI SELATAN/TORAJA UTARA","name":"TORAJA UTARA"},"geometry":{"type":"Polygon","coordinates":[[[119.7716,-2.5944],[119.8055,-2.6183],[119.835,-2.6157],[119.8518,-2.6342],[119.8386,-2.6474],[119.8369,-2.6967],[119.8556,-2.6881],[119.8909,-2.7695],[119.9415,-2.7788],[119.9611,-2.8021],[119.9908,-2.844],[119.9814,-2.8604],[120.006,-2.9036],[120.0526,-2.9311],[120.0495,-2.9523],[120.0609,-2.9653],[120.051,-2.9835],[120.0853,-3.0072],[120.0848,-3.0316],[120.0078,-3.0523],[120.028,-3.0707],[120.0169,-3.0916],[120.0235,-3.1063],[120.01,-3.1672],[119.9871,-3.1827],[119.973,-3.1743],[119.9679,-3.1304],[119.9794,-3.1091],[119.959,-3.1003],[119.9689,-3.0691],[119.9372,-3.0684],[119.9269,-3.0495],[119.895,-3.045],[119.8954,-3.027],[119.8783,-3.0211],[119.8575,-3.0543],[119.832,-3.0101],[119.8187,-3.0275],[119.8025,-3.0236],[119.8124,-2.9872],[119.7966,-2.9451],[119.7741,-2.9395],[119.7209,-2.9558],[119.6998,-2.9241],[119.6752,-2.9179],[119.6965,-2.845],[119.674,-2.8051],[119.6849,-2.7768],[119.6751,-2.7688],[119.708,-2.7322],[119.7478,-2.7144],[119.7563,-2.6368],[119.744,-2.6106],[119.7604,-2.5866],[119.7716,-2.5944]]]}},{"type":"Feature","properties":{"province":"JAWA TIMUR","district":"TRENGGALEK","id":"JAWA TIMUR/TRENGGALEK","name":"TRENGGALEK"},"geometry":{"type":"Polygon","coordinates":[[[111.7522,-7.8877],[111.7612,-7.9229],[111.7442,-7.9321],[111.7381,-7.9585],[111.7605,-7.9879],[111.7546,-8.0312],[111.7802,-8.0392],[111.8132,-8.0876],[111.8383,-8.0916],[111.8469,-8.1064],[111.8223,-8.1347],[111.7336,-8.1422],[111.7185,-8.1686],[111.7169,-8.1911],[111.7401,-8.2032],[111.7273,-8.2422],[111.7479,-8.2579],[111.75,-8.2898],[111.7776,-8.2897],[111.769,-8.3167],[111.7817,-8.3261],[111.7493,-8.3409],[111.739,-8.3326],[111.7466,-8.306],[111.7293,-8.2875],[111.7129,-8.2909],[111.7132,-8.3224],[111.6954,-8.3218],[111.6884,-8.3353],[111.724,-8.3687],[111.7037,-8.3671],[111.7019,-8.3832],[111.6673,-8.3558],[111.6527,-8.3665],[111.6476,-8.3516],[111.626,-8.3539],[111.6343,-8.3405],[111.6173,-8.3199],[111.6054,-8.3394],[111.5989,-8.3219],[111.5703,-8.3337],[111.5736,-8.3178],[111.5543,-8.3062],[111.532,-8.3167],[111.5336,-8.3329],[111.482,-8.3194],[111.4784,-8.3053],[111.4554,-8.32],[111.4449,-8.2943],[111.4551,-8.274],[111.4221,-8.2584],[111.4158,-8.2762],[111.4043,-8.2725],[111.3922,-8.2332],[111.4089,-8.2127],[111.4035,-8.197],[111.4243,-8.1914],[111.4248,-8.1704],[111.4378,-8.1632],[111.4774,-8.1731],[111.4833,-8.1085],[111.5279,-8.1074],[111.5269,-8.0811],[111.5435,-8.0665],[111.5353,-8.0597],[111.5733,-8.0479],[111.5905,-8.0194],[111.6372,-8.0021],[111.6533,-8.0205],[111.6635,-7.9681],[111.6474,-7.9581],[111.6548,-7.9415],[111.6885,-7.9327],[111.7067,-7.9065],[111.7013,-7.8962],[111.7409,-7.8792],[111.7522,-7.8877]]]}},{"type":"Feature","properties":{"province":"JAWA TIMUR","district":"TUBAN","id":"JAWA TIMUR/TUBAN","name":"TUBAN"},"geometry":{"type":"Polygon","coordinates":[[[112.1707,-6.8973],[112.1804,-6.9131],[112.203,-6.9183],[112.2146,-7.0094],[112.2033,-7.0294],[112.2225,-7.0373],[112.2169,-7.0745],[112.1898,-7.0844],[112.1793,-7.0751],[112.1836,-7.0892],[112.1579,-7.1105],[112.1313,-7.097],[112.1219,-7.1077],[112.1246,-7.0894],[112.0866,-7.0861],[112.0828,-7.0659],[112.0413,-7.0817],[112.0443,-7.0712],[112.0313,-7.0791],[112.0178,-7.0681],[112.0204,-7.0874],[112.0032,-7.1093],[112.0106,-7.1303],[111.9944,-7.1151],[111.9806,-7.165],[111.9701,-7.1378],[111.9527,-7.1318],[111.9326,-7.1599],[111.9304,-7.1328],[111.8992,-7.1363],[111.8863,-7.1217],[111.8779,-7.1333],[111.862,-7.1297],[111.814,-7.0863],[111.7119,-7.081],[111.6938,-7.0541],[111.6576,-7.037],[111.6514,-6.9998],[111.5672,-6.9516],[111.5775,-6.9171],[111.6077,-6.9037],[111.6192,-6.8217],[111.6564,-6.8263],[111.6681,-6.8017],[111.6608,-6.7769],[111.6695,-6.7634],[111.6848,-6.7712],[111.6914,-6.7542],[111.8379,-6.801],[111.9609,-6.7605],[111.9946,-6.8044],[112.0035,-6.7978],[112.0105,-6.8345],[112.0532,-6.8871],[112.1235,-6.9026],[112.1707,-6.8973]]]}},{"type":"Feature","properties":{"province":"LAMPUNG","district":"TULANG BAWANG","id":"LAMPUNG/TULANG BAWANG","name":"TULANG BAWANG"},"geometry":{"type":"Polygon","coordinates":[[[105.8183,-4.16],[105.8199,-4.3385],[105.8576,-4.3778],[105.8522,-4.4108],[105.89,-4.4383],[105.9128,-4.4384],[105.8989,-4.4938],[105.9057,-4.5496],[105.8824,-4.5877],[105.89,-4.628],[105.9147,-4.6422],[105.8977,-4.6832],[105.8534,-4.6762],[105.8573,-4.6326],[105.8376,-4.6197],[105.8095,-4.6537],[105.7814,-4.6343],[105.7787,-4.6052],[105.8047,-4.5847],[105.7939,-4.5807],[105.7919,-4.5509],[105.771,-4.5529],[105.7705,-4.529],[105.749,-4.521],[105.732,-4.5372],[105.713,-4.531],[105.6804,-4.4851],[105.6459,-4.5091],[105.6429,-4.481],[105.6271,-4.4874],[105.6205,-4.5179],[105.5876,-4.5151],[105.5813,-4.5354],[105.5706,-4.5193],[105.5338,-4.5204],[105.535,-4.5091],[105.4915,-4.4825],[105.4117,-4.5187],[105.3811,-4.517],[105.3121,-4.5797],[105.2861,-4.6223],[105.263,-4.6224],[105.2619,-4.6355],[105.2447,-4.6406],[105.2121,-4.6354],[105.2155,-4.5994],[105.1908,-4.5921],[105.1702,-4.5609],[105.1755,-4.5465],[105.1589,-4.5429],[105.1779,-4.5231],[105.1844,-4.4735],[105.2045,-4.4636],[105.203,-4.4286],[105.2547,-4.3967],[105.2419,-4.3847],[105.2162,-4.3918],[105.1954,-4.3566],[105.2378,-4.3674],[105.2254,-4.348],[105.2354,-4.3282],[105.1946,-4.3546],[105.2021,-4.3254],[105.1781,-4.2968],[105.158,-4.3005],[105.1559,-4.2817],[105.1563,-4.2676],[105.1891,-4.2686],[105.1887,-4.2422],[105.2195,-4.2253],[105.2216,-4.1957],[105.2761,-4.1845],[105.3122,-4.1568],[105.3672,-4.159],[105.366,-4.1296],[105.4007,-4.1383],[105.4027,-4.1195],[105.4247,-4.1221],[105.4225,-4.1625],[105.4593,-4.1665],[105.4672,-4.135],[105.5031,-4.1356],[105.507,-4.1661],[105.6049,-4.1959],[105.6059,-4.2193],[105.6168,-4.2232],[105.6527,-4.2176],[105.6524,-4.1962],[105.6829,-4.189],[105.7547,-4.1949],[105.755,-4.1443],[105.7735,-4.1107],[105.8112,-4.1261],[105.8183,-4.16]]]}},{"type":"Feature","properties":{"province":"LAMPUNG","district":"TULANG BAWANG BARAT","id":"LAMPUNG/TULANG BAWANG BARAT","name":"TULANG BAWANG BARAT"},"geometry":{"type":"Polygon","coordinates":[[[105.0432,-4.1387],[105.0535,-4.1431],[105.0667,-4.2139],[105.1012,-4.2269],[105.1955,-4.1789],[105.2127,-4.1757],[105.2322,-4.1907],[105.2216,-4.1957],[105.2195,-4.2253],[105.1903,-4.2385],[105.1891,-4.2686],[105.1563,-4.2676],[105.156,-4.2967],[105.1781,-4.2968],[105.2021,-4.3254],[105.1946,-4.3546],[105.2354,-4.3282],[105.2254,-4.348],[105.2378,-4.3674],[105.1954,-4.3566],[105.2162,-4.3918],[105.2453,-4.3855],[105.2553,-4.4016],[105.213,-4.4158],[105.2045,-4.4636],[105.1844,-4.4735],[105.1779,-4.5231],[105.1589,-4.5434],[105.1755,-4.5465],[105.1711,-4.5632],[105.1989,-4.6028],[105.1842,-4.5979],[105.172,-4.6103],[105.1801,-4.6402],[105.1666,-4.6678],[105.1431,-4.6756],[105.1423,-4.7059],[105.1254,-4.7262],[105.0859,-4.7022],[105.072,-4.7059],[105.045,-4.6696],[105.0023,-4.652],[105.0054,-4.6293],[104.9806,-4.6296],[105.0003,-4.6083],[104.9813,-4.5356],[104.9263,-4.5154],[104.9334,-4.4884],[104.9575,-4.4837],[104.9856,-4.4461],[105.0095,-4.4494],[105.0169,-4.4656],[105.0701,-4.4364],[105.0489,-4.4009],[105.0338,-4.4109],[105.0259,-4.4011],[105.0264,-4.4095],[105.0104,-4.3879],[104.9805,-4.3851],[104.9817,-4.3512],[105.0032,-4.3527],[104.989,-4.3344],[104.9943,-4.2797],[104.9856,-4.257],[104.9544,-4.2488],[104.9419,-4.232],[104.9526,-4.2237],[104.9439,-4.2077],[104.9532,-4.1782],[105.0138,-4.1747],[105.0432,-4.1387]]]}},{"type":"Feature","properties":{"province":"JAWA TIMUR","district":"TULUNGAGUNG","id":"JAWA TIMUR/TULUNGAGUNG","name":"TULUNGAGUNG"},"geometry":{"type":"Polygon","coordinates":[[[111.7906,-7.8344],[111.8027,-7.8657],[111.863,-7.9077],[111.8836,-7.9479],[111.9277,-7.9629],[111.9452,-7.9536],[111.9725,-8.0436],[111.9962,-8.0627],[111.9882,-8.0764],[111.9969,-8.0921],[112.122,-8.1253],[112.1165,-8.1576],[112.0786,-8.1875],[112.0288,-8.1682],[112.0219,-8.2267],[112.0317,-8.3109],[111.9499,-8.2772],[111.9364,-8.2867],[111.937,-8.3064],[111.9115,-8.2967],[111.8992,-8.3042],[111.8398,-8.2585],[111.8426,-8.2819],[111.7999,-8.2699],[111.7912,-8.2552],[111.7709,-8.2648],[111.7787,-8.2772],[111.7697,-8.2888],[111.75,-8.2898],[111.7479,-8.2579],[111.7273,-8.2422],[111.7401,-8.2032],[111.7169,-8.1911],[111.7216,-8.1617],[111.7336,-8.1422],[111.8161,-8.1366],[111.8466,-8.1106],[111.8389,-8.0919],[111.8132,-8.0876],[111.7802,-8.0392],[111.7546,-8.0312],[111.7605,-7.9879],[111.7381,-7.9589],[111.7442,-7.9321],[111.7612,-7.9229],[111.7559,-7.8939],[111.7712,-7.8867],[111.7731,-7.8512],[111.7906,-7.8344]]]}},{"type":"Feature","properties":{"province":"SULAWESI SELATAN","district":"WAJO","id":"SULAWESI SELATAN/WAJO","name":"WAJO"},"geometry":{"type":"Polygon","coordinates":[[[120.25,-3.6743],[120.2993,-3.7052],[120.2931,-3.7219],[120.2709,-3.7263],[120.2805,-3.75],[120.3036,-3.7304],[120.3134,-3.6851],[120.3388,-3.6779],[120.3243,-3.6444],[120.3333,-3.6547],[120.4117,-3.6634],[120.4381,-3.6893],[120.4402,-3.7441],[120.4004,-3.7846],[120.3591,-3.8564],[120.3366,-3.9372],[120.3534,-3.9733],[120.3424,-3.9988],[120.361,-4.0223],[120.3558,-4.0647],[120.3309,-4.108],[120.3462,-4.1322],[120.3737,-4.1448],[120.3811,-4.1752],[120.3662,-4.224],[120.3376,-4.2404],[120.2929,-4.2434],[120.2529,-4.2744],[120.2372,-4.267],[120.2253,-4.2353],[120.1483,-4.2229],[120.0944,-4.2429],[120.0731,-4.2639],[120.0726,-4.2855],[120.0416,-4.2872],[120.0395,-4.2623],[119.9621,-4.2729],[119.9596,-4.2565],[119.936,-4.2394],[119.9504,-4.1233],[119.8944,-4.109],[119.9082,-4.0694],[119.8812,-4.0251],[119.9079,-3.9688],[119.9077,-3.9398],[119.9321,-3.9292],[120.0162,-3.9386],[120.0411,-3.9021],[120.0459,-3.8702],[120.0669,-3.8426],[120.0795,-3.8473],[120.0725,-3.8228],[120.0862,-3.7925],[120.1255,-3.8128],[120.1534,-3.7652],[120.1918,-3.7728],[120.2105,-3.7234],[120.1433,-3.683],[120.1566,-3.6422],[120.1909,-3.6445],[120.25,-3.6743]]]}},{"type":"Feature","properties":{"province":"SULAWESI TENGGARA","district":"WAKATOBI","id":"SULAWESI TENGGARA/WAKATOBI","name":"WAKATOBI"},"geometry":{"type":"Polygon","coordinates":[[[123.5846,-5.2474],[123.6241,-5.2672],[123.6447,-5.2964],[123.6389,-5.3684],[123.6177,-5.3839],[123.6155,-5.3737],[123.5818,-5.3826],[123.5293,-5.3211],[123.5223,-5.2565],[123.5846,-5.2474]]]}},{"type":"Feature","properties":{"province":"PAPUA","district":"WAROPEN","id":"PAPUA/WAROPEN","name":"WAROPEN"},"geometry":{"type":"Polygon","coordinates":[[[136.5887,-2.1953],[136.5758,-2.2194],[136.582,-2.2375],[136.6,-2.2352],[136.6003,-2.2529],[136.6408,-2.2463],[136.6737,-2.2617],[136.7059,-2.2279],[136.7495,-2.2524],[136.7935,-2.2118],[136.8125,-2.2238],[136.8168,-2.2025],[136.8538,-2.2375],[136.8601,-2.2836],[136.8997,-2.3012],[136.8947,-2.3241],[136.9154,-2.3215],[136.9156,-2.3339],[136.9377,-2.3399],[136.9266,-2.3516],[136.9325,-2.3621],[136.9096,-2.3621],[136.913,-2.3863],[136.9489,-2.3974],[136.9641,-2.4253],[137.0296,-2.4171],[137.0411,-2.443],[137.035,-2.4599],[137.1122,-2.5011],[137.1209,-2.5372],[137.1405,-2.5516],[137.1426,-2.587],[137.1897,-2.5638],[137.2397,-2.5767],[137.2677,-2.6315],[137.2604,-2.6857],[137.2871,-2.7191],[137.2712,-2.7354],[137.2849,-2.7568],[137.2792,-2.8054],[137.3038,-2.8119],[137.3206,-2.8514],[137.3447,-2.8572],[137.3601,-2.8787],[137.3547,-2.9074],[137.3696,-2.9121],[137.3642,-2.9327],[137.3804,-2.9338],[137.3737,-2.9524],[137.3891,-2.9765],[137.3786,-2.9787],[137.3879,-2.9882],[137.3931,-2.9806],[137.3992,-2.9969],[137.402,-2.986],[137.423,-2.9952],[137.4205,-3.0087],[137.4326,-3.0084],[137.42,-3.0142],[137.4569,-3.0504],[137.4916,-3.0459],[137.5172,-3.0636],[137.5214,-3.0493],[137.526,-3.0627],[137.5425,-3.0485],[137.5511,-3.0703],[137.5313,-3.0682],[137.4877,-3.0968],[137.4436,-3.1075],[137.4103,-3.088],[137.3803,-3.0967],[137.3594,-3.0683],[137.3485,-3.0902],[137.2942,-3.1018],[137.2899,-3.1131],[137.2591,-3.1096],[137.251,-3.1231],[137.2336,-3.1154],[137.2194,-3.1238],[137.2114,-3.1098],[137.1968,-3.1213],[137.1877,-3.1071],[137.1612,-3.132],[137.1343,-3.1348],[137.1252,-3.1229],[137.107,-3.1379],[137.1062,-3.1565],[137.086,-3.1627],[137.0536,-3.1409],[137.0154,-3.1505],[136.9873,-3.125],[136.985,-3.1333],[136.95,-3.1233],[136.9228,-3.1419],[136.9191,-3.1883],[136.9064,-3.2038],[136.898,-3.1936],[136.8995,-3.2197],[136.8283,-3.2815],[136.8006,-3.2659],[136.7581,-3.2756],[136.7419,-3.2627],[136.7434,-3.2435],[136.7106,-3.2259],[136.6656,-3.2251],[136.6342,-3.2449],[136.6181,-3.2363],[136.5673,-3.254],[136.5327,-3.2258],[136.5197,-3.1632],[136.5426,-3.1533],[136.5577,-3.0847],[136.579,-3.0638],[136.5723,-3.0465],[136.4632,-3.0623],[136.4535,-3.0486],[136.4373,-3.0548],[136.3883,-3.0093],[136.3606,-3.0264],[136.3106,-3.0183],[136.2973,-2.9751],[136.3196,-2.9369],[136.3042,-2.9363],[136.3102,-2.9206],[136.289,-2.9116],[136.2945,-2.8807],[136.2792,-2.8855],[136.28,-2.8711],[136.2655,-2.8871],[136.2651,-2.8505],[136.2441,-2.8506],[136.2514,-2.8622],[136.2428,-2.8612],[136.2468,-2.8421],[136.2222,-2.8338],[136.2292,-2.8225],[136.2174,-2.8068],[136.1889,-2.7982],[136.1835,-2.8103],[136.1807,-2.7926],[136.1631,-2.7996],[136.1465,-2.7835],[136.1437,-2.7973],[136.1432,-2.7729],[136.0498,-2.771],[136.0577,-2.7572],[136.0441,-2.7439],[136.0533,-2.7415],[136.048,-2.7205],[136.0114,-2.7059],[136.0202,-2.6925],[136.0387,-2.6958],[136.0562,-2.6684],[136.1081,-2.6688],[136.1367,-2.6459],[136.1818,-2.6421],[136.2243,-2.6143],[136.2715,-2.5356],[136.2826,-2.4788],[136.2956,-2.4882],[136.2783,-2.4665],[136.2958,-2.4108],[136.3419,-2.3742],[136.3395,-2.2632],[136.4236,-2.2032],[136.4577,-2.2135],[136.5178,-2.1917],[136.5442,-2.2239],[136.5701,-2.1951],[136.5747,-2.2078],[136.5887,-2.1953]]]}},{"type":"Feature","properties":{"province":"LAMPUNG","district":"WAY KANAN","id":"LAMPUNG/WAY KANAN","name":"WAY KANAN"},"geometry":{"type":"Polygon","coordinates":[[[104.9462,-4.1921],[104.9526,-4.2237],[104.9419,-4.232],[104.9544,-4.2488],[104.9856,-4.257],[104.9964,-4.288],[104.9889,-4.334],[105.0032,-4.3527],[104.9817,-4.3512],[104.9805,-4.3851],[105.0104,-4.3879],[105.0264,-4.4095],[105.0259,-4.4011],[105.0338,-4.4109],[105.0489,-4.4009],[105.0685,-4.4394],[105.0169,-4.4656],[105.0095,-4.4494],[104.9856,-4.4461],[104.9575,-4.4837],[104.9334,-4.4884],[104.9245,-4.5165],[104.8927,-4.5246],[104.867,-4.5089],[104.818,-4.504],[104.7828,-4.5317],[104.7307,-4.5373],[104.7298,-4.5554],[104.7016,-4.5532],[104.6998,-4.5978],[104.6446,-4.6331],[104.6383,-4.6564],[104.6101,-4.6767],[104.611,-4.6904],[104.6345,-4.705],[104.6236,-4.7405],[104.6353,-4.7433],[104.6458,-4.7793],[104.6214,-4.7961],[104.6118,-4.832],[104.6028,-4.8236],[104.5489,-4.8319],[104.5568,-4.8447],[104.5096,-4.9429],[104.4784,-4.9318],[104.4424,-4.9431],[104.4121,-4.8641],[104.3515,-4.8748],[104.3395,-4.8672],[104.369,-4.8217],[104.3472,-4.8246],[104.3283,-4.8116],[104.3042,-4.7652],[104.3079,-4.705],[104.2899,-4.7043],[104.2872,-4.6837],[104.2953,-4.6465],[104.3408,-4.6023],[104.3346,-4.5565],[104.3233,-4.5565],[104.3106,-4.5127],[104.3292,-4.5142],[104.3218,-4.4583],[104.3489,-4.398],[104.3791,-4.374],[104.384,-4.3477],[104.4139,-4.3362],[104.4497,-4.2985],[104.4721,-4.3118],[104.4839,-4.2914],[104.4922,-4.2982],[104.524,-4.2777],[104.5248,-4.2643],[104.5849,-4.2432],[104.6211,-4.2139],[104.6274,-4.2444],[104.7064,-4.2593],[104.7635,-4.2458],[104.7923,-4.2666],[104.8151,-4.2416],[104.8727,-4.2356],[104.8751,-4.2181],[104.9462,-4.1921]]]}},{"type":"Feature","properties":{"province":"JAWA TENGAH","district":"WONOGIRI","id":"JAWA TENGAH/WONOGIRI","name":"WONOGIRI"},"geometry":{"type":"Polygon","coordinates":[[[111.1546,-7.7145],[111.1908,-7.7115],[111.2365,-7.7503],[111.2438,-7.7405],[111.2889,-7.7415],[111.2819,-7.7846],[111.3145,-7.8516],[111.2942,-7.8613],[111.2801,-7.9184],[111.2327,-7.9487],[111.2222,-7.9304],[111.1913,-7.9344],[111.1834,-7.9157],[111.1544,-7.922],[111.1257,-7.9699],[111.135,-8.0212],[111.1175,-8.0594],[111.091,-8.0634],[111.0796,-8.0427],[111.0286,-8.08],[110.9829,-8.0789],[110.9534,-8.0617],[110.9079,-8.1165],[110.8953,-8.1667],[110.9001,-8.2113],[110.8373,-8.206],[110.8326,-8.1692],[110.8138,-8.1796],[110.8153,-8.1535],[110.8305,-8.1363],[110.8147,-8.1378],[110.8037,-8.1625],[110.7856,-8.1507],[110.7887,-8.1108],[110.7557,-8.0249],[110.7854,-7.8535],[110.7825,-7.804],[110.8031,-7.7914],[110.8328,-7.7953],[110.8523,-7.8179],[110.8637,-7.7533],[110.9032,-7.7524],[110.9357,-7.7802],[110.9414,-7.7397],[110.9594,-7.7339],[110.9747,-7.7531],[110.9685,-7.7715],[111.0185,-7.7595],[111.046,-7.783],[111.0507,-7.7594],[111.1099,-7.7374],[111.1118,-7.7486],[111.1294,-7.7292],[111.1236,-7.7205],[111.1546,-7.7145]]]}},{"type":"Feature","properties":{"province":"JAWA TENGAH","district":"WONOSOBO","id":"JAWA TENGAH/WONOSOBO","name":"WONOSOBO"},"geometry":{"type":"Polygon","coordinates":[[[109.9227,-7.1868],[109.9944,-7.2603],[109.9963,-7.301],[110.0743,-7.3851],[110.0458,-7.5345],[110.0338,-7.5329],[110.0354,-7.5522],[110.0142,-7.5663],[110.0171,-7.5861],[109.9973,-7.5899],[109.9954,-7.5754],[109.9789,-7.5769],[109.9683,-7.5629],[109.9737,-7.535],[109.9012,-7.5177],[109.8676,-7.5313],[109.8724,-7.5479],[109.8033,-7.6114],[109.7654,-7.6044],[109.7305,-7.5598],[109.7411,-7.5309],[109.7736,-7.5186],[109.755,-7.4962],[109.7522,-7.4463],[109.7672,-7.4362],[109.7878,-7.448],[109.8328,-7.4465],[109.833,-7.4228],[109.7512,-7.3887],[109.8402,-7.286],[109.8617,-7.2328],[109.9066,-7.2216],[109.9227,-7.1868]]]}},{"type":"Feature","properties":{"province":"PAPUA","district":"YAHUKIMO","id":"PAPUA/YAHUKIMO","name":"YAHUKIMO"},"geometry":{"type":"Polygon","coordinates":[[[140.1255,-3.6955],[140.1368,-3.7025],[140.1225,-3.716],[140.1415,-3.7372],[140.1263,-3.7483],[140.1611,-3.7653],[140.1348,-3.7719],[140.1499,-3.8097],[140.1627,-3.8076],[140.1538,-3.8422],[140.1325,-3.8487],[140.1502,-3.87],[140.1482,-3.8868],[140.1275,-3.894],[140.1226,-3.9128],[140.1524,-3.9565],[140.1013,-4.0406],[140.1193,-4.0566],[140.1121,-4.451],[140.13,-4.6184],[140.1105,-4.7606],[140.1173,-4.8205],[140.0911,-4.8561],[140.1101,-4.8866],[140.1386,-4.8966],[140.1497,-4.9229],[140.1436,-4.9904],[140.1158,-5.0265],[140.0409,-5.0536],[139.9983,-5.0388],[139.9086,-5.0478],[139.8879,-5.0633],[139.6665,-5.0629],[139.5792,-5.0527],[139.4982,-5.0023],[139.1566,-4.9933],[138.8879,-4.9568],[138.8886,-4.9217],[138.9574,-4.9233],[138.9945,-4.9015],[138.9971,-4.8737],[139.0302,-4.859],[139.0444,-4.8716],[139.0591,-4.8675],[139.0218,-4.8377],[138.9325,-4.8316],[138.9553,-4.7863],[138.9897,-4.771],[138.9789,-4.7573],[138.9427,-4.7638],[138.8546,-4.7016],[138.8139,-4.7636],[138.8022,-4.7636],[138.8187,-4.7083],[138.8404,-4.6836],[138.8324,-4.6625],[138.8428,-4.6277],[138.8289,-4.6126],[138.8061,-4.6121],[138.8072,-4.5989],[138.82,-4.5566],[138.8398,-4.5549],[138.8578,-4.5175],[138.8318,-4.4999],[138.817,-4.4587],[138.8111,-4.4295],[138.8241,-4.4179],[138.8219,-4.401],[138.7725,-4.3841],[138.7611,-4.3667],[138.7661,-4.3409],[138.7405,-4.318],[138.7446,-4.2854],[138.7774,-4.246],[138.7798,-4.2213],[138.8027,-4.2099],[138.8229,-4.2417],[138.8632,-4.2621],[138.9193,-4.2574],[138.9257,-4.2278],[138.9862,-4.223],[139.0153,-4.1914],[139.0617,-4.1929],[139.1077,-4.175],[139.212,-4.1828],[139.2214,-4.1271],[139.2092,-4.0792],[139.1891,-4.0613],[139.1999,-4.0452],[139.1755,-4.0054],[139.1875,-3.9916],[139.2624,-4.0131],[139.2992,-3.9904],[139.3299,-4.0125],[139.3412,-4.0006],[139.3861,-4.0207],[139.4081,-4.0121],[139.4292,-4.0348],[139.4415,-4.0196],[139.475,-4.0098],[139.4899,-4.0185],[139.5216,-3.9967],[139.5263,-4.0112],[139.5522,-4.0161],[139.5999,-3.9964],[139.6334,-4.0179],[139.6398,-3.9847],[139.6578,-3.9817],[139.6705,-3.9204],[139.692,-3.9057],[139.6954,-3.8864],[139.7115,-3.8828],[139.7288,-3.8323],[139.7496,-3.8265],[139.7566,-3.8093],[139.7472,-3.7983],[139.7645,-3.7715],[139.7861,-3.7736],[139.8164,-3.7366],[139.8366,-3.7366],[139.8401,-3.7105],[139.8604,-3.6887],[139.9376,-3.6925],[139.9852,-3.7418],[140.0099,-3.7349],[140.0286,-3.7105],[140.0497,-3.728],[140.0566,-3.7193],[140.0942,-3.7252],[140.1008,-3.7079],[140.1255,-3.6955]]]}},{"type":"Feature","properties":{"province":"PAPUA","district":"YALIMO","id":"PAPUA/YALIMO","name":"YALIMO"},"geometry":{"type":"Polygon","coordinates":[[[139.4744,-3.5228],[139.4848,-3.5185],[139.4874,-3.4907],[139.5049,-3.4964],[139.4987,-3.5163],[139.5198,-3.525],[139.5062,-3.5425],[139.5176,-3.5555],[139.5049,-3.5627],[139.5279,-3.6335],[139.5179,-3.6573],[139.5926,-3.7051],[139.5951,-3.7272],[139.6219,-3.7097],[139.626,-3.6642],[139.6628,-3.6643],[139.7036,-3.6373],[139.6895,-3.5999],[139.7028,-3.5592],[139.6752,-3.5318],[139.7025,-3.5428],[139.7187,-3.5216],[139.7371,-3.5484],[139.7578,-3.5101],[139.7827,-3.5216],[139.7702,-3.5618],[139.8065,-3.567],[139.7995,-3.5919],[139.8212,-3.5774],[139.8636,-3.5857],[139.8758,-3.6012],[139.8588,-3.6132],[139.8817,-3.6082],[139.9007,-3.625],[139.8894,-3.6439],[139.9065,-3.6336],[139.9122,-3.6452],[139.9207,-3.6249],[139.9675,-3.6127],[139.9575,-3.6394],[139.9894,-3.6575],[140.0014,-3.7011],[140.0197,-3.7015],[140.0212,-3.68],[140.0502,-3.6734],[140.0647,-3.6491],[140.0871,-3.6826],[140.1256,-3.6955],[140.1008,-3.7079],[140.0942,-3.7252],[140.0566,-3.7193],[140.0497,-3.728],[140.0286,-3.7105],[140.0099,-3.7349],[139.9852,-3.7418],[139.9376,-3.6925],[139.8604,-3.6887],[139.8401,-3.7105],[139.8366,-3.7366],[139.8164,-3.7366],[139.7861,-3.7736],[139.7645,-3.7715],[139.7472,-3.7983],[139.7566,-3.8093],[139.7496,-3.8265],[139.7288,-3.8323],[139.7115,-3.8828],[139.6954,-3.8864],[139.692,-3.9057],[139.6705,-3.9204],[139.6578,-3.9817],[139.6398,-3.9847],[139.6334,-4.0179],[139.5999,-3.9964],[139.5522,-4.0161],[139.5263,-4.0112],[139.5216,-3.9967],[139.4899,-4.0185],[139.475,-4.0098],[139.4415,-4.0196],[139.4292,-4.0348],[139.4081,-4.0121],[139.3861,-4.0207],[139.3412,-4.0006],[139.3299,-4.0125],[139.2992,-3.9904],[139.2525,-4.0124],[139.1761,-3.9873],[139.1411,-3.9532],[139.0808,-3.9311],[139.0197,-3.9686],[139.0048,-3.9558],[139.0268,-3.9261],[139.0172,-3.8638],[138.9938,-3.844],[138.9746,-3.8504],[138.9573,-3.8383],[138.9676,-3.8108],[138.9537,-3.8055],[138.9715,-3.804],[138.983,-3.8283],[139.0121,-3.835],[139.0335,-3.8592],[139.1275,-3.8065],[139.1051,-3.7481],[139.1227,-3.7351],[139.1534,-3.7628],[139.2086,-3.7406],[139.2853,-3.7739],[139.2851,-3.7243],[139.315,-3.7277],[139.3195,-3.6979],[139.3352,-3.6931],[139.3356,-3.6531],[139.3684,-3.6103],[139.4064,-3.608],[139.434,-3.5742],[139.4316,-3.5255],[139.4636,-3.4602],[139.4863,-3.4727],[139.4664,-3.4933],[139.4744,-3.5228]]]}}]}