{
"type": "FeatureCollection",
"name": "indonesia_kabupaten",
"crs": { "type": "name", "properties": { "name": "urn:ogc:def:crs:OGC:1.3:CRS84" } },
"features": [
{ "type": "Feature", "properties": { "province": "ACEH", "district": "ACEH BARAT", "id": "ACEH/ACEH BARAT", "name": "ACEH BARAT" }, "geometry": { "type": "Polygon", "coordinates": [ [ [ 96.2139, 4.1175 ], [ 96.1919, 4.1072 ], [ 96.1424, 4.1423 ], [ 96.1265, 4.1245 ], [ 96.0602, 4.2024 ], [ 96.0237, 4.1948 ], [ 95.9712, 4.2618 ], [ 95.9838, 4.2775 ], [ 95.9711, 4.2619 ], [ 95.8769, 4.3675 ], [ 95.9111, 4.4065 ], [ 95.9608, 4.5123 ], [ 96.047, 4.5667 ], [ 96.0334, 4.6414 ], [ 96.0915, 4.6965 ], [ 96.1171, 4.7674 ], [ 96.1431, 4.7545 ], [ 96.2192, 4.7634 ], [ 96.2731, 4.7971 ], [ 96.2623, 4.7106 ], [ 96.2824, 4.6923 ], [ 96.3694, 4.6917 ], [ 96.4444, 4.6267 ], [ 96.4861, 4.6305 ], [ 96.4933, 4.5611 ], [ 96.4406, 4.5112 ], [ 96.4796, 4.461 ], [ 96.4679, 4.4431 ], [ 96.4334, 4.4231 ], [ 96.3498, 4.4129 ], [ 96.2982, 4.3817 ], [ 96.2861, 4.2696 ], [ 96.2665, 4.2272 ], [ 96.279, 4.1556 ], [ 96.2139, 4.1175 ] ] ] } },
{ "type": "Feature", "properties": { "province": "ACEH", "district": "ACEH BARAT DAYA", "id": "ACEH/ACEH BARAT DAYA", "name": "ACEH BARAT DAYA" }, "geometry": { "type": "Polygon", "coordinates": [ [ [ 96.9445, 3.5827 ], [ 96.9019, 3.601 ], [ 96.8695, 3.6893 ], [ 96.8079, 3.7251 ], [ 96.7244, 3.7471 ], [ 96.6168, 3.7363 ], [ 96.6055, 3.7769 ], [ 96.6169, 3.7949 ], [ 96.5809, 3.8454 ], [ 96.6292, 3.9585 ], [ 96.6623, 3.9781 ], [ 96.7328, 3.8753 ], [ 96.761, 3.8615 ], [ 96.7759, 3.8126 ], [ 96.8236, 3.7831 ], [ 96.8279, 3.7556 ], [ 96.853, 3.757 ], [ 96.8553, 3.7339 ], [ 96.9293, 3.6634 ], [ 96.9268, 3.6422 ], [ 96.9561, 3.6414 ], [ 96.966, 3.6163 ], [ 96.9445, 3.5827 ] ] ] } },
{ "type": "Feature", "properties": { "province": "ACEH", "district": "ACEH BESAR", "id": "ACEH/ACEH BESAR", "name": "ACEH BESAR" }, "geometry": { "type": "MultiPolygon", "coordinates": [ [ [ [ 95.7288, 5.0536 ], [ 95.6395, 5.0736 ], [ 95.6297, 5.1101 ], [ 95.6441, 5.141 ], [ 95.6164, 5.1883 ], [ 95.5825, 5.209 ], [ 95.4361, 5.2239 ], [ 95.4019, 5.2104 ], [ 95.3652, 5.2542 ], [ 95.3255, 5.2312 ], [ 95.3328, 5.1811 ], [ 95.3073, 5.1663 ], [ 95.2427, 5.2214 ], [ 95.2531, 5.2386 ], [ 95.2327, 5.2582 ], [ 95.2467, 5.2724 ], [ 95.2313, 5.2849 ], [ 95.2197, 5.2709 ], [ 95.2118, 5.2757 ], [ 95.2185, 5.3241 ], [ 95.2319, 5.3144 ], [ 95.2391, 5.3253 ], [ 95.2215, 5.3438 ], [ 95.2277, 5.359 ], [ 95.2414, 5.339 ], [ 95.2516, 5.3713 ], [ 95.2476, 5.4141 ], [ 95.2298, 5.4328 ], [ 95.2438, 5.4588 ], [ 95.2287, 5.4962 ], [ 95.1936, 5.5267 ], [ 95.2249, 5.5758 ], [ 95.2366, 5.5571 ], [ 95.2841, 5.5527 ], [ 95.2802, 5.536 ], [ 95.3146, 5.5154 ], [ 95.3541, 5.533 ], [ 95.3577, 5.5712 ], [ 95.3773, 5.5679 ], [ 95.3688, 5.5891 ], [ 95.3557, 5.585 ], [ 95.3575, 5.6031 ], [ 95.4366, 5.6569 ], [ 95.5175, 5.5958 ], [ 95.5301, 5.6139 ], [ 95.6102, 5.628 ], [ 95.7457, 5.5691 ], [ 95.7279, 5.5481 ], [ 95.7373, 5.5133 ], [ 95.725, 5.4972 ], [ 95.7913, 5.4533 ], [ 95.7536, 5.4198 ], [ 95.7656, 5.4021 ], [ 95.7483, 5.318 ], [ 95.7673, 5.3102 ], [ 95.7639, 5.2905 ], [ 95.7912, 5.2805 ], [ 95.775, 5.252 ], [ 95.8411, 5.135 ], [ 95.8212, 5.0853 ], [ 95.7288, 5.0536 ] ] ], [ [ [ 95.1766, 5.5562 ], [ 95.1672, 5.5492 ], [ 95.1489, 5.552 ], [ 95.1669, 5.5635 ], [ 95.1766, 5.5562 ] ] ], [ [ [ 95.1811, 5.6195 ], [ 95.1927, 5.605 ], [ 95.1489, 5.5914 ], [ 95.1446, 5.6065 ], [ 95.1185, 5.6018 ], [ 95.1449, 5.6346 ], [ 95.1401, 5.6602 ], [ 95.1659, 5.6515 ], [ 95.1581, 5.6411 ], [ 95.1811, 5.6195 ] ] ], [ [ [ 95.0788, 5.6441 ], [ 95.0807, 5.6334 ], [ 95.0511, 5.6226 ], [ 95.0595, 5.6391 ], [ 95.0788, 5.6441 ] ] ], [ [ [ 95.0762, 5.6626 ], [ 95.0554, 5.6479 ], [ 95.0529, 5.6516 ], [ 95.0571, 5.6515 ], [ 95.0591, 5.6555 ], [ 95.0652, 5.6582 ], [ 95.0657, 5.6607 ], [ 95.0705, 5.6639 ], [ 95.0696, 5.6658 ], [ 95.0717, 5.6663 ], [ 95.072, 5.6665 ], [ 95.0718, 5.667 ], [ 95.0435, 5.6712 ], [ 95.0606, 5.68 ], [ 95.0403, 5.6932 ], [ 95.0391, 5.7077 ], [ 95.0587, 5.7119 ], [ 95.061, 5.7138 ], [ 95.047, 5.7362 ], [ 95.0109, 5.7235 ], [ 95.0264, 5.7495 ], [ 95.0688, 5.7468 ], [ 95.0731, 5.7225 ], [ 95.1054, 5.7126 ], [ 95.1041, 5.6974 ], [ 95.143, 5.6665 ], [ 95.0762, 5.6626 ] ] ] ] } },
{ "type": "Feature", "properties": { "province": "ACEH", "district": "ACEH JAYA", "id": "ACEH/ACEH JAYA", "name": "ACEH JAYA" }, "geometry": { "type": "MultiPolygon", "coordinates": [ [ [ [ 95.9165, 4.4188 ], [ 95.8769, 4.3675 ], [ 95.7665, 4.4948 ], [ 95.6071, 4.6253 ], [ 95.5676, 4.6305 ], [ 95.5829, 4.6607 ], [ 95.562, 4.6694 ], [ 95.5397, 4.656 ], [ 95.531, 4.7075 ], [ 95.5247, 4.6948 ], [ 95.5078, 4.7056 ], [ 95.5113, 4.7225 ], [ 95.4519, 4.7837 ], [ 95.4491, 4.8043 ], [ 95.4132, 4.8205 ], [ 95.4263, 4.8363 ], [ 95.395, 4.8748 ], [ 95.4024, 4.8942 ], [ 95.3688, 4.949 ], [ 95.3812, 4.9707 ], [ 95.3557, 5.004 ], [ 95.3666, 5.0322 ], [ 95.306, 5.0812 ], [ 95.3206, 5.0908 ], [ 95.303, 5.1157 ], [ 95.2827, 5.1084 ], [ 95.3107, 5.1291 ], [ 95.3063, 5.1672 ], [ 95.3328, 5.1811 ], [ 95.3255, 5.2312 ], [ 95.3682, 5.254 ], [ 95.4019, 5.2104 ], [ 95.4352, 5.2239 ], [ 95.4753, 5.2099 ], [ 95.5009, 5.2201 ], [ 95.5819, 5.2092 ], [ 95.6161, 5.1886 ], [ 95.6442, 5.1406 ], [ 95.6297, 5.1101 ], [ 95.6395, 5.0736 ], [ 95.7054, 5.0526 ], [ 95.7624, 5.0557 ], [ 95.7839, 5.009 ], [ 95.8791, 4.9149 ], [ 95.9018, 4.8664 ], [ 95.9912, 4.7866 ], [ 96.0428, 4.6571 ], [ 96.0291, 4.6143 ], [ 96.0517, 4.5834 ], [ 96.047, 4.5667 ], [ 96.0115, 4.5509 ], [ 95.9291, 4.5952 ], [ 96.0114, 4.5509 ], [ 95.9562, 4.5059 ], [ 95.9165, 4.4188 ] ] ], [ [ [ 96.8485, 4.6341 ], [ 96.8509, 4.6275 ], [ 96.8411, 4.6294 ], [ 96.8439, 4.632 ], [ 96.8485, 4.6341 ] ] ], [ [ [ 95.3773, 4.8771 ], [ 95.39, 4.8754 ], [ 95.3832, 4.8582 ], [ 95.3659, 4.8732 ], [ 95.3773, 4.8771 ] ] ] ] } },
{ "type": "Feature", "properties": { "province": "ACEH", "district": "ACEH SELATAN", "id": "ACEH/ACEH SELATAN", "name": "ACEH SELATAN" }, "geometry": { "type": "Polygon", "coordinates": [ [ [ 97.8127, 2.6784 ], [ 97.8251, 2.6358 ], [ 97.7909, 2.4998 ], [ 97.7322, 2.4227 ], [ 97.6639, 2.3944 ], [ 97.6479, 2.6783 ], [ 97.5988, 2.8678 ], [ 97.5794, 2.8877 ], [ 97.5364, 2.8823 ], [ 97.4867, 2.9202 ], [ 97.4307, 2.9313 ], [ 97.3697, 2.9886 ], [ 97.319, 3.0548 ], [ 97.2993, 3.1079 ], [ 97.309, 3.0957 ], [ 97.3203, 3.099 ], [ 97.2975, 3.1143 ], [ 97.2464, 3.2393 ], [ 97.2236, 3.2322 ], [ 97.1912, 3.262 ], [ 97.1719, 3.2551 ], [ 96.9997, 3.5453 ], [ 96.9403, 3.5696 ], [ 96.9702, 3.623 ], [ 97.0326, 3.6046 ], [ 97.1322, 3.6904 ], [ 97.1536, 3.7456 ], [ 97.2799, 3.6483 ], [ 97.2953, 3.5992 ], [ 97.372, 3.6411 ], [ 97.4043, 3.6188 ], [ 97.4316, 3.6385 ], [ 97.455, 3.6305 ], [ 97.4839, 3.5517 ], [ 97.4521, 3.54 ], [ 97.3981, 3.4528 ], [ 97.4735, 3.3316 ], [ 97.4778, 3.2173 ], [ 97.6157, 3.0923 ], [ 97.6429, 3.0294 ], [ 97.6399, 2.9551 ], [ 97.7509, 2.9265 ], [ 97.7775, 2.9662 ], [ 97.7994, 2.9748 ], [ 97.8064, 2.9604 ], [ 97.815, 2.9822 ], [ 97.9057, 2.9568 ], [ 97.9049, 2.9117 ], [ 97.8582, 2.8817 ], [ 97.8567, 2.8421 ], [ 97.7664, 2.7873 ], [ 97.8127, 2.6784 ] ] ] } },
{ "type": "Feature", "properties": { "province": "ACEH", "district": "ACEH SINGKIL", "id": "ACEH/ACEH SINGKIL", "name": "ACEH SINGKIL" }, "geometry": { "type": "MultiPolygon", "coordinates": [ [ [ [ 97.2365, 2.2179 ], [ 97.2418, 2.2369 ], [ 97.3054, 2.2304 ], [ 97.3107, 2.2086 ], [ 97.2982, 2.2037 ], [ 97.3383, 2.1553 ], [ 97.3447, 2.1656 ], [ 97.3405, 2.1205 ], [ 97.3638, 2.1012 ], [ 97.3612, 2.0839 ], [ 97.3518, 2.0905 ], [ 97.347, 2.087 ], [ 97.3499, 2.0417 ], [ 97.3331, 2.0394 ], [ 97.3343, 2.0559 ], [ 97.2356, 2.1527 ], [ 97.2378, 2.1684 ], [ 97.2228, 2.1616 ], [ 97.2151, 2.1841 ], [ 97.1773, 2.182 ], [ 97.1195, 2.2208 ], [ 97.1726, 2.2387 ], [ 97.1961, 2.2283 ], [ 97.2003, 2.2063 ], [ 97.2365, 2.2179 ] ] ], [ [ [ 97.4474, 2.1608 ], [ 97.4372, 2.164 ], [ 97.4343, 2.1815 ], [ 97.446, 2.192 ], [ 97.4474, 2.1608 ] ] ], [ [ [ 98.1903, 2.3002 ], [ 98.1788, 2.2399 ], [ 98.1308, 2.1638 ], [ 97.9489, 2.2699 ], [ 97.9136, 2.2703 ], [ 97.8826, 2.2416 ], [ 97.8685, 2.2482 ], [ 97.8946, 2.2766 ], [ 97.865, 2.2675 ], [ 97.8637, 2.2466 ], [ 97.803, 2.2679 ], [ 97.7828, 2.2307 ], [ 97.7155, 2.3559 ], [ 97.7196, 2.3302 ], [ 97.6652, 2.3948 ], [ 97.7322, 2.4227 ], [ 97.7917, 2.5073 ], [ 97.8411, 2.5025 ], [ 97.8539, 2.5644 ], [ 97.8827, 2.5481 ], [ 97.8984, 2.5653 ], [ 97.954, 2.5769 ], [ 97.9884, 2.6097 ], [ 98.0321, 2.5599 ], [ 98.0538, 2.5608 ], [ 98.0555, 2.5855 ], [ 98.0792, 2.5831 ], [ 98.0854, 2.5042 ], [ 98.1474, 2.4237 ], [ 98.1971, 2.3117 ], [ 98.1903, 2.3002 ] ] ], [ [ [ 97.4207, 2.3304 ], [ 97.4252, 2.3044 ], [ 97.3955, 2.3452 ], [ 97.3865, 2.3393 ], [ 97.3844, 2.3624 ], [ 97.4207, 2.3304 ] ] ] ] } },
{ "type": "Feature", "properties": { "province": "ACEH", "district": "ACEH TAMIANG", "id": "ACEH/ACEH TAMIANG", "name": "ACEH TAMIANG" }, "geometry": { "type": "Polygon", "coordinates": [ [ [ 98.0316, 4.0221 ], [ 98.0235, 3.9676 ], [ 97.9576, 3.9289 ], [ 97.952, 3.8897 ], [ 97.9124, 3.8855 ], [ 97.8999, 3.9358 ], [ 97.8611, 3.9225 ], [ 97.7896, 4.0233 ], [ 97.7778, 4.1084 ], [ 97.7295, 4.1454 ], [ 97.7168, 4.2493 ], [ 97.7661, 4.3412 ], [ 97.9226, 4.3511 ], [ 97.9465, 4.3875 ], [ 98.0314, 4.4136 ], [ 98.0486, 4.4461 ], [ 98.0357, 4.4767 ], [ 98.0616, 4.4784 ], [ 98.0635, 4.5111 ], [ 98.1208, 4.523 ], [ 98.2366, 4.4612 ], [ 98.231, 4.4405 ], [ 98.2512, 4.4454 ], [ 98.285, 4.4185 ], [ 98.286, 4.3901 ], [ 98.2839, 4.4026 ], [ 98.2733, 4.3961 ], [ 98.283, 4.3486 ], [ 98.2544, 4.2894 ], [ 98.1913, 4.3015 ], [ 98.1541, 4.2873 ], [ 98.1434, 4.2598 ], [ 98.0696, 4.2492 ], [ 98.0718, 4.2145 ], [ 98.0928, 4.2071 ], [ 98.0614, 4.1889 ], [ 98.0683, 4.1592 ], [ 98.0491, 4.1833 ], [ 98.0662, 4.1392 ], [ 98.0474, 4.1207 ], [ 98.0338, 4.0572 ], [ 98.0463, 4.0243 ], [ 98.0316, 4.0221 ] ] ] } },
{ "type": "Feature", "properties": { "province": "ACEH", "district": "ACEH TENGAH", "id": "ACEH/ACEH TENGAH", "name": "ACEH TENGAH" }, "geometry": { "type": "Polygon", "coordinates": [ [ [ 97.2311, 4.2051 ], [ 97.2155, 4.2374 ], [ 97.1615, 4.2808 ], [ 96.9902, 4.19 ], [ 96.9222, 4.1992 ], [ 96.7781, 4.327 ], [ 96.5883, 4.4158 ], [ 96.6044, 4.4773 ], [ 96.5815, 4.573 ], [ 96.4861, 4.6305 ], [ 96.4444, 4.6267 ], [ 96.3694, 4.6917 ], [ 96.2824, 4.6923 ], [ 96.2603, 4.7135 ], [ 96.2705, 4.7746 ], [ 96.3505, 4.7757 ], [ 96.376, 4.8422 ], [ 96.4496, 4.9251 ], [ 96.4668, 4.8948 ], [ 96.4966, 4.8901 ], [ 96.5361, 4.9351 ], [ 96.6499, 4.9568 ], [ 96.6754, 4.9505 ], [ 96.6905, 4.8388 ], [ 96.7074, 4.82 ], [ 96.6837, 4.7559 ], [ 96.7115, 4.7523 ], [ 96.746, 4.7128 ], [ 96.7919, 4.7099 ], [ 96.8055, 4.6758 ], [ 96.8181, 4.6849 ], [ 96.8405, 4.6659 ], [ 96.9545, 4.6514 ], [ 97.1183, 4.583 ], [ 97.1943, 4.5753 ], [ 97.3132, 4.6029 ], [ 97.3236, 4.5458 ], [ 97.2728, 4.5112 ], [ 97.3423, 4.5099 ], [ 97.347, 4.4446 ], [ 97.3692, 4.3967 ], [ 97.3678, 4.3615 ], [ 97.3522, 4.3473 ], [ 97.357, 4.2093 ], [ 97.262, 4.168 ], [ 97.2311, 4.2051 ] ] ] } },
{ "type": "Feature", "properties": { "province": "ACEH", "district": "ACEH TENGGARA", "id": "ACEH/ACEH TENGGARA", "name": "ACEH TENGGARA" }, "geometry": { "type": "MultiPolygon", "coordinates": [ [ [ [ 97.9455, 3.075 ], [ 97.938, 3.0786 ], [ 97.9587, 3.0844 ], [ 97.9562, 3.0713 ], [ 97.9455, 3.075 ] ] ], [ [ [ 97.9828, 3.0851 ], [ 97.9745, 3.0728 ], [ 97.9692, 3.0734 ], [ 97.9689, 3.0851 ], [ 97.9828, 3.0851 ] ] ], [ [ [ 97.9713, 3.1006 ], [ 97.9746, 3.0937 ], [ 97.9643, 3.0862 ], [ 97.9699, 3.0986 ], [ 97.9488, 3.0939 ], [ 97.9321, 3.1128 ], [ 97.9382, 3.1219 ], [ 97.9654, 3.0993 ], [ 97.9526, 3.1203 ], [ 97.9627, 3.1313 ], [ 97.9713, 3.1006 ] ] ], [ [ [ 97.9206, 3.1131 ], [ 97.925, 3.1009 ], [ 97.9103, 3.1092 ], [ 97.9148, 3.1262 ], [ 97.9206, 3.1131 ] ] ], [ [ [ 97.9009, 3.1287 ], [ 97.8915, 3.1278 ], [ 97.8886, 3.1363 ], [ 97.9057, 3.1399 ], [ 97.9009, 3.1287 ] ] ], [ [ [ 97.9638, 3.1449 ], [ 97.9541, 3.1423 ], [ 97.9384, 3.157 ], [ 97.943, 3.1608 ], [ 97.9638, 3.1449 ] ] ], [ [ [ 97.9125, 3.1704 ], [ 97.9281, 3.1709 ], [ 97.925, 3.1415 ], [ 97.9131, 3.1411 ], [ 97.9102, 3.1672 ], [ 97.8877, 3.1661 ], [ 97.8622, 3.2478 ], [ 97.9224, 3.2285 ], [ 97.9413, 3.2055 ], [ 97.9406, 3.1934 ], [ 97.9049, 3.1888 ], [ 97.9125, 3.1704 ] ] ], [ [ [ 97.9359, 3.2716 ], [ 97.9042, 3.2624 ], [ 97.9099, 3.2745 ], [ 97.8795, 3.2724 ], [ 97.8822, 3.2852 ], [ 97.8582, 3.2961 ], [ 97.8877, 3.3321 ], [ 97.8587, 3.3445 ], [ 97.8329, 3.3953 ], [ 97.8138, 3.4003 ], [ 97.8134, 3.4273 ], [ 97.7885, 3.4363 ], [ 97.7978, 3.5175 ], [ 97.7582, 3.5339 ], [ 97.7613, 3.5622 ], [ 97.7419, 3.5671 ], [ 97.7182, 3.618 ], [ 97.6551, 3.6671 ], [ 97.6274, 3.7272 ], [ 97.6786, 3.6558 ], [ 97.7517, 3.5973 ], [ 97.7461, 3.5734 ], [ 97.7754, 3.5612 ], [ 97.7867, 3.5271 ], [ 97.8034, 3.5174 ], [ 97.8077, 3.5415 ], [ 97.8379, 3.4893 ], [ 97.857, 3.4904 ], [ 97.9237, 3.3506 ], [ 97.9457, 3.3425 ], [ 97.9652, 3.3003 ], [ 97.9932, 3.2898 ], [ 97.9359, 3.2716 ] ] ] ] } },
{ "type": "Feature", "properties": { "province": "ACEH", "district": "ACEH TIMUR", "id": "ACEH/ACEH TIMUR", "name": "ACEH TIMUR" }, "geometry": { "type": "Polygon", "coordinates": [ [ [ 97.6125, 4.2506 ], [ 97.5945, 4.2499 ], [ 97.5767, 4.1829 ], [ 97.5308, 4.1935 ], [ 97.5, 4.1558 ], [ 97.359, 4.2052 ], [ 97.3522, 4.3473 ], [ 97.3694, 4.3665 ], [ 97.3688, 4.4017 ], [ 97.347, 4.4446 ], [ 97.3423, 4.5099 ], [ 97.2732, 4.5081 ], [ 97.3239, 4.5482 ], [ 97.3013, 4.6282 ], [ 97.2615, 4.6214 ], [ 97.2545, 4.6491 ], [ 97.2566, 4.6633 ], [ 97.3113, 4.6667 ], [ 97.338, 4.7781 ], [ 97.3548, 4.771 ], [ 97.3633, 4.7835 ], [ 97.3613, 4.7671 ], [ 97.4244, 4.7549 ], [ 97.3999, 4.7668 ], [ 97.4061, 4.7946 ], [ 97.4188, 4.7898 ], [ 97.4108, 4.7802 ], [ 97.4342, 4.7863 ], [ 97.4354, 4.82 ], [ 97.4566, 4.8208 ], [ 97.4429, 4.8323 ], [ 97.4591, 4.8461 ], [ 97.4776, 4.8392 ], [ 97.5117, 4.8823 ], [ 97.4971, 4.8749 ], [ 97.5063, 4.8908 ], [ 97.4926, 4.887 ], [ 97.4991, 4.8979 ], [ 97.4784, 4.9207 ], [ 97.4657, 4.9153 ], [ 97.4719, 4.9475 ], [ 97.4875, 4.9415 ], [ 97.5049, 4.9595 ], [ 97.4864, 4.9626 ], [ 97.51, 4.9652 ], [ 97.4911, 4.9778 ], [ 97.5081, 4.9965 ], [ 97.4934, 5.0141 ], [ 97.5143, 5.0298 ], [ 97.4978, 5.0498 ], [ 97.5138, 5.0516 ], [ 97.5148, 5.0693 ], [ 97.4918, 5.0715 ], [ 97.4954, 5.0862 ], [ 97.4848, 5.0782 ], [ 97.4598, 5.1119 ], [ 97.4783, 5.1265 ], [ 97.4662, 5.1538 ], [ 97.4982, 5.1588 ], [ 97.4859, 5.1831 ], [ 97.5012, 5.1883 ], [ 97.4877, 5.2002 ], [ 97.5, 5.213 ], [ 97.4838, 5.24 ], [ 97.495, 5.25 ], [ 97.5547, 5.2134 ], [ 97.5317, 5.21 ], [ 97.5653, 5.1888 ], [ 97.5909, 5.1445 ], [ 97.6524, 5.1184 ], [ 97.6565, 5.0811 ], [ 97.6455, 5.0924 ], [ 97.6449, 5.0735 ], [ 97.8491, 4.9041 ], [ 97.9059, 4.8892 ], [ 97.9764, 4.6739 ], [ 97.9654, 4.679 ], [ 97.9645, 4.6644 ], [ 98.0177, 4.6092 ], [ 97.9706, 4.5592 ], [ 97.9811, 4.5435 ], [ 97.9671, 4.5295 ], [ 97.9167, 4.5295 ], [ 97.8774, 4.4582 ], [ 97.9174, 4.4525 ], [ 97.9357, 4.4325 ], [ 97.9663, 4.4452 ], [ 97.9792, 4.4213 ], [ 98.0102, 4.4367 ], [ 98.0242, 4.4158 ], [ 97.9465, 4.3875 ], [ 97.9226, 4.3511 ], [ 97.7661, 4.3412 ], [ 97.7179, 4.2472 ], [ 97.6692, 4.2423 ], [ 97.6443, 4.2196 ], [ 97.6125, 4.2506 ] ] ] } },
{ "type": "Feature", "properties": { "province": "ACEH", "district": "ACEH UTARA", "id": "ACEH/ACEH UTARA", "name": "ACEH UTARA" }, "geometry": { "type": "Polygon", "coordinates": [ [ [ 97.4894, 4.8854 ], [ 97.5117, 4.8823 ], [ 97.4776, 4.8392 ], [ 97.4591, 4.8461 ], [ 97.4429, 4.8323 ], [ 97.4566, 4.8208 ], [ 97.4354, 4.82 ], [ 97.4365, 4.7886 ], [ 97.4035, 4.7895 ], [ 97.4006, 4.7656 ], [ 97.4171, 4.7686 ], [ 97.4244, 4.7549 ], [ 97.3619, 4.7669 ], [ 97.3706, 4.8741 ], [ 97.3231, 4.8904 ], [ 97.2946, 4.9315 ], [ 97.1359, 4.9387 ], [ 97.0898, 4.9684 ], [ 97.0399, 4.9688 ], [ 96.939, 5.0408 ], [ 96.9325, 4.9686 ], [ 96.8757, 4.9524 ], [ 96.8181, 5.0 ], [ 96.8213, 5.0718 ], [ 96.8595, 5.0951 ], [ 96.8906, 5.1507 ], [ 96.8815, 5.1924 ], [ 96.9033, 5.1809 ], [ 96.9234, 5.2104 ], [ 96.9059, 5.221 ], [ 96.9063, 5.2506 ], [ 96.9755, 5.2626 ], [ 97.0331, 5.2502 ], [ 97.046, 5.2414 ], [ 97.0286, 5.1978 ], [ 97.0527, 5.193 ], [ 97.0606, 5.1649 ], [ 97.1079, 5.1256 ], [ 97.1016, 5.1096 ], [ 97.1711, 5.0827 ], [ 97.1776, 5.142 ], [ 97.4838, 5.2437 ], [ 97.5014, 5.189 ], [ 97.4859, 5.1817 ], [ 97.5003, 5.1681 ], [ 97.4872, 5.1506 ], [ 97.4659, 5.1534 ], [ 97.4783, 5.1265 ], [ 97.4598, 5.1119 ], [ 97.4848, 5.0782 ], [ 97.4954, 5.0862 ], [ 97.4918, 5.0715 ], [ 97.5154, 5.0657 ], [ 97.4978, 5.0498 ], [ 97.5146, 5.0309 ], [ 97.4934, 5.0141 ], [ 97.5081, 4.9965 ], [ 97.4912, 4.9789 ], [ 97.5018, 4.9677 ], [ 97.4851, 4.9611 ], [ 97.5044, 4.9579 ], [ 97.4875, 4.9415 ], [ 97.4719, 4.9475 ], [ 97.4677, 4.9312 ], [ 97.4665, 4.9138 ], [ 97.472, 4.9199 ], [ 97.4784, 4.9207 ], [ 97.4991, 4.8979 ], [ 97.4894, 4.8854 ] ] ] } },
{ "type": "Feature", "properties": { "province": "ACEH", "district": "BENER MERIAH", "id": "ACEH/BENER MERIAH", "name": "BENER MERIAH" }, "geometry": { "type": "Polygon", "coordinates": [ [ [ 97.2174, 4.5852 ], [ 97.1326, 4.5811 ], [ 97.1259, 4.6602 ], [ 96.9806, 4.6834 ], [ 96.9933, 4.7125 ], [ 96.9857, 4.747 ], [ 96.9731, 4.6987 ], [ 96.9657, 4.7006 ], [ 96.9432, 4.6995 ], [ 96.9367, 4.7012 ], [ 96.9321, 4.7007 ], [ 96.9289, 4.7024 ], [ 96.9279, 4.7019 ], [ 96.913, 4.6567 ], [ 96.8405, 4.6659 ], [ 96.8181, 4.6849 ], [ 96.8055, 4.6758 ], [ 96.7919, 4.7099 ], [ 96.7461, 4.7128 ], [ 96.7115, 4.7523 ], [ 96.6837, 4.7559 ], [ 96.7074, 4.82 ], [ 96.6905, 4.8388 ], [ 96.691, 4.8986 ], [ 96.6754, 4.9505 ], [ 96.6571, 4.9556 ], [ 96.6614, 4.974 ], [ 96.7447, 4.9667 ], [ 96.8323, 4.9035 ], [ 96.8234, 4.8651 ], [ 96.7842, 4.8579 ], [ 96.7917, 4.847 ], [ 96.7655, 4.8448 ], [ 96.76, 4.8217 ], [ 96.7884, 4.8238 ], [ 96.8025, 4.7415 ], [ 96.8734, 4.768 ], [ 96.8821, 4.78 ], [ 96.8583, 4.7971 ], [ 96.8835, 4.844 ], [ 96.8618, 4.8627 ], [ 96.9067, 4.8763 ], [ 96.9973, 4.8653 ], [ 97.0007, 4.8236 ], [ 97.0172, 4.8135 ], [ 96.9955, 4.7949 ], [ 97.0309, 4.7986 ], [ 97.0715, 4.83 ], [ 97.2104, 4.7619 ], [ 97.2328, 4.7712 ], [ 97.2577, 4.7246 ], [ 97.3176, 4.7424 ], [ 97.3277, 4.7108 ], [ 97.3113, 4.6667 ], [ 97.2543, 4.657 ], [ 97.2605, 4.6221 ], [ 97.2991, 4.6294 ], [ 97.3133, 4.6018 ], [ 97.2174, 4.5852 ] ] ] } },
{ "type": "Feature", "properties": { "province": "ACEH", "district": "BIREUEN", "id": "ACEH/BIREUEN", "name": "BIREUEN" }, "geometry": { "type": "Polygon", "coordinates": [ [ [ 96.6836, 4.9714 ], [ 96.6614, 4.974 ], [ 96.6472, 4.9522 ], [ 96.6087, 4.9537 ], [ 96.5957, 4.973 ], [ 96.5943, 5.0216 ], [ 96.6316, 5.1337 ], [ 96.5971, 5.1332 ], [ 96.5973, 5.1537 ], [ 96.5597, 5.1574 ], [ 96.5205, 5.1138 ], [ 96.49, 5.1312 ], [ 96.4802, 5.1209 ], [ 96.4914, 5.1421 ], [ 96.479, 5.1465 ], [ 96.4011, 5.1313 ], [ 96.4011, 5.168 ], [ 96.3445, 5.162 ], [ 96.3512, 5.2259 ], [ 96.4039, 5.2089 ], [ 96.4722, 5.2382 ], [ 96.4916, 5.2087 ], [ 96.5315, 5.199 ], [ 96.6401, 5.2143 ], [ 96.8295, 5.2759 ], [ 96.8585, 5.2725 ], [ 96.8745, 5.2496 ], [ 96.906, 5.2506 ], [ 96.9059, 5.221 ], [ 96.9234, 5.2104 ], [ 96.9033, 5.1809 ], [ 96.8814, 5.1924 ], [ 96.8906, 5.1507 ], [ 96.8595, 5.0951 ], [ 96.8213, 5.0718 ], [ 96.8262, 5.0524 ], [ 96.7915, 5.0565 ], [ 96.7704, 4.9532 ], [ 96.6836, 4.9714 ] ] ] } },
{ "type": "Feature", "properties": { "province": "ACEH", "district": "GAYO LUES", "id": "ACEH/GAYO LUES", "name": "GAYO LUES" }, "geometry": { "type": "Polygon", "coordinates": [ [ [ 97.7243, 3.738 ], [ 97.3115, 3.6765 ], [ 97.2061, 3.6939 ], [ 97.1519, 3.7481 ], [ 97.1067, 3.8412 ], [ 97.1177, 3.9252 ], [ 97.1024, 3.9465 ], [ 97.0428, 3.961 ], [ 96.9804, 3.9424 ], [ 96.836, 3.9594 ], [ 96.8047, 3.9902 ], [ 96.7885, 4.0551 ], [ 96.7471, 4.0943 ], [ 96.7248, 4.0969 ], [ 96.7503, 4.169 ], [ 96.8021, 4.2234 ], [ 96.7933, 4.2855 ], [ 96.829, 4.2819 ], [ 96.887, 4.2212 ], [ 96.9505, 4.1866 ], [ 97.0671, 4.2199 ], [ 97.1615, 4.2808 ], [ 97.2172, 4.2355 ], [ 97.2516, 4.17 ], [ 97.3565, 4.21 ], [ 97.404, 4.1804 ], [ 97.5, 4.1558 ], [ 97.5308, 4.1935 ], [ 97.5767, 4.1829 ], [ 97.6018, 4.2537 ], [ 97.6443, 4.2196 ], [ 97.6692, 4.2423 ], [ 97.7179, 4.2472 ], [ 97.7206, 4.1692 ], [ 97.7785, 4.107 ], [ 97.7896, 4.0233 ], [ 97.8611, 3.9225 ], [ 97.8999, 3.9358 ], [ 97.9222, 3.8452 ], [ 97.8246, 3.7495 ], [ 97.7243, 3.738 ] ] ] } },
{ "type": "Feature", "properties": { "province": "ACEH", "district": "KOTA BANDA ACEH", "id": "ACEH/KOTA BANDA ACEH", "name": "KOTA BANDA ACEH" }, "geometry": { "type": "Polygon", "coordinates": [ [ [ 95.3148, 5.518 ], [ 95.285, 5.5307 ], [ 95.2771, 5.5562 ], [ 95.367, 5.6087 ], [ 95.3554, 5.5857 ], [ 95.3688, 5.5891 ], [ 95.3773, 5.5679 ], [ 95.3577, 5.5712 ], [ 95.3606, 5.5448 ], [ 95.3541, 5.533 ], [ 95.3148, 5.518 ] ] ] } },
{ "type": "Feature", "properties": { "province": "ACEH", "district": "KOTA LANGSA", "id": "ACEH/KOTA LANGSA", "name": "KOTA LANGSA" }, "geometry": { "type": "MultiPolygon", "coordinates": [ [ [ [ 98.0392, 4.4305 ], [ 98.0257, 4.4082 ], [ 98.0102, 4.4367 ], [ 97.9757, 4.4222 ], [ 97.9663, 4.4452 ], [ 97.9357, 4.4325 ], [ 97.9174, 4.4525 ], [ 97.8774, 4.4582 ], [ 97.9215, 4.5323 ], [ 97.9623, 4.5266 ], [ 97.9811, 4.5435 ], [ 97.9757, 4.5563 ], [ 97.9982, 4.5233 ], [ 98.036, 4.545 ], [ 98.035, 4.528 ], [ 98.068, 4.5463 ], [ 98.085, 4.5307 ], [ 98.0622, 4.5099 ], [ 98.0616, 4.4784 ], [ 98.0368, 4.4794 ], [ 98.0487, 4.4677 ], [ 98.0392, 4.4305 ] ] ], [ [ [ 98.0418, 4.5345 ], [ 98.0383, 4.5388 ], [ 98.0443, 4.5441 ], [ 98.0488, 4.5363 ], [ 98.0418, 4.5345 ] ] ] ] } },
{ "type": "Feature", "properties": { "province": "ACEH", "district": "KOTA LHOKSEUMAWE", "id": "ACEH/KOTA LHOKSEUMAWE", "name": "KOTA LHOKSEUMAWE" }, "geometry": { "type": "Polygon", "coordinates": [ [ [ 97.1768, 5.0959 ], [ 97.1794, 5.0837 ], [ 97.1563, 5.0837 ], [ 97.1016, 5.1096 ], [ 97.1079, 5.1256 ], [ 97.0606, 5.1649 ], [ 97.0527, 5.193 ], [ 97.028, 5.1986 ], [ 97.0456, 5.2409 ], [ 97.0769, 5.2125 ], [ 97.1114, 5.2025 ], [ 97.1121, 5.2109 ], [ 97.1173, 5.2161 ], [ 97.1452, 5.1972 ], [ 97.1506, 5.1678 ], [ 97.1332, 5.1749 ], [ 97.1771, 5.1413 ], [ 97.1768, 5.0959 ] ] ] } },
{ "type": "Feature", "properties": { "province": "ACEH", "district": "KOTA SABANG", "id": "ACEH/KOTA SABANG", "name": "KOTA SABANG" }, "geometry": { "type": "Polygon", "coordinates": [ [ [ 95.3426, 5.7862 ], [ 95.3286, 5.7717 ], [ 95.2819, 5.7834 ], [ 95.2564, 5.8437 ], [ 95.2206, 5.873 ], [ 95.2171, 5.9067 ], [ 95.2927, 5.8387 ], [ 95.3041, 5.8399 ], [ 95.3016, 5.873 ], [ 95.3154, 5.8668 ], [ 95.3241, 5.8817 ], [ 95.3106, 5.8945 ], [ 95.349, 5.8867 ], [ 95.3778, 5.8216 ], [ 95.3719, 5.8039 ], [ 95.3452, 5.8263 ], [ 95.3426, 5.7862 ] ] ] } },
{ "type": "Feature", "properties": { "province": "ACEH", "district": "KOTA SUBULUSSALAM", "id": "ACEH/KOTA SUBULUSSALAM", "name": "KOTA SUBULUSSALAM" }, "geometry": { "type": "MultiPolygon", "coordinates": [ [ [ [ 97.8429, 2.5409 ], [ 97.8411, 2.5025 ], [ 97.7917, 2.5073 ], [ 97.8251, 2.6368 ], [ 97.7664, 2.7873 ], [ 97.8492, 2.8343 ], [ 97.8582, 2.8817 ], [ 97.9043, 2.9105 ], [ 97.8996, 2.9658 ], [ 97.8145, 2.9824 ], [ 97.8335, 3.0019 ], [ 97.8896, 3.0093 ], [ 97.9646, 2.9732 ], [ 97.9487, 2.8953 ], [ 98.0064, 2.8723 ], [ 98.0557, 2.8187 ], [ 98.0993, 2.8226 ], [ 98.1166, 2.7843 ], [ 98.0696, 2.764 ], [ 98.104, 2.6821 ], [ 98.1126, 2.6134 ], [ 98.085, 2.6027 ], [ 98.0792, 2.5831 ], [ 98.0555, 2.5855 ], [ 98.0538, 2.5608 ], [ 98.0321, 2.5599 ], [ 97.9883, 2.6097 ], [ 97.954, 2.5769 ], [ 97.8984, 2.5653 ], [ 97.8827, 2.5481 ], [ 97.8539, 2.5644 ], [ 97.8429, 2.5409 ] ] ], [ [ [ 98.0256, 4.4805 ], [ 98.0213, 4.4661 ], [ 98.0166, 4.4658 ], [ 98.021, 4.4823 ], [ 98.0256, 4.4805 ] ] ], [ [ [ 98.0312, 4.4462 ], [ 98.0231, 4.4465 ], [ 98.0271, 4.4614 ], [ 98.0309, 4.46 ], [ 98.0312, 4.4462 ] ] ], [ [ [ 98.01, 4.4583 ], [ 98.0134, 4.4494 ], [ 98.0082, 4.4453 ], [ 98.0031, 4.4551 ], [ 98.01, 4.4583 ] ] ] ] } },
{ "type": "Feature", "properties": { "province": "ACEH", "district": "NAGAN RAYA", "id": "ACEH/NAGAN RAYA", "name": "NAGAN RAYA" }, "geometry": { "type": "MultiPolygon", "coordinates": [ [ [ [ 96.5855, 3.8526 ], [ 96.6169, 3.7949 ], [ 96.6055, 3.7762 ], [ 96.6235, 3.7386 ], [ 96.5443, 3.7291 ], [ 96.5076, 3.7419 ], [ 96.3875, 3.8465 ], [ 96.2401, 4.0571 ], [ 96.1894, 4.1054 ], [ 96.2788, 4.1551 ], [ 96.2686, 4.2393 ], [ 96.3121, 4.2534 ], [ 96.2821, 4.2828 ], [ 96.296, 4.3683 ], [ 96.358, 4.3818 ], [ 96.372, 4.4174 ], [ 96.4334, 4.4231 ], [ 96.4641, 4.444 ], [ 96.5009, 4.4155 ], [ 96.483, 4.3893 ], [ 96.4084, 4.3752 ], [ 96.3793, 4.3421 ], [ 96.3958, 4.2869 ], [ 96.4537, 4.2989 ], [ 96.4843, 4.286 ], [ 96.4681, 4.2801 ], [ 96.4818, 4.2438 ], [ 96.4589, 4.2027 ], [ 96.4742, 4.1594 ], [ 96.5103, 4.1661 ], [ 96.5099, 4.1317 ], [ 96.5601, 4.1636 ], [ 96.669, 4.1789 ], [ 96.7426, 4.1519 ], [ 96.7201, 4.014 ], [ 96.6292, 3.9585 ], [ 96.6131, 3.9128 ], [ 96.5964, 3.9255 ], [ 96.609777272727257, 3.913609090909099 ], [ 96.5855, 3.8526 ] ] ], [ [ [ 96.5498, 4.4434 ], [ 96.5238, 4.4361 ], [ 96.4969, 4.4683 ], [ 96.5405, 4.4771 ], [ 96.5498, 4.4434 ] ] ] ] } },
{ "type": "Feature", "properties": { "province": "ACEH", "district": "PIDIE", "id": "ACEH/PIDIE", "name": "PIDIE" }, "geometry": { "type": "MultiPolygon", "coordinates": [ [ [ [ 96.1487, 4.8396 ], [ 96.1463, 4.8182 ], [ 96.0962, 4.8326 ], [ 96.0672, 4.8642 ], [ 96.0743, 4.9241 ], [ 96.1253, 4.9003 ], [ 96.1403, 4.8755 ], [ 96.1257, 4.8656 ], [ 96.1487, 4.8396 ] ] ], [ [ [ 96.225, 4.848 ], [ 96.1951, 4.8388 ], [ 96.1808, 4.845 ], [ 96.1891, 4.8719 ], [ 96.2176, 4.8841 ], [ 96.225, 4.848 ] ] ], [ [ [ 95.9544, 4.9831 ], [ 95.9348, 4.9792 ], [ 95.8983, 5.0054 ], [ 95.8702, 5.0615 ], [ 95.874, 5.1412 ], [ 95.8478, 5.1912 ], [ 95.863, 5.1956 ], [ 95.9125, 5.1632 ], [ 95.9295, 5.2207 ], [ 95.9069, 5.2063 ], [ 95.8469, 5.2113 ], [ 95.9028, 5.2733 ], [ 95.8892, 5.2763 ], [ 95.8885, 5.3402 ], [ 95.8664, 5.297 ], [ 95.8271, 5.3608 ], [ 95.8133, 5.4505 ], [ 95.8491, 5.4467 ], [ 95.8908, 5.3834 ], [ 95.8774, 5.4437 ], [ 95.8909, 5.4599 ], [ 95.9222, 5.4101 ], [ 96.105, 5.2859 ], [ 96.0576, 5.3001 ], [ 96.043, 5.2312 ], [ 95.9378, 5.1979 ], [ 95.9583, 5.1758 ], [ 95.9328, 5.1348 ], [ 96.0225, 5.0469 ], [ 96.0183, 5.012 ], [ 95.9936, 5.0135 ], [ 95.9544, 4.9831 ] ] ], [ [ [ 95.8544, 5.4956 ], [ 95.8375, 5.4573 ], [ 95.8183, 5.4524 ], [ 95.8371, 5.4841 ], [ 95.8278, 5.5209 ], [ 95.7772, 5.5268 ], [ 95.7787, 5.5401 ], [ 95.8747, 5.5119 ], [ 95.8544, 5.4956 ] ] ] ] } },
{ "type": "Feature", "properties": { "province": "ACEH", "district": "PIDIE JAYA", "id": "ACEH/PIDIE JAYA", "name": "PIDIE JAYA" }, "geometry": { "type": "Polygon", "coordinates": [ [ [ 96.3218, 5.1475 ], [ 96.3052, 5.1366 ], [ 96.2679, 5.152825 ], [ 96.2531, 5.1834 ], [ 96.2398, 5.1785 ], [ 96.2499, 5.2068 ], [ 96.2095, 5.2071 ], [ 96.187, 5.2294 ], [ 96.1802, 5.2123 ], [ 96.1243, 5.2125 ], [ 96.0655, 5.1782 ], [ 96.0398, 5.2392 ], [ 96.0521, 5.2929 ], [ 96.1922, 5.2595 ], [ 96.2575, 5.2632 ], [ 96.3512, 5.2257 ], [ 96.3476, 5.1495 ], [ 96.3218, 5.1475 ] ] ] } },
{ "type": "Feature", "properties": { "province": "ACEH", "district": "SIMEULUE", "id": "ACEH/SIMEULUE", "name": "SIMEULUE" }, "geometry": { "type": "MultiPolygon", "coordinates": [ [ [ [ 96.6651, 2.1202 ], [ 96.6869, 2.0857 ], [ 96.6484, 2.0563 ], [ 96.6288, 2.062 ], [ 96.6119, 2.0826 ], [ 96.6135, 2.1115 ], [ 96.6651, 2.1202 ] ] ], [ [ [ 96.4444, 2.332 ], [ 96.3186, 2.353 ], [ 96.3356, 2.3879 ], [ 96.3134, 2.3855 ], [ 96.3128, 2.4197 ], [ 96.2285, 2.4416 ], [ 96.1606, 2.5119 ], [ 96.1284, 2.5202 ], [ 96.0753, 2.5698 ], [ 96.0575, 2.5637 ], [ 96.0075, 2.5908 ], [ 95.9963, 2.5658 ], [ 95.9799, 2.5878 ], [ 95.9496, 2.5702 ], [ 95.9177, 2.5988 ], [ 95.8856, 2.6032 ], [ 95.8888, 2.6196 ], [ 95.8616, 2.6375 ], [ 95.837, 2.623 ], [ 95.8188, 2.6463 ], [ 95.7957, 2.6304 ], [ 95.7897, 2.6704 ], [ 95.7546, 2.6999 ], [ 95.763, 2.7147 ], [ 95.7217, 2.7414 ], [ 95.7331, 2.7619 ], [ 95.7037, 2.7473 ], [ 95.6921, 2.7726 ], [ 95.7185, 2.8254 ], [ 95.7789, 2.8179 ], [ 95.7907, 2.8306 ], [ 95.7951, 2.8442 ], [ 95.7634, 2.8575 ], [ 95.784, 2.9256 ], [ 95.8051, 2.9298 ], [ 95.802, 2.9071 ], [ 95.8167, 2.9142 ], [ 95.8219, 2.8995 ], [ 95.8398, 2.884 ], [ 95.8329, 2.9132 ], [ 95.8707, 2.9147 ], [ 95.9034, 2.8964 ], [ 95.913, 2.8595 ], [ 95.8815, 2.8729 ], [ 95.8639, 2.8589 ], [ 95.8854, 2.8442 ], [ 95.8806, 2.8259 ], [ 95.9084, 2.8286 ], [ 95.9148, 2.8453 ], [ 95.9317, 2.824 ], [ 95.9723, 2.8127 ], [ 96.0085, 2.766 ], [ 96.0988, 2.7568 ], [ 96.0857, 2.7548 ], [ 96.0842, 2.7324 ], [ 96.0903, 2.7501 ], [ 96.1319, 2.7311 ], [ 96.1321, 2.7199 ], [ 96.1124, 2.7301 ], [ 96.1126, 2.7146 ], [ 96.1287, 2.701 ], [ 96.1467, 2.713 ], [ 96.1517, 2.6889 ], [ 96.1191, 2.6939 ], [ 96.0928, 2.6768 ], [ 96.1056, 2.6367 ], [ 96.1237, 2.6339 ], [ 96.1233, 2.6481 ], [ 96.1434, 2.6545 ], [ 96.1439, 2.6359 ], [ 96.1462, 2.636 ], [ 96.1475, 2.6413 ], [ 96.1533, 2.6483 ], [ 96.1549, 2.6477 ], [ 96.1825, 2.614 ], [ 96.1845, 2.6323 ], [ 96.2187, 2.6339 ], [ 96.2702, 2.5737 ], [ 96.3498, 2.5462 ], [ 96.3394, 2.5242 ], [ 96.3708, 2.5123 ], [ 96.3695, 2.4877 ], [ 96.3925, 2.4747 ], [ 96.3859, 2.4555 ], [ 96.4072, 2.4606 ], [ 96.4042, 2.5126 ], [ 96.4252, 2.4774 ], [ 96.4277, 2.4918 ], [ 96.4538, 2.4761 ], [ 96.4713, 2.4492 ], [ 96.4662, 2.428 ], [ 96.479, 2.4246 ], [ 96.458, 2.4018 ], [ 96.4435, 2.4374 ], [ 96.4175, 2.4346 ], [ 96.4204, 2.3945 ], [ 96.4532, 2.3891 ], [ 96.4801, 2.3438 ], [ 96.4444, 2.332 ] ] ], [ [ [ 96.259, 2.3597 ], [ 96.2353, 2.3445 ], [ 96.2176, 2.3589 ], [ 96.2555, 2.3741 ], [ 96.259, 2.3597 ] ] ], [ [ [ 96.4916, 2.3841 ], [ 96.4991, 2.3673 ], [ 96.4569, 2.3931 ], [ 96.4829, 2.3932 ], [ 96.4916, 2.3841 ] ] ], [ [ [ 96.4935, 2.4362 ], [ 96.5167, 2.4266 ], [ 96.51, 2.4148 ], [ 96.4795, 2.4248 ], [ 96.4935, 2.4362 ] ] ], [ [ [ 96.3772, 2.6552 ], [ 96.3971, 2.6449 ], [ 96.3524, 2.6557 ], [ 96.3654, 2.6639 ], [ 96.3772, 2.6552 ] ] ] ] } },
{ "type": "Feature", "properties": { "province": "BALI", "district": "BADUNG", "id": "BALI/BADUNG", "name": "BADUNG" }, "geometry": { "type": "Polygon", "coordinates": [ [ [ 115.1969, -8.7827 ], [ 115.2203, -8.7872 ], [ 115.2206, -8.753 ], [ 115.2402, -8.8027 ], [ 115.2013, -8.8406 ], [ 115.1235, -8.8479 ], [ 115.0839, -8.8297 ], [ 115.1196, -8.7932 ], [ 115.1679, -8.7725 ], [ 115.1522, -8.7503 ], [ 115.1693, -8.7244 ], [ 115.1615, -8.6976 ], [ 115.0993, -8.6368 ], [ 115.1196, -8.6112 ], [ 115.156, -8.6004 ], [ 115.1878, -8.4427 ], [ 115.2033, -8.488 ], [ 115.2182, -8.4387 ], [ 115.1981, -8.3578 ], [ 115.2122, -8.3299 ], [ 115.1833, -8.2453 ], [ 115.2326, -8.242 ], [ 115.2512, -8.2625 ], [ 115.2493, -8.3385 ], [ 115.2254, -8.3883 ], [ 115.2449, -8.4777 ], [ 115.2312, -8.5383 ], [ 115.2496, -8.585 ], [ 115.2426, -8.6031 ], [ 115.2257, -8.5928 ], [ 115.1798, -8.6162 ], [ 115.1737, -8.6832 ], [ 115.1904, -8.7377 ], [ 115.1793, -8.7577 ], [ 115.1969, -8.7827 ] ] ] } },
{ "type": "Feature", "properties": { "province": "BALI", "district": "BANGLI", "id": "BALI/BANGLI", "name": "BANGLI" }, "geometry": { "type": "MultiPolygon", "coordinates": [ [ [ [ 115.4023, -8.5472 ], [ 115.3973, -8.5714 ], [ 115.3919, -8.5753 ], [ 115.3964, -8.5468 ], [ 115.4023, -8.5472 ] ] ], [ [ [ 115.3499, -8.5229 ], [ 115.3291, -8.5131 ], [ 115.3175, -8.4343 ], [ 115.3371, -8.3817 ], [ 115.3285, -8.3307 ], [ 115.2939, -8.3325 ], [ 115.2845, -8.3136 ], [ 115.2625, -8.3329 ], [ 115.2435, -8.2952 ], [ 115.2512, -8.2625 ], [ 115.2323, -8.2399 ], [ 115.2452, -8.1723 ], [ 115.2828, -8.2062 ], [ 115.2881, -8.1711 ], [ 115.3061, -8.174 ], [ 115.3172, -8.1479 ], [ 115.3334, -8.1563 ], [ 115.3389, -8.143 ], [ 115.3628, -8.1458 ], [ 115.39, -8.1859 ], [ 115.448, -8.1893 ], [ 115.4384, -8.2182 ], [ 115.4577, -8.2429 ], [ 115.4302, -8.2672 ], [ 115.3954, -8.3568 ], [ 115.4165, -8.4035 ], [ 115.4133, -8.4387 ], [ 115.3857, -8.467 ], [ 115.3751, -8.4614 ], [ 115.3499, -8.5229 ] ] ] ] } },
{ "type": "Feature", "properties": { "province": "BALI", "district": "BULELENG", "id": "BALI/BULELENG", "name": "BULELENG" }, "geometry": { "type": "MultiPolygon", "coordinates": [ [ [ [ 115.0751, -8.5879 ], [ 115.0939, -8.5922 ], [ 115.0854, -8.6058 ], [ 115.0714, -8.5947 ], [ 115.0751, -8.5879 ] ] ], [ [ [ 114.9587, -8.3336 ], [ 114.949, -8.3616 ], [ 114.9245, -8.3314 ], [ 114.8989, -8.3666 ], [ 114.872, -8.3381 ], [ 114.8479, -8.3373 ], [ 114.9025, -8.2834 ], [ 114.9203, -8.2365 ], [ 114.8956, -8.2049 ], [ 114.8754, -8.2056 ], [ 114.8858, -8.2377 ], [ 114.8722, -8.2877 ], [ 114.8209, -8.3174 ], [ 114.8166, -8.26 ], [ 114.7761, -8.2631 ], [ 114.7481, -8.2237 ], [ 114.7031, -8.1985 ], [ 114.6843, -8.2317 ], [ 114.638, -8.2176 ], [ 114.6193, -8.1845 ], [ 114.59, -8.1734 ], [ 114.5167, -8.2054 ], [ 114.4589, -8.1937 ], [ 114.4682, -8.166 ], [ 114.4452, -8.1573 ], [ 114.4358, -8.098 ], [ 114.4938, -8.0957 ], [ 114.5232, -8.1548 ], [ 114.5559, -8.1312 ], [ 114.5631, -8.1437 ], [ 114.5684, -8.141 ], [ 114.5792, -8.1215 ], [ 114.5952, -8.1234 ], [ 114.5956, -8.1393 ], [ 114.6175, -8.1228 ], [ 114.8682, -8.1964 ], [ 115.0006, -8.1761 ], [ 115.1161, -8.0818 ], [ 115.1859, -8.0619 ], [ 115.4573, -8.1662 ], [ 115.4285, -8.1885 ], [ 115.3995, -8.1892 ], [ 115.3623, -8.1455 ], [ 115.3389, -8.143 ], [ 115.3332, -8.1563 ], [ 115.3222, -8.1442 ], [ 115.3059, -8.1741 ], [ 115.2799, -8.1609 ], [ 115.2452, -8.1723 ], [ 115.2326, -8.242 ], [ 115.1742, -8.2419 ], [ 115.1352, -8.2698 ], [ 115.124, -8.3078 ], [ 115.0276, -8.2999 ], [ 115.01, -8.3117 ], [ 114.9787, -8.2881 ], [ 114.9587, -8.3336 ] ] ] ] } },
{ "type": "Feature", "properties": { "province": "BALI", "district": "GIANYAR", "id": "BALI/GIANYAR", "name": "GIANYAR" }, "geometry": { "type": "Polygon", "coordinates": [ [ [ 115.3018, -8.6269 ], [ 115.275, -8.6502 ], [ 115.2603, -8.6363 ], [ 115.2312, -8.5383 ], [ 115.2449, -8.4777 ], [ 115.2254, -8.3883 ], [ 115.251, -8.3146 ], [ 115.2625, -8.3329 ], [ 115.2845, -8.3136 ], [ 115.2939, -8.3325 ], [ 115.3285, -8.3307 ], [ 115.3242, -8.4909 ], [ 115.3345, -8.5214 ], [ 115.3605, -8.5246 ], [ 115.371, -8.5667 ], [ 115.3018, -8.6269 ] ] ] } },
{ "type": "Feature", "properties": { "province": "BALI", "district": "JEMBRANA", "id": "BALI/JEMBRANA", "name": "JEMBRANA" }, "geometry": { "type": "Polygon", "coordinates": [ [ [ 114.8883, -8.4529 ], [ 114.7335, -8.3958 ], [ 114.6324, -8.4076 ], [ 114.5815, -8.3983 ], [ 114.4547, -8.2299 ], [ 114.435, -8.1629 ], [ 114.4522, -8.1644 ], [ 114.4431, -8.1804 ], [ 114.4596, -8.1665 ], [ 114.4589, -8.1937 ], [ 114.5137, -8.2057 ], [ 114.59, -8.1734 ], [ 114.6193, -8.1845 ], [ 114.638, -8.2176 ], [ 114.6843, -8.2317 ], [ 114.7027, -8.1984 ], [ 114.7481, -8.2237 ], [ 114.7761, -8.2631 ], [ 114.808, -8.2523 ], [ 114.8241, -8.3329 ], [ 114.8703, -8.3372 ], [ 114.9337, -8.3905 ], [ 114.9175, -8.4625 ], [ 114.8883, -8.4529 ] ] ] } },
{ "type": "Feature", "properties": { "province": "BALI", "district": "KARANGASEM", "id": "BALI/KARANGASEM", "name": "KARANGASEM" }, "geometry": { "type": "MultiPolygon", "coordinates": [ [ [ [ 115.503, -8.5427 ], [ 115.4791, -8.5509 ], [ 115.4608, -8.5033 ], [ 115.4098, -8.5301 ], [ 115.4144, -8.4744 ], [ 115.39, -8.4819 ], [ 115.4165, -8.4035 ], [ 115.3956, -8.3571 ], [ 115.4302, -8.2672 ], [ 115.457, -8.2465 ], [ 115.4384, -8.2182 ], [ 115.4539, -8.1982 ], [ 115.4363, -8.1812 ], [ 115.4573, -8.1662 ], [ 115.5607, -8.2333 ], [ 115.6297, -8.3242 ], [ 115.7109, -8.378 ], [ 115.6936, -8.4269 ], [ 115.6365, -8.461 ], [ 115.6126, -8.5063 ], [ 115.581, -8.5177 ], [ 115.5304, -8.501 ], [ 115.5088, -8.5127 ], [ 115.503, -8.5427 ] ] ], [ [ [ 115.0791, -8.5432 ], [ 115.0721, -8.5487 ], [ 115.0711, -8.5386 ], [ 115.0743, -8.5364 ], [ 115.0791, -8.5432 ] ] ] ] } },
{ "type": "Feature", "properties": { "province": "BALI", "district": "KLUNGKUNG", "id": "BALI/KLUNGKUNG", "name": "KLUNGKUNG" }, "geometry": { "type": "MultiPolygon", "coordinates": [ [ [ [ 115.4239, -8.576 ], [ 115.3931, -8.5751 ], [ 115.4023, -8.5472 ], [ 115.3912, -8.5756 ], [ 115.3651, -8.5618 ], [ 115.3535, -8.5098 ], [ 115.3763, -8.4603 ], [ 115.4025, -8.4564 ], [ 115.3907, -8.483 ], [ 115.4144, -8.4744 ], [ 115.4098, -8.5301 ], [ 115.4589, -8.5031 ], [ 115.4765, -8.5204 ], [ 115.4791, -8.5509 ], [ 115.4239, -8.576 ] ] ], [ [ [ 115.5995, -8.808 ], [ 115.5871, -8.8195 ], [ 115.5287, -8.7994 ], [ 115.4754, -8.7519 ], [ 115.4514, -8.7484 ], [ 115.4477, -8.7221 ], [ 115.4918, -8.6728 ], [ 115.569, -8.6752 ], [ 115.6286, -8.77 ], [ 115.5995, -8.808 ] ] ], [ [ [ 115.4657, -8.6882 ], [ 115.4444, -8.7121 ], [ 115.4371, -8.7085 ], [ 115.4414, -8.7007 ], [ 115.4657, -8.6882 ] ] ], [ [ [ 115.4665, -8.6659 ], [ 115.4509, -8.6938 ], [ 115.4291, -8.6911 ], [ 115.4506, -8.6633 ], [ 115.4665, -8.6659 ] ] ], [ [ [ 115.2799, -8.1609 ], [ 115.2888, -8.1723 ], [ 115.2828, -8.2062 ], [ 115.2556, -8.178 ], [ 115.2799, -8.1609 ] ] ] ] } },
{ "type": "Feature", "properties": { "province": "BALI", "district": "KOTA DENPASAR", "id": "BALI/KOTA DENPASAR", "name": "KOTA DENPASAR" }, "geometry": { "type": "Polygon", "coordinates": [ [ [ 115.2278, -8.726 ], [ 115.2446, -8.7251 ], [ 115.2376, -8.7376 ], [ 115.2492, -8.7288 ], [ 115.2396, -8.7435 ], [ 115.2293, -8.7351 ], [ 115.2293, -8.7526 ], [ 115.2178, -8.7468 ], [ 115.2241, -8.7256 ], [ 115.2119, -8.7469 ], [ 115.2091, -8.7304 ], [ 115.1875, -8.7355 ], [ 115.1746, -8.6609 ], [ 115.1798, -8.6162 ], [ 115.2347, -8.5916 ], [ 115.275, -8.6502 ], [ 115.2605, -8.6673 ], [ 115.2641, -8.7061 ], [ 115.2278, -8.726 ] ] ] } },
{ "type": "Feature", "properties": { "province": "BALI", "district": "TABANAN", "id": "BALI/TABANAN", "name": "TABANAN" }, "geometry": { "type": "MultiPolygon", "coordinates": [ [ [ [ 115.1138, -8.6175 ], [ 115.0994, -8.6362 ], [ 115.0813, -8.606 ], [ 115.0939, -8.5922 ], [ 115.0694, -8.5917 ], [ 114.9159, -8.4677 ], [ 114.9341, -8.3915 ], [ 114.8989, -8.3666 ], [ 114.9245, -8.3314 ], [ 114.9354, -8.3568 ], [ 114.949, -8.3616 ], [ 114.9781, -8.2882 ], [ 115.01, -8.3117 ], [ 115.0276, -8.2999 ], [ 115.124, -8.3078 ], [ 115.1352, -8.2698 ], [ 115.1791, -8.2419 ], [ 115.2122, -8.3299 ], [ 115.1981, -8.3578 ], [ 115.2182, -8.4387 ], [ 115.2023, -8.4894 ], [ 115.1982, -8.4457 ], [ 115.1748, -8.4586 ], [ 115.1826, -8.4989 ], [ 115.1495, -8.5821 ], [ 115.1559, -8.6006 ], [ 115.1138, -8.6175 ] ] ], [ [ [ 114.8794, -8.2053 ], [ 114.8956, -8.2049 ], [ 114.9204, -8.2359 ], [ 114.9025, -8.2834 ], [ 114.8479, -8.3373 ], [ 114.8255, -8.3339 ], [ 114.8253, -8.3161 ], [ 114.8722, -8.2877 ], [ 114.8794, -8.2053 ] ] ] ] } },
{ "type": "Feature", "properties": { "province": "BANTEN", "district": "KOTA CILEGON", "id": "BANTEN/KOTA CILEGON", "name": "KOTA CILEGON" }, "geometry": { "type": "Polygon", "coordinates": [ [ [ 105.9608, -6.0567 ], [ 105.9216, -6.0448 ], [ 105.9843, -5.999 ], [ 106.0026, -5.9478 ], [ 105.9923, -5.9225 ], [ 106.0414, -5.876 ], [ 106.0331, -5.9343 ], [ 106.0612, -5.9545 ], [ 106.0626, -5.9895 ], [ 106.0879, -6.0025 ], [ 106.0841, -6.0344 ], [ 106.0364, -6.0808 ], [ 106.0202, -6.0782 ], [ 106.0304, -6.0407 ], [ 105.9844, -6.0372 ], [ 105.988, -6.0532 ], [ 105.9608, -6.0567 ] ] ] } },
{ "type": "Feature", "properties": { "province": "BANTEN", "district": "KOTA SERANG", "id": "BANTEN/KOTA SERANG", "name": "KOTA SERANG" }, "geometry": { "type": "Polygon", "coordinates": [ [ [ 106.1755, -6.2174 ], [ 106.1354, -6.2036 ], [ 106.1495, -6.1693 ], [ 106.067, -6.1767 ], [ 106.0694, -6.1309 ], [ 106.1472, -6.0685 ], [ 106.1484, -6.019 ], [ 106.2163, -6.016 ], [ 106.2302, -6.0968 ], [ 106.2176, -6.1291 ], [ 106.2411, -6.1305 ], [ 106.2547, -6.1517 ], [ 106.2241, -6.1981 ], [ 106.1755, -6.2174 ] ] ] } },
{ "type": "Feature", "properties": { "province": "BANTEN", "district": "KOTA TANGERANG", "id": "BANTEN/KOTA TANGERANG", "name": "KOTA TANGERANG" }, "geometry": { "type": "Polygon", "coordinates": [ [ [ 106.7112, -6.252 ], [ 106.6865, -6.24 ], [ 106.6934, -6.2294 ], [ 106.6116, -6.2272 ], [ 106.6013, -6.2058 ], [ 106.5829, -6.2207 ], [ 106.5526, -6.1849 ], [ 106.5903, -6.1481 ], [ 106.6134, -6.1477 ], [ 106.6358, -6.1058 ], [ 106.6425, -6.1173 ], [ 106.6872, -6.0971 ], [ 106.6979, -6.1109 ], [ 106.6888, -6.1721 ], [ 106.7241, -6.1916 ], [ 106.7176, -6.2241 ], [ 106.7486, -6.2407 ], [ 106.7112, -6.252 ] ] ] } },
{ "type": "Feature", "properties": { "province": "BANTEN", "district": "KOTA TANGERANG SELATAN", "id": "BANTEN/KOTA TANGERANG SELATAN", "name": "KOTA TANGERANG SELATAN" }, "geometry": { "type": "Polygon", "coordinates": [ [ [ 106.7789, -6.3261 ], [ 106.7594, -6.3608 ], [ 106.6512, -6.3622 ], [ 106.6623, -6.3176 ], [ 106.638, -6.2297 ], [ 106.6934, -6.2294 ], [ 106.6865, -6.24 ], [ 106.704, -6.2562 ], [ 106.7531, -6.25 ], [ 106.7789, -6.3261 ] ] ] } },
{ "type": "Feature", "properties": { "province": "BANTEN", "district": "LEBAK", "id": "BANTEN/LEBAK", "name": "LEBAK" }, "geometry": { "type": "Polygon", "coordinates": [ [ [ 106.3896, -6.942 ], [ 106.3972, -6.9787 ], [ 106.3809, -6.9951 ], [ 106.31, -6.9958 ], [ 106.3016, -6.9789 ], [ 106.2393, -6.9558 ], [ 106.2381, -6.932 ], [ 106.1065, -6.8832 ], [ 106.0308, -6.822 ], [ 105.9231, -6.815 ], [ 105.8952, -6.8259 ], [ 105.9009, -6.843 ], [ 105.8795, -6.8438 ], [ 105.8884, -6.8208 ], [ 105.8692, -6.8102 ], [ 105.8778, -6.7948 ], [ 105.8629, -6.7816 ], [ 105.8842, -6.764 ], [ 105.8915, -6.7062 ], [ 105.9175, -6.7191 ], [ 105.9386, -6.6871 ], [ 105.9451, -6.645 ], [ 105.9287, -6.616 ], [ 105.9853, -6.5409 ], [ 105.9838, -6.5041 ], [ 106.0448, -6.4129 ], [ 106.0784, -6.4114 ], [ 106.0941, -6.4277 ], [ 106.1128, -6.4191 ], [ 106.1299, -6.3284 ], [ 106.1515, -6.325 ], [ 106.1739, -6.2884 ], [ 106.2134, -6.2918 ], [ 106.2251, -6.3126 ], [ 106.2452, -6.2971 ], [ 106.2597, -6.3108 ], [ 106.2767, -6.3014 ], [ 106.3182, -6.3353 ], [ 106.3958, -6.3295 ], [ 106.4294, -6.3505 ], [ 106.434, -6.3938 ], [ 106.4539, -6.4138 ], [ 106.4403, -6.45 ], [ 106.4011, -6.4528 ], [ 106.4126, -6.4828 ], [ 106.4035, -6.5166 ], [ 106.4304, -6.5899 ], [ 106.4294, -6.6821 ], [ 106.4666, -6.7509 ], [ 106.5263, -6.7679 ], [ 106.4359, -6.8196 ], [ 106.4313, -6.8617 ], [ 106.3929, -6.9006 ], [ 106.3896, -6.942 ] ] ] } },
{ "type": "Feature", "properties": { "province": "BANTEN", "district": "PANDEGLANG", "id": "BANTEN/PANDEGLANG", "name": "PANDEGLANG" }, "geometry": { "type": "MultiPolygon", "coordinates": [ [ [ [ 105.5498, -6.9957 ], [ 105.5681, -7.0143 ], [ 105.5202, -7.0084 ], [ 105.5219, -7.0014 ], [ 105.5498, -6.9957 ] ] ], [ [ [ 105.6325, -6.8423 ], [ 105.5382, -6.8749 ], [ 105.4763, -6.8644 ], [ 105.4368, -6.8356 ], [ 105.4141, -6.8537 ], [ 105.3991, -6.8257 ], [ 105.312, -6.8023 ], [ 105.2629, -6.847 ], [ 105.2375, -6.8365 ], [ 105.2388, -6.7973 ], [ 105.2105, -6.7473 ], [ 105.263, -6.7615 ], [ 105.33, -6.6963 ], [ 105.3254, -6.6699 ], [ 105.3699, -6.6466 ], [ 105.4008, -6.7182 ], [ 105.3884, -6.74 ], [ 105.4301, -6.7676 ], [ 105.443, -6.8221 ], [ 105.4692, -6.8277 ], [ 105.5, -6.7925 ], [ 105.5069, -6.7301 ], [ 105.5712, -6.6814 ], [ 105.5685, -6.6586 ], [ 105.5962, -6.6492 ], [ 105.6173, -6.6185 ], [ 105.6158, -6.5592 ], [ 105.6499, -6.4813 ], [ 105.6784, -6.4766 ], [ 105.6738, -6.5089 ], [ 105.7163, -6.5324 ], [ 105.7329, -6.5169 ], [ 105.7696, -6.5173 ], [ 105.8037, -6.48 ], [ 105.8252, -6.4251 ], [ 105.8281, -6.3188 ], [ 105.8409, -6.308 ], [ 105.8251, -6.2427 ], [ 105.8761, -6.2411 ], [ 105.8871, -6.2224 ], [ 105.9292, -6.2794 ], [ 105.9464, -6.2375 ], [ 105.951, -6.2486 ], [ 105.9815, -6.2441 ], [ 106.0013, -6.2754 ], [ 106.0424, -6.2753 ], [ 106.0832, -6.2313 ], [ 106.1324, -6.2581 ], [ 106.1747, -6.2514 ], [ 106.1515, -6.325 ], [ 106.1299, -6.3284 ], [ 106.1128, -6.4191 ], [ 106.0941, -6.4277 ], [ 106.0784, -6.4114 ], [ 106.0448, -6.4129 ], [ 105.9838, -6.5041 ], [ 105.9853, -6.5409 ], [ 105.9287, -6.616 ], [ 105.9451, -6.645 ], [ 105.9386, -6.6871 ], [ 105.9175, -6.7191 ], [ 105.8889, -6.7111 ], [ 105.8842, -6.764 ], [ 105.8629, -6.7816 ], [ 105.8778, -6.7948 ], [ 105.8697, -6.8172 ], [ 105.7741, -6.8505 ], [ 105.7084, -6.8363 ], [ 105.6325, -6.8423 ] ] ] ] } },
{ "type": "Feature", "properties": { "province": "BANTEN", "district": "SERANG", "id": "BANTEN/SERANG", "name": "SERANG" }, "geometry": { "type": "MultiPolygon", "coordinates": [ [ [ [ 106.0324, -6.2745 ], [ 106.0013, -6.2754 ], [ 105.9815, -6.2441 ], [ 105.951, -6.2486 ], [ 105.9464, -6.2375 ], [ 105.9292, -6.2794 ], [ 105.885, -6.2218 ], [ 105.8761, -6.2411 ], [ 105.825, -6.2378 ], [ 105.8806, -6.1089 ], [ 105.8832, -6.0709 ], [ 105.9232, -6.0468 ], [ 105.9638, -6.0581 ], [ 105.988, -6.0532 ], [ 105.9844, -6.0372 ], [ 106.0219, -6.0389 ], [ 106.0202, -6.0782 ], [ 106.0364, -6.0808 ], [ 106.0836, -6.0354 ], [ 106.0879, -6.0025 ], [ 106.0626, -5.9895 ], [ 106.0612, -5.9545 ], [ 106.0331, -5.9343 ], [ 106.0418, -5.8776 ], [ 106.0736, -5.8837 ], [ 106.1141, -5.9311 ], [ 106.0971, -5.9805 ], [ 106.1484, -6.019 ], [ 106.1476, -6.0679 ], [ 106.0745, -6.1217 ], [ 106.066, -6.1752 ], [ 106.1495, -6.1693 ], [ 106.1354, -6.2036 ], [ 106.1693, -6.2199 ], [ 106.2241, -6.1981 ], [ 106.2547, -6.1517 ], [ 106.2411, -6.1305 ], [ 106.2176, -6.1291 ], [ 106.2302, -6.0968 ], [ 106.2163, -6.016 ], [ 106.2478, -5.9613 ], [ 106.2638, -5.9536 ], [ 106.3269, -5.9838 ], [ 106.358, -5.9607 ], [ 106.364, -5.9785 ], [ 106.3891, -5.9772 ], [ 106.4096, -6.0293 ], [ 106.3663, -6.0386 ], [ 106.3393, -6.0681 ], [ 106.3507, -6.1099 ], [ 106.3926, -6.1518 ], [ 106.3857, -6.1862 ], [ 106.346, -6.1945 ], [ 106.3864, -6.2283 ], [ 106.4013, -6.3319 ], [ 106.3182, -6.3353 ], [ 106.277, -6.3015 ], [ 106.2597, -6.3108 ], [ 106.2461, -6.297 ], [ 106.2224, -6.3118 ], [ 106.2117, -6.291 ], [ 106.1694, -6.2894 ], [ 106.1747, -6.2514 ], [ 106.1324, -6.2581 ], [ 106.101, -6.2317 ], [ 106.0324, -6.2745 ] ] ], [ [ [ 106.1681, -5.9324 ], [ 106.1523, -5.9445 ], [ 106.139, -5.922 ], [ 106.1605, -5.9215 ], [ 106.1681, -5.9324 ] ] ], [ [ [ 106.271, -5.8074 ], [ 106.2916, -5.8089 ], [ 106.2949, -5.8122 ], [ 106.254, -5.8108 ], [ 106.271, -5.8074 ] ] ] ] } },
{ "type": "Feature", "properties": { "province": "BANTEN", "district": "TANGERANG", "id": "BANTEN/TANGERANG", "name": "TANGERANG" }, "geometry": { "type": "Polygon", "coordinates": [ [ [ 106.6034, -6.3619 ], [ 106.5268, -6.3246 ], [ 106.5132, -6.3259 ], [ 106.5319, -6.3395 ], [ 106.5191, -6.3551 ], [ 106.4762, -6.3509 ], [ 106.4841, -6.3248 ], [ 106.4693, -6.3035 ], [ 106.4301, -6.3482 ], [ 106.4045, -6.3391 ], [ 106.3871, -6.2302 ], [ 106.3796, -6.2186 ], [ 106.3731, -6.2216 ], [ 106.367, -6.218 ], [ 106.3664, -6.2148 ], [ 106.3926, -6.1518 ], [ 106.3507, -6.1099 ], [ 106.3395, -6.0727 ], [ 106.3656, -6.0391 ], [ 106.4131, -6.0239 ], [ 106.4823, -6.0457 ], [ 106.5355, -6.0104 ], [ 106.5784, -6.0312 ], [ 106.6392, -6.0036 ], [ 106.7142, -6.0397 ], [ 106.724, -6.0882 ], [ 106.6425, -6.1173 ], [ 106.6358, -6.1058 ], [ 106.6134, -6.1477 ], [ 106.5903, -6.1481 ], [ 106.5526, -6.1849 ], [ 106.5649, -6.2112 ], [ 106.5916, -6.2227 ], [ 106.6013, -6.2058 ], [ 106.6444, -6.2428 ], [ 106.6568, -6.3595 ], [ 106.6034, -6.3619 ] ] ] } },
{ "type": "Feature", "properties": { "province": "BENGKULU", "district": "BENGKULU SELATAN", "id": "BENGKULU/BENGKULU SELATAN", "name": "BENGKULU SELATAN" }, "geometry": { "type": "Polygon", "coordinates": [ [ [ 103.0852, -4.5562 ], [ 102.8999, -4.4893 ], [ 102.8771, -4.4306 ], [ 102.8039, -4.3691 ], [ 102.8461, -4.3402 ], [ 102.8618, -4.2832 ], [ 102.8853, -4.2632 ], [ 102.8807, -4.2371 ], [ 102.9047, -4.1763 ], [ 102.935, -4.1854 ], [ 102.9997, -4.1582 ], [ 103.0263, -4.1675 ], [ 103.0614, -4.196 ], [ 103.0515, -4.2192 ], [ 103.0806, -4.2639 ], [ 103.1809, -4.236 ], [ 103.2873, -4.2609 ], [ 103.2801, -4.2908 ], [ 103.2007, -4.3079 ], [ 103.2012, -4.3917 ], [ 103.168, -4.4003 ], [ 103.0851, -4.5282 ], [ 103.0852, -4.5562 ] ] ] } },
{ "type": "Feature", "properties": { "province": "BENGKULU", "district": "BENGKULU TENGAH", "id": "BENGKULU/BENGKULU TENGAH", "name": "BENGKULU TENGAH" }, "geometry": { "type": "Polygon", "coordinates": [ [ [ 102.4785, -3.8441 ], [ 102.4077, -3.8615 ], [ 102.3637, -3.8447 ], [ 102.3317, -3.7319 ], [ 102.2501, -3.7384 ], [ 102.233, -3.7155 ], [ 102.2432, -3.6955 ], [ 102.2055, -3.6537 ], [ 102.2243, -3.5977 ], [ 102.2675, -3.5918 ], [ 102.3357, -3.5303 ], [ 102.4217, -3.494 ], [ 102.4466, -3.5401 ], [ 102.5118, -3.5864 ], [ 102.5283, -3.6569 ], [ 102.5772, -3.6835 ], [ 102.5041, -3.7213 ], [ 102.5542, -3.8337 ], [ 102.4785, -3.8441 ] ] ] } },
{ "type": "Feature", "properties": { "province": "BENGKULU", "district": "BENGKULU UTARA", "id": "BENGKULU/BENGKULU UTARA", "name": "BENGKULU UTARA" }, "geometry": { "type": "MultiPolygon", "coordinates": [ [ [ [ 102.3759, -5.3697 ], [ 102.3671, -5.4172 ], [ 102.3788, -5.4405 ], [ 102.3527, -5.4425 ], [ 102.3185, -5.4113 ], [ 102.148, -5.3363 ], [ 102.1264, -5.293 ], [ 102.1619, -5.2761 ], [ 102.3759, -5.3697 ] ] ], [ [ [ 102.1926, -3.6422 ], [ 102.0788, -3.5543 ], [ 101.9259, -3.4787 ], [ 101.91, -3.4386 ], [ 101.6257, -3.2486 ], [ 101.5758, -3.1846 ], [ 101.6221, -3.138 ], [ 101.6687, -3.1258 ], [ 101.7136, -3.0756 ], [ 101.7394, -3.1147 ], [ 101.7735, -3.0961 ], [ 101.8096, -3.1114 ], [ 101.8395, -3.0609 ], [ 101.8542, -3.0706 ], [ 101.8798, -3.0309 ], [ 101.9198, -3.0345 ], [ 101.9189, -3.0031 ], [ 101.9026, -2.9911 ], [ 102.0234, -2.9079 ], [ 102.0417, -2.9738 ], [ 102.0836, -2.9986 ], [ 102.1393, -3.0719 ], [ 102.1262, -3.1734 ], [ 102.1537, -3.2196 ], [ 102.206, -3.2214 ], [ 102.289, -3.2802 ], [ 102.2983, -3.3215 ], [ 102.2751, -3.361 ], [ 102.3761, -3.382 ], [ 102.367, -3.4056 ], [ 102.3965, -3.4224 ], [ 102.4217, -3.494 ], [ 102.3357, -3.5303 ], [ 102.2675, -3.5918 ], [ 102.226, -3.5966 ], [ 102.2055, -3.6537 ], [ 102.1926, -3.6422 ] ] ] ] } },
{ "type": "Feature", "properties": { "province": "BENGKULU", "district": "KAUR", "id": "BENGKULU/KAUR", "name": "KAUR" }, "geometry": { "type": "Polygon", "coordinates": [ [ [ 103.5559, -4.9209 ], [ 103.5327, -4.9161 ], [ 103.5274, -4.8924 ], [ 103.4974, -4.8738 ], [ 103.4117, -4.8631 ], [ 103.4049, -4.8201 ], [ 103.3771, -4.7992 ], [ 103.3276, -4.8077 ], [ 103.3101, -4.7824 ], [ 103.3179, -4.7585 ], [ 103.2827, -4.7082 ], [ 103.1539, -4.6014 ], [ 103.0702, -4.5591 ], [ 103.0851, -4.5564 ], [ 103.0851, -4.5282 ], [ 103.168, -4.4003 ], [ 103.2011, -4.3919 ], [ 103.2007, -4.3079 ], [ 103.2801, -4.2908 ], [ 103.285, -4.2572 ], [ 103.3077, -4.256 ], [ 103.3285, -4.2922 ], [ 103.4674, -4.3437 ], [ 103.4286, -4.4053 ], [ 103.3982, -4.5175 ], [ 103.437, -4.5313 ], [ 103.4848, -4.5791 ], [ 103.5302, -4.5688 ], [ 103.5706, -4.5248 ], [ 103.6149, -4.5305 ], [ 103.6301, -4.5562 ], [ 103.5966, -4.595 ], [ 103.6407, -4.5949 ], [ 103.6947, -4.6539 ], [ 103.7045, -4.6984 ], [ 103.6729, -4.7319 ], [ 103.7029, -4.7251 ], [ 103.7619, -4.7545 ], [ 103.7614, -4.7751 ], [ 103.602, -4.8678 ], [ 103.5713, -4.9261 ], [ 103.5559, -4.9209 ] ] ] } },
{ "type": "Feature", "properties": { "province": "BENGKULU", "district": "KEPAHIANG", "id": "BENGKULU/KEPAHIANG", "name": "KEPAHIANG" }, "geometry": { "type": "Polygon", "coordinates": [ [ [ 102.6907, -3.7622 ], [ 102.6106, -3.7976 ], [ 102.5827, -3.7402 ], [ 102.5772, -3.6835 ], [ 102.5283, -3.6569 ], [ 102.5118, -3.5864 ], [ 102.4429, -3.5275 ], [ 102.472, -3.5309 ], [ 102.5118, -3.494 ], [ 102.5947, -3.5257 ], [ 102.6282, -3.5164 ], [ 102.655, -3.5407 ], [ 102.6848, -3.5396 ], [ 102.6774, -3.5484 ], [ 102.7749, -3.5469 ], [ 102.8102, -3.5301 ], [ 102.7946, -3.5813 ], [ 102.8076, -3.6049 ], [ 102.7927, -3.6014 ], [ 102.8085, -3.6095 ], [ 102.7522, -3.6668 ], [ 102.7388, -3.7476 ], [ 102.6907, -3.7622 ] ] ] } },
{ "type": "Feature", "properties": { "province": "BENGKULU", "district": "KOTA BENGKULU", "id": "BENGKULU/KOTA BENGKULU", "name": "KOTA BENGKULU" }, "geometry": { "type": "MultiPolygon", "coordinates": [ [ [ [ 103.4631, -4.7675 ], [ 103.4468, -4.7745 ], [ 103.4129, -4.743 ], [ 103.4391, -4.7189 ], [ 103.4372, -4.6998 ], [ 103.4577, -4.6961 ], [ 103.4668, -4.6402 ], [ 103.495, -4.7165 ], [ 103.4631, -4.7675 ] ] ], [ [ [ 102.3154, -3.9125 ], [ 102.3033, -3.9448 ], [ 102.2651, -3.916 ], [ 102.3031, -3.8829 ], [ 102.2926, -3.8463 ], [ 102.2476, -3.7926 ], [ 102.2625, -3.7749 ], [ 102.2501, -3.7385 ], [ 102.2754, -3.7272 ], [ 102.2896, -3.7417 ], [ 102.3317, -3.7319 ], [ 102.3595, -3.8416 ], [ 102.406, -3.861 ], [ 102.3154, -3.9125 ] ] ] ] } },
{ "type": "Feature", "properties": { "province": "BENGKULU", "district": "LEBONG", "id": "BENGKULU/LEBONG", "name": "LEBONG" }, "geometry": { "type": "Polygon", "coordinates": [ [ [ 102.4504, -3.3267 ], [ 102.4236, -3.3581 ], [ 102.3869, -3.3578 ], [ 102.3761, -3.382 ], [ 102.2751, -3.361 ], [ 102.2983, -3.3215 ], [ 102.2913, -3.2839 ], [ 102.206, -3.2214 ], [ 102.1537, -3.2196 ], [ 102.1262, -3.1734 ], [ 102.1387, -3.0705 ], [ 102.0836, -2.9986 ], [ 102.0417, -2.9738 ], [ 102.0074, -2.8522 ], [ 101.9641, -2.8155 ], [ 101.9218, -2.7365 ], [ 101.9901, -2.7231 ], [ 102.068, -2.7679 ], [ 102.0723, -2.7934 ], [ 102.1303, -2.8364 ], [ 102.1329, -2.8758 ], [ 102.2252, -2.9285 ], [ 102.2569, -3.0368 ], [ 102.2836, -3.038 ], [ 102.3148, -3.069 ], [ 102.3899, -3.0443 ], [ 102.4675, -3.0801 ], [ 102.4923, -3.1336 ], [ 102.4874, -3.2049 ], [ 102.5057, -3.2152 ], [ 102.487, -3.2839 ], [ 102.5009, -3.3097 ], [ 102.4898, -3.3262 ], [ 102.4504, -3.3267 ] ] ] } },
{ "type": "Feature", "properties": { "province": "BENGKULU", "district": "MUKOMUKO", "id": "BENGKULU/MUKOMUKO", "name": "MUKOMUKO" }, "geometry": { "type": "Polygon", "coordinates": [ [ [ 101.6403, -3.0728 ], [ 101.592, -3.116 ], [ 101.5318, -3.1287 ], [ 101.48, -3.0137 ], [ 101.4038, -2.9273 ], [ 101.3205, -2.7376 ], [ 101.1422, -2.6284 ], [ 101.0285, -2.4932 ], [ 101.0223, -2.4788 ], [ 101.1454, -2.3887 ], [ 101.237, -2.3424 ], [ 101.2377, -2.32 ], [ 101.2855, -2.2768 ], [ 101.5571, -2.4497 ], [ 101.5466, -2.5706 ], [ 101.5747, -2.5443 ], [ 101.6211, -2.5474 ], [ 101.6691, -2.5296 ], [ 101.7746, -2.6503 ], [ 101.8153, -2.6729 ], [ 101.8149, -2.6914 ], [ 101.8549, -2.7153 ], [ 101.8661, -2.789 ], [ 101.8059, -2.8799 ], [ 101.8026, -2.9222 ], [ 101.7846, -2.9375 ], [ 101.7908, -2.983 ], [ 101.7179, -3.0446 ], [ 101.6403, -3.0728 ] ] ] } },
{ "type": "Feature", "properties": { "province": "BENGKULU", "district": "REJANG LEBONG", "id": "BENGKULU/REJANG LEBONG", "name": "REJANG LEBONG" }, "geometry": { "type": "Polygon", "coordinates": [ [ [ 102.7271, -3.5517 ], [ 102.5118, -3.494 ], [ 102.472, -3.5309 ], [ 102.4429, -3.5275 ], [ 102.3965, -3.4224 ], [ 102.367, -3.4056 ], [ 102.3824, -3.3655 ], [ 102.4412, -3.3473 ], [ 102.4486, -3.3208 ], [ 102.4975, -3.32 ], [ 102.487, -3.2839 ], [ 102.4981, -3.2601 ], [ 102.6365, -3.3528 ], [ 102.6753, -3.3222 ], [ 102.7437, -3.3158 ], [ 102.7731, -3.2804 ], [ 102.8131, -3.3366 ], [ 102.87, -3.3445 ], [ 102.8948, -3.328 ], [ 102.8829, -3.3472 ], [ 102.8924, -3.3759 ], [ 102.9577, -3.3604 ], [ 102.9894, -3.3697 ], [ 102.9921, -3.5135 ], [ 102.9466, -3.5358 ], [ 102.9403, -3.5694 ], [ 102.9028, -3.6163 ], [ 102.8476, -3.5371 ], [ 102.8189, -3.5276 ], [ 102.7271, -3.5517 ] ] ] } },
{ "type": "Feature", "properties": { "province": "BENGKULU", "district": "SELUMA", "id": "BENGKULU/SELUMA", "name": "SELUMA" }, "geometry": { "type": "Polygon", "coordinates": [ [ [ 102.8082, -4.3565 ], [ 102.7464, -4.3248 ], [ 102.3321, -4.0098 ], [ 102.2807, -3.9642 ], [ 102.2691, -3.9237 ], [ 102.3033, -3.9448 ], [ 102.3156, -3.9119 ], [ 102.4006, -3.8614 ], [ 102.5522, -3.8355 ], [ 102.5635, -3.8068 ], [ 102.6165, -3.8006 ], [ 102.6598, -3.8175 ], [ 102.69, -3.8616 ], [ 102.7757, -3.9158 ], [ 102.8164, -3.9815 ], [ 102.845, -3.9769 ], [ 102.8408, -3.9943 ], [ 102.8526, -3.9828 ], [ 102.86, -3.9926 ], [ 102.9124, -3.9712 ], [ 102.9628, -4.0207 ], [ 102.9974, -4.0191 ], [ 102.9567, -4.056 ], [ 102.9305, -4.0474 ], [ 102.914, -4.063 ], [ 102.9196, -4.0966 ], [ 102.9999, -4.1587 ], [ 102.935, -4.1854 ], [ 102.9014, -4.179 ], [ 102.8853, -4.2632 ], [ 102.8618, -4.2832 ], [ 102.8461, -4.3402 ], [ 102.8082, -4.3565 ] ] ] } },
{ "type": "Feature", "properties": { "province": "DAERAH ISTIMEWA YOGYAKARTA", "district": "BANTUL", "id": "DAERAH ISTIMEWA YOGYAKARTA/BANTUL", "name": "BANTUL" }, "geometry": { "type": "Polygon", "coordinates": [ [ [ 110.3307, -8.0072 ], [ 110.3399, -8.0282 ], [ 110.2039, -7.9832 ], [ 110.2722, -7.9178 ], [ 110.2719, -7.8896 ], [ 110.2211, -7.8375 ], [ 110.2371, -7.809 ], [ 110.2866, -7.7848 ], [ 110.2851, -7.8297 ], [ 110.3067, -7.8291 ], [ 110.3509, -7.768 ], [ 110.3516, -7.8256 ], [ 110.3881, -7.8401 ], [ 110.3937, -7.8271 ], [ 110.4068, -7.833 ], [ 110.396, -7.7944 ], [ 110.3986, -7.7855 ], [ 110.4208, -7.7864 ], [ 110.4299, -7.8373 ], [ 110.4814, -7.8175 ], [ 110.5212, -7.8322 ], [ 110.4886, -7.8377 ], [ 110.4676, -7.8668 ], [ 110.4978, -7.9001 ], [ 110.4771, -7.9714 ], [ 110.4661, -7.9541 ], [ 110.4547, -7.9674 ], [ 110.4494, -7.9469 ], [ 110.4433, -7.967 ], [ 110.3971, -7.9671 ], [ 110.3976, -7.9807 ], [ 110.348, -7.9742 ], [ 110.3525, -7.9932 ], [ 110.3307, -8.0072 ] ] ] } },
{ "type": "Feature", "properties": { "province": "DAERAH ISTIMEWA YOGYAKARTA", "district": "GUNUNGKIDUL", "id": "DAERAH ISTIMEWA YOGYAKARTA/GUNUNGKIDUL", "name": "GUNUNGKIDUL" }, "geometry": { "type": "Polygon", "coordinates": [ [ [ 110.7876, -8.1304 ], [ 110.7975, -8.1622 ], [ 110.83, -8.1362 ], [ 110.8176, -8.1563 ], [ 110.8387, -8.178 ], [ 110.8344, -8.2035 ], [ 110.7984, -8.1898 ], [ 110.7086, -8.2009 ], [ 110.7072, -8.1836 ], [ 110.3752, -8.0716 ], [ 110.3315, -7.9987 ], [ 110.3522, -7.9937 ], [ 110.3482, -7.9741 ], [ 110.3951, -7.9811 ], [ 110.3971, -7.9671 ], [ 110.4433, -7.967 ], [ 110.4494, -7.9469 ], [ 110.4547, -7.9674 ], [ 110.4661, -7.9541 ], [ 110.4633, -7.9683 ], [ 110.4771, -7.9714 ], [ 110.4978, -7.9001 ], [ 110.4676, -7.8668 ], [ 110.4886, -7.8377 ], [ 110.5424, -7.8237 ], [ 110.5559, -7.7841 ], [ 110.5822, -7.7894 ], [ 110.5859, -7.8083 ], [ 110.6511, -7.7932 ], [ 110.6577, -7.8048 ], [ 110.6706, -7.7859 ], [ 110.6914, -7.8083 ], [ 110.7234, -7.7928 ], [ 110.7532, -7.8246 ], [ 110.7703, -7.8079 ], [ 110.7857, -7.817 ], [ 110.7556, -8.0247 ], [ 110.7876, -8.1304 ] ] ] } },
{ "type": "Feature", "properties": { "province": "DAERAH ISTIMEWA YOGYAKARTA", "district": "KOTA YOGYAKARTA", "id": "DAERAH ISTIMEWA YOGYAKARTA/KOTA YOGYAKARTA", "name": "KOTA YOGYAKARTA" }, "geometry": { "type": "Polygon", "coordinates": [ [ [ 110.3937, -7.8271 ], [ 110.3895, -7.8402 ], [ 110.3516, -7.8256 ], [ 110.3522, -7.7665 ], [ 110.3972, -7.7884 ], [ 110.4065, -7.8345 ], [ 110.3937, -7.8271 ] ] ] } },
{ "type": "Feature", "properties": { "province": "DAERAH ISTIMEWA YOGYAKARTA", "district": "KULON PROGO", "id": "DAERAH ISTIMEWA YOGYAKARTA/KULON PROGO", "name": "KULON PROGO" }, "geometry": { "type": "Polygon", "coordinates": [ [ [ 110.2335, -7.9547 ], [ 110.2038, -7.9832 ], [ 110.0035, -7.8883 ], [ 110.032, -7.8954 ], [ 110.0435, -7.8839 ], [ 110.0626, -7.8131 ], [ 110.1297, -7.7484 ], [ 110.1386, -7.6948 ], [ 110.1173, -7.6709 ], [ 110.1423, -7.6446 ], [ 110.2661, -7.6496 ], [ 110.2703, -7.7057 ], [ 110.233, -7.7134 ], [ 110.2159, -7.7417 ], [ 110.236, -7.7983 ], [ 110.2211, -7.8375 ], [ 110.2741, -7.9005 ], [ 110.2692, -7.9267 ], [ 110.2482, -7.9275 ], [ 110.2335, -7.9547 ] ] ] } },
{ "type": "Feature", "properties": { "province": "DAERAH ISTIMEWA YOGYAKARTA", "district": "SLEMAN", "id": "DAERAH ISTIMEWA YOGYAKARTA/SLEMAN", "name": "SLEMAN" }, "geometry": { "type": "Polygon", "coordinates": [ [ [ 110.5302, -7.793 ], [ 110.5499, -7.7917 ], [ 110.5424, -7.8237 ], [ 110.46, -7.8198 ], [ 110.4299, -7.8373 ], [ 110.4208, -7.7864 ], [ 110.3522, -7.7665 ], [ 110.3176, -7.8236 ], [ 110.2887, -7.8339 ], [ 110.2866, -7.7848 ], [ 110.2332, -7.8149 ], [ 110.2162, -7.7394 ], [ 110.233, -7.7134 ], [ 110.2727, -7.7068 ], [ 110.303, -7.6562 ], [ 110.4461, -7.542 ], [ 110.4918, -7.7667 ], [ 110.5302, -7.793 ] ] ] } },
{ "type": "Feature", "properties": { "province": "DKI JAKARTA", "district": "JAKARTA BARAT", "id": "DKI JAKARTA/JAKARTA BARAT", "name": "JAKARTA BARAT" }, "geometry": { "type": "Polygon", "coordinates": [ [ [ 106.7765, -6.2161 ], [ 106.7176, -6.2241 ], [ 106.7241, -6.1915 ], [ 106.6888, -6.1721 ], [ 106.6979, -6.1109 ], [ 106.6872, -6.0971 ], [ 106.711, -6.0956 ], [ 106.7751, -6.1452 ], [ 106.8214, -6.137 ], [ 106.8283, -6.1622 ], [ 106.7982, -6.1614 ], [ 106.8107, -6.1887 ], [ 106.7765, -6.2161 ] ] ] } },
{ "type": "Feature", "properties": { "province": "DKI JAKARTA", "district": "JAKARTA PUSAT", "id": "DKI JAKARTA/JAKARTA PUSAT", "name": "JAKARTA PUSAT" }, "geometry": { "type": "Polygon", "coordinates": [ [ [ 106.8123, -6.2194 ], [ 106.7958, -6.2293 ], [ 106.7918, -6.2088 ], [ 106.8107, -6.1887 ], [ 106.7982, -6.1614 ], [ 106.8283, -6.1622 ], [ 106.8214, -6.1368 ], [ 106.8814, -6.1625 ], [ 106.875, -6.1923 ], [ 106.8471, -6.2086 ], [ 106.8227, -6.2027 ], [ 106.8123, -6.2194 ] ] ] } },
{ "type": "Feature", "properties": { "province": "DKI JAKARTA", "district": "JAKARTA SELATAN", "id": "DKI JAKARTA/JAKARTA SELATAN", "name": "JAKARTA SELATAN" }, "geometry": { "type": "Polygon", "coordinates": [ [ [ 106.8071, -6.3635 ], [ 106.7937, -6.3642 ], [ 106.7924, -6.3484 ], [ 106.8092, -6.3149 ], [ 106.7768, -6.3153 ], [ 106.7373, -6.2236 ], [ 106.7784, -6.2248 ], [ 106.7869, -6.2069 ], [ 106.7992, -6.2291 ], [ 106.8227, -6.2027 ], [ 106.8491, -6.2075 ], [ 106.8668, -6.2384 ], [ 106.8466, -6.2791 ], [ 106.8583, -6.3113 ], [ 106.8383, -6.3207 ], [ 106.8391, -6.3519 ], [ 106.8071, -6.3635 ] ] ] } },
{ "type": "Feature", "properties": { "province": "DKI JAKARTA", "district": "JAKARTA TIMUR", "id": "DKI JAKARTA/JAKARTA TIMUR", "name": "JAKARTA TIMUR" }, "geometry": { "type": "Polygon", "coordinates": [ [ [ 106.9182, -6.3393 ], [ 106.9144, -6.3656 ], [ 106.8944, -6.3708 ], [ 106.8394, -6.3408 ], [ 106.8383, -6.3207 ], [ 106.8584, -6.3112 ], [ 106.8466, -6.2791 ], [ 106.8668, -6.2391 ], [ 106.8492, -6.2067 ], [ 106.875, -6.1923 ], [ 106.8788, -6.1665 ], [ 106.9225, -6.1831 ], [ 106.9219, -6.1624 ], [ 106.9396, -6.1516 ], [ 106.9444, -6.163 ], [ 106.971, -6.1543 ], [ 106.9439, -6.2523 ], [ 106.9044, -6.2619 ], [ 106.9182, -6.3393 ] ] ] } },
{ "type": "Feature", "properties": { "province": "DKI JAKARTA", "district": "JAKARTA UTARA", "id": "DKI JAKARTA/JAKARTA UTARA", "name": "JAKARTA UTARA" }, "geometry": { "type": "Polygon", "coordinates": [ [ [ 106.9066, -6.1806 ], [ 106.8932, -6.1752 ], [ 106.9044, -6.1397 ], [ 106.8919, -6.1368 ], [ 106.8775, -6.1635 ], [ 106.815, -6.1302 ], [ 106.7751, -6.1452 ], [ 106.711, -6.0956 ], [ 106.7853, -6.1112 ], [ 106.8036, -6.0945 ], [ 106.8118, -6.1227 ], [ 106.8402, -6.124 ], [ 106.8728, -6.1044 ], [ 106.8648, -6.1125 ], [ 106.8656, -6.1208 ], [ 106.8817, -6.0935 ], [ 106.8822, -6.1064 ], [ 106.8845, -6.0961 ], [ 106.8867, -6.1065 ], [ 106.8883, -6.0973 ], [ 106.9054, -6.0978 ], [ 106.9069, -6.1087 ], [ 106.969, -6.0907 ], [ 106.9719, -6.1546 ], [ 106.9444, -6.163 ], [ 106.94, -6.1514 ], [ 106.922, -6.1622 ], [ 106.9225, -6.1831 ], [ 106.9066, -6.1806 ] ] ] } },
{ "type": "Feature", "properties": { "province": "DKI JAKARTA", "district": "KEPULAUAN SERIBU", "id": "DKI JAKARTA/KEPULAUAN SERIBU", "name": "KEPULAUAN SERIBU" }, "geometry": { "type": "MultiPolygon", "coordinates": [ [ [ [ 106.6919, -5.9708 ], [ 106.6896, -5.9749 ], [ 106.6947, -5.9782 ], [ 106.6952, -5.972 ], [ 106.6919, -5.9708 ] ] ], [ [ [ 106.6299, -5.8538 ], [ 106.615, -5.8564 ], [ 106.6097, -5.8636 ], [ 106.6316, -5.8543 ], [ 106.6299, -5.8538 ] ] ], [ [ [ 106.4913, -5.7958 ], [ 106.4782, -5.7935 ], [ 106.5014, -5.8008 ], [ 106.5116, -5.8025 ], [ 106.4913, -5.7958 ] ] ], [ [ [ 106.5377, -5.6994 ], [ 106.534, -5.7002 ], [ 106.5437, -5.7003 ], [ 106.5431, -5.6994 ], [ 106.5377, -5.6994 ] ] ], [ [ [ 106.5503, -5.6202 ], [ 106.5564, -5.6167 ], [ 106.5555, -5.6143 ], [ 106.5505, -5.6167 ], [ 106.5503, -5.6202 ] ] ], [ [ [ 106.5491, -5.499 ], [ 106.5429, -5.5045 ], [ 106.5573, -5.5004 ], [ 106.5515, -5.5001 ], [ 106.5491, -5.499 ] ] ] ] } },
{ "type": "Feature", "properties": { "province": "GORONTALO", "district": "BOALEMO", "id": "GORONTALO/BOALEMO", "name": "BOALEMO" }, "geometry": { "type": "MultiPolygon", "coordinates": [ [ [ [ 122.3632, 0.4748 ], [ 122.3637, 0.4705 ], [ 122.3557, 0.4675 ], [ 122.3563, 0.4699 ], [ 122.3632, 0.4748 ] ] ], [ [ [ 122.2246, 0.4838 ], [ 122.1523, 0.4619 ], [ 122.1195, 0.4962 ], [ 122.1345, 0.5955 ], [ 122.115, 0.8187 ], [ 122.0899, 0.8229 ], [ 122.079, 0.9003 ], [ 122.0831, 0.9238 ], [ 122.1055, 0.9335 ], [ 122.1296, 0.9043 ], [ 122.1724, 0.9135 ], [ 122.2108, 0.8979 ], [ 122.2482, 0.9139 ], [ 122.2474, 0.854 ], [ 122.2641, 0.8442 ], [ 122.245, 0.8139 ], [ 122.2513, 0.7901 ], [ 122.3388, 0.796 ], [ 122.3986, 0.7603 ], [ 122.443, 0.7659 ], [ 122.5016, 0.7357 ], [ 122.506, 0.7098 ], [ 122.5452, 0.6999 ], [ 122.569, 0.6601 ], [ 122.6003, 0.6492 ], [ 122.6383, 0.5668 ], [ 122.6297, 0.5332 ], [ 122.6554, 0.4948 ], [ 122.6436, 0.4758 ], [ 122.5854, 0.5107 ], [ 122.5945, 0.5027 ], [ 122.5734, 0.4927 ], [ 122.5602, 0.4993 ], [ 122.5676, 0.5131 ], [ 122.5513, 0.5131 ], [ 122.5457, 0.4898 ], [ 122.5441, 0.5078 ], [ 122.4625, 0.5014 ], [ 122.447, 0.5174 ], [ 122.4359, 0.4999 ], [ 122.4142, 0.5017 ], [ 122.4164, 0.5127 ], [ 122.3892, 0.5213 ], [ 122.339, 0.4922 ], [ 122.3351, 0.4977 ], [ 122.3406, 0.5035 ], [ 122.3385, 0.5077 ], [ 122.3256, 0.4923 ], [ 122.3177, 0.5084 ], [ 122.3159, 0.49 ], [ 122.2811, 0.4751 ], [ 122.2246, 0.4838 ] ] ] ] } },
{ "type": "Feature", "properties": { "province": "GORONTALO", "district": "BONE BOLANGO", "id": "GORONTALO/BONE BOLANGO", "name": "BONE BOLANGO" }, "geometry": { "type": "Polygon", "coordinates": [ [ [ 123.48, 0.3509 ], [ 123.4764, 0.3166 ], [ 123.4591, 0.3376 ], [ 123.4154, 0.3113 ], [ 123.2826, 0.3173 ], [ 123.2278, 0.3489 ], [ 123.1946, 0.394 ], [ 123.1563, 0.4033 ], [ 123.1215, 0.4565 ], [ 123.0863, 0.4783 ], [ 123.099, 0.5045 ], [ 123.0792, 0.523 ], [ 123.091, 0.5803 ], [ 123.0619, 0.5898 ], [ 123.0515, 0.6031 ], [ 123.0653, 0.6113 ], [ 123.0366, 0.6282 ], [ 123.0807, 0.6955 ], [ 123.0711, 0.8043 ], [ 123.1232, 0.7888 ], [ 123.1346, 0.7672 ], [ 123.1599, 0.776 ], [ 123.1666, 0.754 ], [ 123.2287, 0.7641 ], [ 123.2514, 0.7536 ], [ 123.2471, 0.717 ], [ 123.2736, 0.6982 ], [ 123.3223, 0.6986 ], [ 123.3842, 0.6397 ], [ 123.4862, 0.6265 ], [ 123.4878, 0.6014 ], [ 123.5329, 0.5779 ], [ 123.5279, 0.5409 ], [ 123.5523, 0.5107 ], [ 123.523, 0.4904 ], [ 123.5236, 0.463 ], [ 123.5501, 0.4335 ], [ 123.48, 0.3509 ] ] ] } },
{ "type": "Feature", "properties": { "province": "GORONTALO", "district": "GORONTALO", "id": "GORONTALO/GORONTALO", "name": "GORONTALO" }, "geometry": { "type": "Polygon", "coordinates": [ [ [ 122.7031, 0.4796 ], [ 122.6922, 0.4733 ], [ 122.6854, 0.5038 ], [ 122.6297, 0.5332 ], [ 122.6383, 0.5668 ], [ 122.6003, 0.6492 ], [ 122.569, 0.6601 ], [ 122.5452, 0.6999 ], [ 122.506, 0.7098 ], [ 122.5016, 0.7357 ], [ 122.443, 0.7659 ], [ 122.3986, 0.7603 ], [ 122.3388, 0.796 ], [ 122.2513, 0.7901 ], [ 122.245, 0.8139 ], [ 122.2641, 0.8442 ], [ 122.2474, 0.854 ], [ 122.2535, 0.925 ], [ 122.3508, 0.9217 ], [ 122.4154, 0.8844 ], [ 122.5939, 0.8757 ], [ 122.601, 0.8445 ], [ 122.6449, 0.8484 ], [ 122.7221, 0.7812 ], [ 122.776, 0.7561 ], [ 122.9018, 0.7584 ], [ 122.9005, 0.6995 ], [ 122.9185, 0.689 ], [ 122.9323, 0.7137 ], [ 122.983, 0.7285 ], [ 122.9775, 0.7421 ], [ 123.0097, 0.7896 ], [ 123.0373, 0.7823 ], [ 123.07, 0.8031 ], [ 123.0807, 0.6955 ], [ 123.0366, 0.6282 ], [ 123.0653, 0.6113 ], [ 123.0515, 0.6031 ], [ 123.0645, 0.5884 ], [ 123.027, 0.5636 ], [ 123.0306, 0.5467 ], [ 123.0106, 0.5521 ], [ 123.018, 0.5851 ], [ 123.0061, 0.6018 ], [ 123.0173, 0.6007 ], [ 123.005, 0.6125 ], [ 122.954, 0.577 ], [ 122.9567, 0.5683 ], [ 122.9966, 0.5517 ], [ 123.0382, 0.5141 ], [ 123.0427, 0.4963 ], [ 122.8882, 0.4859 ], [ 122.8231, 0.4984 ], [ 122.7031, 0.4796 ] ] ] } },
{ "type": "Feature", "properties": { "province": "GORONTALO", "district": "GORONTALO UTARA", "id": "GORONTALO/GORONTALO UTARA", "name": "GORONTALO UTARA" }, "geometry": { "type": "MultiPolygon", "coordinates": [ [ [ [ 122.9323, 0.7137 ], [ 122.9185, 0.689 ], [ 122.9009, 0.6989 ], [ 122.907, 0.7354 ], [ 122.894, 0.7617 ], [ 122.8032, 0.7505 ], [ 122.7221, 0.7812 ], [ 122.6449, 0.8484 ], [ 122.601, 0.8445 ], [ 122.5939, 0.8757 ], [ 122.4154, 0.8844 ], [ 122.3181, 0.929 ], [ 122.2979, 0.9155 ], [ 122.2568, 0.9274 ], [ 122.2108, 0.8979 ], [ 122.1724, 0.9135 ], [ 122.1296, 0.9043 ], [ 122.1055, 0.9335 ], [ 122.0831, 0.9238 ], [ 122.0784, 0.8994 ], [ 122.0314, 0.8852 ], [ 121.9903, 0.8966 ], [ 121.9833, 0.9265 ], [ 122.0423, 0.9895 ], [ 122.1792, 1.0372 ], [ 122.2227, 1.025 ], [ 122.2324, 0.9926 ], [ 122.2409, 1.01 ], [ 122.3153, 1.0052 ], [ 122.3342, 1.041 ], [ 122.3619, 0.9962 ], [ 122.394, 1.0139 ], [ 122.433, 0.9934 ], [ 122.4523, 1.0319 ], [ 122.4922, 0.988 ], [ 122.6109, 0.9442 ], [ 122.6244, 0.9642 ], [ 122.6395, 0.9421 ], [ 122.6497, 0.9488 ], [ 122.6867, 0.8961 ], [ 122.7225, 0.8865 ], [ 122.7132, 0.8674 ], [ 122.7394, 0.8806 ], [ 122.7652, 0.8618 ], [ 122.7722, 0.8796 ], [ 122.8018, 0.851 ], [ 122.7889, 0.8497 ], [ 122.7961, 0.8348 ], [ 122.8232, 0.8398 ], [ 122.8473, 0.8014 ], [ 122.8597, 0.8267 ], [ 122.952, 0.8941 ], [ 122.9501, 0.9227 ], [ 122.976, 0.9408 ], [ 122.9463, 0.9378 ], [ 122.939, 0.9592 ], [ 122.9855, 0.9679 ], [ 123.0217, 0.9333 ], [ 123.047, 0.9395 ], [ 123.0673, 0.9165 ], [ 123.0851, 0.9299 ], [ 123.0868, 0.9069 ], [ 123.0949, 0.9303 ], [ 123.1153, 0.9257 ], [ 123.121, 0.8899 ], [ 123.1516, 0.865 ], [ 123.1626, 0.8745 ], [ 123.2067, 0.8565 ], [ 123.2714, 0.8029 ], [ 123.2686, 0.7681 ], [ 123.2514, 0.7536 ], [ 123.2287, 0.7641 ], [ 123.1666, 0.754 ], [ 123.1599, 0.776 ], [ 123.1346, 0.7672 ], [ 123.1275, 0.7861 ], [ 123.0847, 0.8058 ], [ 123.0373, 0.7823 ], [ 123.0097, 0.7896 ], [ 122.976, 0.7209 ], [ 122.9323, 0.7137 ] ] ], [ [ [ 122.8898, 0.8738 ], [ 122.8933, 0.8533 ], [ 122.8783, 0.8639 ], [ 122.884, 0.89 ], [ 122.8524, 0.8967 ], [ 122.8833, 0.8964 ], [ 122.8898, 0.8738 ] ] ], [ [ [ 122.7706, 0.9133 ], [ 122.8123, 0.8909 ], [ 122.8066, 0.8743 ], [ 122.7561, 0.9057 ], [ 122.7706, 0.9133 ] ] ] ] } },
{ "type": "Feature", "properties": { "province": "GORONTALO", "district": "KOTA GORONTALO", "id": "GORONTALO/KOTA GORONTALO", "name": "KOTA GORONTALO" }, "geometry": { "type": "MultiPolygon", "coordinates": [ [ [ [ 123.0874, 0.5089 ], [ 123.099, 0.5045 ], [ 123.0935, 0.4836 ], [ 123.0864, 0.4796 ], [ 123.0625, 0.523 ], [ 123.0431, 0.5021 ], [ 122.9959, 0.552 ], [ 123.0306, 0.5467 ], [ 123.027, 0.5636 ], [ 123.0535, 0.5874 ], [ 123.091, 0.5803 ], [ 123.0874, 0.5089 ] ] ], [ [ [ 123.0431, 0.5021 ], [ 123.0489, 0.5016 ], [ 123.0472, 0.4906 ], [ 123.0427, 0.4963 ], [ 123.0431, 0.5021 ] ] ] ] } },
{ "type": "Feature", "properties": { "province": "GORONTALO", "district": "PAHUWATO", "id": "GORONTALO/PAHUWATO", "name": "PAHUWATO" }, "geometry": { "type": "Polygon", "coordinates": [ [ [ 121.9375, 0.4447 ], [ 121.8489, 0.437 ], [ 121.8044, 0.4091 ], [ 121.7149, 0.51 ], [ 121.7253, 0.5223 ], [ 121.6836, 0.5134 ], [ 121.6341, 0.545 ], [ 121.6418, 0.5253 ], [ 121.6225, 0.5359 ], [ 121.621, 0.5229 ], [ 121.6189, 0.5482 ], [ 121.6027, 0.5487 ], [ 121.6025, 0.5277 ], [ 121.5341, 0.5558 ], [ 121.5133, 0.5294 ], [ 121.5195, 0.4977 ], [ 121.4943, 0.4787 ], [ 121.4434, 0.4665 ], [ 121.4394, 0.5011 ], [ 121.4096, 0.4715 ], [ 121.4081, 0.4879 ], [ 121.3915, 0.4782 ], [ 121.396, 0.4903 ], [ 121.3377, 0.4733 ], [ 121.3517, 0.492 ], [ 121.3313, 0.5227 ], [ 121.3473, 0.5352 ], [ 121.3457, 0.5658 ], [ 121.3164, 0.5784 ], [ 121.3038, 0.5679 ], [ 121.2394, 0.6022 ], [ 121.2285, 0.6453 ], [ 121.1973, 0.6416 ], [ 121.165, 0.6701 ], [ 121.1864, 0.7572 ], [ 121.2375, 0.8012 ], [ 121.3175, 0.7845 ], [ 121.3634, 0.801 ], [ 121.3499, 0.8508 ], [ 121.4937, 0.8395 ], [ 121.5324, 0.8527 ], [ 121.5369, 0.8759 ], [ 121.6031, 0.8729 ], [ 121.8119, 0.9502 ], [ 121.8629, 0.9908 ], [ 121.9547, 0.9077 ], [ 122.0314, 0.8852 ], [ 122.079, 0.9003 ], [ 122.0899, 0.8229 ], [ 122.115, 0.8187 ], [ 122.1345, 0.5955 ], [ 122.1169, 0.4885 ], [ 121.9375, 0.4447 ] ] ] } },
{ "type": "Feature", "properties": { "province": "JAMBI", "district": "BATANGHARI", "id": "JAMBI/BATANGHARI", "name": "BATANGHARI" }, "geometry": { "type": "Polygon", "coordinates": [ [ [ 103.3328, -2.0017 ], [ 103.3695, -2.002 ], [ 103.3749, -2.0559 ], [ 103.4465, -2.0623 ], [ 103.447, -2.1741 ], [ 103.4659, -2.2519 ], [ 103.4474, -2.3564 ], [ 103.3478, -2.2655 ], [ 103.2573, -2.1328 ], [ 103.2221, -2.142 ], [ 103.2113, -2.0811 ], [ 103.1605, -2.0172 ], [ 103.1607, -1.9814 ], [ 103.1954, -1.9376 ], [ 103.1233, -1.9577 ], [ 103.0514, -1.9375 ], [ 102.9794, -1.9434 ], [ 102.9463, -1.9825 ], [ 102.8582, -2.0094 ], [ 102.8114, -1.9925 ], [ 102.8166, -1.9496 ], [ 102.7117, -1.9596 ], [ 102.5996, -1.9109 ], [ 102.5174, -1.9156 ], [ 102.5081, -1.871 ], [ 102.5207, -1.8573 ], [ 102.5851, -1.8816 ], [ 102.6623, -1.8157 ], [ 102.6957, -1.7242 ], [ 102.714, -1.7183 ], [ 102.7063, -1.7048 ], [ 102.7445, -1.6894 ], [ 102.8047, -1.5806 ], [ 102.8236, -1.3957 ], [ 102.893, -1.3697 ], [ 102.9614, -1.4202 ], [ 103.0392, -1.4521 ], [ 103.071, -1.404 ], [ 103.0598, -1.3885 ], [ 103.1178, -1.3996 ], [ 103.1462, -1.3684 ], [ 103.1675, -1.3865 ], [ 103.2054, -1.3555 ], [ 103.2584, -1.4087 ], [ 103.2582, -1.3558 ], [ 103.2961, -1.3498 ], [ 103.3389, -1.3718 ], [ 103.3533, -1.4419 ], [ 103.3835, -1.4812 ], [ 103.4324, -1.4666 ], [ 103.4687, -1.4744 ], [ 103.4521, -1.4895 ], [ 103.4664, -1.5286 ], [ 103.4478, -1.5684 ], [ 103.4556, -1.5883 ], [ 103.4206, -1.6055 ], [ 103.4144, -1.6322 ], [ 103.3863, -1.6409 ], [ 103.3852, -1.6639 ], [ 103.4184, -1.6785 ], [ 103.3979, -1.713 ], [ 103.396, -1.7576 ], [ 103.4292, -1.8126 ], [ 103.3998, -1.8262 ], [ 103.3955, -1.8687 ], [ 103.3146, -1.8685 ], [ 103.3143, -1.9654 ], [ 103.3349, -1.9654 ], [ 103.3328, -2.0017 ] ] ] } },
{ "type": "Feature", "properties": { "province": "JAMBI", "district": "BUNGO", "id": "JAMBI/BUNGO", "name": "BUNGO" }, "geometry": { "type": "Polygon", "coordinates": [ [ [ 102.0711, -1.8721 ], [ 102.0338, -1.9069 ], [ 101.995, -1.9099 ], [ 101.9784, -1.8747 ], [ 101.919, -1.8362 ], [ 101.8852, -1.8484 ], [ 101.8272, -1.8215 ], [ 101.7812, -1.8357 ], [ 101.7311, -1.8765 ], [ 101.6607, -1.8745 ], [ 101.6313, -1.8915 ], [ 101.4804, -1.7499 ], [ 101.4508, -1.7094 ], [ 101.4389, -1.7012 ], [ 101.4364, -1.6948 ], [ 101.4807, -1.6735 ], [ 101.5016, -1.6792 ], [ 101.5491, -1.5963 ], [ 101.671, -1.508 ], [ 101.7236, -1.4387 ], [ 101.6968, -1.3941 ], [ 101.7246, -1.3617 ], [ 101.6953, -1.2913 ], [ 101.7217, -1.2411 ], [ 101.8138, -1.221 ], [ 101.8919, -1.1372 ], [ 101.8906, -1.1216 ], [ 101.9144, -1.1402 ], [ 101.9347, -1.1284 ], [ 101.9489, -1.1342 ], [ 101.9402, -1.1457 ], [ 101.9671, -1.1388 ], [ 101.972, -1.1546 ], [ 101.9454, -1.1969 ], [ 101.9526, -1.2145 ], [ 101.9719, -1.2145 ], [ 101.9621, -1.252 ], [ 101.9053, -1.259 ], [ 101.8723, -1.3054 ], [ 101.9007, -1.3531 ], [ 102.0771, -1.3949 ], [ 102.1529, -1.4598 ], [ 102.1872, -1.4503 ], [ 102.2104, -1.474 ], [ 102.2553, -1.4784 ], [ 102.2962, -1.4577 ], [ 102.3232, -1.5026 ], [ 102.3136, -1.5686 ], [ 102.4756, -1.568 ], [ 102.489, -1.6461 ], [ 102.5203, -1.6422 ], [ 102.4074, -1.7149 ], [ 102.3626, -1.6767 ], [ 102.3452, -1.6787 ], [ 102.2431, -1.7464 ], [ 102.2175, -1.7829 ], [ 102.1351, -1.7916 ], [ 102.1431, -1.8347 ], [ 102.1073, -1.8839 ], [ 102.0711, -1.8721 ] ] ] } },
{ "type": "Feature", "properties": { "province": "JAMBI", "district": "KERINCI", "id": "JAMBI/KERINCI", "name": "KERINCI" }, "geometry": { "type": "Polygon", "coordinates": [ [ [ 101.597, -2.3552 ], [ 101.5494, -2.3526 ], [ 101.5575, -2.4504 ], [ 101.2855, -2.2768 ], [ 101.2821, -2.2503 ], [ 101.37, -2.1914 ], [ 101.3681, -2.175 ], [ 101.4081, -2.1714 ], [ 101.409, -2.1183 ], [ 101.4569, -2.0891 ], [ 101.4269, -2.0264 ], [ 101.2898, -2.0273 ], [ 101.2408, -2.0649 ], [ 101.2069, -2.0095 ], [ 101.2061, -1.9811 ], [ 101.1428, -1.9259 ], [ 101.1418, -1.9024 ], [ 101.1636, -1.8944 ], [ 101.1786, -1.8611 ], [ 101.1286, -1.7639 ], [ 101.1316, -1.6852 ], [ 101.1689, -1.7107 ], [ 101.1892, -1.6772 ], [ 101.1992, -1.714 ], [ 101.2315, -1.7242 ], [ 101.2676, -1.696 ], [ 101.4266, -1.6774 ], [ 101.4804, -1.7499 ], [ 101.638, -1.8966 ], [ 101.6685, -1.9708 ], [ 101.7187, -1.9978 ], [ 101.7211, -2.0253 ], [ 101.7872, -2.1094 ], [ 101.7888, -2.1396 ], [ 101.8373, -2.1818 ], [ 101.8123, -2.1776 ], [ 101.7753, -2.205 ], [ 101.7085, -2.337 ], [ 101.6395, -2.3509 ], [ 101.6028, -2.334 ], [ 101.597, -2.3552 ] ] ] } },
{ "type": "Feature", "properties": { "province": "JAMBI", "district": "KOTA JAMBI", "id": "JAMBI/KOTA JAMBI", "name": "KOTA JAMBI" }, "geometry": { "type": "Polygon", "coordinates": [ [ [ 103.608, -1.6596 ], [ 103.6309, -1.6764 ], [ 103.6209, -1.6946 ], [ 103.5761, -1.6637 ], [ 103.5588, -1.6797 ], [ 103.5265, -1.6765 ], [ 103.5489, -1.6095 ], [ 103.5369, -1.5891 ], [ 103.5501, -1.5655 ], [ 103.5633, -1.5758 ], [ 103.6017, -1.547 ], [ 103.6498, -1.5503 ], [ 103.6552, -1.6082 ], [ 103.6807, -1.6179 ], [ 103.654, -1.6558 ], [ 103.608, -1.6596 ] ] ] } },
{ "type": "Feature", "properties": { "province": "JAMBI", "district": "KOTA SUNGAI PENUH", "id": "JAMBI/KOTA SUNGAI PENUH", "name": "KOTA SUNGAI PENUH" }, "geometry": { "type": "Polygon", "coordinates": [ [ [ 101.4467, -2.0768 ], [ 101.4569, -2.0891 ], [ 101.4441, -2.1054 ], [ 101.4226, -2.1021 ], [ 101.409, -2.1183 ], [ 101.4081, -2.1714 ], [ 101.3681, -2.175 ], [ 101.37, -2.1914 ], [ 101.2821, -2.2503 ], [ 101.2647, -2.1018 ], [ 101.2408, -2.0649 ], [ 101.2898, -2.0273 ], [ 101.4269, -2.0264 ], [ 101.4467, -2.0768 ] ] ] } },
{ "type": "Feature", "properties": { "province": "JAMBI", "district": "MERANGIN", "id": "JAMBI/MERANGIN", "name": "MERANGIN" }, "geometry": { "type": "Polygon", "coordinates": [ [ [ 101.9738, -2.7241 ], [ 101.9125, -2.739 ], [ 101.8632, -2.7252 ], [ 101.8149, -2.6914 ], [ 101.8153, -2.6729 ], [ 101.7746, -2.6503 ], [ 101.6691, -2.5296 ], [ 101.6211, -2.5474 ], [ 101.5747, -2.5443 ], [ 101.5568, -2.5712 ], [ 101.5432, -2.5654 ], [ 101.5617, -2.4606 ], [ 101.5499, -2.3518 ], [ 101.595, -2.3614 ], [ 101.5987, -2.3364 ], [ 101.6171, -2.3321 ], [ 101.6388, -2.3508 ], [ 101.6962, -2.3457 ], [ 101.7428, -2.2903 ], [ 101.7753, -2.205 ], [ 101.8123, -2.1776 ], [ 101.8294, -2.1897 ], [ 101.8373, -2.1818 ], [ 101.7888, -2.1396 ], [ 101.7872, -2.1094 ], [ 101.7211, -2.0253 ], [ 101.7187, -1.9978 ], [ 101.6559, -1.9552 ], [ 101.6313, -1.8915 ], [ 101.6607, -1.8745 ], [ 101.7311, -1.8765 ], [ 101.7812, -1.8357 ], [ 101.8272, -1.8215 ], [ 101.8852, -1.8484 ], [ 101.919, -1.8362 ], [ 101.9784, -1.8747 ], [ 101.995, -1.9099 ], [ 102.0338, -1.9069 ], [ 102.0711, -1.8722 ], [ 102.114, -1.8776 ], [ 102.1431, -1.8347 ], [ 102.1351, -1.7916 ], [ 102.2175, -1.7829 ], [ 102.2431, -1.7464 ], [ 102.3181, -1.7108 ], [ 102.3452, -1.6787 ], [ 102.3626, -1.6767 ], [ 102.4074, -1.7149 ], [ 102.5208, -1.6465 ], [ 102.523, -1.6766 ], [ 102.5081, -1.6947 ], [ 102.4967, -1.6866 ], [ 102.514, -1.7147 ], [ 102.4598, -1.8004 ], [ 102.4658, -1.9452 ], [ 102.4877, -2.0112 ], [ 102.5778, -2.0995 ], [ 102.6146, -2.1021 ], [ 102.6308, -2.1478 ], [ 102.5746, -2.2023 ], [ 102.461, -2.1958 ], [ 102.4241, -2.247 ], [ 102.4038, -2.3137 ], [ 102.3522, -2.3794 ], [ 102.3011, -2.3862 ], [ 102.287, -2.3518 ], [ 102.2221, -2.3974 ], [ 102.1232, -2.4162 ], [ 102.1565, -2.5086 ], [ 102.0939, -2.5649 ], [ 102.1037, -2.6017 ], [ 102.0631, -2.6232 ], [ 102.0879, -2.6901 ], [ 102.0752, -2.7656 ], [ 101.9738, -2.7241 ] ] ] } },
{ "type": "Feature", "properties": { "province": "JAMBI", "district": "MUARO JAMBI", "id": "JAMBI/MUARO JAMBI", "name": "MUARO JAMBI" }, "geometry": { "type": "Polygon", "coordinates": [ [ [ 103.5359, -2.1267 ], [ 103.5597, -2.1414 ], [ 103.5275, -2.167 ], [ 103.4479, -2.1779 ], [ 103.4465, -2.0623 ], [ 103.3749, -2.0559 ], [ 103.3695, -2.002 ], [ 103.3328, -2.0017 ], [ 103.3349, -1.9654 ], [ 103.3143, -1.9654 ], [ 103.3146, -1.8685 ], [ 103.3955, -1.8687 ], [ 103.3998, -1.8262 ], [ 103.4295, -1.8117 ], [ 103.396, -1.7576 ], [ 103.4163, -1.6496 ], [ 103.3863, -1.6409 ], [ 103.4144, -1.6322 ], [ 103.4206, -1.6055 ], [ 103.4556, -1.5883 ], [ 103.4478, -1.5684 ], [ 103.4664, -1.5286 ], [ 103.4521, -1.4895 ], [ 103.4687, -1.4744 ], [ 103.4324, -1.4666 ], [ 103.3835, -1.4812 ], [ 103.3533, -1.4419 ], [ 103.3389, -1.3718 ], [ 103.3044, -1.3517 ], [ 103.2582, -1.3558 ], [ 103.2584, -1.4087 ], [ 103.2175, -1.3781 ], [ 103.2054, -1.3555 ], [ 103.2317, -1.3431 ], [ 103.2467, -1.3611 ], [ 103.2622, -1.3325 ], [ 103.2606, -1.2313 ], [ 103.3469, -1.2288 ], [ 103.3463, -1.2657 ], [ 103.393, -1.2663 ], [ 103.4567, -1.319 ], [ 103.5522, -1.307 ], [ 103.5596, -1.3309 ], [ 103.5832, -1.3375 ], [ 103.5846, -1.3825 ], [ 104.0728, -1.3027 ], [ 104.2538, -1.549 ], [ 104.2973, -1.571 ], [ 104.3598, -1.6559 ], [ 104.3423, -1.6756 ], [ 103.8919, -1.7927 ], [ 103.6643, -1.849 ], [ 103.6256, -1.8435 ], [ 103.5488, -1.8814 ], [ 103.5197, -1.9087 ], [ 103.5099, -1.9556 ], [ 103.5602, -2.0 ], [ 103.5516, -2.0484 ], [ 103.5141, -2.0837 ], [ 103.5359, -2.1267 ] ] ] } },
{ "type": "Feature", "properties": { "province": "JAMBI", "district": "SAROLANGUN", "id": "JAMBI/SAROLANGUN", "name": "SAROLANGUN" }, "geometry": { "type": "Polygon", "coordinates": [ [ [ 102.7943, -2.5084 ], [ 102.7962, -2.5332 ], [ 102.7387, -2.5792 ], [ 102.7224, -2.5846 ], [ 102.7159, -2.5704 ], [ 102.6666, -2.6096 ], [ 102.6406, -2.611 ], [ 102.5938, -2.6792 ], [ 102.5189, -2.6765 ], [ 102.4899, -2.7053 ], [ 102.4682, -2.7035 ], [ 102.4062, -2.6891 ], [ 102.3872, -2.647 ], [ 102.3278, -2.655 ], [ 102.2765, -2.6139 ], [ 102.251, -2.6312 ], [ 102.2345, -2.6914 ], [ 102.1257, -2.7293 ], [ 102.0915, -2.7699 ], [ 102.0725, -2.7649 ], [ 102.0879, -2.6901 ], [ 102.0631, -2.6232 ], [ 102.1037, -2.6017 ], [ 102.0939, -2.5649 ], [ 102.1565, -2.5086 ], [ 102.1232, -2.4162 ], [ 102.2221, -2.3974 ], [ 102.287, -2.3518 ], [ 102.3011, -2.3862 ], [ 102.3522, -2.3794 ], [ 102.4038, -2.3137 ], [ 102.4241, -2.247 ], [ 102.461, -2.1958 ], [ 102.5746, -2.2023 ], [ 102.6308, -2.1478 ], [ 102.6146, -2.1021 ], [ 102.5778, -2.0995 ], [ 102.4877, -2.0112 ], [ 102.4595, -1.8973 ], [ 102.5174, -1.9156 ], [ 102.6077, -1.9129 ], [ 102.7117, -1.9596 ], [ 102.8146, -1.949 ], [ 102.8114, -1.9925 ], [ 102.8582, -2.0094 ], [ 102.9463, -1.9825 ], [ 102.9794, -1.9434 ], [ 103.0514, -1.9375 ], [ 103.1233, -1.9577 ], [ 103.1954, -1.9376 ], [ 103.1607, -1.9814 ], [ 103.1596, -2.0091 ], [ 103.2011, -2.0614 ], [ 103.2203, -2.1158 ], [ 103.2221, -2.1418 ], [ 103.1885, -2.1602 ], [ 103.1787, -2.2103 ], [ 103.1798, -2.2496 ], [ 103.2067, -2.2775 ], [ 103.2125, -2.3171 ], [ 103.1426, -2.361 ], [ 103.0548, -2.3122 ], [ 103.033, -2.3205 ], [ 103.0342, -2.3393 ], [ 102.9929, -2.3406 ], [ 102.8769, -2.3045 ], [ 102.8406, -2.3379 ], [ 102.8396, -2.3588 ], [ 102.8498, -2.386 ], [ 102.8719, -2.3851 ], [ 102.8754, -2.4098 ], [ 102.7943, -2.5084 ] ] ] } },
{ "type": "Feature", "properties": { "province": "JAMBI", "district": "TANJUNG JABUNG BARAT", "id": "JAMBI/TANJUNG JABUNG BARAT", "name": "TANJUNG JABUNG BARAT" }, "geometry": { "type": "Polygon", "coordinates": [ [ [ 103.0598, -1.3885 ], [ 103.071, -1.404 ], [ 103.0519, -1.4157 ], [ 103.0425, -1.4517 ], [ 102.9614, -1.4202 ], [ 102.893, -1.3697 ], [ 102.8224, -1.3965 ], [ 102.8132, -1.4231 ], [ 102.78, -1.3077 ], [ 102.7568, -1.2707 ], [ 102.7, -1.2406 ], [ 102.6463, -1.1377 ], [ 102.6494, -1.1186 ], [ 102.6857, -1.0845 ], [ 102.732, -1.0768 ], [ 102.7581, -1.0277 ], [ 102.7818, -1.0331 ], [ 102.7834, -0.9985 ], [ 102.9281, -0.8675 ], [ 103.0122, -0.7553 ], [ 103.1403, -0.7494 ], [ 103.3452, -0.7929 ], [ 103.3572, -0.8067 ], [ 103.4397, -0.7712 ], [ 103.4435, -0.7376 ], [ 103.4632, -0.7356 ], [ 103.4868, -0.7644 ], [ 103.4884, -0.7966 ], [ 103.5484, -0.8106 ], [ 103.5498, -0.8562 ], [ 103.5741, -0.8752 ], [ 103.5491, -0.9781 ], [ 103.4411, -1.0693 ], [ 103.4357, -1.1954 ], [ 103.4018, -1.2282 ], [ 103.2606, -1.2313 ], [ 103.2622, -1.3325 ], [ 103.2467, -1.3611 ], [ 103.2204, -1.3442 ], [ 103.1675, -1.3865 ], [ 103.1476, -1.3678 ], [ 103.1178, -1.3996 ], [ 103.0598, -1.3885 ] ] ] } },
{ "type": "Feature", "properties": { "province": "JAMBI", "district": "TANJUNG JABUNG TIMUR", "id": "JAMBI/TANJUNG JABUNG TIMUR", "name": "TANJUNG JABUNG TIMUR" }, "geometry": { "type": "Polygon", "coordinates": [ [ [ 104.4556, -1.5771 ], [ 104.498, -1.6729 ], [ 104.4285, -1.6259 ], [ 104.3689, -1.6354 ], [ 104.3508, -1.4248 ], [ 104.3661, -1.3864 ], [ 104.327, -1.1804 ], [ 104.3085, -1.1901 ], [ 104.2692, -1.1773 ], [ 104.2409, -1.2074 ], [ 104.2037, -1.2104 ], [ 104.1211, -1.3155 ], [ 104.086, -1.2924 ], [ 104.057, -1.3106 ], [ 103.5846, -1.3825 ], [ 103.5832, -1.3375 ], [ 103.5596, -1.3309 ], [ 103.5522, -1.307 ], [ 103.4567, -1.319 ], [ 103.393, -1.2663 ], [ 103.3463, -1.2657 ], [ 103.3469, -1.2288 ], [ 103.4018, -1.2282 ], [ 103.4357, -1.1954 ], [ 103.4411, -1.0693 ], [ 103.5491, -0.9781 ], [ 103.5741, -0.8752 ], [ 103.593, -0.876 ], [ 103.6741, -0.9513 ], [ 103.7293, -0.9598 ], [ 103.7504, -0.9848 ], [ 103.747, -0.9933 ], [ 103.7473, -1.0066 ], [ 103.7477, -1.0113 ], [ 103.7531, -1.0183 ], [ 103.7406, -1.0149 ], [ 103.7288, -1.0287 ], [ 103.7535, -1.0198 ], [ 103.7498, -0.9918 ], [ 103.8022, -0.9939 ], [ 103.8086, -1.0143 ], [ 103.8429, -1.0086 ], [ 103.8489, -1.0287 ], [ 103.8442, -1.0079 ], [ 103.9085, -0.9819 ], [ 104.0309, -1.0017 ], [ 104.1346, -1.0505 ], [ 104.25, -1.0331 ], [ 104.2801, -1.043 ], [ 104.2684, -1.0623 ], [ 104.2803, -1.0428 ], [ 104.3336, -1.048 ], [ 104.3641, -1.0188 ], [ 104.4061, -1.1265 ], [ 104.3928, -1.2166 ], [ 104.4561, -1.3333 ], [ 104.458, -1.4258 ], [ 104.4384, -1.4848 ], [ 104.4556, -1.5771 ] ] ] } },
{ "type": "Feature", "properties": { "province": "JAMBI", "district": "TEBO", "id": "JAMBI/TEBO", "name": "TEBO" }, "geometry": { "type": "Polygon", "coordinates": [ [ [ 102.7706, -1.6424 ], [ 102.7419, -1.692 ], [ 102.7063, -1.7048 ], [ 102.714, -1.7183 ], [ 102.6957, -1.7242 ], [ 102.6623, -1.8157 ], [ 102.5975, -1.876 ], [ 102.5634, -1.8806 ], [ 102.5207, -1.8573 ], [ 102.5097, -1.9119 ], [ 102.4595, -1.8973 ], [ 102.4697, -1.8595 ], [ 102.4598, -1.8004 ], [ 102.514, -1.7147 ], [ 102.4967, -1.6866 ], [ 102.5081, -1.6947 ], [ 102.5299, -1.6576 ], [ 102.5186, -1.6386 ], [ 102.489, -1.6461 ], [ 102.48, -1.5698 ], [ 102.3195, -1.5716 ], [ 102.3095, -1.5587 ], [ 102.3232, -1.5026 ], [ 102.2962, -1.4577 ], [ 102.2553, -1.4784 ], [ 102.2104, -1.474 ], [ 102.1872, -1.4503 ], [ 102.1529, -1.4598 ], [ 102.0771, -1.3949 ], [ 101.9007, -1.3531 ], [ 101.8723, -1.3054 ], [ 101.9053, -1.259 ], [ 101.9621, -1.252 ], [ 101.9719, -1.2145 ], [ 101.9526, -1.2145 ], [ 101.9454, -1.1969 ], [ 101.972, -1.1546 ], [ 101.9658, -1.1383 ], [ 101.9393, -1.1454 ], [ 101.9431, -1.1299 ], [ 101.9144, -1.1402 ], [ 101.8906, -1.1216 ], [ 101.8867, -1.1376 ], [ 101.8929, -1.1026 ], [ 101.8789, -1.0938 ], [ 101.8678, -1.1111 ], [ 101.8343, -1.1074 ], [ 101.8234, -0.9922 ], [ 101.9072, -0.9506 ], [ 101.9211, -0.9112 ], [ 101.9591, -0.9097 ], [ 101.9836, -0.8804 ], [ 102.0624, -0.8895 ], [ 102.1171, -0.921 ], [ 102.1393, -0.8994 ], [ 102.165, -0.8987 ], [ 102.2036, -0.9485 ], [ 102.2543, -0.9215 ], [ 102.3043, -0.917 ], [ 102.3263, -0.9633 ], [ 102.3862, -0.9934 ], [ 102.3824, -1.0267 ], [ 102.4425, -1.0254 ], [ 102.4819, -1.0799 ], [ 102.6232, -1.0979 ], [ 102.6496, -1.1185 ], [ 102.6463, -1.1377 ], [ 102.7, -1.2406 ], [ 102.7613, -1.276 ], [ 102.8056, -1.374 ], [ 102.798, -1.3926 ], [ 102.8248, -1.4526 ], [ 102.8231, -1.4988 ], [ 102.8023, -1.5395 ], [ 102.8047, -1.5806 ], [ 102.7706, -1.6424 ] ] ] } },
{ "type": "Feature", "properties": { "province": "JAWA BARAT", "district": "BANDUNG", "id": "JAWA BARAT/BANDUNG", "name": "BANDUNG" }, "geometry": { "type": "Polygon", "coordinates": [ [ [ 107.7071, -7.2285 ], [ 107.7101, -7.2483 ], [ 107.7388, -7.2659 ], [ 107.7312, -7.295 ], [ 107.7223, -7.3146 ], [ 107.6762, -7.3161 ], [ 107.658, -7.2898 ], [ 107.6049, -7.3077 ], [ 107.5992, -7.283 ], [ 107.5573, -7.2514 ], [ 107.4236, -7.2601 ], [ 107.3461, -7.2385 ], [ 107.3253, -7.2038 ], [ 107.2505, -7.2037 ], [ 107.3152, -7.1532 ], [ 107.312, -7.1074 ], [ 107.3922, -7.1209 ], [ 107.4255, -7.057 ], [ 107.4771, -7.0574 ], [ 107.4749, -7.0072 ], [ 107.4881, -6.9798 ], [ 107.5188, -6.9637 ], [ 107.5305, -6.9166 ], [ 107.5848, -6.9624 ], [ 107.716, -6.9617 ], [ 107.7382, -6.8997 ], [ 107.7152, -6.9036 ], [ 107.7076, -6.8897 ], [ 107.7001, -6.9083 ], [ 107.6702, -6.884 ], [ 107.6423, -6.8938 ], [ 107.6234, -6.8637 ], [ 107.6607, -6.8321 ], [ 107.7178, -6.8346 ], [ 107.7269, -6.8108 ], [ 107.75, -6.8128 ], [ 107.7408, -6.855 ], [ 107.7604, -6.8971 ], [ 107.7552, -6.956 ], [ 107.829, -6.972 ], [ 107.9173, -6.9531 ], [ 107.8894, -6.9826 ], [ 107.9078, -6.9932 ], [ 107.9102, -7.0363 ], [ 107.9319, -7.0385 ], [ 107.9242, -7.0533 ], [ 107.8766, -7.0503 ], [ 107.8357, -7.0683 ], [ 107.8099, -7.1018 ], [ 107.7999, -7.1554 ], [ 107.7398, -7.1673 ], [ 107.7216, -7.198 ], [ 107.7311, -7.2132 ], [ 107.7071, -7.2285 ] ] ] } },
{ "type": "Feature", "properties": { "province": "JAWA BARAT", "district": "BANDUNG BARAT", "id": "JAWA BARAT/BANDUNG BARAT", "name": "BANDUNG BARAT" }, "geometry": { "type": "MultiPolygon", "coordinates": [ [ [ [ 107.4194, -7.0623 ], [ 107.4073, -7.1091 ], [ 107.3868, -7.122 ], [ 107.3118, -7.1081 ], [ 107.2527, -7.0488 ], [ 107.1819, -7.058 ], [ 107.1956, -7.0211 ], [ 107.1902, -6.9682 ], [ 107.2193, -6.9398 ], [ 107.2784, -6.9255 ], [ 107.3417, -6.8862 ], [ 107.3495, -6.8535 ], [ 107.3243, -6.8518 ], [ 107.3187, -6.8018 ], [ 107.2884, -6.7751 ], [ 107.2994, -6.7748 ], [ 107.2951, -6.7429 ], [ 107.3278, -6.7725 ], [ 107.3448, -6.7588 ], [ 107.3323, -6.7553 ], [ 107.3323, -6.7508 ], [ 107.3478, -6.7579 ], [ 107.3522, -6.7544 ], [ 107.3269, -6.737 ], [ 107.3427, -6.6997 ], [ 107.4102, -6.6885 ], [ 107.4521, -6.7003 ], [ 107.5536, -6.7748 ], [ 107.5784, -6.7758 ], [ 107.5684, -6.7433 ], [ 107.5925, -6.7281 ], [ 107.6006, -6.7611 ], [ 107.7248, -6.8029 ], [ 107.7211, -6.8301 ], [ 107.7034, -6.8403 ], [ 107.6611, -6.832 ], [ 107.637, -6.8551 ], [ 107.6159, -6.8471 ], [ 107.6045, -6.8594 ], [ 107.5976, -6.8369 ], [ 107.5707, -6.8828 ], [ 107.5396, -6.8338 ], [ 107.5102, -6.8983 ], [ 107.525, -6.9201 ], [ 107.5226, -6.9355 ], [ 107.5124, -6.9336 ], [ 107.5117, -6.937 ], [ 107.4808, -6.914 ], [ 107.4365, -6.8983 ], [ 107.4696, -6.884 ], [ 107.4725, -6.8988 ], [ 107.4764, -6.8921 ], [ 107.4931, -6.9093 ], [ 107.4997, -6.9082 ], [ 107.4766, -6.8906 ], [ 107.4884, -6.8942 ], [ 107.4909, -6.883 ], [ 107.4744, -6.885 ], [ 107.4838, -6.8756 ], [ 107.4856, -6.8599 ], [ 107.4743, -6.8837 ], [ 107.4647, -6.8792 ], [ 107.4544, -6.8862 ], [ 107.4613, -6.8748 ], [ 107.4596, -6.8647 ], [ 107.4604, -6.8635 ], [ 107.4605, -6.8613 ], [ 107.4601, -6.8611 ], [ 107.4496, -6.8881 ], [ 107.4281, -6.8852 ], [ 107.4366, -6.8966 ], [ 107.4208, -6.9099 ], [ 107.4133, -6.8915 ], [ 107.4009, -6.9198 ], [ 107.4022, -6.9128 ], [ 107.3967, -6.9052 ], [ 107.3475, -6.9214 ], [ 107.3712, -6.9254 ], [ 107.3599, -6.932 ], [ 107.3624, -6.949 ], [ 107.3628, -6.9373 ], [ 107.3741, -6.9272 ], [ 107.369, -6.9346 ], [ 107.3715, -6.9376 ], [ 107.3683, -6.9398 ], [ 107.3699, -6.9513 ], [ 107.3945, -6.9122 ], [ 107.3913, -6.9379 ], [ 107.4053, -6.9195 ], [ 107.4055, -6.9533 ], [ 107.4202, -6.9408 ], [ 107.4369, -6.9623 ], [ 107.4331, -6.9764 ], [ 107.4287, -6.9623 ], [ 107.418, -6.9557 ], [ 107.411, -6.957 ], [ 107.4242, -6.9871 ], [ 107.4397, -6.977 ], [ 107.4455, -6.9581 ], [ 107.4392, -6.9608 ], [ 107.432, -6.9444 ], [ 107.4486, -6.949 ], [ 107.4337, -6.9419 ], [ 107.4307, -6.9334 ], [ 107.4499, -6.9454 ], [ 107.4481, -6.9334 ], [ 107.4615, -6.9456 ], [ 107.4674, -6.9346 ], [ 107.4839, -6.9444 ], [ 107.4907, -6.9415 ], [ 107.4614, -6.927 ], [ 107.4436, -6.9297 ], [ 107.4509, -6.919 ], [ 107.4177, -6.9313 ], [ 107.412, -6.9099 ], [ 107.4369, -6.9221 ], [ 107.4267, -6.9063 ], [ 107.4666, -6.9114 ], [ 107.4973, -6.9327 ], [ 107.5114, -6.9384 ], [ 107.5219, -6.9354 ], [ 107.5322, -6.9407 ], [ 107.5049, -6.9818 ], [ 107.4866, -6.9823 ], [ 107.4771, -7.0574 ], [ 107.4474, -7.0484 ], [ 107.4194, -7.0623 ] ] ], [ [ [ 107.36, -6.9262 ], [ 107.3599, -6.9262 ], [ 107.3598, -6.9261 ], [ 107.36, -6.9262 ] ] ] ] } },
{ "type": "Feature", "properties": { "province": "JAWA BARAT", "district": "BEKASI", "id": "JAWA BARAT/BEKASI", "name": "BEKASI" }, "geometry": { "type": "Polygon", "coordinates": [ [ [ 107.1564, -6.4755 ], [ 107.0555, -6.4358 ], [ 107.0621, -6.3995 ], [ 107.0232, -6.4097 ], [ 106.993, -6.3706 ], [ 107.0411, -6.3095 ], [ 107.0378, -6.284 ], [ 107.0166, -6.2762 ], [ 107.0417, -6.2453 ], [ 107.0325, -6.1984 ], [ 107.0059, -6.1959 ], [ 107.0107, -6.1724 ], [ 106.9711, -6.1663 ], [ 106.969, -6.0907 ], [ 107.0166, -6.0785 ], [ 106.9894, -6.0497 ], [ 107.0154, -6.0341 ], [ 106.9845, -6.0109 ], [ 107.0078, -5.9982 ], [ 107.0167, -5.9712 ], [ 107.0094, -5.9428 ], [ 106.9907, -5.9371 ], [ 107.0244, -5.9144 ], [ 107.1001, -5.9352 ], [ 107.0846, -6.0023 ], [ 107.1016, -6.0162 ], [ 107.0939, -6.0274 ], [ 107.1362, -6.0496 ], [ 107.1307, -6.0622 ], [ 107.2216, -6.1039 ], [ 107.2468, -6.1011 ], [ 107.2485, -6.1161 ], [ 107.2653, -6.1113 ], [ 107.2812, -6.1276 ], [ 107.2824, -6.148 ], [ 107.2927, -6.1414 ], [ 107.2785, -6.1611 ], [ 107.2966, -6.2029 ], [ 107.2722, -6.2169 ], [ 107.2837, -6.2257 ], [ 107.2691, -6.232 ], [ 107.2762, -6.2669 ], [ 107.2174, -6.3151 ], [ 107.2266, -6.3492 ], [ 107.2048, -6.3759 ], [ 107.2214, -6.3845 ], [ 107.2214, -6.4081 ], [ 107.1962, -6.423 ], [ 107.2169, -6.4614 ], [ 107.1564, -6.4755 ] ] ] } },
{ "type": "Feature", "properties": { "province": "JAWA BARAT", "district": "BOGOR", "id": "JAWA BARAT/BOGOR", "name": "BOGOR" }, "geometry": { "type": "Polygon", "coordinates": [ [ [ 106.9126, -6.788 ], [ 106.7776, -6.7548 ], [ 106.7406, -6.7153 ], [ 106.6943, -6.7447 ], [ 106.6592, -6.7317 ], [ 106.6326, -6.755 ], [ 106.5884, -6.7434 ], [ 106.5765, -6.7174 ], [ 106.5248, -6.7623 ], [ 106.4666, -6.7509 ], [ 106.4294, -6.6821 ], [ 106.4304, -6.5899 ], [ 106.4033, -6.5153 ], [ 106.4126, -6.4828 ], [ 106.4011, -6.4528 ], [ 106.4401, -6.4501 ], [ 106.4547, -6.4269 ], [ 106.4273, -6.3761 ], [ 106.4421, -6.3257 ], [ 106.4693, -6.3035 ], [ 106.4841, -6.3248 ], [ 106.4762, -6.3509 ], [ 106.4901, -6.3549 ], [ 106.5297, -6.3469 ], [ 106.5319, -6.3395 ], [ 106.5151, -6.3323 ], [ 106.5157, -6.3243 ], [ 106.5769, -6.3384 ], [ 106.5937, -6.3627 ], [ 106.7202, -6.3604 ], [ 106.7384, -6.4389 ], [ 106.8231, -6.4443 ], [ 106.8254, -6.4613 ], [ 106.8498, -6.436 ], [ 106.8557, -6.4563 ], [ 106.882, -6.4567 ], [ 106.9455, -6.3684 ], [ 106.9705, -6.3022 ], [ 106.9809, -6.3151 ], [ 106.9662, -6.3424 ], [ 107.0054, -6.3775 ], [ 107.0103, -6.4026 ], [ 107.0309, -6.4115 ], [ 107.0621, -6.3995 ], [ 107.0551, -6.4352 ], [ 107.081, -6.445 ], [ 107.0582, -6.477 ], [ 107.0751, -6.4794 ], [ 107.083, -6.4498 ], [ 107.173, -6.4827 ], [ 107.1647, -6.5109 ], [ 107.1787, -6.552 ], [ 107.2271, -6.6021 ], [ 107.2151, -6.6373 ], [ 107.1699, -6.6385 ], [ 107.1346, -6.6705 ], [ 107.0515, -6.6566 ], [ 106.991, -6.6685 ], [ 107.0066, -6.6921 ], [ 106.9965, -6.7378 ], [ 106.9879, -6.7306 ], [ 106.9704, -6.7682 ], [ 106.947, -6.7608 ], [ 106.9126, -6.788 ] ] ] } },
{ "type": "Feature", "properties": { "province": "JAWA BARAT", "district": "CIAMIS", "id": "JAWA BARAT/CIAMIS", "name": "CIAMIS" }, "geometry": { "type": "Polygon", "coordinates": [ [ [ 108.5495, -7.5569 ], [ 108.5288, -7.5711 ], [ 108.5209, -7.5443 ], [ 108.5423, -7.5379 ], [ 108.5276, -7.5269 ], [ 108.4851, -7.5361 ], [ 108.4299, -7.5016 ], [ 108.4425, -7.4887 ], [ 108.4212, -7.4879 ], [ 108.4208, -7.4238 ], [ 108.3953, -7.4113 ], [ 108.4055, -7.3608 ], [ 108.278, -7.3341 ], [ 108.1986, -7.2826 ], [ 108.1907, -7.1675 ], [ 108.2198, -7.1235 ], [ 108.2234, -7.0843 ], [ 108.1699, -7.0592 ], [ 108.3219, -7.0556 ], [ 108.3407, -7.0713 ], [ 108.3625, -7.052 ], [ 108.4424, -7.1188 ], [ 108.5086, -7.13 ], [ 108.5213, -7.1754 ], [ 108.5812, -7.2065 ], [ 108.5856, -7.2426 ], [ 108.5561, -7.2876 ], [ 108.5636, -7.3202 ], [ 108.5506, -7.3416 ], [ 108.5227, -7.3585 ], [ 108.4895, -7.3498 ], [ 108.4675, -7.3788 ], [ 108.5687, -7.4376 ], [ 108.5906, -7.395 ], [ 108.6154, -7.406 ], [ 108.6307, -7.3818 ], [ 108.6505, -7.3873 ], [ 108.6659, -7.3529 ], [ 108.6875, -7.4001 ], [ 108.7235, -7.4315 ], [ 108.7064, -7.4764 ], [ 108.6967, -7.4611 ], [ 108.6471, -7.4688 ], [ 108.6579, -7.4974 ], [ 108.6482, -7.5379 ], [ 108.5952, -7.5632 ], [ 108.5495, -7.5569 ] ] ] } },
{ "type": "Feature", "properties": { "province": "JAWA BARAT", "district": "CIANJUR", "id": "JAWA BARAT/CIANJUR", "name": "CIANJUR" }, "geometry": { "type": "Polygon", "coordinates": [ [ [ 107.3933, -7.4948 ], [ 107.248, -7.4892 ], [ 106.8842, -7.4302 ], [ 106.7957, -7.437 ], [ 106.7894, -7.409 ], [ 106.7778, -7.4111 ], [ 106.8231, -7.3625 ], [ 106.8754, -7.364 ], [ 106.8957, -7.3413 ], [ 106.9088, -7.3497 ], [ 106.9151, -7.323 ], [ 106.9346, -7.334 ], [ 106.975, -7.2901 ], [ 106.9603, -7.2603 ], [ 106.9826, -7.2222 ], [ 106.9578, -7.1645 ], [ 106.9659, -7.1449 ], [ 106.937, -7.1228 ], [ 106.9436, -7.0748 ], [ 106.9757, -7.0136 ], [ 107.0388, -7.0434 ], [ 107.0496, -7.0048 ], [ 107.0333, -6.9765 ], [ 107.0468, -6.9608 ], [ 107.065, -6.965 ], [ 107.0329, -6.8737 ], [ 106.9652, -6.7703 ], [ 106.9989, -6.7317 ], [ 107.0066, -6.6921 ], [ 106.991, -6.6685 ], [ 107.0515, -6.6566 ], [ 107.1346, -6.6705 ], [ 107.1698, -6.6389 ], [ 107.2151, -6.6373 ], [ 107.2271, -6.6021 ], [ 107.2638, -6.6358 ], [ 107.2468, -6.6903 ], [ 107.2843, -6.707 ], [ 107.2853, -6.7157 ], [ 107.2512, -6.7131 ], [ 107.2545, -6.734 ], [ 107.2755, -6.7409 ], [ 107.2536, -6.7385 ], [ 107.2498, -6.7551 ], [ 107.2659, -6.7418 ], [ 107.2843, -6.7515 ], [ 107.261, -6.7562 ], [ 107.2623, -6.7744 ], [ 107.2514, -6.7883 ], [ 107.2496, -6.7955 ], [ 107.2504, -6.8057 ], [ 107.2736, -6.7678 ], [ 107.3134, -6.8008 ], [ 107.3238, -6.8509 ], [ 107.3434, -6.8489 ], [ 107.3494, -6.8658 ], [ 107.3417, -6.8862 ], [ 107.2784, -6.9255 ], [ 107.2193, -6.9398 ], [ 107.1902, -6.9682 ], [ 107.1956, -7.0211 ], [ 107.1819, -7.058 ], [ 107.2527, -7.0488 ], [ 107.3112, -7.0973 ], [ 107.3152, -7.1532 ], [ 107.2514, -7.2077 ], [ 107.3253, -7.2038 ], [ 107.3461, -7.2385 ], [ 107.4243, -7.2602 ], [ 107.4766, -7.2565 ], [ 107.4549, -7.2921 ], [ 107.4848, -7.3525 ], [ 107.4744, -7.4004 ], [ 107.4327, -7.4219 ], [ 107.4261, -7.5028 ], [ 107.3933, -7.4948 ] ] ] } },
{ "type": "Feature", "properties": { "province": "JAWA BARAT", "district": "CIREBON", "id": "JAWA BARAT/CIREBON", "name": "CIREBON" }, "geometry": { "type": "Polygon", "coordinates": [ [ [ 108.7587, -6.9535 ], [ 108.7599, -6.982 ], [ 108.7355, -7.0061 ], [ 108.7175, -6.9943 ], [ 108.7152, -6.9436 ], [ 108.6828, -6.9233 ], [ 108.6661, -6.9406 ], [ 108.6528, -6.9337 ], [ 108.6658, -6.9172 ], [ 108.656, -6.8978 ], [ 108.6718, -6.9024 ], [ 108.6604, -6.884 ], [ 108.6374, -6.9112 ], [ 108.5339, -6.8802 ], [ 108.5081, -6.852 ], [ 108.5125, -6.7912 ], [ 108.4055, -6.7882 ], [ 108.365, -6.7593 ], [ 108.3682, -6.6977 ], [ 108.3395, -6.6741 ], [ 108.3597, -6.6439 ], [ 108.344, -6.6489 ], [ 108.3455, -6.6242 ], [ 108.3235, -6.6195 ], [ 108.3605, -6.5554 ], [ 108.4323, -6.5206 ], [ 108.4574, -6.5726 ], [ 108.5382, -6.5165 ], [ 108.5588, -6.6514 ], [ 108.5409, -6.6573 ], [ 108.5577, -6.6591 ], [ 108.5627, -6.6909 ], [ 108.5429, -6.6964 ], [ 108.5472, -6.7266 ], [ 108.5187, -6.7369 ], [ 108.544, -6.796 ], [ 108.5604, -6.7569 ], [ 108.595, -6.7454 ], [ 108.6081, -6.7828 ], [ 108.6172, -6.7656 ], [ 108.6388, -6.7756 ], [ 108.653, -6.7532 ], [ 108.6826, -6.768 ], [ 108.6898, -6.8036 ], [ 108.75, -6.8157 ], [ 108.8061, -6.7856 ], [ 108.8092, -6.7538 ], [ 108.796, -6.7424 ], [ 108.8117, -6.7364 ], [ 108.8313, -6.7524 ], [ 108.8248, -6.8323 ], [ 108.7972, -6.8736 ], [ 108.7788, -6.8641 ], [ 108.7529, -6.9202 ], [ 108.7587, -6.9535 ] ] ] } },
{ "type": "Feature", "properties": { "province": "JAWA BARAT", "district": "GARUT", "id": "JAWA BARAT/GARUT", "name": "GARUT" }, "geometry": { "type": "Polygon", "coordinates": [ [ [ 107.9145, -7.7184 ], [ 107.8999, -7.7396 ], [ 107.8472, -7.737 ], [ 107.8101, -7.6876 ], [ 107.6901, -7.6682 ], [ 107.6739, -7.6267 ], [ 107.6056, -7.5734 ], [ 107.4833, -7.5391 ], [ 107.4737, -7.5187 ], [ 107.4231, -7.5056 ], [ 107.4203, -7.4621 ], [ 107.4338, -7.4204 ], [ 107.4744, -7.4004 ], [ 107.4848, -7.3525 ], [ 107.4549, -7.2921 ], [ 107.4796, -7.2517 ], [ 107.5573, -7.2514 ], [ 107.6102, -7.3093 ], [ 107.658, -7.2898 ], [ 107.6762, -7.3161 ], [ 107.7229, -7.3142 ], [ 107.739, -7.2667 ], [ 107.7101, -7.2483 ], [ 107.7071, -7.2285 ], [ 107.7311, -7.2132 ], [ 107.7216, -7.198 ], [ 107.7398, -7.1673 ], [ 107.798, -7.1574 ], [ 107.8099, -7.1018 ], [ 107.8499, -7.0588 ], [ 107.9262, -7.0521 ], [ 107.9308, -7.033 ], [ 107.9102, -7.0363 ], [ 107.9078, -6.9932 ], [ 107.8894, -6.9826 ], [ 107.9166, -6.9674 ], [ 107.9159, -6.9457 ], [ 108.0425, -6.9965 ], [ 108.0897, -6.9815 ], [ 108.1, -7.0194 ], [ 108.1361, -7.0605 ], [ 108.118, -7.0779 ], [ 108.1225, -7.1146 ], [ 108.0989, -7.1029 ], [ 108.0685, -7.1289 ], [ 108.0845, -7.1621 ], [ 108.0612, -7.2246 ], [ 108.0186, -7.2309 ], [ 107.9794, -7.2729 ], [ 107.9226, -7.2888 ], [ 107.9463, -7.3305 ], [ 107.9044, -7.3621 ], [ 107.949, -7.4015 ], [ 107.9533, -7.4602 ], [ 107.9466, -7.5418 ], [ 107.9314, -7.5605 ], [ 107.9406, -7.5814 ], [ 107.9169, -7.5974 ], [ 107.9313, -7.686 ], [ 107.9145, -7.7184 ] ] ] } },
{ "type": "Feature", "properties": { "province": "JAWA BARAT", "district": "INDRAMAYU", "id": "JAWA BARAT/INDRAMAYU", "name": "INDRAMAYU" }, "geometry": { "type": "Polygon", "coordinates": [ [ [ 108.0937, -6.5629 ], [ 108.0734, -6.5752 ], [ 108.0708, -6.6143 ], [ 108.032, -6.6369 ], [ 108.0253, -6.6779 ], [ 107.9887, -6.6695 ], [ 107.9702, -6.6388 ], [ 107.9061, -6.5939 ], [ 107.8513, -6.5748 ], [ 107.8934, -6.5574 ], [ 107.9202, -6.5145 ], [ 107.9057, -6.5054 ], [ 107.9188, -6.4858 ], [ 107.8983, -6.485 ], [ 107.8951, -6.4627 ], [ 107.8789, -6.4577 ], [ 107.8948, -6.4489 ], [ 107.8906, -6.4033 ], [ 107.9235, -6.36 ], [ 107.9191, -6.2489 ], [ 108.1274, -6.3346 ], [ 108.2103, -6.2736 ], [ 108.1891, -6.2294 ], [ 108.2205, -6.25 ], [ 108.2403, -6.2434 ], [ 108.2313, -6.2367 ], [ 108.2998, -6.2488 ], [ 108.3349, -6.2748 ], [ 108.3407, -6.2463 ], [ 108.36, -6.2455 ], [ 108.3854, -6.3562 ], [ 108.4524, -6.434 ], [ 108.5404, -6.4849 ], [ 108.5381, -6.5164 ], [ 108.4874, -6.5591 ], [ 108.4493, -6.5715 ], [ 108.4454, -6.5294 ], [ 108.4175, -6.5245 ], [ 108.3605, -6.5554 ], [ 108.3236, -6.6208 ], [ 108.3154, -6.6078 ], [ 108.3077, -6.6242 ], [ 108.293, -6.6092 ], [ 108.2907, -6.6222 ], [ 108.2752, -6.6165 ], [ 108.2739, -6.59 ], [ 108.2101, -6.5732 ], [ 108.1897, -6.6083 ], [ 108.161, -6.6132 ], [ 108.1232, -6.5409 ], [ 108.0937, -6.5629 ] ] ] } },
{ "type": "Feature", "properties": { "province": "JAWA BARAT", "district": "KARAWANG", "id": "JAWA BARAT/KARAWANG", "name": "KARAWANG" }, "geometry": { "type": "Polygon", "coordinates": [ [ [ 107.2587, -6.5589 ], [ 107.2205, -6.5908 ], [ 107.2051, -6.587 ], [ 107.1642, -6.502 ], [ 107.1818, -6.4678 ], [ 107.2169, -6.4614 ], [ 107.1962, -6.423 ], [ 107.2214, -6.4081 ], [ 107.2214, -6.3845 ], [ 107.2048, -6.3759 ], [ 107.2266, -6.3492 ], [ 107.2174, -6.3151 ], [ 107.2762, -6.2669 ], [ 107.2691, -6.232 ], [ 107.2837, -6.2257 ], [ 107.2722, -6.2169 ], [ 107.2966, -6.2029 ], [ 107.2785, -6.1611 ], [ 107.2927, -6.1414 ], [ 107.2824, -6.148 ], [ 107.2812, -6.1276 ], [ 107.2653, -6.1113 ], [ 107.2485, -6.1161 ], [ 107.2468, -6.1011 ], [ 107.1436, -6.0713 ], [ 107.1362, -6.0496 ], [ 107.0939, -6.0274 ], [ 107.0848, -5.985 ], [ 107.1004, -5.9362 ], [ 107.1329, -5.9768 ], [ 107.1641, -5.9879 ], [ 107.2859, -5.9588 ], [ 107.3406, -5.9695 ], [ 107.3997, -6.0318 ], [ 107.4682, -6.1445 ], [ 107.5407, -6.1782 ], [ 107.6244, -6.1892 ], [ 107.6436, -6.215 ], [ 107.5806, -6.2565 ], [ 107.5827, -6.3125 ], [ 107.5348, -6.415 ], [ 107.5135, -6.4213 ], [ 107.5028, -6.4079 ], [ 107.4333, -6.4595 ], [ 107.3732, -6.4683 ], [ 107.3903, -6.4998 ], [ 107.3499, -6.4855 ], [ 107.3058, -6.491 ], [ 107.2587, -6.5589 ] ] ] } },
{ "type": "Feature", "properties": { "province": "JAWA BARAT", "district": "KOTA BANDUNG", "id": "JAWA BARAT/KOTA BANDUNG", "name": "KOTA BANDUNG" }, "geometry": { "type": "Polygon", "coordinates": [ [ [ 107.6766, -6.9681 ], [ 107.583, -6.9619 ], [ 107.5468, -6.9297 ], [ 107.5643, -6.9328 ], [ 107.556, -6.889 ], [ 107.5763, -6.8907 ], [ 107.5976, -6.8369 ], [ 107.6045, -6.8594 ], [ 107.625, -6.8489 ], [ 107.6423, -6.8938 ], [ 107.6702, -6.884 ], [ 107.7001, -6.9083 ], [ 107.7076, -6.8897 ], [ 107.7152, -6.9036 ], [ 107.7382, -6.8997 ], [ 107.7226, -6.9336 ], [ 107.7067, -6.936 ], [ 107.716, -6.9617 ], [ 107.6766, -6.9681 ] ] ] } },
{ "type": "Feature", "properties": { "province": "JAWA BARAT", "district": "KOTA BANJAR", "id": "JAWA BARAT/KOTA BANJAR", "name": "KOTA BANJAR" }, "geometry": { "type": "Polygon", "coordinates": [ [ [ 108.6307, -7.3818 ], [ 108.6154, -7.406 ], [ 108.5906, -7.395 ], [ 108.5652, -7.4376 ], [ 108.5441, -7.412 ], [ 108.4674, -7.3783 ], [ 108.4895, -7.3498 ], [ 108.5227, -7.3585 ], [ 108.5504, -7.3418 ], [ 108.5519, -7.3235 ], [ 108.5834, -7.3498 ], [ 108.6618, -7.3421 ], [ 108.6505, -7.3873 ], [ 108.6307, -7.3818 ] ] ] } },
{ "type": "Feature", "properties": { "province": "JAWA BARAT", "district": "KOTA BEKASI", "id": "JAWA BARAT/KOTA BEKASI", "name": "KOTA BEKASI" }, "geometry": { "type": "Polygon", "coordinates": [ [ [ 106.9295, -6.3823 ], [ 106.8978, -6.3967 ], [ 106.9228, -6.3143 ], [ 106.9044, -6.2619 ], [ 106.9439, -6.2523 ], [ 106.9716, -6.1722 ], [ 107.0107, -6.1724 ], [ 107.0059, -6.1959 ], [ 107.0325, -6.1984 ], [ 107.0425, -6.2328 ], [ 107.0164, -6.2655 ], [ 107.0401, -6.2877 ], [ 107.037, -6.3216 ], [ 107.0164, -6.3304 ], [ 107.0068, -6.3626 ], [ 106.9797, -6.3643 ], [ 106.9662, -6.3422 ], [ 106.9809, -6.3149 ], [ 106.9667, -6.303 ], [ 106.9295, -6.3823 ] ] ] } },
{ "type": "Feature", "properties": { "province": "JAWA BARAT", "district": "KOTA BOGOR", "id": "JAWA BARAT/KOTA BOGOR", "name": "KOTA BOGOR" }, "geometry": { "type": "Polygon", "coordinates": [ [ [ 106.8332, -6.6777 ], [ 106.81, -6.6463 ], [ 106.7716, -6.6537 ], [ 106.7903, -6.6278 ], [ 106.7795, -6.596 ], [ 106.7354, -6.5653 ], [ 106.7408, -6.5428 ], [ 106.7646, -6.5459 ], [ 106.7724, -6.5125 ], [ 106.7876, -6.5161 ], [ 106.7932, -6.546 ], [ 106.8261, -6.5443 ], [ 106.8396, -6.5748 ], [ 106.8317, -6.6108 ], [ 106.8481, -6.6763 ], [ 106.8332, -6.6777 ] ] ] } },
{ "type": "Feature", "properties": { "province": "JAWA BARAT", "district": "KOTA CIMAHI", "id": "JAWA BARAT/KOTA CIMAHI", "name": "KOTA CIMAHI" }, "geometry": { "type": "Polygon", "coordinates": [ [ [ 107.5656, -6.9122 ], [ 107.564, -6.9329 ], [ 107.5257, -6.9212 ], [ 107.5104, -6.8994 ], [ 107.5456, -6.8317 ], [ 107.5763, -6.8906 ], [ 107.556, -6.889 ], [ 107.5656, -6.9122 ] ] ] } },
{ "type": "Feature", "properties": { "province": "JAWA BARAT", "district": "KOTA CIREBON", "id": "JAWA BARAT/KOTA CIREBON", "name": "KOTA CIREBON" }, "geometry": { "type": "Polygon", "coordinates": [ [ [ 108.5558, -6.7656 ], [ 108.544, -6.796 ], [ 108.5187, -6.7369 ], [ 108.5472, -6.7266 ], [ 108.5429, -6.6964 ], [ 108.5623, -6.6912 ], [ 108.5955, -6.7451 ], [ 108.5558, -6.7656 ] ] ] } },
{ "type": "Feature", "properties": { "province": "JAWA BARAT", "district": "KOTA DEPOK", "id": "JAWA BARAT/KOTA DEPOK", "name": "KOTA DEPOK" }, "geometry": { "type": "Polygon", "coordinates": [ [ [ 106.839, -6.4489 ], [ 106.8254, -6.4613 ], [ 106.8231, -6.4443 ], [ 106.7384, -6.4389 ], [ 106.7167, -6.3653 ], [ 106.7711, -6.3572 ], [ 106.7787, -6.3172 ], [ 106.8072, -6.3144 ], [ 106.7947, -6.3649 ], [ 106.8501, -6.3361 ], [ 106.8827, -6.3699 ], [ 106.9144, -6.3656 ], [ 106.8977, -6.3964 ], [ 106.9188, -6.3956 ], [ 106.9171, -6.4096 ], [ 106.882, -6.4567 ], [ 106.8557, -6.4563 ], [ 106.853, -6.436 ], [ 106.839, -6.4489 ] ] ] } },
{ "type": "Feature", "properties": { "province": "JAWA BARAT", "district": "KOTA SUKABUMI", "id": "JAWA BARAT/KOTA SUKABUMI", "name": "KOTA SUKABUMI" }, "geometry": { "type": "Polygon", "coordinates": [ [ [ 106.954, -6.9597 ], [ 106.9117, -6.9784 ], [ 106.8713, -6.9724 ], [ 106.9115, -6.9523 ], [ 106.9003, -6.9264 ], [ 106.9114, -6.8924 ], [ 106.9543, -6.9052 ], [ 106.954, -6.9597 ] ] ] } },
{ "type": "Feature", "properties": { "province": "JAWA BARAT", "district": "KOTA TASIKMALAYA", "id": "JAWA BARAT/KOTA TASIKMALAYA", "name": "KOTA TASIKMALAYA" }, "geometry": { "type": "Polygon", "coordinates": [ [ [ 108.2725, -7.3802 ], [ 108.2825, -7.3852 ], [ 108.2655, -7.4339 ], [ 108.2291, -7.4255 ], [ 108.1877, -7.4472 ], [ 108.1499, -7.2874 ], [ 108.1761, -7.2886 ], [ 108.1937, -7.2692 ], [ 108.2526, -7.3213 ], [ 108.312, -7.3371 ], [ 108.2872, -7.3448 ], [ 108.2938, -7.3583 ], [ 108.2637, -7.3742 ], [ 108.2725, -7.3802 ] ] ] } },
{ "type": "Feature", "properties": { "province": "JAWA BARAT", "district": "KUNINGAN", "id": "JAWA BARAT/KUNINGAN", "name": "KUNINGAN" }, "geometry": { "type": "Polygon", "coordinates": [ [ [ 108.5622, -7.1714 ], [ 108.5608, -7.1914 ], [ 108.5406, -7.1897 ], [ 108.5095, -7.1608 ], [ 108.5086, -7.13 ], [ 108.4424, -7.1188 ], [ 108.3857, -7.073 ], [ 108.3857, -6.9525 ], [ 108.4014, -6.9351 ], [ 108.401, -6.8299 ], [ 108.4192, -6.7819 ], [ 108.4533, -6.7838 ], [ 108.4559, -6.7991 ], [ 108.5125, -6.7912 ], [ 108.5081, -6.852 ], [ 108.5336, -6.88 ], [ 108.6374, -6.9112 ], [ 108.6559, -6.9018 ], [ 108.656, -6.9367 ], [ 108.6828, -6.9233 ], [ 108.7154, -6.9438 ], [ 108.7175, -6.9943 ], [ 108.7366, -7.0063 ], [ 108.7585, -6.9836 ], [ 108.7906, -7.0122 ], [ 108.7747, -7.0348 ], [ 108.7855, -7.0573 ], [ 108.7709, -7.1118 ], [ 108.726, -7.1153 ], [ 108.6962, -7.1515 ], [ 108.6586, -7.1556 ], [ 108.625, -7.1397 ], [ 108.5622, -7.1714 ] ] ] } },
{ "type": "Feature", "properties": { "province": "JAWA BARAT", "district": "MAJALENGKA", "id": "JAWA BARAT/MAJALENGKA", "name": "MAJALENGKA" }, "geometry": { "type": "Polygon", "coordinates": [ [ [ 108.388, -7.0517 ], [ 108.3858, -7.0735 ], [ 108.36, -7.0516 ], [ 108.3407, -7.0713 ], [ 108.3219, -7.0556 ], [ 108.245, -7.0667 ], [ 108.2267, -7.0546 ], [ 108.1699, -7.0592 ], [ 108.1646, -7.0746 ], [ 108.1335, -7.0406 ], [ 108.1709, -6.9688 ], [ 108.22, -6.9276 ], [ 108.2145, -6.8892 ], [ 108.1935, -6.8853 ], [ 108.1993, -6.8718 ], [ 108.1529, -6.804 ], [ 108.1699, -6.7863 ], [ 108.164, -6.761 ], [ 108.1488, -6.7583 ], [ 108.1621, -6.7247 ], [ 108.1182, -6.7066 ], [ 108.0422, -6.6371 ], [ 108.0708, -6.6143 ], [ 108.0734, -6.5752 ], [ 108.1196, -6.5412 ], [ 108.1604, -6.613 ], [ 108.1897, -6.6083 ], [ 108.2101, -6.5732 ], [ 108.2763, -6.5915 ], [ 108.2808, -6.6206 ], [ 108.2894, -6.6087 ], [ 108.3086, -6.6239 ], [ 108.3154, -6.6078 ], [ 108.346, -6.625 ], [ 108.3395, -6.6742 ], [ 108.3689, -6.7022 ], [ 108.3588, -6.7506 ], [ 108.4127, -6.7929 ], [ 108.4014, -6.9351 ], [ 108.385, -6.959 ], [ 108.388, -7.0517 ] ] ] } },
{ "type": "Feature", "properties": { "province": "JAWA BARAT", "district": "PANGANDARAN", "id": "JAWA BARAT/PANGANDARAN", "name": "PANGANDARAN" }, "geometry": { "type": "Polygon", "coordinates": [ [ [ 108.4829, -7.7993 ], [ 108.4498, -7.8231 ], [ 108.3429, -7.8197 ], [ 108.3179, -7.7867 ], [ 108.312, -7.7187 ], [ 108.3319, -7.7126 ], [ 108.3144, -7.69 ], [ 108.3548, -7.6837 ], [ 108.3662, -7.6591 ], [ 108.3534, -7.6387 ], [ 108.3536, -7.5622 ], [ 108.3275, -7.5508 ], [ 108.3354, -7.5084 ], [ 108.3973, -7.4773 ], [ 108.4851, -7.5361 ], [ 108.5276, -7.5269 ], [ 108.5422, -7.5379 ], [ 108.5209, -7.5443 ], [ 108.5288, -7.5711 ], [ 108.5495, -7.5569 ], [ 108.5773, -7.5666 ], [ 108.6482, -7.5379 ], [ 108.6579, -7.4974 ], [ 108.6471, -7.4688 ], [ 108.716, -7.4663 ], [ 108.7548, -7.5597 ], [ 108.732, -7.6132 ], [ 108.7995, -7.6679 ], [ 108.7946, -7.6925 ], [ 108.6907, -7.6775 ], [ 108.6601, -7.6991 ], [ 108.6781, -7.7217 ], [ 108.6698, -7.731 ], [ 108.6415, -7.6879 ], [ 108.5312, -7.6931 ], [ 108.4978, -7.7193 ], [ 108.508, -7.7637 ], [ 108.4829, -7.7993 ] ] ] } },
{ "type": "Feature", "properties": { "province": "JAWA BARAT", "district": "PURWAKARTA", "id": "JAWA BARAT/PURWAKARTA", "name": "PURWAKARTA" }, "geometry": { "type": "Polygon", "coordinates": [ [ [ 107.5726, -6.7605 ], [ 107.578, -6.7761 ], [ 107.5517, -6.7743 ], [ 107.4536, -6.701 ], [ 107.4102, -6.6885 ], [ 107.3705, -6.7011 ], [ 107.3359, -6.6874 ], [ 107.3119, -6.7208 ], [ 107.2504, -6.6967 ], [ 107.2638, -6.6358 ], [ 107.2205, -6.5898 ], [ 107.2504, -6.5734 ], [ 107.3058, -6.491 ], [ 107.3499, -6.4855 ], [ 107.3903, -6.4998 ], [ 107.3732, -6.4683 ], [ 107.4333, -6.4595 ], [ 107.5028, -6.4079 ], [ 107.5294, -6.4184 ], [ 107.5267, -6.437 ], [ 107.5655, -6.4872 ], [ 107.5539, -6.5666 ], [ 107.5903, -6.5996 ], [ 107.5796, -6.6353 ], [ 107.6016, -6.654 ], [ 107.5888, -6.6859 ], [ 107.5961, -6.7289 ], [ 107.571, -6.7366 ], [ 107.5726, -6.7605 ] ] ] } },
{ "type": "Feature", "properties": { "province": "JAWA BARAT", "district": "SUBANG", "id": "JAWA BARAT/SUBANG", "name": "SUBANG" }, "geometry": { "type": "Polygon", "coordinates": [ [ [ 107.8357, -6.7209 ], [ 107.8374, -6.7761 ], [ 107.8036, -6.8088 ], [ 107.7335, -6.8143 ], [ 107.7076, -6.7929 ], [ 107.6878, -6.7982 ], [ 107.6711, -6.7763 ], [ 107.6006, -6.7611 ], [ 107.5883, -6.7153 ], [ 107.6016, -6.654 ], [ 107.5795, -6.6339 ], [ 107.5904, -6.5998 ], [ 107.5534, -6.5642 ], [ 107.5655, -6.4872 ], [ 107.526, -6.4326 ], [ 107.5827, -6.3125 ], [ 107.5806, -6.2565 ], [ 107.6399, -6.2146 ], [ 107.6727, -6.2462 ], [ 107.6977, -6.2229 ], [ 107.7334, -6.2372 ], [ 107.8218, -6.1873 ], [ 107.8531, -6.1909 ], [ 107.8579, -6.216 ], [ 107.8932, -6.1908 ], [ 107.9037, -6.2123 ], [ 107.8898, -6.2091 ], [ 107.8952, -6.2286 ], [ 107.8827, -6.232 ], [ 107.9264, -6.2564 ], [ 107.9118, -6.2698 ], [ 107.9305, -6.3097 ], [ 107.918, -6.3235 ], [ 107.9235, -6.36 ], [ 107.8906, -6.4033 ], [ 107.8948, -6.4489 ], [ 107.8789, -6.4572 ], [ 107.8951, -6.4627 ], [ 107.8983, -6.485 ], [ 107.9188, -6.4858 ], [ 107.9057, -6.5054 ], [ 107.9202, -6.5145 ], [ 107.8934, -6.5574 ], [ 107.8509, -6.5724 ], [ 107.8518, -6.6524 ], [ 107.8099, -6.6775 ], [ 107.8403, -6.6915 ], [ 107.8357, -6.7209 ] ] ] } },
{ "type": "Feature", "properties": { "province": "JAWA BARAT", "district": "SUKABUMI", "id": "JAWA BARAT/SUKABUMI", "name": "SUKABUMI" }, "geometry": { "type": "Polygon", "coordinates": [ [ [ 106.8083, -7.384 ], [ 106.7771, -7.402 ], [ 106.7934, -7.4173 ], [ 106.7776, -7.4408 ], [ 106.6294, -7.4099 ], [ 106.5625, -7.4175 ], [ 106.4437, -7.3607 ], [ 106.4076, -7.3676 ], [ 106.406, -7.3828 ], [ 106.3992, -7.3229 ], [ 106.3819, -7.328 ], [ 106.3727, -7.3079 ], [ 106.3848, -7.2635 ], [ 106.3731, -7.237 ], [ 106.3907, -7.2289 ], [ 106.4004, -7.187 ], [ 106.4637, -7.1803 ], [ 106.4491, -7.1531 ], [ 106.457, -7.1292 ], [ 106.5216, -7.0895 ], [ 106.5455, -7.0554 ], [ 106.5436, -6.9882 ], [ 106.5162, -6.9673 ], [ 106.4414, -6.9525 ], [ 106.396, -6.9777 ], [ 106.3929, -6.9006 ], [ 106.4313, -6.8617 ], [ 106.4361, -6.8198 ], [ 106.4977, -6.791 ], [ 106.5755, -6.7175 ], [ 106.5884, -6.7434 ], [ 106.6326, -6.755 ], [ 106.6592, -6.7317 ], [ 106.6943, -6.7447 ], [ 106.7406, -6.7153 ], [ 106.7776, -6.7548 ], [ 106.9014, -6.7883 ], [ 106.9567, -6.7607 ], [ 107.0329, -6.8737 ], [ 107.0308, -6.9115 ], [ 107.0488, -6.9139 ], [ 107.065, -6.965 ], [ 107.0468, -6.9608 ], [ 107.0333, -6.9765 ], [ 107.0473, -7.0319 ], [ 107.0282, -7.0445 ], [ 106.9757, -7.0136 ], [ 106.9436, -7.0748 ], [ 106.937, -7.1228 ], [ 106.9659, -7.1449 ], [ 106.9578, -7.1645 ], [ 106.9826, -7.2222 ], [ 106.9603, -7.2603 ], [ 106.976, -7.2844 ], [ 106.9672, -7.3122 ], [ 106.9348, -7.3182 ], [ 106.9346, -7.334 ], [ 106.9151, -7.323 ], [ 106.9094, -7.3493 ], [ 106.8953, -7.3414 ], [ 106.8754, -7.364 ], [ 106.8319, -7.358 ], [ 106.8083, -7.384 ] ] ] } },
{ "type": "Feature", "properties": { "province": "JAWA BARAT", "district": "SUMEDANG", "id": "JAWA BARAT/SUMEDANG", "name": "SUMEDANG" }, "geometry": { "type": "Polygon", "coordinates": [ [ [ 108.1318, -7.039 ], [ 108.1002, -7.0197 ], [ 108.0877, -6.9805 ], [ 108.0425, -6.9965 ], [ 107.9159, -6.9457 ], [ 107.829, -6.972 ], [ 107.7552, -6.956 ], [ 107.7452, -6.8251 ], [ 107.7766, -6.8011 ], [ 107.8045, -6.8085 ], [ 107.8374, -6.7761 ], [ 107.8405, -6.6919 ], [ 107.8099, -6.6775 ], [ 107.8518, -6.6524 ], [ 107.8494, -6.5808 ], [ 107.9061, -6.5939 ], [ 107.9702, -6.6388 ], [ 107.9887, -6.6698 ], [ 108.0256, -6.6778 ], [ 108.032, -6.6369 ], [ 108.0499, -6.6376 ], [ 108.1182, -6.7066 ], [ 108.1621, -6.7247 ], [ 108.1488, -6.7583 ], [ 108.164, -6.761 ], [ 108.1699, -6.7863 ], [ 108.1529, -6.804 ], [ 108.1993, -6.8718 ], [ 108.1935, -6.8853 ], [ 108.2145, -6.8892 ], [ 108.22, -6.9276 ], [ 108.1807, -6.9563 ], [ 108.1318, -7.039 ] ] ] } },
{ "type": "Feature", "properties": { "province": "JAWA BARAT", "district": "TASIKMALAYA", "id": "JAWA BARAT/TASIKMALAYA", "name": "TASIKMALAYA" }, "geometry": { "type": "Polygon", "coordinates": [ [ [ 108.3223, -7.7903 ], [ 108.3408, -7.8169 ], [ 107.9096, -7.7323 ], [ 107.9313, -7.686 ], [ 107.9169, -7.5974 ], [ 107.9406, -7.5814 ], [ 107.9314, -7.5605 ], [ 107.9466, -7.5418 ], [ 107.9533, -7.4602 ], [ 107.949, -7.4015 ], [ 107.9044, -7.3621 ], [ 107.9463, -7.3305 ], [ 107.9226, -7.2888 ], [ 107.9794, -7.2729 ], [ 108.0186, -7.2309 ], [ 108.0624, -7.2232 ], [ 108.0846, -7.1606 ], [ 108.068, -7.1301 ], [ 108.0989, -7.1029 ], [ 108.1225, -7.1146 ], [ 108.1318, -7.039 ], [ 108.1621, -7.0741 ], [ 108.2219, -7.0859 ], [ 108.2198, -7.1235 ], [ 108.1907, -7.1675 ], [ 108.1933, -7.2689 ], [ 108.1761, -7.2886 ], [ 108.1497, -7.2877 ], [ 108.1527, -7.3354 ], [ 108.1855, -7.3952 ], [ 108.1873, -7.4468 ], [ 108.2291, -7.4255 ], [ 108.2655, -7.4339 ], [ 108.2825, -7.3845 ], [ 108.2637, -7.3742 ], [ 108.3101, -7.3374 ], [ 108.3414, -7.3565 ], [ 108.4055, -7.3608 ], [ 108.3955, -7.4121 ], [ 108.4208, -7.4238 ], [ 108.4216, -7.4889 ], [ 108.4425, -7.4887 ], [ 108.4104, -7.4981 ], [ 108.4006, -7.4782 ], [ 108.3736, -7.4786 ], [ 108.3338, -7.5111 ], [ 108.3275, -7.5508 ], [ 108.3536, -7.5622 ], [ 108.3534, -7.6387 ], [ 108.3662, -7.6591 ], [ 108.3548, -7.6837 ], [ 108.3144, -7.69 ], [ 108.3319, -7.7126 ], [ 108.312, -7.7187 ], [ 108.3223, -7.7903 ] ] ] } },
{ "type": "Feature", "properties": { "province": "JAWA TENGAH", "district": "BANJARNEGARA", "id": "JAWA TENGAH/BANJARNEGARA", "name": "BANJARNEGARA" }, "geometry": { "type": "Polygon", "coordinates": [ [ [ 109.425, -7.5364 ], [ 109.4041, -7.5407 ], [ 109.3644, -7.5175 ], [ 109.3616, -7.4853 ], [ 109.4016, -7.4673 ], [ 109.4187, -7.4789 ], [ 109.4394, -7.4485 ], [ 109.5054, -7.4501 ], [ 109.5041, -7.4105 ], [ 109.5487, -7.4022 ], [ 109.5183, -7.3431 ], [ 109.5272, -7.3236 ], [ 109.5626, -7.3323 ], [ 109.5673, -7.3007 ], [ 109.5845, -7.2932 ], [ 109.5386, -7.2444 ], [ 109.5524, -7.2312 ], [ 109.5901, -7.207 ], [ 109.6113, -7.2108 ], [ 109.648, -7.1721 ], [ 109.6829, -7.1733 ], [ 109.6895, -7.1959 ], [ 109.7255, -7.2018 ], [ 109.7521, -7.1794 ], [ 109.7984, -7.1712 ], [ 109.8334, -7.1899 ], [ 109.8485, -7.1778 ], [ 109.9173, -7.1911 ], [ 109.9067, -7.2217 ], [ 109.8617, -7.2328 ], [ 109.8402, -7.286 ], [ 109.7512, -7.3886 ], [ 109.8295, -7.4198 ], [ 109.8271, -7.4477 ], [ 109.7549, -7.4397 ], [ 109.752, -7.462 ], [ 109.6844, -7.5035 ], [ 109.6328, -7.4816 ], [ 109.5871, -7.5156 ], [ 109.5587, -7.5098 ], [ 109.545, -7.5227 ], [ 109.4979, -7.5032 ], [ 109.425, -7.5364 ] ] ] } },
{ "type": "Feature", "properties": { "province": "JAWA TENGAH", "district": "BANYUMAS", "id": "JAWA TENGAH/BANYUMAS", "name": "BANYUMAS" }, "geometry": { "type": "Polygon", "coordinates": [ [ [ 109.4322, -7.5982 ], [ 109.4401, -7.6305 ], [ 109.4071, -7.6514 ], [ 109.3908, -7.6443 ], [ 109.3834, -7.6637 ], [ 109.3588, -7.6401 ], [ 109.2633, -7.6203 ], [ 109.2682, -7.5926 ], [ 109.2028, -7.5582 ], [ 109.1691, -7.5533 ], [ 109.1598, -7.5777 ], [ 109.067, -7.5734 ], [ 109.0581, -7.5563 ], [ 109.0028, -7.5438 ], [ 109.005, -7.5294 ], [ 108.9731, -7.5187 ], [ 108.9575, -7.4938 ], [ 108.9638, -7.4722 ], [ 108.9207, -7.4642 ], [ 108.9033, -7.4764 ], [ 108.8913, -7.4487 ], [ 108.9316, -7.4313 ], [ 108.9355, -7.39 ], [ 108.9671, -7.3322 ], [ 109.0281, -7.3262 ], [ 109.0362, -7.3515 ], [ 109.1139, -7.2948 ], [ 109.1057, -7.2873 ], [ 109.1272, -7.281 ], [ 109.1171, -7.2751 ], [ 109.2237, -7.2463 ], [ 109.3335, -7.4301 ], [ 109.341, -7.4583 ], [ 109.3209, -7.4823 ], [ 109.3616, -7.4853 ], [ 109.3624, -7.5151 ], [ 109.3958, -7.5369 ], [ 109.4332, -7.5366 ], [ 109.4151, -7.5657 ], [ 109.4322, -7.5982 ] ] ] } },
{ "type": "Feature", "properties": { "province": "JAWA TENGAH", "district": "BATANG", "id": "JAWA TENGAH/BATANG", "name": "BATANG" }, "geometry": { "type": "Polygon", "coordinates": [ [ [ 109.9547, -7.1169 ], [ 109.9302, -7.18 ], [ 109.9247, -7.1885 ], [ 109.9154, -7.1955 ], [ 109.8867, -7.1787 ], [ 109.8769, -7.1911 ], [ 109.8485, -7.1778 ], [ 109.8334, -7.1899 ], [ 109.784, -7.163 ], [ 109.7716, -7.116 ], [ 109.739, -7.1017 ], [ 109.7586, -7.0697 ], [ 109.7482, -6.9996 ], [ 109.7074, -6.9865 ], [ 109.6735, -6.9362 ], [ 109.6953, -6.9284 ], [ 109.714, -6.867 ], [ 109.8677, -6.9147 ], [ 110.045, -6.9212 ], [ 110.0307, -6.9296 ], [ 110.0508, -6.9412 ], [ 110.051, -6.9802 ], [ 109.9742, -7.0339 ], [ 109.9791, -7.0778 ], [ 109.9547, -7.1169 ] ] ] } },
{ "type": "Feature", "properties": { "province": "JAWA TENGAH", "district": "BLORA", "id": "JAWA TENGAH/BLORA", "name": "BLORA" }, "geometry": { "type": "Polygon", "coordinates": [ [ [ 111.4419, -7.3496 ], [ 111.445, -7.3612 ], [ 111.4608, -7.3545 ], [ 111.4631, -7.3745 ], [ 111.3449, -7.3353 ], [ 111.3447, -7.3191 ], [ 111.2862, -7.2891 ], [ 111.2441, -7.2855 ], [ 111.2121, -7.2473 ], [ 111.2379, -7.241 ], [ 111.2467, -7.1815 ], [ 111.2137, -7.0771 ], [ 111.2199, -7.0289 ], [ 111.1681, -6.9829 ], [ 111.1136, -6.979 ], [ 111.1065, -6.9621 ], [ 111.1164, -6.9149 ], [ 111.1381, -6.9208 ], [ 111.1418, -6.9011 ], [ 111.1983, -6.8983 ], [ 111.2249, -6.8461 ], [ 111.2448, -6.8627 ], [ 111.3147, -6.865 ], [ 111.3777, -6.8915 ], [ 111.4129, -6.8824 ], [ 111.4257, -6.8941 ], [ 111.4544, -6.8763 ], [ 111.5145, -6.8894 ], [ 111.5754, -6.918 ], [ 111.5721, -6.9524 ], [ 111.6223, -6.9827 ], [ 111.6134, -7.0352 ], [ 111.6299, -7.0597 ], [ 111.6125, -7.0822 ], [ 111.612, -7.1405 ], [ 111.5873, -7.1855 ], [ 111.564, -7.1895 ], [ 111.566, -7.2074 ], [ 111.5367, -7.2158 ], [ 111.5423, -7.2272 ], [ 111.4878, -7.2431 ], [ 111.4894, -7.261 ], [ 111.4601, -7.2618 ], [ 111.4517, -7.2481 ], [ 111.4514, -7.2742 ], [ 111.4385, -7.269 ], [ 111.442, -7.2895 ], [ 111.4236, -7.3092 ], [ 111.4577, -7.322 ], [ 111.4462, -7.3374 ], [ 111.4628, -7.3453 ], [ 111.4419, -7.3496 ] ] ] } },
{ "type": "Feature", "properties": { "province": "JAWA TENGAH", "district": "BOYOLALI", "id": "JAWA TENGAH/BOYOLALI", "name": "BOYOLALI" }, "geometry": { "type": "Polygon", "coordinates": [ [ [ 110.5445, -7.6255 ], [ 110.5388, -7.635 ], [ 110.5223, -7.6215 ], [ 110.5129, -7.606 ], [ 110.5235, -7.6042 ], [ 110.4676, -7.5467 ], [ 110.3801, -7.5117 ], [ 110.4326, -7.4788 ], [ 110.465, -7.4882 ], [ 110.4716, -7.4698 ], [ 110.4393, -7.4536 ], [ 110.4601, -7.4122 ], [ 110.4835, -7.4024 ], [ 110.5097, -7.4074 ], [ 110.5176, -7.4387 ], [ 110.5445, -7.4331 ], [ 110.5553, -7.4517 ], [ 110.5769, -7.423 ], [ 110.5998, -7.4478 ], [ 110.5804, -7.4451 ], [ 110.5891, -7.4648 ], [ 110.5774, -7.4622 ], [ 110.6021, -7.4904 ], [ 110.6184, -7.4882 ], [ 110.6392, -7.4953 ], [ 110.6474, -7.4912 ], [ 110.6573, -7.4965 ], [ 110.6606, -7.4963 ], [ 110.6615, -7.4747 ], [ 110.6292, -7.4644 ], [ 110.6488, -7.4479 ], [ 110.6188, -7.4465 ], [ 110.6364, -7.4289 ], [ 110.6248, -7.3823 ], [ 110.6466, -7.3326 ], [ 110.6079, -7.331 ], [ 110.6009, -7.2919 ], [ 110.6217, -7.2893 ], [ 110.621, -7.2685 ], [ 110.6363, -7.2639 ], [ 110.6276, -7.2194 ], [ 110.6925, -7.2404 ], [ 110.7058, -7.2149 ], [ 110.6902, -7.1894 ], [ 110.7438, -7.1395 ], [ 110.7438, -7.1643 ], [ 110.7694, -7.1774 ], [ 110.7602, -7.1864 ], [ 110.7855, -7.1939 ], [ 110.7668, -7.2444 ], [ 110.7942, -7.24 ], [ 110.8333, -7.1979 ], [ 110.8586, -7.2123 ], [ 110.8382, -7.2211 ], [ 110.8286, -7.2518 ], [ 110.8247, -7.2459 ], [ 110.818, -7.2461 ], [ 110.8274, -7.2622 ], [ 110.8084, -7.2509 ], [ 110.7599, -7.2699 ], [ 110.7742, -7.2674 ], [ 110.7807, -7.2698 ], [ 110.7598, -7.2966 ], [ 110.7726, -7.2948 ], [ 110.7683, -7.3059 ], [ 110.7959, -7.2724 ], [ 110.8032, -7.3277 ], [ 110.7886, -7.362 ], [ 110.8026, -7.3685 ], [ 110.7727, -7.3922 ], [ 110.7689, -7.4173 ], [ 110.7809, -7.4531 ], [ 110.8048, -7.4592 ], [ 110.8157, -7.5232 ], [ 110.8079, -7.5345 ], [ 110.781, -7.5238 ], [ 110.7093, -7.5323 ], [ 110.7264, -7.5538 ], [ 110.7023, -7.5937 ], [ 110.6003, -7.5692 ], [ 110.5971, -7.5884 ], [ 110.5476, -7.6008 ], [ 110.5445, -7.6255 ] ] ] } },
{ "type": "Feature", "properties": { "province": "JAWA TENGAH", "district": "BREBES", "id": "JAWA TENGAH/BREBES", "name": "BREBES" }, "geometry": { "type": "Polygon", "coordinates": [ [ [ 108.9992, -7.3335 ], [ 108.9517, -7.3313 ], [ 108.9506, -7.3156 ], [ 108.9285, -7.3179 ], [ 108.8932, -7.2759 ], [ 108.8626, -7.2687 ], [ 108.8526, -7.2536 ], [ 108.8646, -7.2431 ], [ 108.8188, -7.2316 ], [ 108.8107, -7.2039 ], [ 108.7904, -7.2134 ], [ 108.75, -7.1873 ], [ 108.7237, -7.1937 ], [ 108.694, -7.1598 ], [ 108.726, -7.1153 ], [ 108.7666, -7.1136 ], [ 108.7786, -7.0945 ], [ 108.7747, -7.0348 ], [ 108.7906, -7.0122 ], [ 108.7599, -6.9876 ], [ 108.7527, -6.9214 ], [ 108.8248, -6.8323 ], [ 108.8268, -6.7701 ], [ 108.8338, -6.758 ], [ 108.868, -6.8082 ], [ 108.9486, -6.8309 ], [ 108.9738, -6.8196 ], [ 108.9688, -6.8053 ], [ 108.9928, -6.809 ], [ 109.0356, -6.7682 ], [ 109.0463, -6.7832 ], [ 109.0629, -6.7654 ], [ 109.0634, -6.7897 ], [ 109.1023, -6.8397 ], [ 109.0756, -6.876 ], [ 109.0748, -6.9942 ], [ 109.0659, -6.9731 ], [ 109.0272, -6.9857 ], [ 109.025, -7.044 ], [ 108.9693, -7.0604 ], [ 108.9845, -7.1113 ], [ 108.9515, -7.1269 ], [ 108.9654, -7.1507 ], [ 108.9905, -7.1321 ], [ 109.0523, -7.1508 ], [ 109.0741, -7.1142 ], [ 109.0842, -7.1478 ], [ 109.0576, -7.1916 ], [ 109.0803, -7.215 ], [ 109.1131, -7.213 ], [ 109.1747, -7.2503 ], [ 109.1651, -7.2712 ], [ 109.1171, -7.2751 ], [ 109.127, -7.2821 ], [ 109.0801, -7.308 ], [ 109.0633, -7.3394 ], [ 109.0346, -7.3516 ], [ 109.0288, -7.3265 ], [ 108.9992, -7.3335 ] ] ] } },
{ "type": "Feature", "properties": { "province": "JAWA TENGAH", "district": "CILACAP", "id": "JAWA TENGAH/CILACAP", "name": "CILACAP" }, "geometry": { "type": "Polygon", "coordinates": [ [ [ 109.0232, -7.73 ], [ 109.0194, -7.7607 ], [ 109.0436, -7.7601 ], [ 109.0429, -7.7849 ], [ 108.7855, -7.7359 ], [ 108.8005, -7.7138 ], [ 108.7829, -7.702 ], [ 108.8021, -7.6912 ], [ 108.8013, -7.6736 ], [ 108.732, -7.6132 ], [ 108.7548, -7.5597 ], [ 108.7124, -7.4593 ], [ 108.7233, -7.431 ], [ 108.687, -7.3994 ], [ 108.6605, -7.3412 ], [ 108.5834, -7.3498 ], [ 108.5585, -7.3351 ], [ 108.5559, -7.2882 ], [ 108.5856, -7.2426 ], [ 108.5812, -7.2065 ], [ 108.5575, -7.193 ], [ 108.5682, -7.1651 ], [ 108.6349, -7.1387 ], [ 108.6586, -7.1556 ], [ 108.693, -7.1518 ], [ 108.7237, -7.1937 ], [ 108.75, -7.1873 ], [ 108.7904, -7.2134 ], [ 108.8107, -7.2039 ], [ 108.8188, -7.2316 ], [ 108.8646, -7.2431 ], [ 108.8526, -7.2538 ], [ 108.8661, -7.2722 ], [ 108.8932, -7.2759 ], [ 108.9285, -7.3179 ], [ 108.9503, -7.3154 ], [ 108.951633333333319, -7.331266666666663 ], [ 108.9674, -7.3326 ], [ 108.9355, -7.39 ], [ 108.9316, -7.4313 ], [ 108.8913, -7.4487 ], [ 108.9033, -7.4764 ], [ 108.9593, -7.4695 ], [ 108.9731, -7.5187 ], [ 109.005, -7.5294 ], [ 109.0028, -7.5438 ], [ 109.0581, -7.5563 ], [ 109.067, -7.5734 ], [ 109.1598, -7.5777 ], [ 109.1691, -7.5533 ], [ 109.2028, -7.5582 ], [ 109.2682, -7.5926 ], [ 109.2633, -7.6203 ], [ 109.359, -7.6402 ], [ 109.3863, -7.6607 ], [ 109.3796, -7.6867 ], [ 109.3955, -7.6965 ], [ 109.392, -7.7257 ], [ 109.2532, -7.6978 ], [ 109.2441, -7.6722 ], [ 109.2408, -7.6966 ], [ 109.0766, -7.6904 ], [ 109.0232, -7.73 ] ] ] } },
{ "type": "Feature", "properties": { "province": "JAWA TENGAH", "district": "DEMAK", "id": "JAWA TENGAH/DEMAK", "name": "DEMAK" }, "geometry": { "type": "Polygon", "coordinates": [ [ [ 110.5616, -7.0908 ], [ 110.5944, -7.1199 ], [ 110.5574, -7.1397 ], [ 110.5163, -7.1307 ], [ 110.4997, -7.0967 ], [ 110.4779, -7.0874 ], [ 110.5009, -7.0672 ], [ 110.4807, -7.0539 ], [ 110.5037, -7.0149 ], [ 110.4904, -7.0043 ], [ 110.5049, -6.9704 ], [ 110.501, -6.9526 ], [ 110.4632, -6.9315 ], [ 110.5758, -6.7728 ], [ 110.536, -6.7527 ], [ 110.5602, -6.7512 ], [ 110.5446, -6.7252 ], [ 110.5619, -6.7163 ], [ 110.5751, -6.7358 ], [ 110.6181, -6.7061 ], [ 110.6692, -6.72 ], [ 110.6669, -6.7645 ], [ 110.6951, -6.7685 ], [ 110.7048, -6.7948 ], [ 110.7585, -6.7912 ], [ 110.7998, -6.8383 ], [ 110.8389, -6.8482 ], [ 110.786, -6.9113 ], [ 110.7765, -6.9641 ], [ 110.7633, -6.9678 ], [ 110.7743, -6.9748 ], [ 110.7635, -6.9996 ], [ 110.7757, -7.0019 ], [ 110.7625, -7.0218 ], [ 110.7295, -7.0329 ], [ 110.6937, -7.0182 ], [ 110.6986, -7.0259 ], [ 110.6695, -7.0543 ], [ 110.6909, -7.0216 ], [ 110.6732, -7.0082 ], [ 110.6717, -6.9761 ], [ 110.6209, -6.9816 ], [ 110.6195, -7.0211 ], [ 110.594, -7.0678 ], [ 110.5616, -7.0908 ] ] ] } },
{ "type": "Feature", "properties": { "province": "JAWA TENGAH", "district": "GROBOGAN", "id": "JAWA TENGAH/GROBOGAN", "name": "GROBOGAN" }, "geometry": { "type": "Polygon", "coordinates": [ [ [ 111.2416, -7.1614 ], [ 111.2344, -7.244 ], [ 111.2005, -7.2449 ], [ 111.1776, -7.2644 ], [ 111.1071, -7.2472 ], [ 111.0578, -7.2706 ], [ 111.0299, -7.2567 ], [ 110.9554, -7.2827 ], [ 110.8456, -7.268 ], [ 110.8278, -7.2367 ], [ 110.8586, -7.2123 ], [ 110.8385, -7.1985 ], [ 110.7936, -7.2404 ], [ 110.7668, -7.2444 ], [ 110.7855, -7.1939 ], [ 110.7602, -7.1864 ], [ 110.7694, -7.1774 ], [ 110.7438, -7.1643 ], [ 110.7424, -7.1391 ], [ 110.6902, -7.1894 ], [ 110.7058, -7.2156 ], [ 110.6901, -7.2412 ], [ 110.6167, -7.2179 ], [ 110.6064, -7.1949 ], [ 110.583, -7.2027 ], [ 110.5416, -7.1817 ], [ 110.5583, -7.1397 ], [ 110.5939, -7.1224 ], [ 110.5614, -7.0904 ], [ 110.594, -7.0678 ], [ 110.6195, -7.0211 ], [ 110.6209, -6.9816 ], [ 110.6717, -6.9761 ], [ 110.6732, -7.0082 ], [ 110.6909, -7.0216 ], [ 110.6704, -7.0427 ], [ 110.6695, -7.0543 ], [ 110.6937, -7.0182 ], [ 110.7295, -7.0329 ], [ 110.7625, -7.0218 ], [ 110.7757, -7.0019 ], [ 110.7635, -6.9996 ], [ 110.7743, -6.9748 ], [ 110.7633, -6.9678 ], [ 110.7786, -6.9487 ], [ 110.8151, -7.0037 ], [ 110.8509, -6.9991 ], [ 110.8858, -6.9691 ], [ 110.9004, -6.9883 ], [ 110.9148, -6.9616 ], [ 110.9455, -6.9749 ], [ 111.0697, -6.9691 ], [ 111.111, -6.9126 ], [ 111.1113, -6.978 ], [ 111.1651, -6.9814 ], [ 111.214, -7.0221 ], [ 111.2137, -7.0771 ], [ 111.2416, -7.1614 ] ] ] } },
{ "type": "Feature", "properties": { "province": "JAWA TENGAH", "district": "JEPARA", "id": "JAWA TENGAH/JEPARA", "name": "JEPARA" }, "geometry": { "type": "MultiPolygon", "coordinates": [ [ [ [ 110.7413, -6.7941 ], [ 110.7048, -6.7948 ], [ 110.6951, -6.7685 ], [ 110.6671, -6.7648 ], [ 110.6661, -6.7175 ], [ 110.6181, -6.7061 ], [ 110.5899, -6.7238 ], [ 110.6387, -6.6879 ], [ 110.6382, -6.619 ], [ 110.6558, -6.5971 ], [ 110.6439, -6.5847 ], [ 110.662, -6.574 ], [ 110.645, -6.5555 ], [ 110.6658, -6.5323 ], [ 110.7029, -6.5367 ], [ 110.6641, -6.5026 ], [ 110.7017, -6.5181 ], [ 110.6784, -6.498 ], [ 110.7217, -6.449 ], [ 110.8363, -6.4075 ], [ 110.9751, -6.4118 ], [ 110.9687, -6.464 ], [ 110.9125, -6.5 ], [ 110.9077, -6.6146 ], [ 110.8598, -6.6233 ], [ 110.8391, -6.7029 ], [ 110.8204, -6.7087 ], [ 110.8369, -6.738 ], [ 110.8302, -6.7547 ], [ 110.7927, -6.7528 ], [ 110.7576, -6.794 ], [ 110.7413, -6.7941 ] ] ], [ [ [ 110.4692, -5.8306 ], [ 110.4775, -5.8542 ], [ 110.4472, -5.8626 ], [ 110.4486, -5.8895 ], [ 110.4309, -5.8821 ], [ 110.4316, -5.8592 ], [ 110.4104, -5.8397 ], [ 110.4757, -5.819 ], [ 110.4794, -5.8083 ], [ 110.4724, -5.7977 ], [ 110.4764, -5.8143 ], [ 110.4611, -5.8005 ], [ 110.45, -5.809 ], [ 110.4834, -5.7698 ], [ 110.4748, -5.7941 ], [ 110.4949, -5.8178 ], [ 110.4848, -5.8369 ], [ 110.4692, -5.8306 ] ] ], [ [ [ 110.1906, -5.8095 ], [ 110.1964, -5.816 ], [ 110.1812, -5.8185 ], [ 110.1845, -5.8119 ], [ 110.1906, -5.8095 ] ] ], [ [ [ 110.2511, -5.7314 ], [ 110.2544, -5.7562 ], [ 110.2455, -5.7627 ], [ 110.2311, -5.7379 ], [ 110.2511, -5.7314 ] ] ] ] } },
{ "type": "Feature", "properties": { "province": "JAWA TENGAH", "district": "KARANGANYAR", "id": "JAWA TENGAH/KARANGANYAR", "name": "KARANGANYAR" }, "geometry": { "type": "MultiPolygon", "coordinates": [ [ [ [ 111.0496, -7.7609 ], [ 111.0459, -7.7831 ], [ 111.0177, -7.7595 ], [ 110.9689, -7.7717 ], [ 110.969, -7.7407 ], [ 110.9413, -7.7397 ], [ 110.9602, -7.6844 ], [ 110.9467, -7.6183 ], [ 110.9046, -7.6142 ], [ 110.9123, -7.5842 ], [ 110.861, -7.5672 ], [ 110.8689, -7.5471 ], [ 110.855, -7.535 ], [ 110.8174, -7.5289 ], [ 110.8048, -7.4593 ], [ 110.8408, -7.4596 ], [ 110.8719, -7.4888 ], [ 110.9395, -7.4949 ], [ 111.0431, -7.537 ], [ 111.0403, -7.5113 ], [ 111.0639, -7.4958 ], [ 111.0793, -7.4994 ], [ 111.0814, -7.5276 ], [ 111.1113, -7.5313 ], [ 111.1297, -7.511 ], [ 111.148, -7.5248 ], [ 111.1531, -7.5628 ], [ 111.1945, -7.6204 ], [ 111.1819, -7.7123 ], [ 111.0496, -7.7609 ] ] ], [ [ [ 110.799, -7.5405 ], [ 110.7589, -7.5499 ], [ 110.7083, -7.5402 ], [ 110.7494, -7.5233 ], [ 110.7912, -7.5267 ], [ 110.799, -7.5405 ] ] ] ] } },
{ "type": "Feature", "properties": { "province": "JAWA TENGAH", "district": "KEBUMEN", "id": "JAWA TENGAH/KEBUMEN", "name": "KEBUMEN" }, "geometry": { "type": "Polygon", "coordinates": [ [ [ 109.8266, -7.809 ], [ 109.8192, -7.8305 ], [ 109.5259, -7.7656 ], [ 109.467, -7.7586 ], [ 109.4112, -7.7758 ], [ 109.3873, -7.7545 ], [ 109.3955, -7.6965 ], [ 109.3796, -7.6867 ], [ 109.389, -7.6458 ], [ 109.4071, -7.6514 ], [ 109.4457, -7.6211 ], [ 109.4154, -7.5697 ], [ 109.4351, -7.5288 ], [ 109.4979, -7.5032 ], [ 109.545, -7.5227 ], [ 109.5587, -7.5098 ], [ 109.5871, -7.5156 ], [ 109.6328, -7.4816 ], [ 109.6844, -7.5035 ], [ 109.7507, -7.4578 ], [ 109.7743, -7.5171 ], [ 109.7379, -7.5353 ], [ 109.7412, -7.5742 ], [ 109.7859, -7.6114 ], [ 109.815, -7.5992 ], [ 109.7981, -7.6991 ], [ 109.8305, -7.7159 ], [ 109.839, -7.7733 ], [ 109.834, -7.7934 ], [ 109.8232, -7.7761 ], [ 109.8266, -7.809 ] ] ] } },
{ "type": "Feature", "properties": { "province": "JAWA TENGAH", "district": "KENDAL", "id": "JAWA TENGAH/KENDAL", "name": "KENDAL" }, "geometry": { "type": "Polygon", "coordinates": [ [ [ 110.3394, -7.1854 ], [ 110.2969, -7.1952 ], [ 110.2921, -7.1816 ], [ 110.2589, -7.1991 ], [ 110.196, -7.175 ], [ 110.1712, -7.1444 ], [ 110.147, -7.1443 ], [ 110.1448, -7.1253 ], [ 110.1934, -7.1057 ], [ 110.1829, -7.0776 ], [ 110.1751, -7.1013 ], [ 110.1209, -7.0928 ], [ 110.0555, -7.1212 ], [ 109.9614, -7.1927 ], [ 109.9341, -7.2023 ], [ 109.9227, -7.1868 ], [ 109.9776, -7.083 ], [ 109.9742, -7.0339 ], [ 110.0135, -7.0186 ], [ 110.0502, -6.9687 ], [ 110.0575, -6.9728 ], [ 110.0647, -6.9696 ], [ 110.0342, -6.9381 ], [ 110.0471, -6.9188 ], [ 110.0342, -6.908 ], [ 110.0978, -6.8984 ], [ 110.171, -6.8446 ], [ 110.2187, -6.8604 ], [ 110.2508, -6.9098 ], [ 110.3142, -6.9377 ], [ 110.2917, -6.9502 ], [ 110.2997, -6.9599 ], [ 110.2691, -7.0465 ], [ 110.2944, -7.0538 ], [ 110.3132, -7.1063 ], [ 110.3372, -7.1043 ], [ 110.3469, -7.086 ], [ 110.3522, -7.1457 ], [ 110.3282, -7.1524 ], [ 110.344, -7.1658 ], [ 110.318, -7.1795 ], [ 110.3394, -7.1854 ] ] ] } },
{ "type": "Feature", "properties": { "province": "JAWA TENGAH", "district": "KLATEN", "id": "JAWA TENGAH/KLATEN", "name": "KLATEN" }, "geometry": { "type": "Polygon", "coordinates": [ [ [ 110.6943, -7.8076 ], [ 110.6734, -7.8 ], [ 110.676584, -7.79132 ], [ 110.6734, -7.7831 ], [ 110.6577, -7.8048 ], [ 110.6511, -7.7932 ], [ 110.6002, -7.8056 ], [ 110.5899, -7.7933 ], [ 110.5907, -7.8048 ], [ 110.5859, -7.8083 ], [ 110.565, -7.782 ], [ 110.5309, -7.7981 ], [ 110.4919, -7.7669 ], [ 110.4461, -7.5419 ], [ 110.4776, -7.5545 ], [ 110.5388, -7.635 ], [ 110.5476, -7.6008 ], [ 110.5971, -7.5884 ], [ 110.6003, -7.5692 ], [ 110.7436, -7.599 ], [ 110.7635, -7.636 ], [ 110.7993, -7.6417 ], [ 110.7685, -7.6841 ], [ 110.7703, -7.7169 ], [ 110.7121, -7.8023 ], [ 110.6943, -7.8076 ] ] ] } },
{ "type": "Feature", "properties": { "province": "JAWA TENGAH", "district": "KOTA MAGELANG", "id": "JAWA TENGAH/KOTA MAGELANG", "name": "KOTA MAGELANG" }, "geometry": { "type": "Polygon", "coordinates": [ [ [ 110.2354, -7.4859 ], [ 110.2378, -7.5056 ], [ 110.2019, -7.499 ], [ 110.2193, -7.4387 ], [ 110.2354, -7.4859 ] ] ] } },
{ "type": "Feature", "properties": { "province": "JAWA TENGAH", "district": "KOTA PEKALONGAN", "id": "JAWA TENGAH/KOTA PEKALONGAN", "name": "KOTA PEKALONGAN" }, "geometry": { "type": "Polygon", "coordinates": [ [ [ 109.6817, -6.9311 ], [ 109.6421, -6.9174 ], [ 109.6659, -6.8517 ], [ 109.7146, -6.869 ], [ 109.6953, -6.9284 ], [ 109.6817, -6.9311 ] ] ] } },
{ "type": "Feature", "properties": { "province": "JAWA TENGAH", "district": "KOTA SALATIGA", "id": "JAWA TENGAH/KOTA SALATIGA", "name": "KOTA SALATIGA" }, "geometry": { "type": "Polygon", "coordinates": [ [ [ 110.5159, -7.3652 ], [ 110.5103, -7.3869 ], [ 110.4771, -7.3743 ], [ 110.4688, -7.2959 ], [ 110.4836, -7.2862 ], [ 110.5092, -7.3018 ], [ 110.5204, -7.2924 ], [ 110.5343, -7.3575 ], [ 110.5159, -7.3652 ] ] ] } },
{ "type": "Feature", "properties": { "province": "JAWA TENGAH", "district": "KOTA SEMARANG", "id": "JAWA TENGAH/KOTA SEMARANG", "name": "KOTA SEMARANG" }, "geometry": { "type": "Polygon", "coordinates": [ [ [ 110.4822, -7.0528 ], [ 110.5009, -7.0664 ], [ 110.4847, -7.0813 ], [ 110.4543, -7.0788 ], [ 110.4029, -7.1138 ], [ 110.3774, -7.1104 ], [ 110.3764, -7.0944 ], [ 110.3561, -7.1066 ], [ 110.3462, -7.0853 ], [ 110.3372, -7.1043 ], [ 110.3132, -7.1063 ], [ 110.2944, -7.0538 ], [ 110.2691, -7.0465 ], [ 110.2997, -6.9599 ], [ 110.2917, -6.9502 ], [ 110.31, -6.9372 ], [ 110.369, -6.9551 ], [ 110.4191, -6.9429 ], [ 110.4193, -6.9517 ], [ 110.4237, -6.9548 ], [ 110.4241, -6.9368 ], [ 110.4366, -6.9506 ], [ 110.4632, -6.9315 ], [ 110.501, -6.9526 ], [ 110.5049, -6.9704 ], [ 110.4904, -7.0043 ], [ 110.5037, -7.0149 ], [ 110.4822, -7.0528 ] ] ] } },
{ "type": "Feature", "properties": { "province": "JAWA TENGAH", "district": "KOTA SURAKARTA", "id": "JAWA TENGAH/KOTA SURAKARTA", "name": "KOTA SURAKARTA" }, "geometry": { "type": "Polygon", "coordinates": [ [ [ 110.8279, -7.5928 ], [ 110.8016, -7.5714 ], [ 110.7826, -7.5759 ], [ 110.771, -7.5453 ], [ 110.7963, -7.5491 ], [ 110.815, -7.5232 ], [ 110.8627, -7.5414 ], [ 110.8603, -7.5694 ], [ 110.8279, -7.5928 ] ] ] } },
{ "type": "Feature", "properties": { "province": "JAWA TENGAH", "district": "KOTA TEGAL", "id": "JAWA TENGAH/KOTA TEGAL", "name": "KOTA TEGAL" }, "geometry": { "type": "Polygon", "coordinates": [ [ [ 109.1213, -6.8998 ], [ 109.0774, -6.8878 ], [ 109.0816, -6.8593 ], [ 109.1029, -6.8396 ], [ 109.1611, -6.8433 ], [ 109.1475, -6.8863 ], [ 109.1213, -6.8998 ] ] ] } },
{ "type": "Feature", "properties": { "province": "JAWA TENGAH", "district": "KUDUS", "id": "JAWA TENGAH/KUDUS", "name": "KUDUS" }, "geometry": { "type": "Polygon", "coordinates": [ [ [ 110.8034, -6.9554 ], [ 110.805, -6.9797 ], [ 110.772, -6.9451 ], [ 110.8389, -6.8473 ], [ 110.7998, -6.8383 ], [ 110.7592, -6.7911 ], [ 110.7925, -6.7529 ], [ 110.8302, -6.7547 ], [ 110.8369, -6.738 ], [ 110.8204, -6.7087 ], [ 110.8391, -6.7029 ], [ 110.8594, -6.624 ], [ 110.8793, -6.616 ], [ 110.9022, -6.6238 ], [ 110.8936, -6.64 ], [ 110.9348, -6.6978 ], [ 110.9258, -6.7387 ], [ 110.9655, -6.7569 ], [ 110.9768, -6.8336 ], [ 110.921, -6.8669 ], [ 110.8781, -6.8674 ], [ 110.8827, -6.8929 ], [ 110.8529, -6.8977 ], [ 110.8396, -6.9429 ], [ 110.8114, -6.94 ], [ 110.8034, -6.9554 ] ] ] } },
{ "type": "Feature", "properties": { "province": "JAWA TENGAH", "district": "MAGELANG", "id": "JAWA TENGAH/MAGELANG", "name": "MAGELANG" }, "geometry": { "type": "Polygon", "coordinates": [ [ [ 110.287, -7.68 ], [ 110.2708, -7.7066 ], [ 110.2538, -7.6416 ], [ 110.2405, -7.6543 ], [ 110.1447, -7.6498 ], [ 110.1004, -7.5692 ], [ 110.0564, -7.5726 ], [ 110.0435, -7.5274 ], [ 110.065, -7.4595 ], [ 110.0531, -7.4354 ], [ 110.0742, -7.3857 ], [ 110.1928, -7.38 ], [ 110.2163, -7.3881 ], [ 110.2151, -7.4022 ], [ 110.2234, -7.379 ], [ 110.2499, -7.3691 ], [ 110.2673, -7.3812 ], [ 110.3167, -7.3526 ], [ 110.3279, -7.3203 ], [ 110.3788, -7.3343 ], [ 110.3815, -7.3541 ], [ 110.4031, -7.3646 ], [ 110.4393, -7.4536 ], [ 110.4277, -7.4848 ], [ 110.3803, -7.5142 ], [ 110.4461, -7.542 ], [ 110.287, -7.68 ] ] ] } },
{ "type": "Feature", "properties": { "province": "JAWA TENGAH", "district": "PATI", "id": "JAWA TENGAH/PATI", "name": "PATI" }, "geometry": { "type": "Polygon", "coordinates": [ [ [ 110.9118, -6.9658 ], [ 110.9004, -6.9883 ], [ 110.8858, -6.9691 ], [ 110.8509, -6.9991 ], [ 110.8151, -7.0037 ], [ 110.8038, -6.989 ], [ 110.8048, -6.9498 ], [ 110.8396, -6.9429 ], [ 110.8529, -6.8977 ], [ 110.883, -6.8924 ], [ 110.8781, -6.8674 ], [ 110.921, -6.8669 ], [ 110.9768, -6.8336 ], [ 110.9655, -6.7569 ], [ 110.9258, -6.7387 ], [ 110.9348, -6.6978 ], [ 110.8936, -6.64 ], [ 110.912, -6.6007 ], [ 110.9126, -6.4997 ], [ 110.9687, -6.464 ], [ 110.9752, -6.4118 ], [ 110.9955, -6.4063 ], [ 111.0487, -6.4261 ], [ 111.0508, -6.4801 ], [ 111.0843, -6.5648 ], [ 111.0706, -6.5731 ], [ 111.0873, -6.5697 ], [ 111.0957, -6.5872 ], [ 111.0806, -6.5956 ], [ 111.0966, -6.5892 ], [ 111.1076, -6.6085 ], [ 111.0835, -6.6244 ], [ 111.1086, -6.6102 ], [ 111.1245, -6.6344 ], [ 111.1134, -6.6449 ], [ 111.1264, -6.6373 ], [ 111.1583, -6.6594 ], [ 111.1532, -6.675 ], [ 111.1729, -6.6612 ], [ 111.2335, -6.6866 ], [ 111.2446, -6.7962 ], [ 111.2709, -6.8289 ], [ 111.2468, -6.8624 ], [ 111.223, -6.8475 ], [ 111.1983, -6.8983 ], [ 111.1418, -6.9011 ], [ 111.1381, -6.9208 ], [ 111.1103, -6.9129 ], [ 111.0697, -6.9691 ], [ 110.9118, -6.9658 ] ] ] } },
{ "type": "Feature", "properties": { "province": "JAWA TENGAH", "district": "PEKALONGAN", "id": "JAWA TENGAH/PEKALONGAN", "name": "PEKALONGAN" }, "geometry": { "type": "Polygon", "coordinates": [ [ [ 109.5525, -7.2312 ], [ 109.5372, -7.2436 ], [ 109.4907, -7.1289 ], [ 109.5046, -7.1013 ], [ 109.4834, -7.0299 ], [ 109.4978, -6.9653 ], [ 109.562, -6.9224 ], [ 109.5658, -6.8852 ], [ 109.5961, -6.8403 ], [ 109.6594, -6.8482 ], [ 109.6643, -6.8742 ], [ 109.6472, -6.8798 ], [ 109.6422, -6.9178 ], [ 109.6689, -6.9222 ], [ 109.7074, -6.9865 ], [ 109.7482, -6.9996 ], [ 109.7586, -7.0697 ], [ 109.739, -7.1017 ], [ 109.7716, -7.116 ], [ 109.7714, -7.1428 ], [ 109.7987, -7.1712 ], [ 109.7521, -7.1794 ], [ 109.7264, -7.2018 ], [ 109.69, -7.1951 ], [ 109.6829, -7.1733 ], [ 109.648, -7.172 ], [ 109.6113, -7.2108 ], [ 109.5901, -7.207 ], [ 109.5525, -7.2312 ] ] ] } },
{ "type": "Feature", "properties": { "province": "JAWA TENGAH", "district": "PEMALANG", "id": "JAWA TENGAH/PEMALANG", "name": "PEMALANG" }, "geometry": { "type": "Polygon", "coordinates": [ [ [ 109.5216, -7.2177 ], [ 109.5321, -7.231 ], [ 109.5067, -7.2396 ], [ 109.4796, -7.2218 ], [ 109.4427, -7.1612 ], [ 109.4089, -7.2005 ], [ 109.3816, -7.1903 ], [ 109.2038, -7.2476 ], [ 109.2135, -7.2348 ], [ 109.2, -7.2242 ], [ 109.1856, -7.137 ], [ 109.2146, -7.1293 ], [ 109.2372, -7.0746 ], [ 109.2758, -7.0527 ], [ 109.292, -6.9958 ], [ 109.3357, -6.9568 ], [ 109.3254, -6.9249 ], [ 109.3597, -6.8822 ], [ 109.3505, -6.8618 ], [ 109.4382, -6.8415 ], [ 109.5049, -6.7862 ], [ 109.5193, -6.7907 ], [ 109.5226, -6.7749 ], [ 109.5618, -6.8304 ], [ 109.5992, -6.845 ], [ 109.5658, -6.8852 ], [ 109.562, -6.9224 ], [ 109.4985, -6.9641 ], [ 109.4834, -7.0296 ], [ 109.5046, -7.1 ], [ 109.4907, -7.1289 ], [ 109.5249, -7.1948 ], [ 109.5216, -7.2177 ] ] ] } },
{ "type": "Feature", "properties": { "province": "JAWA TENGAH", "district": "PURBALINGGA", "id": "JAWA TENGAH/PURBALINGGA", "name": "PURBALINGGA" }, "geometry": { "type": "Polygon", "coordinates": [ [ [ 109.4496, -7.4469 ], [ 109.4257, -7.4556 ], [ 109.4181, -7.4791 ], [ 109.4025, -7.4672 ], [ 109.364, -7.4874 ], [ 109.3452, -7.4782 ], [ 109.3374, -7.4935 ], [ 109.3212, -7.4828 ], [ 109.341, -7.4583 ], [ 109.3335, -7.4301 ], [ 109.2246, -7.2391 ], [ 109.3816, -7.1903 ], [ 109.4089, -7.2005 ], [ 109.4433, -7.1612 ], [ 109.4796, -7.2218 ], [ 109.5067, -7.2396 ], [ 109.5323, -7.2307 ], [ 109.5695, -7.2647 ], [ 109.5845, -7.2932 ], [ 109.5673, -7.3007 ], [ 109.563, -7.3319 ], [ 109.5272, -7.3236 ], [ 109.5183, -7.3431 ], [ 109.5487, -7.4022 ], [ 109.5041, -7.4105 ], [ 109.5054, -7.4501 ], [ 109.4496, -7.4469 ] ] ] } },
{ "type": "Feature", "properties": { "province": "JAWA TENGAH", "district": "PURWOREJO", "id": "JAWA TENGAH/PURWOREJO", "name": "PURWOREJO" }, "geometry": { "type": "Polygon", "coordinates": [ [ [ 110.03, -7.8808 ], [ 110.032, -7.8954 ], [ 109.8196, -7.83 ], [ 109.8405, -7.7338 ], [ 109.8001, -7.7064 ], [ 109.7981, -7.6486 ], [ 109.8147, -7.6313 ], [ 109.8139, -7.5932 ], [ 109.824, -7.5979 ], [ 109.8558, -7.5584 ], [ 109.8639, -7.529 ], [ 109.8837, -7.5361 ], [ 109.9202, -7.5193 ], [ 109.973, -7.5312 ], [ 109.968, -7.5625 ], [ 109.9995, -7.5905 ], [ 110.0171, -7.5861 ], [ 110.0363, -7.5302 ], [ 110.0598, -7.5757 ], [ 110.1004, -7.5692 ], [ 110.1414, -7.6449 ], [ 110.1173, -7.6709 ], [ 110.1386, -7.6948 ], [ 110.1297, -7.7484 ], [ 110.0626, -7.8131 ], [ 110.0435, -7.8839 ], [ 110.03, -7.8808 ] ] ] } },
{ "type": "Feature", "properties": { "province": "JAWA TENGAH", "district": "REMBANG", "id": "JAWA TENGAH/REMBANG", "name": "REMBANG" }, "geometry": { "type": "Polygon", "coordinates": [ [ [ 111.579, -6.9124 ], [ 111.4881, -6.8812 ], [ 111.3866, -6.8925 ], [ 111.2652, -6.8571 ], [ 111.2558, -6.8366 ], [ 111.2709, -6.8287 ], [ 111.2338, -6.7526 ], [ 111.2341, -6.6867 ], [ 111.3806, -6.7028 ], [ 111.4606, -6.6643 ], [ 111.491, -6.6207 ], [ 111.5626, -6.6394 ], [ 111.6914, -6.7538 ], [ 111.6844, -6.7705 ], [ 111.6629, -6.7712 ], [ 111.6583, -6.8206 ], [ 111.6191, -6.8219 ], [ 111.6079, -6.9023 ], [ 111.579, -6.9124 ] ] ] } },
{ "type": "Feature", "properties": { "province": "JAWA TENGAH", "district": "SEMARANG", "id": "JAWA TENGAH/SEMARANG", "name": "SEMARANG" }, "geometry": { "type": "MultiPolygon", "coordinates": [ [ [ [ 110.6394, -7.4941 ], [ 110.6021, -7.4904 ], [ 110.5788, -7.4655 ], [ 110.5891, -7.4648 ], [ 110.5811, -7.447 ], [ 110.5975, -7.4541 ], [ 110.5998, -7.4478 ], [ 110.5769, -7.423 ], [ 110.5553, -7.4517 ], [ 110.5445, -7.4331 ], [ 110.5176, -7.4387 ], [ 110.5089, -7.4072 ], [ 110.4653, -7.4082 ], [ 110.4375, -7.4528 ], [ 110.4031, -7.3646 ], [ 110.3815, -7.3541 ], [ 110.3788, -7.3343 ], [ 110.314, -7.3098 ], [ 110.3272, -7.296 ], [ 110.2709, -7.2518 ], [ 110.2517, -7.1974 ], [ 110.2843, -7.1875 ], [ 110.3405, -7.2002 ], [ 110.3628, -7.1747 ], [ 110.3984, -7.1668 ], [ 110.3718, -7.1482 ], [ 110.3503, -7.1578 ], [ 110.3494, -7.111 ], [ 110.3764, -7.0944 ], [ 110.3774, -7.1105 ], [ 110.4029, -7.1138 ], [ 110.4553, -7.0786 ], [ 110.4969, -7.0942 ], [ 110.5176, -7.1315 ], [ 110.5594, -7.1401 ], [ 110.546, -7.1949 ], [ 110.6064, -7.1949 ], [ 110.6275, -7.2187 ], [ 110.6363, -7.2639 ], [ 110.621, -7.2685 ], [ 110.6217, -7.2893 ], [ 110.6011, -7.2916 ], [ 110.5993, -7.3155 ], [ 110.6127, -7.3336 ], [ 110.6466, -7.3326 ], [ 110.6248, -7.3823 ], [ 110.6358, -7.4297 ], [ 110.6188, -7.4465 ], [ 110.6486, -7.4477 ], [ 110.6292, -7.4644 ], [ 110.6615, -7.4747 ], [ 110.6606, -7.4963 ], [ 110.6394, -7.4941 ] ] ], [ [ [ 110.5895, -7.4424 ], [ 110.589, -7.4423 ], [ 110.5894, -7.4423 ], [ 110.5895, -7.4424 ] ] ] ] } },
{ "type": "Feature", "properties": { "province": "JAWA TENGAH", "district": "SRAGEN", "id": "JAWA TENGAH/SRAGEN", "name": "SRAGEN" }, "geometry": { "type": "MultiPolygon", "coordinates": [ [ [ [ 111.0406, -7.5112 ], [ 111.0494, -7.5373 ], [ 110.9395, -7.4949 ], [ 110.8719, -7.4888 ], [ 110.8408, -7.4596 ], [ 110.7961, -7.4616 ], [ 110.7717, -7.4422 ], [ 110.7825, -7.4327 ], [ 110.7727, -7.3922 ], [ 110.8026, -7.3685 ], [ 110.7886, -7.362 ], [ 110.7971, -7.3078 ], [ 110.8393, -7.3149 ], [ 110.8201, -7.3222 ], [ 110.8358, -7.3243 ], [ 110.8331, -7.3447 ], [ 110.8458, -7.3317 ], [ 110.8365, -7.3231 ], [ 110.8612, -7.3165 ], [ 110.8294, -7.3062 ], [ 110.8479, -7.304 ], [ 110.8251, -7.297 ], [ 110.8368, -7.2905 ], [ 110.8385, -7.2966 ], [ 110.8425, -7.2984 ], [ 110.845, -7.2971 ], [ 110.8325, -7.2646 ], [ 110.9047, -7.2832 ], [ 110.9222, -7.2696 ], [ 110.9824, -7.2772 ], [ 111.0299, -7.2567 ], [ 111.0578, -7.2706 ], [ 111.1028, -7.2473 ], [ 111.1487, -7.2644 ], [ 111.137, -7.2975 ], [ 111.1553, -7.3134 ], [ 111.1455, -7.3683 ], [ 111.1184, -7.4145 ], [ 111.1519, -7.5222 ], [ 111.1297, -7.511 ], [ 111.1113, -7.5313 ], [ 111.0814, -7.5276 ], [ 111.0748, -7.4967 ], [ 111.0406, -7.5112 ] ] ], [ [ [ 110.7969, -7.3059 ], [ 110.7942, -7.275 ], [ 110.8033, -7.2658 ], [ 110.8177, -7.2697 ], [ 110.801, -7.2877 ], [ 110.817, -7.2956 ], [ 110.7969, -7.3059 ] ] ] ] } },
{ "type": "Feature", "properties": { "province": "JAWA TENGAH", "district": "SUKOHARJO", "id": "JAWA TENGAH/SUKOHARJO", "name": "SUKOHARJO" }, "geometry": { "type": "Polygon", "coordinates": [ [ [ 110.7644, -7.8098 ], [ 110.7532, -7.8246 ], [ 110.7133, -7.7901 ], [ 110.7703, -7.7169 ], [ 110.7685, -7.6841 ], [ 110.7997, -7.6427 ], [ 110.7635, -7.636 ], [ 110.7438, -7.5991 ], [ 110.7027, -7.5936 ], [ 110.7255, -7.538 ], [ 110.7707, -7.545 ], [ 110.7824, -7.5758 ], [ 110.802, -7.5716 ], [ 110.8188, -7.5947 ], [ 110.861, -7.5672 ], [ 110.9123, -7.5842 ], [ 110.9046, -7.6142 ], [ 110.9467, -7.6183 ], [ 110.9602, -7.6839 ], [ 110.9361, -7.7803 ], [ 110.877, -7.7463 ], [ 110.8602, -7.7592 ], [ 110.8542, -7.8138 ], [ 110.8097, -7.791 ], [ 110.785, -7.8002 ], [ 110.7856, -7.8168 ], [ 110.7644, -7.8098 ] ] ] } },
{ "type": "Feature", "properties": { "province": "JAWA TENGAH", "district": "TEGAL", "id": "JAWA TENGAH/TEGAL", "name": "TEGAL" }, "geometry": { "type": "Polygon", "coordinates": [ [ [ 109.1374, -7.2342 ], [ 109.0576, -7.1916 ], [ 109.0842, -7.1478 ], [ 109.0741, -7.1142 ], [ 109.0563, -7.1502 ], [ 108.9905, -7.1321 ], [ 108.964, -7.1497 ], [ 108.952, -7.1244 ], [ 108.9773, -7.1213 ], [ 108.9859, -7.0971 ], [ 108.9685, -7.0614 ], [ 109.0244, -7.0449 ], [ 109.0286, -6.9845 ], [ 109.0659, -6.9731 ], [ 109.0665, -6.9938 ], [ 109.0748, -6.9942 ], [ 109.0707, -6.9709 ], [ 109.0928, -6.9398 ], [ 109.0732, -6.8924 ], [ 109.1308, -6.8962 ], [ 109.1616, -6.8424 ], [ 109.2679, -6.8733 ], [ 109.3503, -6.8626 ], [ 109.3597, -6.8822 ], [ 109.3254, -6.9249 ], [ 109.3357, -6.9568 ], [ 109.292, -6.9958 ], [ 109.2758, -7.0527 ], [ 109.2372, -7.0746 ], [ 109.2146, -7.1293 ], [ 109.1846, -7.1369 ], [ 109.2135, -7.2349 ], [ 109.1671, -7.2684 ], [ 109.1755, -7.2398 ], [ 109.153, -7.2469 ], [ 109.1374, -7.2342 ] ] ] } },
{ "type": "Feature", "properties": { "province": "JAWA TENGAH", "district": "TEMANGGUNG", "id": "JAWA TENGAH/TEMANGGUNG", "name": "TEMANGGUNG" }, "geometry": { "type": "Polygon", "coordinates": [ [ [ 110.2385, -7.372 ], [ 110.2151, -7.4022 ], [ 110.2163, -7.3881 ], [ 110.1928, -7.38 ], [ 110.0732, -7.3854 ], [ 109.9984, -7.3135 ], [ 109.9949, -7.2611 ], [ 109.9331, -7.2031 ], [ 110.1099, -7.0952 ], [ 110.1751, -7.1013 ], [ 110.1772, -7.0822 ], [ 110.1927, -7.0799 ], [ 110.1934, -7.1057 ], [ 110.1404, -7.1381 ], [ 110.1846, -7.1515 ], [ 110.2135, -7.1856 ], [ 110.2521, -7.1888 ], [ 110.2709, -7.2518 ], [ 110.3218, -7.2875 ], [ 110.3281, -7.3018 ], [ 110.3135, -7.3088 ], [ 110.33, -7.3119 ], [ 110.3167, -7.3526 ], [ 110.2673, -7.3812 ], [ 110.2385, -7.372 ] ] ] } },
{ "type": "Feature", "properties": { "province": "JAWA TENGAH", "district": "WONOGIRI", "id": "JAWA TENGAH/WONOGIRI", "name": "WONOGIRI" }, "geometry": { "type": "Polygon", "coordinates": [ [ [ 110.874, -8.2067 ], [ 110.8347, -8.2032 ], [ 110.8387, -8.178 ], [ 110.8176, -8.1563 ], [ 110.83, -8.1362 ], [ 110.789, -8.1564 ], [ 110.7876, -8.1032 ], [ 110.7556, -8.0247 ], [ 110.785, -7.8002 ], [ 110.8329, -7.7954 ], [ 110.8542, -7.8138 ], [ 110.8638, -7.7529 ], [ 110.904, -7.7527 ], [ 110.9361, -7.7803 ], [ 110.9412, -7.7399 ], [ 110.9587, -7.7339 ], [ 110.9746, -7.7576 ], [ 110.9656, -7.7667 ], [ 110.9685, -7.7715 ], [ 111.0177, -7.7595 ], [ 111.0459, -7.7831 ], [ 111.0505, -7.7593 ], [ 111.1095, -7.7374 ], [ 111.1118, -7.7486 ], [ 111.1537, -7.7144 ], [ 111.1915, -7.7124 ], [ 111.2385, -7.7511 ], [ 111.2745, -7.7349 ], [ 111.2901, -7.7429 ], [ 111.2807, -7.7891 ], [ 111.3193, -7.8544 ], [ 111.2978, -7.862 ], [ 111.2711, -7.9418 ], [ 111.2463, -7.9488 ], [ 111.2166, -7.926 ], [ 111.198, -7.9399 ], [ 111.1837, -7.919 ], [ 111.1549, -7.9225 ], [ 111.147, -7.9663 ], [ 111.1234, -7.9725 ], [ 111.1363, -8.0183 ], [ 111.1277, -8.0639 ], [ 111.0931, -8.0653 ], [ 111.0926, -8.0298 ], [ 111.077, -8.0247 ], [ 111.0717, -8.064 ], [ 111.0356, -8.0807 ], [ 110.9932, -8.0823 ], [ 110.9532, -8.0624 ], [ 110.9083, -8.1255 ], [ 110.9087, -8.2109 ], [ 110.874, -8.2067 ] ] ] } },
{ "type": "Feature", "properties": { "province": "JAWA TENGAH", "district": "WONOSOBO", "id": "JAWA TENGAH/WONOSOBO", "name": "WONOSOBO" }, "geometry": { "type": "Polygon", "coordinates": [ [ [ 109.7909, -7.6103 ], [ 109.7412, -7.5742 ], [ 109.7379, -7.5353 ], [ 109.7743, -7.5171 ], [ 109.7534, -7.4417 ], [ 109.8254, -7.4486 ], [ 109.833, -7.4228 ], [ 109.7512, -7.3886 ], [ 109.8402, -7.286 ], [ 109.8617, -7.2328 ], [ 109.9067, -7.2217 ], [ 109.9227, -7.1872 ], [ 109.9949, -7.2611 ], [ 109.9984, -7.3135 ], [ 110.0742, -7.3857 ], [ 110.0531, -7.4354 ], [ 110.065, -7.4595 ], [ 110.0458, -7.5345 ], [ 110.0279, -7.5294 ], [ 110.0171, -7.5861 ], [ 109.9995, -7.5905 ], [ 109.968, -7.5625 ], [ 109.973, -7.5312 ], [ 109.9202, -7.5193 ], [ 109.8837, -7.5361 ], [ 109.8682, -7.5277 ], [ 109.824, -7.5979 ], [ 109.7909, -7.6103 ] ] ] } },
{ "type": "Feature", "properties": { "province": "JAWA TIMUR", "district": "BANGKALAN", "id": "JAWA TIMUR/BANGKALAN", "name": "BANGKALAN" }, "geometry": { "type": "MultiPolygon", "coordinates": [ [ [ [ 112.1705, -8.1244 ], [ 112.1597, -8.1367 ], [ 112.1477, -8.121 ], [ 112.1716, -8.1041 ], [ 112.1831, -8.0704 ], [ 112.1693, -8.067 ], [ 112.1862, -8.0558 ], [ 112.2005, -8.0928 ], [ 112.1705, -8.1244 ] ] ], [ [ [ 112.6454, -8.0483 ], [ 112.6317, -8.0459 ], [ 112.6332, -7.994 ], [ 112.6728, -8.0114 ], [ 112.6729, -8.0318 ], [ 112.6454, -8.0483 ] ] ], [ [ [ 112.6467, -7.9908 ], [ 112.6354, -7.9872 ], [ 112.6412, -7.9229 ], [ 112.6686, -7.946 ], [ 112.6467, -7.9908 ] ] ], [ [ [ 112.6305, -7.9618 ], [ 112.634, -7.966 ], [ 112.6304, -7.973 ], [ 112.6156, -7.9515 ], [ 112.6305, -7.9618 ] ] ], [ [ [ 111.5506, -7.6226 ], [ 111.5434, -7.6383 ], [ 111.5193, -7.6304 ], [ 111.5569, -7.5954 ], [ 111.5506, -7.6226 ] ] ], [ [ [ 112.7378, -7.3449 ], [ 112.7047, -7.3361 ], [ 112.6646, -7.3514 ], [ 112.6609, -7.336 ], [ 112.6955, -7.3344 ], [ 112.6908, -7.3224 ], [ 112.724, -7.3077 ], [ 112.7481, -7.3198 ], [ 112.7378, -7.3449 ] ] ], [ [ [ 112.827, -7.3329 ], [ 112.8129, -7.3463 ], [ 112.7674, -7.3417 ], [ 112.7532, -7.3118 ], [ 112.7806, -7.2923 ], [ 112.7901, -7.3044 ], [ 112.7728, -7.3091 ], [ 112.8457, -7.3042 ], [ 112.827, -7.3329 ] ] ], [ [ [ 113.2061, -7.3067 ], [ 113.2188, -7.3082 ], [ 113.2247, -7.311 ], [ 113.2137, -7.3146 ], [ 113.2061, -7.3067 ] ] ], [ [ [ 112.5458, -7.2598 ], [ 112.5036, -7.2661 ], [ 112.5163, -7.2436 ], [ 112.5074, -7.2254 ], [ 112.5639, -7.2146 ], [ 112.5514, -7.2454 ], [ 112.5628, -7.2461 ], [ 112.5458, -7.2598 ] ] ], [ [ [ 113.2861, -7.1832 ], [ 113.3307, -7.2086 ], [ 113.2025, -7.2223 ], [ 113.2378, -7.1704 ], [ 113.2107, -7.1 ], [ 113.2352, -7.0798 ], [ 113.3033, -7.0778 ], [ 113.3035, -7.0554 ], [ 113.3284, -7.0421 ], [ 113.2765, -7.0618 ], [ 113.2353, -6.9907 ], [ 113.2254, -7.016 ], [ 113.2, -7.0156 ], [ 113.1924, -6.9912 ], [ 113.1572, -6.9863 ], [ 113.1869, -6.9536 ], [ 113.1045, -6.9674 ], [ 113.0952, -6.9453 ], [ 113.1156, -6.9365 ], [ 113.1245, -6.8927 ], [ 113.2221, -6.8937 ], [ 113.2366, -6.9616 ], [ 113.2944, -6.9535 ], [ 113.3246, -6.9659 ], [ 113.3305, -7.0385 ], [ 113.3599, -7.0233 ], [ 113.3955, -7.0296 ], [ 113.3935, -7.0733 ], [ 113.3632, -7.1014 ], [ 113.3674, -7.1385 ], [ 113.3525, -7.1555 ], [ 113.3125, -7.1571 ], [ 113.2861, -7.1832 ] ] ], [ [ [ 112.729, -7.2813 ], [ 112.7134, -7.2903 ], [ 112.7106, -7.2522 ], [ 112.7146, -7.2563 ], [ 112.7425, -7.2561 ], [ 112.7485, -7.2436 ], [ 112.7653, -7.2551 ], [ 112.7428, -7.2903 ], [ 112.729, -7.2813 ] ] ], [ [ [ 113.1587, -7.1618 ], [ 113.178, -7.1667 ], [ 113.1856, -7.1849 ], [ 113.1429, -7.1884 ], [ 113.1372, -7.1573 ], [ 113.1587, -7.1618 ] ] ], [ [ [ 112.8559, -7.1153 ], [ 112.8312, -7.1382 ], [ 112.7985, -7.1222 ], [ 112.801, -7.1021 ], [ 112.836, -7.1043 ], [ 112.8422, -7.0799 ], [ 112.8559, -7.1153 ] ] ], [ [ [ 112.4942, -7.1159 ], [ 112.4798, -7.0963 ], [ 112.4867, -7.0687 ], [ 112.5331, -7.0741 ], [ 112.5356, -7.0962 ], [ 112.4942, -7.1159 ] ] ], [ [ [ 112.3816, -7.0961 ], [ 112.3567, -7.1024 ], [ 112.4028, -7.0644 ], [ 112.4473, -7.0572 ], [ 112.4779, -7.07 ], [ 112.4676, -7.0923 ], [ 112.4478, -7.0782 ], [ 112.4215, -7.0803 ], [ 112.4213, -7.0954 ], [ 112.3983, -7.1042 ], [ 112.3816, -7.0961 ] ] ], [ [ [ 112.8229, -7.0613 ], [ 112.8302, -7.0429 ], [ 112.8443, -7.0422 ], [ 112.8368, -7.0758 ], [ 112.8119, -7.0696 ], [ 112.8229, -7.0613 ] ] ], [ [ [ 113.5935, -7.062 ], [ 113.6139, -7.0789 ], [ 113.5364, -7.0617 ], [ 113.5171, -7.03 ], [ 113.5327, -6.9946 ], [ 113.5542, -7.0117 ], [ 113.5676, -6.9803 ], [ 113.6103, -6.9858 ], [ 113.6121, -7.0113 ], [ 113.5776, -7.033 ], [ 113.6048, -7.0425 ], [ 113.5935, -7.062 ] ] ], [ [ [ 112.4175, -7.0256 ], [ 112.4504, -7.0014 ], [ 112.4497, -7.0163 ], [ 112.4745, -7.0046 ], [ 112.4789, -7.0318 ], [ 112.449, -7.0281 ], [ 112.423, -7.049 ], [ 112.4175, -7.0256 ] ] ], [ [ [ 112.5738, -7.0402 ], [ 112.4996, -6.9762 ], [ 112.5304, -6.9839 ], [ 112.5318, -6.9998 ], [ 112.5654, -6.9911 ], [ 112.5876, -6.9677 ], [ 112.5832, -6.9392 ], [ 112.566, -6.957 ], [ 112.5603, -6.9279 ], [ 112.4982, -6.9449 ], [ 112.4849, -6.9297 ], [ 112.4996, -6.9039 ], [ 112.5488, -6.9065 ], [ 112.5541, -6.8844 ], [ 112.5341, -6.874 ], [ 112.5502, -6.8451 ], [ 112.5732, -6.8947 ], [ 112.596, -6.9022 ], [ 112.5963, -6.9511 ], [ 112.613, -6.97 ], [ 112.5738, -7.0402 ] ] ], [ [ [ 112.3663, -6.9916 ], [ 112.3484, -6.9539 ], [ 112.3131, -6.9604 ], [ 112.3072, -6.9374 ], [ 112.2874, -6.9496 ], [ 112.2895, -6.9196 ], [ 112.2747, -6.9058 ], [ 112.3009, -6.8991 ], [ 112.2965, -6.8734 ], [ 112.3583, -6.8636 ], [ 112.3771, -6.8762 ], [ 112.3636, -6.9049 ], [ 112.4294, -6.9012 ], [ 112.425, -6.9488 ], [ 112.3749, -6.9582 ], [ 112.3663, -6.9916 ] ] ], [ [ [ 112.6304, -5.8442 ], [ 112.6208, -5.8699 ], [ 112.6219, -5.8544 ], [ 112.5769, -5.8451 ], [ 112.5888, -5.8234 ], [ 112.6291, -5.8207 ], [ 112.6372, -5.8052 ], [ 112.6395, -5.826 ], [ 112.6649, -5.8287 ], [ 112.6657, -5.8501 ], [ 112.6304, -5.8442 ] ] ] ] } },
{ "type": "Feature", "properties": { "province": "JAWA TIMUR", "district": "BANYUWANGI", "id": "JAWA TIMUR/BANYUWANGI", "name": "BANYUWANGI" }, "geometry": { "type": "MultiPolygon", "coordinates": [ [ [ [ 114.2038, -8.6572 ], [ 114.2034, -8.6561 ], [ 114.2043, -8.6556 ], [ 114.2044, -8.6564 ], [ 114.2038, -8.6572 ] ] ], [ [ [ 114.3655, -8.5372 ], [ 114.3852, -8.5067 ], [ 114.3857, -8.4467 ], [ 114.4094, -8.5098 ], [ 114.4079, -8.5691 ], [ 114.4392, -8.6306 ], [ 114.4572, -8.6388 ], [ 114.4809, -8.6179 ], [ 114.5146, -8.6502 ], [ 114.5697, -8.6603 ], [ 114.6049, -8.7161 ], [ 114.5868, -8.7633 ], [ 114.5336, -8.7804 ], [ 114.3452, -8.7429 ], [ 114.3764, -8.7055 ], [ 114.37, -8.6707 ], [ 114.3258, -8.6279 ], [ 114.2594, -8.6025 ], [ 114.2279, -8.6046 ], [ 114.2206, -8.6454 ], [ 114.0939, -8.6156 ], [ 114.0845, -8.6296 ], [ 114.0598, -8.6267 ], [ 114.0495, -8.6468 ], [ 114.0152, -8.5903 ], [ 113.996, -8.5941 ], [ 113.9961, -8.6106 ], [ 113.9899, -8.5992 ], [ 113.9565, -8.614 ], [ 113.9471, -8.5999 ], [ 113.9687, -8.5841 ], [ 113.946, -8.5592 ], [ 113.9089, -8.5802 ], [ 113.8757, -8.5575 ], [ 113.837, -8.5547 ], [ 113.855, -8.5195 ], [ 113.8421, -8.4943 ], [ 113.8546, -8.4298 ], [ 113.8903, -8.4099 ], [ 113.9102, -8.4419 ], [ 113.9473, -8.4017 ], [ 113.909, -8.3468 ], [ 113.9272, -8.3276 ], [ 113.9344, -8.255 ], [ 113.9664, -8.2329 ], [ 113.9578, -8.2058 ], [ 114.0604, -8.1224 ], [ 114.1465, -8.101 ], [ 114.1844, -8.1209 ], [ 114.2139, -8.0997 ], [ 114.2488, -8.0456 ], [ 114.225, -7.9831 ], [ 114.3036, -7.8847 ], [ 114.4238, -7.9355 ], [ 114.4346, -8.0317 ], [ 114.3986, -8.1205 ], [ 114.3826, -8.1969 ], [ 114.3905, -8.235 ], [ 114.3658, -8.2813 ], [ 114.3449, -8.4066 ], [ 114.3235, -8.4062 ], [ 114.3174, -8.4316 ], [ 114.3406, -8.4325 ], [ 114.356, -8.4589 ], [ 114.3638, -8.4919 ], [ 114.3502, -8.5254 ], [ 114.3655, -8.5372 ] ] ] ] } },
{ "type": "Feature", "properties": { "province": "JAWA TIMUR", "district": "BLITAR", "id": "JAWA TIMUR/BLITAR", "name": "BLITAR" }, "geometry": { "type": "Polygon", "coordinates": [ [ [ 112.3825, -8.2732 ], [ 112.3806, -8.3058 ], [ 112.349, -8.3519 ], [ 112.3285, -8.331 ], [ 112.3165, -8.3425 ], [ 112.2866, -8.332 ], [ 112.2634, -8.3505 ], [ 112.2208, -8.3428 ], [ 112.216, -8.3262 ], [ 112.1544, -8.3289 ], [ 112.1429, -8.3157 ], [ 112.1297, -8.3257 ], [ 112.1256, -8.2988 ], [ 112.1228, -8.3158 ], [ 112.0296, -8.3178 ], [ 112.0286, -8.1687 ], [ 112.0675, -8.1941 ], [ 112.0959, -8.1893 ], [ 112.1219, -8.1254 ], [ 111.9978, -8.0922 ], [ 111.9946, -8.0593 ], [ 111.9556, -7.998 ], [ 111.9761, -8.0121 ], [ 111.9775, -7.9963 ], [ 112.096, -7.9902 ], [ 112.0961, -7.9699 ], [ 112.1683, -7.9751 ], [ 112.2631, -7.9444 ], [ 112.2818, -7.945 ], [ 112.2682, -7.9693 ], [ 112.2296, -7.9793 ], [ 112.2514, -7.9993 ], [ 112.3045, -7.9297 ], [ 112.3705, -7.9573 ], [ 112.4218, -7.9472 ], [ 112.4156, -7.9619 ], [ 112.4437, -7.9709 ], [ 112.4295, -7.9872 ], [ 112.4481, -7.984 ], [ 112.4334, -8.0129 ], [ 112.4642, -8.0179 ], [ 112.4578, -8.1265 ], [ 112.4303, -8.1592 ], [ 112.366, -8.1755 ], [ 112.3933, -8.2273 ], [ 112.3825, -8.2732 ] ] ] } },
{ "type": "Feature", "properties": { "province": "JAWA TIMUR", "district": "BOJONEGORO", "id": "JAWA TIMUR/BOJONEGORO", "name": "BOJONEGORO" }, "geometry": { "type": "Polygon", "coordinates": [ [ [ 111.798, -7.4434 ], [ 111.788, -7.4646 ], [ 111.7671, -7.4687 ], [ 111.5749, -7.3486 ], [ 111.5279, -7.3722 ], [ 111.4573, -7.352 ], [ 111.4444, -7.361 ], [ 111.4457, -7.3452 ], [ 111.4628, -7.3453 ], [ 111.4462, -7.3374 ], [ 111.4577, -7.322 ], [ 111.4237, -7.3103 ], [ 111.442, -7.2895 ], [ 111.4385, -7.269 ], [ 111.4514, -7.2742 ], [ 111.4517, -7.2481 ], [ 111.4601, -7.2618 ], [ 111.4894, -7.261 ], [ 111.4878, -7.2431 ], [ 111.5423, -7.2272 ], [ 111.5367, -7.2158 ], [ 111.5659, -7.2075 ], [ 111.566, -7.1871 ], [ 111.5873, -7.1855 ], [ 111.6218, -7.1086 ], [ 111.6125, -7.0822 ], [ 111.6282, -7.0754 ], [ 111.6134, -7.0352 ], [ 111.6217, -6.9865 ], [ 111.6526, -7.0002 ], [ 111.6601, -7.0392 ], [ 111.6952, -7.0544 ], [ 111.7213, -7.0913 ], [ 111.7815, -7.1077 ], [ 111.7939, -7.0843 ], [ 111.8293, -7.0931 ], [ 111.8601, -7.1302 ], [ 111.9303, -7.1328 ], [ 111.9326, -7.16 ], [ 111.9485, -7.1592 ], [ 111.9549, -7.1322 ], [ 111.9836, -7.164 ], [ 111.9947, -7.1149 ], [ 112.0104, -7.1303 ], [ 112.0053, -7.0952 ], [ 112.0201, -7.0886 ], [ 112.0199, -7.0674 ], [ 112.0435, -7.0709 ], [ 112.0415, -7.0821 ], [ 112.0824, -7.0654 ], [ 112.0856, -7.0856 ], [ 112.1248, -7.0884 ], [ 112.1225, -7.1082 ], [ 112.1308, -7.0968 ], [ 112.165, -7.1154 ], [ 112.1186, -7.2119 ], [ 112.087, -7.2297 ], [ 112.09, -7.3041 ], [ 112.0726, -7.3331 ], [ 112.0856, -7.3572 ], [ 112.0619, -7.3668 ], [ 112.0317, -7.3432 ], [ 112.0256, -7.3613 ], [ 112.0082, -7.361 ], [ 112.0161, -7.3442 ], [ 112.0016, -7.3425 ], [ 112.0073, -7.4031 ], [ 111.9432, -7.4063 ], [ 111.9589, -7.4276 ], [ 111.9404, -7.4401 ], [ 111.8794, -7.4369 ], [ 111.8839, -7.4083 ], [ 111.872, -7.4041 ], [ 111.8565, -7.4372 ], [ 111.8254, -7.412 ], [ 111.8087, -7.4311 ], [ 111.8212, -7.4347 ], [ 111.8149, -7.4507 ], [ 111.798, -7.4434 ] ] ] } },
{ "type": "Feature", "properties": { "province": "JAWA TIMUR", "district": "BONDOWOSO", "id": "JAWA TIMUR/BONDOWOSO", "name": "BONDOWOSO" }, "geometry": { "type": "Polygon", "coordinates": [ [ [ 114.1605, -7.9741 ], [ 114.2118, -7.9778 ], [ 114.2383, -8.0061 ], [ 114.2469, -8.0543 ], [ 114.2197, -8.0737 ], [ 114.2141, -8.0995 ], [ 114.1844, -8.1209 ], [ 114.1465, -8.101 ], [ 114.0433, -8.1337 ], [ 114.009, -8.0745 ], [ 113.9028, -8.0183 ], [ 113.8864, -8.0148 ], [ 113.8681, -8.0359 ], [ 113.8454, -8.024 ], [ 113.8543, -8.0458 ], [ 113.8022, -8.0577 ], [ 113.7705, -8.0387 ], [ 113.749, -8.0654 ], [ 113.7262, -8.0236 ], [ 113.6872, -8.0115 ], [ 113.6713, -7.9684 ], [ 113.6233, -7.962 ], [ 113.722, -7.8798 ], [ 113.7397, -7.7889 ], [ 113.8018, -7.8166 ], [ 113.8343, -7.8131 ], [ 113.8522, -7.7946 ], [ 113.9346, -7.7928 ], [ 113.9508, -7.7652 ], [ 113.9914, -7.7783 ], [ 114.0066, -7.7568 ], [ 114.0794, -7.7707 ], [ 114.1276, -7.993 ], [ 114.1605, -7.9741 ] ] ] } },
{ "type": "Feature", "properties": { "province": "JAWA TIMUR", "district": "GRESIK", "id": "JAWA TIMUR/GRESIK", "name": "GRESIK" }, "geometry": { "type": "MultiPolygon", "coordinates": [ [ [ [ 112.6296, -8.0282 ], [ 112.5782, -7.9849 ], [ 112.5993, -7.9818 ], [ 112.5926, -7.948 ], [ 112.614, -7.9837 ], [ 112.6384, -7.9777 ], [ 112.6455, -7.9935 ], [ 112.6572, -7.965 ], [ 112.6948, -7.9827 ], [ 112.6789, -8.0103 ], [ 112.6333, -7.9939 ], [ 112.6296, -8.0282 ] ] ], [ [ [ 112.5234, -7.9135 ], [ 112.5292, -7.9254 ], [ 112.4886, -7.9324 ], [ 112.5074, -7.9092 ], [ 112.5234, -7.9135 ] ] ], [ [ [ 112.5817, -7.9102 ], [ 112.55, -7.9204 ], [ 112.5304, -7.9055 ], [ 112.5522, -7.8874 ], [ 112.5289, -7.8421 ], [ 112.4986, -7.8582 ], [ 112.493, -7.8472 ], [ 112.4782, -7.7689 ], [ 112.5333, -7.7253 ], [ 112.5748, -7.734 ], [ 112.5882, -7.7667 ], [ 112.5631, -7.8142 ], [ 112.5644, -7.8809 ], [ 112.5947, -7.9034 ], [ 112.5817, -7.9102 ] ] ], [ [ [ 112.4614, -7.4731 ], [ 112.4507, -7.4818 ], [ 112.4317, -7.4602 ], [ 112.4551, -7.4474 ], [ 112.4614, -7.4731 ] ] ], [ [ [ 112.4027, -7.3221 ], [ 112.3913, -7.3335 ], [ 112.3683, -7.3247 ], [ 112.4128, -7.3076 ], [ 112.419, -7.3168 ], [ 112.4027, -7.3221 ] ] ], [ [ [ 112.6278, -7.2967 ], [ 112.6294, -7.3116 ], [ 112.5631, -7.3119 ], [ 112.5186, -7.2683 ], [ 112.6046, -7.2334 ], [ 112.602, -7.2465 ], [ 112.6327, -7.2627 ], [ 112.6278, -7.2967 ] ] ], [ [ [ 112.4853, -7.2942 ], [ 112.4845, -7.3084 ], [ 112.4623, -7.3124 ], [ 112.4747, -7.2737 ], [ 112.4628, -7.2474 ], [ 112.4726, -7.2045 ], [ 112.5045, -7.1776 ], [ 112.5231, -7.2173 ], [ 112.5074, -7.2254 ], [ 112.5163, -7.2436 ], [ 112.4853, -7.2942 ] ] ], [ [ [ 112.7209, -7.2471 ], [ 112.7204, -7.2533 ], [ 112.7277, -7.2559 ], [ 112.7151, -7.2551 ], [ 112.7209, -7.2471 ] ] ], [ [ [ 112.7448, -7.2384 ], [ 112.7468, -7.2483 ], [ 112.7175, -7.1991 ], [ 112.7257, -7.2098 ], [ 112.7236, -7.198 ], [ 112.757, -7.1978 ], [ 112.7576, -7.2346 ], [ 112.7448, -7.2384 ] ] ], [ [ [ 112.6371, -7.1992 ], [ 112.6134, -7.209 ], [ 112.5691, -7.142 ], [ 112.545, -7.1774 ], [ 112.5174, -7.1653 ], [ 112.498, -7.1326 ], [ 112.4731, -7.1386 ], [ 112.476, -7.1259 ], [ 112.4965, -7.1274 ], [ 112.5015, -7.1068 ], [ 112.5336, -7.0978 ], [ 112.5927, -7.1127 ], [ 112.6033, -7.087 ], [ 112.5884, -7.0854 ], [ 112.5793, -7.1059 ], [ 112.5755, -7.058 ], [ 112.5981, -7.0695 ], [ 112.6175, -7.032 ], [ 112.6402, -7.0639 ], [ 112.6125, -7.1018 ], [ 112.6285, -7.1063 ], [ 112.6282, -7.1353 ], [ 112.6623, -7.1581 ], [ 112.6427, -7.1697 ], [ 112.6672, -7.178 ], [ 112.6592, -7.1964 ], [ 112.6371, -7.1992 ] ] ], [ [ [ 112.9064, -7.1798 ], [ 112.8212, -7.1602 ], [ 112.8245, -7.1358 ], [ 112.8703, -7.1123 ], [ 112.8874, -7.1184 ], [ 112.8959, -7.1441 ], [ 112.9168, -7.1394 ], [ 112.9186, -7.1831 ], [ 112.9064, -7.1798 ] ] ], [ [ [ 113.446, -7.1445 ], [ 113.3999, -7.1334 ], [ 113.3571, -7.1536 ], [ 113.3636, -7.1004 ], [ 113.3935, -7.0733 ], [ 113.4537, -7.0774 ], [ 113.4679, -7.1313 ], [ 113.446, -7.1445 ] ] ], [ [ [ 112.7986, -7.1209 ], [ 112.7888, -7.1487 ], [ 112.7466, -7.1461 ], [ 112.7675, -7.1275 ], [ 112.7629, -7.1093 ], [ 112.7982, -7.1009 ], [ 112.7986, -7.1209 ] ] ], [ [ [ 113.5977, -7.1119 ], [ 113.5865, -7.1221 ], [ 113.5829, -7.0913 ], [ 113.4886, -7.1161 ], [ 113.4705, -7.0993 ], [ 113.478, -7.074 ], [ 113.4435, -7.0611 ], [ 113.4383, -7.0118 ], [ 113.4195, -7.0062 ], [ 113.4299, -6.9738 ], [ 113.4758, -6.9929 ], [ 113.4888, -7.0162 ], [ 113.5208, -7.015 ], [ 113.5367, -7.062 ], [ 113.6139, -7.0789 ], [ 113.6209, -7.1037 ], [ 113.5977, -7.1119 ] ] ], [ [ [ 112.5421, -7.0708 ], [ 112.5368, -7.0807 ], [ 112.4982, -7.0616 ], [ 112.4326, -7.0661 ], [ 112.423, -7.049 ], [ 112.449, -7.0281 ], [ 112.4785, -7.0324 ], [ 112.4697, -7.0186 ], [ 112.4809, -7.0024 ], [ 112.5089, -7.0139 ], [ 112.4968, -7.0287 ], [ 112.5191, -7.0471 ], [ 112.5524, -7.0504 ], [ 112.5421, -7.0708 ] ] ], [ [ [ 113.6907, -7.08 ], [ 113.7068, -6.9937 ], [ 113.7879, -7.0033 ], [ 113.7865, -7.0379 ], [ 113.7405, -7.0414 ], [ 113.7304, -7.0807 ], [ 113.6907, -7.08 ] ] ], [ [ [ 113.6862, -7.0384 ], [ 113.6893, -7.0427 ], [ 113.6806, -7.0398 ], [ 113.6811, -7.0371 ], [ 113.6862, -7.0384 ] ] ], [ [ [ 115.467, -6.9778 ], [ 115.4763, -7.0059 ], [ 115.4257, -6.9851 ], [ 115.4625, -6.9722 ], [ 115.467, -6.9778 ] ] ], [ [ [ 112.223, -7.0336 ], [ 112.2033, -7.0294 ], [ 112.2146, -7.0095 ], [ 112.2025, -6.9458 ], [ 112.2565, -6.9413 ], [ 112.2731, -6.9206 ], [ 112.2917, -6.9526 ], [ 112.3116, -6.9405 ], [ 112.3112, -6.999 ], [ 112.2372, -7.01 ], [ 112.223, -7.0336 ] ] ], [ [ [ 112.3059, -7.0163 ], [ 112.316, -7.0188 ], [ 112.3143, -7.0295 ], [ 112.2956, -7.0244 ], [ 112.3059, -7.0163 ] ] ], [ [ [ 112.9866, -7.007 ], [ 112.9962, -7.0195 ], [ 112.9811, -7.0443 ], [ 112.9537, -6.9822 ], [ 112.9141, -6.9585 ], [ 112.9441, -6.9552 ], [ 112.9715, -6.9178 ], [ 112.9978, -6.9192 ], [ 113.0118, -6.8879 ], [ 113.0256, -6.881 ], [ 113.1245, -6.8927 ], [ 113.1156, -6.9365 ], [ 113.1014, -6.9319 ], [ 113.0951, -6.9462 ], [ 113.1083, -6.9534 ], [ 113.105, -6.9871 ], [ 113.1477, -6.9839 ], [ 113.1332, -7.0359 ], [ 113.0797, -7.0097 ], [ 113.0217, -7.0187 ], [ 112.9866, -7.007 ] ] ], [ [ [ 115.527, -6.8878 ], [ 115.5764, -6.9323 ], [ 115.5497, -6.9663 ], [ 115.5195, -6.9453 ], [ 115.498, -6.9492 ], [ 115.4757, -6.9237 ], [ 115.4538, -6.932 ], [ 115.462, -6.9222 ], [ 115.4493, -6.9116 ], [ 115.4373, -6.9467 ], [ 115.4284, -6.9173 ], [ 115.4122, -6.9429 ], [ 115.3974, -6.9079 ], [ 115.3814, -6.9241 ], [ 115.3783, -6.9 ], [ 115.3653, -6.9103 ], [ 115.3633, -6.8724 ], [ 115.3732, -6.8734 ], [ 115.3793, -6.8716 ], [ 115.3792, -6.8714 ], [ 115.2821, -6.8597 ], [ 115.2797, -6.8291 ], [ 115.3759, -6.8353 ], [ 115.3796, -6.8713 ], [ 115.431, -6.8707 ], [ 115.4467, -6.8842 ], [ 115.4579, -6.8552 ], [ 115.527, -6.8878 ] ] ], [ [ [ 115.2102, -6.9231 ], [ 115.198, -6.9218 ], [ 115.2071, -6.8899 ], [ 115.24, -6.8862 ], [ 115.2536, -6.8625 ], [ 115.2279, -6.8379 ], [ 115.2723, -6.8276 ], [ 115.2645, -6.8502 ], [ 115.2769, -6.8617 ], [ 115.2102, -6.9231 ] ] ] ] } },
{ "type": "Feature", "properties": { "province": "JAWA TIMUR", "district": "JEMBER", "id": "JAWA TIMUR/JEMBER", "name": "JEMBER" }, "geometry": { "type": "MultiPolygon", "coordinates": [ [ [ [ 113.9094, -8.3463 ], [ 113.9473, -8.4017 ], [ 113.9102, -8.4419 ], [ 113.8903, -8.4099 ], [ 113.8546, -8.4298 ], [ 113.8421, -8.4943 ], [ 113.8537, -8.5243 ], [ 113.8362, -8.5542 ], [ 113.8277, -8.5281 ], [ 113.8132, -8.5595 ], [ 113.8073, -8.4954 ], [ 113.7897, -8.4895 ], [ 113.7578, -8.5034 ], [ 113.7558, -8.5189 ], [ 113.7122, -8.5286 ], [ 113.713, -8.4831 ], [ 113.6899, -8.5056 ], [ 113.6836, -8.4914 ], [ 113.6464, -8.4951 ], [ 113.6404, -8.4576 ], [ 113.6164, -8.4422 ], [ 113.4849, -8.4164 ], [ 113.4747, -8.3534 ], [ 113.4625, -8.3803 ], [ 113.3881, -8.4003 ], [ 113.3586, -8.3505 ], [ 113.3034, -8.3075 ], [ 113.3203, -8.2624 ], [ 113.313, -8.2289 ], [ 113.3533, -8.2035 ], [ 113.3795, -8.1579 ], [ 113.35, -8.0633 ], [ 113.355, -8.0353 ], [ 113.3913, -7.9973 ], [ 113.4583, -8.0247 ], [ 113.4796, -8.0174 ], [ 113.4804, -7.9924 ], [ 113.5284, -8.0169 ], [ 113.5608, -7.9866 ], [ 113.6026, -7.9796 ], [ 113.6147, -7.9927 ], [ 113.6277, -7.9759 ], [ 113.6711, -7.9683 ], [ 113.6872, -8.0115 ], [ 113.7262, -8.0236 ], [ 113.7476, -8.065 ], [ 113.7718, -8.0384 ], [ 113.8022, -8.0577 ], [ 113.8543, -8.0458 ], [ 113.8454, -8.024 ], [ 113.8681, -8.0359 ], [ 113.8902, -8.0144 ], [ 114.0048, -8.0712 ], [ 114.0431, -8.1344 ], [ 113.9578, -8.2058 ], [ 113.9664, -8.2329 ], [ 113.9344, -8.255 ], [ 113.9272, -8.3276 ], [ 113.9094, -8.3463 ] ] ], [ [ [ 113.301, -8.4472 ], [ 113.3956, -8.4549 ], [ 113.4037, -8.4721 ], [ 113.4199, -8.4697 ], [ 113.3986, -8.4966 ], [ 113.2934, -8.5082 ], [ 113.2624, -8.4865 ], [ 113.301, -8.4472 ] ] ] ] } },
{ "type": "Feature", "properties": { "province": "JAWA TIMUR", "district": "JOMBANG", "id": "JAWA TIMUR/JOMBANG", "name": "JOMBANG" }, "geometry": { "type": "MultiPolygon", "coordinates": [ [ [ [ 112.4222, -7.7669 ], [ 112.3973, -7.7761 ], [ 112.3018, -7.7268 ], [ 112.2556, -7.7276 ], [ 112.1656, -7.6132 ], [ 112.1184, -7.6045 ], [ 112.1116, -7.5659 ], [ 112.1691, -7.4896 ], [ 112.1549, -7.4633 ], [ 112.1252, -7.4521 ], [ 112.0793, -7.4734 ], [ 112.0626, -7.4174 ], [ 112.0757, -7.3839 ], [ 112.1438, -7.3673 ], [ 112.1454, -7.4236 ], [ 112.2095, -7.3918 ], [ 112.2094, -7.3796 ], [ 112.1773, -7.3728 ], [ 112.1805, -7.3651 ], [ 112.2254, -7.3608 ], [ 112.239, -7.3673 ], [ 112.2358, -7.3896 ], [ 112.2776, -7.3982 ], [ 112.2799, -7.3964 ], [ 112.2754, -7.392 ], [ 112.2777, -7.3867 ], [ 112.3104, -7.4064 ], [ 112.3172, -7.3952 ], [ 112.329, -7.4121 ], [ 112.324, -7.3879 ], [ 112.3441, -7.392 ], [ 112.3476, -7.437 ], [ 112.3329, -7.4539 ], [ 112.4045, -7.4618 ], [ 112.3741, -7.4872 ], [ 112.3638, -7.5526 ], [ 112.4039, -7.6229 ], [ 112.4558, -7.7791 ], [ 112.4222, -7.7669 ] ] ], [ [ [ 112.2832, -7.3739 ], [ 112.2852, -7.3794 ], [ 112.28, -7.3806 ], [ 112.2789, -7.3773 ], [ 112.2832, -7.3739 ] ] ], [ [ [ 112.3331, -7.3438 ], [ 112.329, -7.3558 ], [ 112.3177, -7.3516 ], [ 112.3249, -7.3449 ], [ 112.3331, -7.3438 ] ] ], [ [ [ 112.2978, -7.3561 ], [ 112.306, -7.353 ], [ 112.3043, -7.3655 ], [ 112.296, -7.3648 ], [ 112.2978, -7.3561 ] ] ] ] } },
{ "type": "Feature", "properties": { "province": "JAWA TIMUR", "district": "KEDIRI", "id": "JAWA TIMUR/KEDIRI", "name": "KEDIRI" }, "geometry": { "type": "Polygon", "coordinates": [ [ [ 111.9863, -7.9964 ], [ 111.9767, -8.0119 ], [ 111.9636, -8.0058 ], [ 111.9448, -7.9532 ], [ 111.93, -7.9626 ], [ 111.8836, -7.9479 ], [ 111.8631, -7.9078 ], [ 111.8027, -7.8657 ], [ 111.797, -7.8427 ], [ 111.814, -7.813 ], [ 111.928, -7.7226 ], [ 111.9537, -7.6795 ], [ 111.9821, -7.6844 ], [ 111.988, -7.7237 ], [ 112.0223, -7.7619 ], [ 112.0268, -7.7261 ], [ 112.0591, -7.7235 ], [ 112.0763, -7.7015 ], [ 112.1119, -7.5911 ], [ 112.1219, -7.6069 ], [ 112.1656, -7.6132 ], [ 112.2556, -7.7276 ], [ 112.3018, -7.7268 ], [ 112.3973, -7.7761 ], [ 112.4222, -7.7669 ], [ 112.3974, -7.7854 ], [ 112.3494, -7.7611 ], [ 112.3287, -7.7773 ], [ 112.2877, -7.771 ], [ 112.326, -7.8729 ], [ 112.2989, -7.9371 ], [ 112.18, -7.9734 ], [ 112.0961, -7.9699 ], [ 112.0908, -7.9916 ], [ 111.9863, -7.9964 ] ] ] } },
{ "type": "Feature", "properties": { "province": "JAWA TIMUR", "district": "KOTA BATU", "id": "JAWA TIMUR/KOTA BATU", "name": "KOTA BATU" }, "geometry": { "type": "MultiPolygon", "coordinates": [ [ [ [ 112.5757, -7.3151 ], [ 112.5826, -7.3355 ], [ 112.5617, -7.3415 ], [ 112.5292, -7.3324 ], [ 112.5341, -7.3136 ], [ 112.4943, -7.3167 ], [ 112.4839, -7.2982 ], [ 112.5143, -7.2671 ], [ 112.5757, -7.3151 ] ] ], [ [ [ 113.0755, -7.0836 ], [ 113.0219, -7.0623 ], [ 113.0322, -7.0322 ], [ 113.0085, -7.0323 ], [ 112.9866, -7.007 ], [ 113.0217, -7.0187 ], [ 113.0583, -7.0088 ], [ 113.0508, -7.036 ], [ 113.071, -7.0507 ], [ 113.0855, -7.0334 ], [ 113.0996, -7.0423 ], [ 113.1188, -7.0803 ], [ 113.0755, -7.0836 ] ] ], [ [ [ 112.3622, -7.0163 ], [ 112.3564, -7.0324 ], [ 112.3152, -7.0218 ], [ 112.353, -6.9843 ], [ 112.3642, -6.9975 ], [ 112.3731, -6.9848 ], [ 112.3852, -7.0115 ], [ 112.3622, -7.0163 ] ] ] ] } },
{ "type": "Feature", "properties": { "province": "JAWA TIMUR", "district": "KOTA BLITAR", "id": "JAWA TIMUR/KOTA BLITAR", "name": "KOTA BLITAR" }, "geometry": { "type": "MultiPolygon", "coordinates": [ [ [ [ 112.8907, -7.6731 ], [ 112.8813, -7.6719 ], [ 112.8872, -7.6565 ], [ 112.9053, -7.6661 ], [ 112.8969, -7.6857 ], [ 112.8907, -7.6731 ] ] ], [ [ [ 112.8916, -7.6373 ], [ 112.8847, -7.6496 ], [ 112.8749, -7.6263 ], [ 112.9069, -7.6277 ], [ 112.8916, -7.6373 ] ] ], [ [ [ 113.2217, -7.1774 ], [ 113.2152, -7.1971 ], [ 113.1842, -7.1743 ], [ 113.2183, -7.1536 ], [ 113.2378, -7.1691 ], [ 113.2217, -7.1774 ] ] ], [ [ [ 113.0848, -7.1722 ], [ 113.0971, -7.1779 ], [ 113.0869, -7.1883 ], [ 113.0482, -7.1843 ], [ 113.077, -7.151 ], [ 113.094, -7.166 ], [ 113.0848, -7.1722 ] ] ], [ [ [ 115.3238, -6.9617 ], [ 115.3441, -6.9374 ], [ 115.3531, -6.9372 ], [ 115.3927, -6.971 ], [ 115.3755, -6.9737 ], [ 115.4045, -6.9883 ], [ 115.3338, -6.9959 ], [ 115.3155, -6.9699 ], [ 115.3238, -6.9617 ] ] ], [ [ [ 115.2763, -6.8978 ], [ 115.272, -6.9331 ], [ 115.2532, -6.9458 ], [ 115.2406, -6.9334 ], [ 115.2358, -6.9446 ], [ 115.2034, -6.9381 ], [ 115.2769, -6.8617 ], [ 115.2645, -6.8502 ], [ 115.2723, -6.8276 ], [ 115.282, -6.8598 ], [ 115.3634, -6.8719 ], [ 115.3698, -6.9289 ], [ 115.3405, -6.9191 ], [ 115.3421, -6.9001 ], [ 115.3163, -6.8789 ], [ 115.29, -6.8773 ], [ 115.2763, -6.8978 ] ] ] ] } },
{ "type": "Feature", "properties": { "province": "JAWA TIMUR", "district": "KOTA KEDIRI", "id": "JAWA TIMUR/KOTA KEDIRI", "name": "KOTA KEDIRI" }, "geometry": { "type": "MultiPolygon", "coordinates": [ [ [ [ 113.1409, -7.1563 ], [ 113.1268, -7.1772 ], [ 113.0974, -7.1568 ], [ 113.0922, -7.1332 ], [ 113.1111, -7.1188 ], [ 113.1368, -7.1341 ], [ 113.1489, -7.1197 ], [ 113.1495, -7.147 ], [ 113.1807, -7.143 ], [ 113.1603, -7.1615 ], [ 113.1409, -7.1563 ] ] ], [ [ [ 113.221, -7.0945 ], [ 113.1741, -7.0893 ], [ 113.1927, -7.015 ], [ 113.2254, -7.016 ], [ 113.2353, -6.9907 ], [ 113.2765, -7.0618 ], [ 113.3284, -7.0421 ], [ 113.3035, -7.0554 ], [ 113.3033, -7.0778 ], [ 113.2352, -7.0798 ], [ 113.221, -7.0945 ] ] ], [ [ [ 113.8545, -6.9001 ], [ 113.8712, -6.9277 ], [ 113.8531, -6.9372 ], [ 113.8457, -6.9271 ], [ 113.8337, -6.9252 ], [ 113.8412, -6.9555 ], [ 113.8158, -6.9392 ], [ 113.808, -6.9586 ], [ 113.7777, -6.9307 ], [ 113.7956, -6.9096 ], [ 113.7917, -6.885 ], [ 113.869, -6.8716 ], [ 113.8545, -6.9001 ] ] ], [ [ [ 113.7181, -6.9238 ], [ 113.7361, -6.9372 ], [ 113.7256, -6.9522 ], [ 113.7092, -6.95 ], [ 113.7181, -6.9238 ] ] ], [ [ [ 113.5534, -7.0079 ], [ 113.5349, -6.9936 ], [ 113.5232, -7.0159 ], [ 113.4888, -7.0162 ], [ 113.4758, -6.9929 ], [ 113.4299, -6.9738 ], [ 113.4593, -6.9429 ], [ 113.5085, -6.9625 ], [ 113.5215, -6.9076 ], [ 113.5312, -6.9298 ], [ 113.5751, -6.9244 ], [ 113.5789, -6.9595 ], [ 113.6058, -6.9793 ], [ 113.5676, -6.9803 ], [ 113.5534, -7.0079 ] ] ] ] } },
{ "type": "Feature", "properties": { "province": "JAWA TIMUR", "district": "KOTA MADIUN", "id": "JAWA TIMUR/KOTA MADIUN", "name": "KOTA MADIUN" }, "geometry": { "type": "MultiPolygon", "coordinates": [ [ [ [ 112.4264, -7.4802 ], [ 112.4076, -7.4894 ], [ 112.4154, -7.4573 ], [ 112.4317, -7.4602 ], [ 112.4264, -7.4802 ] ] ], [ [ [ 113.4327, -7.1665 ], [ 113.4305, -7.1799 ], [ 113.3797, -7.175 ], [ 113.3801, -7.1422 ], [ 113.4482, -7.1458 ], [ 113.4327, -7.1665 ] ] ], [ [ [ 113.4802, -7.1359 ], [ 113.4886, -7.1161 ], [ 113.4983, -7.117 ], [ 113.4956, -7.1461 ], [ 113.4802, -7.1359 ] ] ], [ [ [ 112.9486, -7.0443 ], [ 112.8667, -7.0238 ], [ 112.8769, -6.9655 ], [ 112.8676, -6.9622 ], [ 112.8653, -6.9526 ], [ 112.8669, -6.9503 ], [ 112.9278, -6.986 ], [ 112.9474, -6.9749 ], [ 112.9806, -7.0441 ], [ 112.9486, -7.0443 ] ] ] ] } },
{ "type": "Feature", "properties": { "province": "JAWA TIMUR", "district": "KOTA MALANG", "id": "JAWA TIMUR/KOTA MALANG", "name": "KOTA MALANG" }, "geometry": { "type": "MultiPolygon", "coordinates": [ [ [ [ 112.9108, -7.6785 ], [ 112.8969, -7.6857 ], [ 112.9053, -7.6661 ], [ 112.8899, -7.6472 ], [ 112.9079, -7.6613 ], [ 112.9482, -7.6207 ], [ 112.9455, -7.6515 ], [ 112.9108, -7.6785 ] ] ], [ [ [ 113.5322, -7.1954 ], [ 113.51, -7.205 ], [ 113.5146, -7.1816 ], [ 113.4846, -7.1741 ], [ 113.5065, -7.1288 ], [ 113.5204, -7.1583 ], [ 113.5412, -7.144 ], [ 113.5653, -7.1721 ], [ 113.5551, -7.2062 ], [ 113.5322, -7.1954 ] ] ], [ [ [ 113.1377, -7.2113 ], [ 113.1502, -7.2242 ], [ 113.0404, -7.2129 ], [ 113.0554, -7.1943 ], [ 113.075, -7.2066 ], [ 113.1173, -7.1955 ], [ 113.1377, -7.2113 ] ] ], [ [ [ 113.397, -7.2038 ], [ 113.3927, -7.2178 ], [ 113.3284, -7.2141 ], [ 113.2848, -7.1744 ], [ 113.3793, -7.1494 ], [ 113.3733, -7.1976 ], [ 113.3788, -7.2101 ], [ 113.3824, -7.1899 ], [ 113.397, -7.2038 ] ] ], [ [ [ 112.2203, -6.9209 ], [ 112.2589, -6.9252 ], [ 112.2589, -6.9397 ], [ 112.2178, -6.9476 ], [ 112.2203, -6.9209 ] ] ], [ [ [ 112.8764, -6.919 ], [ 112.8627, -6.9294 ], [ 112.8308, -6.9206 ], [ 112.8236, -6.91 ], [ 112.8409, -6.9165 ], [ 112.8634, -6.892 ], [ 112.9134, -6.8934 ], [ 112.8764, -6.919 ] ] ], [ [ [ 112.3902, -6.8975 ], [ 112.3625, -6.9027 ], [ 112.377, -6.8742 ], [ 112.4178, -6.8624 ], [ 112.4456, -6.884 ], [ 112.4282, -6.9039 ], [ 112.3902, -6.8975 ] ] ], [ [ [ 112.4546, -6.8816 ], [ 112.4564, -6.8845 ], [ 112.4461, -6.8744 ], [ 112.4544, -6.8797 ], [ 112.4546, -6.8816 ] ] ] ] } },
{ "type": "Feature", "properties": { "province": "JAWA TIMUR", "district": "KOTA MOJOKERTO", "id": "JAWA TIMUR/KOTA MOJOKERTO", "name": "KOTA MOJOKERTO" }, "geometry": { "type": "MultiPolygon", "coordinates": [ [ [ [ 112.4439, -7.4744 ], [ 112.4494, -7.4923 ], [ 112.4261, -7.4808 ], [ 112.4318, -7.464 ], [ 112.4439, -7.4744 ] ] ], [ [ [ 113.5977, -7.1329 ], [ 113.5858, -7.1441 ], [ 113.5664, -7.1309 ], [ 113.5681, -7.0951 ], [ 113.5836, -7.0915 ], [ 113.5867, -7.1222 ], [ 113.6122, -7.1051 ], [ 113.5977, -7.1329 ] ] ], [ [ [ 113.9531, -6.9399 ], [ 113.9519, -6.9652 ], [ 113.9411, -6.972 ], [ 113.9142, -6.9351 ], [ 113.9301, -6.9046 ], [ 113.9091, -6.8967 ], [ 113.9121, -6.864 ], [ 114.0151, -6.8946 ], [ 114.0045, -6.9243 ], [ 113.9546, -6.9267 ], [ 113.9531, -6.9399 ] ] ] ] } },
{ "type": "Feature", "properties": { "province": "JAWA TIMUR", "district": "KOTA PASURUAN", "id": "JAWA TIMUR/KOTA PASURUAN", "name": "KOTA PASURUAN" }, "geometry": { "type": "MultiPolygon", "coordinates": [ [ [ [ 112.2846, -8.2282 ], [ 112.2849, -8.2712 ], [ 112.2572, -8.2782 ], [ 112.2523, -8.2229 ], [ 112.2846, -8.2282 ] ] ], [ [ [ 112.9104, -7.6553 ], [ 112.8962, -7.644 ], [ 112.9058, -7.6289 ], [ 112.9349, -7.6315 ], [ 112.9104, -7.6553 ] ] ], [ [ [ 112.5752, -7.3503 ], [ 112.5682, -7.3707 ], [ 112.5385, -7.3561 ], [ 112.5463, -7.3363 ], [ 112.5817, -7.3365 ], [ 112.5958, -7.3115 ], [ 112.6425, -7.3136 ], [ 112.5752, -7.3503 ] ] ], [ [ [ 112.4906, -7.3278 ], [ 112.4797, -7.3293 ], [ 112.4839, -7.3085 ], [ 112.4896, -7.3145 ], [ 112.4906, -7.3278 ] ] ], [ [ [ 112.6013, -7.0637 ], [ 112.5611, -7.0527 ], [ 112.613, -6.97 ], [ 112.6409, -6.9925 ], [ 112.6543, -7.0554 ], [ 112.6402, -7.0639 ], [ 112.615, -7.031 ], [ 112.6013, -7.0637 ] ] ], [ [ [ 114.0497, -6.9454 ], [ 114.0307, -6.9539 ], [ 114.0373, -6.9307 ], [ 114.0133, -6.9237 ], [ 114.0286, -6.9011 ], [ 114.0874, -6.9269 ], [ 114.0497, -6.9454 ] ] ] ] } },
{ "type": "Feature", "properties": { "province": "JAWA TIMUR", "district": "KOTA PROBOLINGGO", "id": "JAWA TIMUR/KOTA PROBOLINGGO", "name": "KOTA PROBOLINGGO" }, "geometry": { "type": "MultiPolygon", "coordinates": [ [ [ [ 112.6615, -7.2001 ], [ 112.6591, -7.2391 ], [ 112.6373, -7.2224 ], [ 112.6315, -7.2605 ], [ 112.602, -7.2465 ], [ 112.5927, -7.2159 ], [ 112.616, -7.2229 ], [ 112.6288, -7.2015 ], [ 112.6615, -7.2001 ] ] ], [ [ [ 112.9753, -7.1402 ], [ 112.9747, -7.1541 ], [ 112.9466, -7.1482 ], [ 112.946, -7.1061 ], [ 112.9916, -7.1189 ], [ 112.9753, -7.1402 ] ] ], [ [ [ 112.7121, -7.0909 ], [ 112.7303, -7.0905 ], [ 112.7314, -7.0727 ], [ 112.7548, -7.0722 ], [ 112.7517, -7.1019 ], [ 112.7368, -7.0972 ], [ 112.7302, -7.1112 ], [ 112.7046, -7.1093 ], [ 112.7059, -7.0963 ], [ 112.6885, -7.0971 ], [ 112.6833, -7.0847 ], [ 112.7121, -7.0909 ] ] ], [ [ [ 113.46, -7.064 ], [ 113.4767, -7.0902 ], [ 113.4216, -7.0689 ], [ 113.3947, -7.0742 ], [ 113.3923, -7.0343 ], [ 113.4383, -7.0118 ], [ 113.4434, -7.0609 ], [ 113.46, -7.064 ] ] ], [ [ [ 113.0879, -7.0225 ], [ 113.114, -7.0373 ], [ 113.1035, -7.0463 ], [ 113.0855, -7.0334 ], [ 113.071, -7.0507 ], [ 113.0488, -7.0297 ], [ 113.0583, -7.0088 ], [ 113.0879, -7.0225 ] ] ], [ [ [ 112.9602, -6.9262 ], [ 112.9342, -6.9537 ], [ 112.9329, -6.8914 ], [ 112.9529, -6.8872 ], [ 112.9417, -6.8971 ], [ 112.9646, -6.9042 ], [ 112.9772, -6.8907 ], [ 113.0086, -6.8979 ], [ 112.9975, -6.9194 ], [ 112.9602, -6.9262 ] ] ], [ [ [ 112.8312, -7.0748 ], [ 112.8257, -7.0866 ], [ 112.7952, -7.066 ], [ 112.798, -7.0599 ], [ 112.8312, -7.0748 ] ] ] ] } },
{ "type": "Feature", "properties": { "province": "JAWA TIMUR", "district": "KOTA SURABAYA", "id": "JAWA TIMUR/KOTA SURABAYA", "name": "KOTA SURABAYA" }, "geometry": { "type": "MultiPolygon", "coordinates": [ [ [ [ 112.1727, -8.0996 ], [ 112.1584, -8.1063 ], [ 112.1556, -8.0888 ], [ 112.178, -8.0644 ], [ 112.1727, -8.0996 ] ] ], [ [ [ 112.5313, -7.9064 ], [ 112.5481, -7.9229 ], [ 112.5074, -7.9092 ], [ 112.4741, -7.9423 ], [ 112.4869, -7.8583 ], [ 112.5233, -7.8393 ], [ 112.5519, -7.8834 ], [ 112.5313, -7.9064 ] ] ], [ [ [ 112.6218, -7.9768 ], [ 112.614, -7.9837 ], [ 112.6128, -7.964 ], [ 112.6305, -7.973 ], [ 112.6393, -7.9623 ], [ 112.6383, -7.9778 ], [ 112.6218, -7.9768 ] ] ], [ [ [ 112.0296, -7.8549 ], [ 112.058, -7.8651 ], [ 112.0557, -7.8715 ], [ 112.0222, -7.8685 ], [ 112.0296, -7.8549 ] ] ], [ [ [ 112.0142, -7.8145 ], [ 112.0083, -7.8133 ], [ 112.0107, -7.7897 ], [ 112.0309, -7.8141 ], [ 112.0142, -7.8145 ] ] ], [ [ [ 113.2279, -7.7712 ], [ 113.192, -7.7714 ], [ 113.2178, -7.7247 ], [ 113.2372, -7.7403 ], [ 113.2188, -7.752 ], [ 113.2279, -7.7712 ] ] ], [ [ [ 111.5174, -7.6394 ], [ 111.512, -7.6504 ], [ 111.5006, -7.607 ], [ 111.5206, -7.6138 ], [ 111.5374, -7.5992 ], [ 111.5174, -7.6394 ] ] ], [ [ [ 112.8888, -7.6523 ], [ 112.8913, -7.6584 ], [ 112.8785, -7.6551 ], [ 112.8746, -7.6604 ], [ 112.8738, -7.6602 ], [ 112.8736, -7.6607 ], [ 112.8731, -7.661 ], [ 112.8729, -7.6609 ], [ 112.8759, -7.6395 ], [ 112.886, -7.6498 ], [ 112.8975, -7.6377 ], [ 112.8888, -7.6523 ] ] ], [ [ [ 112.6134, -7.209 ], [ 112.614, -7.2233 ], [ 112.5927, -7.2023 ], [ 112.5992, -7.2032 ], [ 112.6134, -7.209 ] ] ], [ [ [ 112.6482, -7.2584 ], [ 112.6315, -7.2605 ], [ 112.6373, -7.2224 ], [ 112.6576, -7.2378 ], [ 112.6596, -7.2626 ], [ 112.6482, -7.2584 ] ] ], [ [ [ 112.7056, -7.2219 ], [ 112.7069, -7.232 ], [ 112.6849, -7.2283 ], [ 112.6887, -7.2233 ], [ 112.7056, -7.2219 ] ] ], [ [ [ 112.5926, -7.3571 ], [ 112.5774, -7.3675 ], [ 112.5901, -7.3324 ], [ 112.6253, -7.324 ], [ 112.6276, -7.3484 ], [ 112.5926, -7.3571 ] ] ], [ [ [ 112.5463, -7.3363 ], [ 112.5365, -7.3563 ], [ 112.5221, -7.3383 ], [ 112.4923, -7.3373 ], [ 112.4839, -7.3085 ], [ 112.5341, -7.3136 ], [ 112.5292, -7.3324 ], [ 112.5463, -7.3363 ] ] ], [ [ [ 112.7575, -7.3303 ], [ 112.7419, -7.3407 ], [ 112.7481, -7.3198 ], [ 112.7352, -7.3112 ], [ 112.7592, -7.3054 ], [ 112.7575, -7.3303 ] ] ], [ [ [ 112.806, -7.3038 ], [ 112.762, -7.2992 ], [ 112.7622, -7.2772 ], [ 112.7893, -7.2478 ], [ 112.8316, -7.2615 ], [ 112.8455, -7.2906 ], [ 112.8397, -7.31 ], [ 112.806, -7.3038 ] ] ], [ [ [ 114.3815, -7.1812 ], [ 114.3281, -7.1642 ], [ 114.3363, -7.1488 ], [ 114.3187, -7.1374 ], [ 114.2952, -7.1434 ], [ 114.2731, -7.094 ], [ 114.372, -7.1091 ], [ 114.4042, -7.1655 ], [ 114.3815, -7.1812 ] ] ], [ [ [ 114.5004, -7.1408 ], [ 114.5102, -7.1568 ], [ 114.4826, -7.16 ], [ 114.4772, -7.1437 ], [ 114.5004, -7.1408 ] ] ], [ [ [ 114.5329, -7.1324 ], [ 114.5313, -7.1458 ], [ 114.5145, -7.1419 ], [ 114.5159, -7.1377 ], [ 114.5329, -7.1324 ] ] ], [ [ [ 112.911, -7.1133 ], [ 112.9039, -7.1401 ], [ 112.8959, -7.1441 ], [ 112.8874, -7.1184 ], [ 112.911, -7.1133 ] ] ], [ [ [ 113.8248, -7.1145 ], [ 113.8344, -7.1329 ], [ 113.7778, -7.1192 ], [ 113.8127, -7.0851 ], [ 113.8248, -7.1145 ] ] ], [ [ [ 112.4826, -7.0827 ], [ 112.4696, -7.0937 ], [ 112.4779, -7.07 ], [ 112.4658, -7.0597 ], [ 112.4865, -7.0634 ], [ 112.4826, -7.0827 ] ] ], [ [ [ 113.8846, -7.0687 ], [ 113.8759, -7.0826 ], [ 113.8552, -7.0729 ], [ 113.8857, -7.03 ], [ 113.9066, -7.0472 ], [ 113.8846, -7.0687 ] ] ], [ [ [ 113.9673, -7.0697 ], [ 113.9657, -7.0782 ], [ 113.9386, -7.0641 ], [ 113.9513, -7.0552 ], [ 113.9673, -7.0697 ] ] ], [ [ [ 113.1927, -7.015 ], [ 113.1946, -7.0474 ], [ 113.1565, -7.047 ], [ 113.1388, -7.006 ], [ 113.1477, -6.9839 ], [ 113.105, -6.9871 ], [ 113.1045, -6.9674 ], [ 113.1877, -6.954 ], [ 113.1572, -6.9863 ], [ 113.1924, -6.9912 ], [ 113.1927, -7.015 ] ] ], [ [ [ 113.3882, -7.0246 ], [ 113.3331, -7.0402 ], [ 113.3221, -6.9871 ], [ 113.3553, -6.9954 ], [ 113.3954, -6.9697 ], [ 113.4242, -6.9827 ], [ 113.4216, -7.0115 ], [ 113.3882, -7.0246 ] ] ], [ [ [ 112.8208, -7.0276 ], [ 112.7873, -7.0077 ], [ 112.8078, -7.0027 ], [ 112.808, -6.9804 ], [ 112.8281, -6.9843 ], [ 112.8484, -7.0171 ], [ 112.8717, -7.0073 ], [ 112.8667, -7.0238 ], [ 112.8295, -7.0153 ], [ 112.8208, -7.0276 ] ] ], [ [ [ 112.353, -6.9843 ], [ 112.3362, -7.0035 ], [ 112.3227, -6.9875 ], [ 112.3413, -6.977 ], [ 112.3294, -6.9677 ], [ 112.3136, -6.9793 ], [ 112.3127, -6.9605 ], [ 112.3484, -6.9539 ], [ 112.353, -6.9843 ] ] ], [ [ [ 112.5641, -6.9566 ], [ 112.572, -6.9653 ], [ 112.5521, -6.976 ], [ 112.5485, -6.9479 ], [ 112.5242, -6.9504 ], [ 112.5245, -6.932 ], [ 112.5603, -6.9279 ], [ 112.5641, -6.9566 ] ] ], [ [ [ 113.2668, -6.9391 ], [ 113.2691, -6.9605 ], [ 113.235, -6.9595 ], [ 113.2427, -6.9215 ], [ 113.2642, -6.9194 ], [ 113.2668, -6.9391 ] ] ], [ [ [ 113.4928, -6.95 ], [ 113.4594, -6.9429 ], [ 113.4764, -6.9081 ], [ 113.5242, -6.8954 ], [ 113.533, -6.9118 ], [ 113.5202, -6.9083 ], [ 113.5085, -6.9625 ], [ 113.4928, -6.95 ] ] ], [ [ [ 112.6938, -5.8505 ], [ 112.6863, -5.8677 ], [ 112.6657, -5.8501 ], [ 112.6762, -5.8066 ], [ 112.6599, -5.7804 ], [ 112.7255, -5.7541 ], [ 112.7426, -5.7891 ], [ 112.7328, -5.8315 ], [ 112.6938, -5.8505 ] ] ], [ [ [ 113.0296, -7.199 ], [ 113.0369, -7.1784 ], [ 112.9726, -7.1466 ], [ 112.9945, -7.1206 ], [ 113.0538, -7.1286 ], [ 113.0721, -7.1542 ], [ 113.054, -7.1875 ], [ 113.0869, -7.1883 ], [ 113.0876, -7.1572 ], [ 113.105, -7.1522 ], [ 113.1432, -7.1867 ], [ 113.1377, -7.2113 ], [ 113.092, -7.1946 ], [ 113.075, -7.2066 ], [ 113.051, -7.1954 ], [ 113.0404, -7.2129 ], [ 112.9969, -7.2075 ], [ 113.0074, -7.1845 ], [ 113.0296, -7.199 ] ] ], [ [ [ 112.6531, -7.1766 ], [ 112.6426, -7.1667 ], [ 112.6622, -7.1589 ], [ 112.6659, -7.175 ], [ 112.6531, -7.1766 ] ] ] ] } },
{ "type": "Feature", "properties": { "province": "JAWA TIMUR", "district": "LAMONGAN", "id": "JAWA TIMUR/LAMONGAN", "name": "LAMONGAN" }, "geometry": { "type": "MultiPolygon", "coordinates": [ [ [ [ 113.4521, -7.2211 ], [ 113.3935, -7.2176 ], [ 113.384, -7.1895 ], [ 113.3788, -7.2101 ], [ 113.3812, -7.1755 ], [ 113.3943, -7.1689 ], [ 113.4097, -7.2015 ], [ 113.4555, -7.2133 ], [ 113.4611, -7.2019 ], [ 113.4683, -7.2216 ], [ 113.4521, -7.2211 ] ] ], [ [ [ 112.1568, -8.1169 ], [ 112.1366, -8.1094 ], [ 112.1452, -8.0751 ], [ 112.1605, -8.0901 ], [ 112.1568, -8.1169 ] ] ], [ [ [ 112.0652, -7.852 ], [ 112.0693, -7.875 ], [ 112.0173, -7.8291 ], [ 112.0333, -7.8188 ], [ 112.0814, -7.8427 ], [ 112.0652, -7.852 ] ] ], [ [ [ 112.5943, -7.9187 ], [ 112.6182, -7.9219 ], [ 112.6234, -7.9346 ], [ 112.6105, -7.928 ], [ 112.598, -7.9414 ], [ 112.5853, -7.9379 ], [ 112.5989, -7.9363 ], [ 112.5943, -7.9187 ] ] ], [ [ [ 112.0098, -7.827 ], [ 111.9895, -7.8333 ], [ 111.9835, -7.7809 ], [ 112.0088, -7.7858 ], [ 112.0098, -7.827 ] ] ], [ [ [ 113.1933, -7.8121 ], [ 113.1783, -7.81 ], [ 113.1822, -7.7896 ], [ 113.1629, -7.7715 ], [ 113.1661, -7.7539 ], [ 113.1977, -7.7413 ], [ 113.192, -7.7714 ], [ 113.2068, -7.7734 ], [ 113.1933, -7.8121 ] ] ], [ [ [ 112.4879, -7.3716 ], [ 112.4809, -7.3931 ], [ 112.4816, -7.3328 ], [ 112.5244, -7.3399 ], [ 112.5293, -7.352 ], [ 112.4879, -7.3716 ] ] ], [ [ [ 112.5886, -7.3702 ], [ 112.5714, -7.392 ], [ 112.5682, -7.3707 ], [ 112.6276, -7.3484 ], [ 112.6253, -7.324 ], [ 112.6425, -7.3136 ], [ 112.6495, -7.3146 ], [ 112.6535, -7.3621 ], [ 112.5886, -7.3702 ] ] ], [ [ [ 112.1174, -7.3778 ], [ 112.0815, -7.3825 ], [ 112.089, -7.3585 ], [ 112.0726, -7.3331 ], [ 112.09, -7.3041 ], [ 112.087, -7.23 ], [ 112.1183, -7.2123 ], [ 112.1515, -7.1579 ], [ 112.1658, -7.1172 ], [ 112.1541, -7.1113 ], [ 112.1783, -7.0978 ], [ 112.1789, -7.0754 ], [ 112.2801, -7.0836 ], [ 112.3007, -7.0413 ], [ 112.3295, -7.0465 ], [ 112.3567, -7.1024 ], [ 112.4264, -7.1005 ], [ 112.4212, -7.1395 ], [ 112.3836, -7.159 ], [ 112.389, -7.1925 ], [ 112.3676, -7.1955 ], [ 112.3915, -7.2101 ], [ 112.3814, -7.2384 ], [ 112.4064, -7.2458 ], [ 112.4041, -7.3105 ], [ 112.3375, -7.3507 ], [ 112.2512, -7.3634 ], [ 112.2113, -7.3486 ], [ 112.1174, -7.3778 ] ] ], [ [ [ 112.7568, -7.3047 ], [ 112.7195, -7.3071 ], [ 112.7275, -7.2765 ], [ 112.7428, -7.2903 ], [ 112.765, -7.2563 ], [ 112.7448, -7.2384 ], [ 112.7576, -7.2346 ], [ 112.7626, -7.1957 ], [ 112.8071, -7.2524 ], [ 112.7893, -7.2478 ], [ 112.7568, -7.3047 ] ] ], [ [ [ 112.4635, -7.2516 ], [ 112.4342, -7.2603 ], [ 112.4124, -7.24 ], [ 112.4705, -7.2027 ], [ 112.4635, -7.2516 ] ] ], [ [ [ 112.533, -7.1849 ], [ 112.5212, -7.2113 ], [ 112.503, -7.1668 ], [ 112.4701, -7.1594 ], [ 112.4731, -7.1386 ], [ 112.498, -7.1326 ], [ 112.5174, -7.1653 ], [ 112.545, -7.1774 ], [ 112.5728, -7.1446 ], [ 112.5713, -7.1762 ], [ 112.533, -7.1849 ] ] ], [ [ [ 113.5734, -7.1626 ], [ 113.5662, -7.1821 ], [ 113.5412, -7.144 ], [ 113.5204, -7.1583 ], [ 113.515, -7.1293 ], [ 113.4938, -7.1315 ], [ 113.4979, -7.1131 ], [ 113.5728, -7.1031 ], [ 113.5661, -7.1303 ], [ 113.5866, -7.1438 ], [ 113.5734, -7.1626 ] ] ], [ [ [ 112.7363, -7.1711 ], [ 112.721, -7.1754 ], [ 112.6917, -7.1482 ], [ 112.7046, -7.1093 ], [ 112.7508, -7.1031 ], [ 112.7548, -7.0722 ], [ 112.7275, -7.0755 ], [ 112.7303, -7.0905 ], [ 112.6922, -7.0921 ], [ 112.6734, -7.0735 ], [ 112.6774, -7.0441 ], [ 112.6885, -7.0297 ], [ 112.7229, -7.0387 ], [ 112.7822, -6.9985 ], [ 112.8148, -7.0278 ], [ 112.7984, -7.0563 ], [ 112.7566, -7.0366 ], [ 112.7732, -7.0702 ], [ 112.7647, -7.0826 ], [ 112.7874, -7.0865 ], [ 112.7909, -7.1082 ], [ 112.7629, -7.1093 ], [ 112.7675, -7.1275 ], [ 112.7466, -7.1461 ], [ 112.7888, -7.1487 ], [ 112.7915, -7.1346 ], [ 112.7937, -7.1336 ], [ 112.7983, -7.1215 ], [ 112.7992, -7.1206 ], [ 112.8298, -7.1445 ], [ 112.8211, -7.1603 ], [ 112.7495, -7.1505 ], [ 112.7363, -7.1711 ] ] ], [ [ [ 113.8851, -7.1342 ], [ 113.8344, -7.1329 ], [ 113.8127, -7.0851 ], [ 113.8041, -7.1054 ], [ 113.7618, -7.1014 ], [ 113.7524, -7.0835 ], [ 113.7665, -7.0655 ], [ 113.7962, -7.0798 ], [ 113.8141, -7.0592 ], [ 113.8386, -7.0779 ], [ 113.8334, -7.101 ], [ 113.8885, -7.1041 ], [ 113.8851, -7.1342 ] ] ], [ [ [ 112.8926, -7.1148 ], [ 112.8572, -7.12 ], [ 112.8435, -7.1055 ], [ 112.8451, -7.0237 ], [ 112.9051, -7.0391 ], [ 112.8905, -7.0602 ], [ 112.9141, -7.1132 ], [ 112.8926, -7.1148 ] ] ], [ [ [ 112.8465, -7.0151 ], [ 112.8277, -6.984 ], [ 112.8063, -6.9894 ], [ 112.7906, -6.9747 ], [ 112.8277, -6.9291 ], [ 112.8769, -6.9655 ], [ 112.8693, -7.0072 ], [ 112.8465, -7.0151 ] ] ], [ [ [ 113.3761, -6.9752 ], [ 113.3553, -6.9954 ], [ 113.3401, -6.9895 ], [ 113.3862, -6.9511 ], [ 113.3716, -6.9342 ], [ 113.3804, -6.8897 ], [ 113.4834, -6.8971 ], [ 113.4779, -6.9246 ], [ 113.4292, -6.9805 ], [ 113.3761, -6.9752 ] ] ], [ [ [ 112.6599, -5.7804 ], [ 112.6232, -5.7721 ], [ 112.6121, -5.7535 ], [ 112.6481, -5.7313 ], [ 112.6722, -5.7378 ], [ 112.6864, -5.7178 ], [ 112.7273, -5.7381 ], [ 112.7255, -5.7541 ], [ 112.6599, -5.7804 ] ] ] ] } },
{ "type": "Feature", "properties": { "province": "JAWA TIMUR", "district": "LUMAJANG", "id": "JAWA TIMUR/LUMAJANG", "name": "LUMAJANG" }, "geometry": { "type": "Polygon", "coordinates": [ [ [ 112.9768, -8.3271 ], [ 112.9569, -8.3514 ], [ 112.9341, -8.3303 ], [ 112.9413, -8.3109 ], [ 112.9185, -8.3072 ], [ 112.8995, -8.2681 ], [ 112.9078, -8.2752 ], [ 112.9208, -8.2495 ], [ 112.9031, -8.1577 ], [ 112.9255, -8.1107 ], [ 112.9, -8.0611 ], [ 112.9347, -8.0188 ], [ 112.927, -7.9971 ], [ 112.994, -7.9606 ], [ 113.0237, -7.9702 ], [ 113.0567, -8.0105 ], [ 113.0697, -7.9818 ], [ 113.1207, -7.9904 ], [ 113.1913, -7.9446 ], [ 113.2075, -7.898 ], [ 113.2483, -7.908 ], [ 113.2625, -7.896 ], [ 113.2749, -7.9297 ], [ 113.3252, -7.9287 ], [ 113.3607, -7.9928 ], [ 113.3671, -8.0215 ], [ 113.3487, -8.0549 ], [ 113.3796, -8.1572 ], [ 113.3533, -8.2035 ], [ 113.313, -8.2289 ], [ 113.3198, -8.2649 ], [ 113.3034, -8.3075 ], [ 113.2197, -8.2815 ], [ 113.0808, -8.2856 ], [ 112.9768, -8.3271 ] ] ] } },
{ "type": "Feature", "properties": { "province": "JAWA TIMUR", "district": "MADIUN", "id": "JAWA TIMUR/MADIUN", "name": "MADIUN" }, "geometry": { "type": "MultiPolygon", "coordinates": [ [ [ [ 111.7271, -7.7624 ], [ 111.7522, -7.801 ], [ 111.7194, -7.8137 ], [ 111.6932, -7.8081 ], [ 111.6614, -7.7669 ], [ 111.6008, -7.7777 ], [ 111.5736, -7.8049 ], [ 111.4499, -7.779 ], [ 111.4586, -7.7251 ], [ 111.4986, -7.6994 ], [ 111.511, -7.6594 ], [ 111.5417, -7.659 ], [ 111.5586, -7.6082 ], [ 111.5513, -7.5948 ], [ 111.5011, -7.6064 ], [ 111.4959, -7.6376 ], [ 111.5113, -7.6352 ], [ 111.5117, -7.6489 ], [ 111.484, -7.6628 ], [ 111.4847, -7.6408 ], [ 111.4617, -7.6239 ], [ 111.4793, -7.5774 ], [ 111.5128, -7.5518 ], [ 111.5096, -7.5375 ], [ 111.55, -7.5475 ], [ 111.561, -7.5415 ], [ 111.5506, -7.527 ], [ 111.5795, -7.5285 ], [ 111.6107, -7.4689 ], [ 111.6517, -7.451 ], [ 111.6712, -7.4095 ], [ 111.7671, -7.4687 ], [ 111.8004, -7.4611 ], [ 111.8205, -7.4796 ], [ 111.7945, -7.5103 ], [ 111.8109, -7.5311 ], [ 111.7828, -7.6507 ], [ 111.7304, -7.7492 ], [ 111.7256, -7.7118 ], [ 111.7221, -7.7239 ], [ 111.7068, -7.7094 ], [ 111.7271, -7.7624 ] ] ], [ [ [ 111.839, -7.5249 ], [ 111.834, -7.5485 ], [ 111.8179, -7.5404 ], [ 111.8268, -7.5207 ], [ 111.839, -7.5249 ] ] ] ] } },
{ "type": "Feature", "properties": { "province": "JAWA TIMUR", "district": "MAGETAN", "id": "JAWA TIMUR/MAGETAN", "name": "MAGETAN" }, "geometry": { "type": "Polygon", "coordinates": [ [ [ 111.3186, -7.7864 ], [ 111.2807, -7.7891 ], [ 111.2937, -7.759 ], [ 111.283, -7.7381 ], [ 111.2385, -7.7511 ], [ 111.1819, -7.7123 ], [ 111.1948, -7.6192 ], [ 111.2585, -7.5985 ], [ 111.2887, -7.6052 ], [ 111.3015, -7.5868 ], [ 111.3705, -7.5701 ], [ 111.3813, -7.5397 ], [ 111.4621, -7.5098 ], [ 111.5022, -7.5145 ], [ 111.5128, -7.5518 ], [ 111.4893, -7.5629 ], [ 111.4547, -7.6249 ], [ 111.4847, -7.6408 ], [ 111.484, -7.6628 ], [ 111.5088, -7.6483 ], [ 111.5112, -7.6605 ], [ 111.4986, -7.6994 ], [ 111.4586, -7.7251 ], [ 111.4499, -7.779 ], [ 111.3186, -7.7864 ] ] ] } },
{ "type": "Feature", "properties": { "province": "JAWA TIMUR", "district": "MALANG", "id": "JAWA TIMUR/MALANG", "name": "MALANG" }, "geometry": { "type": "Polygon", "coordinates": [ [ [ 112.9059, -8.2881 ], [ 112.9413, -8.3109 ], [ 112.9347, -8.3318 ], [ 112.9596, -8.3532 ], [ 112.9292, -8.3904 ], [ 112.9112, -8.3992 ], [ 112.8981, -8.3795 ], [ 112.8986, -8.3995 ], [ 112.872, -8.4088 ], [ 112.8638, -8.393 ], [ 112.8476, -8.4058 ], [ 112.8482, -8.3776 ], [ 112.8397, -8.3861 ], [ 112.8314, -8.369 ], [ 112.8128, -8.4019 ], [ 112.7925, -8.4046 ], [ 112.7734, -8.3858 ], [ 112.7566, -8.4217 ], [ 112.7089, -8.4178 ], [ 112.6519, -8.4488 ], [ 112.5573, -8.4029 ], [ 112.4432, -8.3984 ], [ 112.3893, -8.3701 ], [ 112.3726, -8.3757 ], [ 112.359, -8.3484 ], [ 112.3934, -8.2279 ], [ 112.366, -8.1755 ], [ 112.4525, -8.1444 ], [ 112.4534, -8.0569 ], [ 112.479, -7.9712 ], [ 112.4457, -7.9109 ], [ 112.3705, -7.9573 ], [ 112.3065, -7.9293 ], [ 112.326, -7.8729 ], [ 112.2877, -7.771 ], [ 112.3287, -7.7773 ], [ 112.3494, -7.7611 ], [ 112.3974, -7.7854 ], [ 112.4222, -7.7669 ], [ 112.4542, -7.7792 ], [ 112.4782, -7.7689 ], [ 112.4962, -7.8379 ], [ 112.4741, -7.9423 ], [ 112.5942, -7.9056 ], [ 112.5642, -7.8782 ], [ 112.5633, -7.8132 ], [ 112.5889, -7.7655 ], [ 112.6565, -7.8056 ], [ 112.7112, -7.8252 ], [ 112.7335, -7.8184 ], [ 112.8054, -7.9255 ], [ 112.9353, -7.9562 ], [ 112.9347, -8.0188 ], [ 112.9, -8.0611 ], [ 112.9255, -8.1107 ], [ 112.9033, -8.1551 ], [ 112.921, -8.2414 ], [ 112.9088, -8.2741 ], [ 112.8994, -8.2672 ], [ 112.9059, -8.2881 ] ] ] } },
{ "type": "Feature", "properties": { "province": "JAWA TIMUR", "district": "MOJOKERTO", "id": "JAWA TIMUR/MOJOKERTO", "name": "MOJOKERTO" }, "geometry": { "type": "MultiPolygon", "coordinates": [ [ [ [ 112.5483, -7.6829 ], [ 112.531, -7.6847 ], [ 112.523, -7.6633 ], [ 112.5129, -7.675 ], [ 112.4941, -7.6396 ], [ 112.4915, -7.6692 ], [ 112.4904, -7.637 ], [ 112.4844, -7.6308 ], [ 112.4812, -7.6714 ], [ 112.4646, -7.6355 ], [ 112.4507, -7.6733 ], [ 112.4472, -7.6267 ], [ 112.4384, -7.6445 ], [ 112.4276, -7.6241 ], [ 112.4284, -7.6492 ], [ 112.4148, -7.6445 ], [ 112.4168, -7.623 ], [ 112.4087, -7.6431 ], [ 112.4093, -7.6028 ], [ 112.3774, -7.586 ], [ 112.3638, -7.5526 ], [ 112.3741, -7.4872 ], [ 112.4045, -7.4618 ], [ 112.3329, -7.4539 ], [ 112.3476, -7.437 ], [ 112.341, -7.3865 ], [ 112.4056, -7.3782 ], [ 112.4133, -7.3927 ], [ 112.4404, -7.3915 ], [ 112.422, -7.368 ], [ 112.4271, -7.3515 ], [ 112.4038, -7.3626 ], [ 112.3865, -7.3417 ], [ 112.365, -7.3596 ], [ 112.3462, -7.3414 ], [ 112.3585, -7.3264 ], [ 112.3913, -7.3335 ], [ 112.4172, -7.3127 ], [ 112.4774, -7.3057 ], [ 112.4764, -7.3818 ], [ 112.4941, -7.4076 ], [ 112.4567, -7.447 ], [ 112.5703, -7.4781 ], [ 112.6705, -7.5608 ], [ 112.6342, -7.6123 ], [ 112.5982, -7.5824 ], [ 112.601, -7.6058 ], [ 112.5834, -7.6145 ], [ 112.5798, -7.6045 ], [ 112.5791, -7.6034 ], [ 112.5768, -7.6041 ], [ 112.5819, -7.6205 ], [ 112.5885, -7.6235 ], [ 112.606, -7.6157 ], [ 112.5958, -7.6307 ], [ 112.6276, -7.6391 ], [ 112.6101, -7.6863 ], [ 112.5806, -7.6692 ], [ 112.5483, -7.6829 ] ] ], [ [ [ 112.4308, -7.6577 ], [ 112.4376, -7.6595 ], [ 112.4295, -7.6657 ], [ 112.4254, -7.6576 ], [ 112.4308, -7.6577 ] ] ], [ [ [ 112.4199, -7.6568 ], [ 112.4189, -7.6616 ], [ 112.4152, -7.661 ], [ 112.4161, -7.6534 ], [ 112.4199, -7.6568 ] ] ] ] } },
{ "type": "Feature", "properties": { "province": "JAWA TIMUR", "district": "NGANJUK", "id": "JAWA TIMUR/NGANJUK", "name": "NGANJUK" }, "geometry": { "type": "MultiPolygon", "coordinates": [ [ [ [ 111.805, -7.8283 ], [ 111.7664, -7.8236 ], [ 111.7254, -7.7718 ], [ 111.7329, -7.7263 ], [ 111.7828, -7.6507 ], [ 111.802, -7.549 ], [ 111.834, -7.5485 ], [ 111.8475, -7.5081 ], [ 111.8012, -7.459 ], [ 111.8215, -7.4395 ], [ 111.9404, -7.4401 ], [ 111.9589, -7.4276 ], [ 111.9437, -7.4061 ], [ 112.0693, -7.397 ], [ 112.0796, -7.4737 ], [ 112.1252, -7.4521 ], [ 112.1549, -7.4633 ], [ 112.1691, -7.4896 ], [ 112.1116, -7.5659 ], [ 112.1013, -7.6352 ], [ 112.075, -7.7037 ], [ 112.0591, -7.7235 ], [ 112.0268, -7.7261 ], [ 112.0169, -7.7627 ], [ 111.9822, -7.7113 ], [ 111.9821, -7.6844 ], [ 111.9537, -7.6795 ], [ 111.928, -7.7226 ], [ 111.805, -7.8283 ] ] ], [ [ [ 111.9928, -7.4723 ], [ 112.0076, -7.4774 ], [ 112.0089, -7.4791 ], [ 111.9889, -7.4767 ], [ 111.9928, -7.4723 ] ] ] ] } },
{ "type": "Feature", "properties": { "province": "JAWA TIMUR", "district": "NGAWI", "id": "JAWA TIMUR/NGAWI", "name": "NGAWI" }, "geometry": { "type": "Polygon", "coordinates": [ [ [ 111.2886, -7.605 ], [ 111.2535, -7.5975 ], [ 111.2434, -7.578 ], [ 111.2328, -7.5853 ], [ 111.2396, -7.5663 ], [ 111.2257, -7.5693 ], [ 111.2209, -7.541 ], [ 111.2003, -7.5836 ], [ 111.1955, -7.5588 ], [ 111.1709, -7.569 ], [ 111.193, -7.6138 ], [ 111.1531, -7.5628 ], [ 111.1526, -7.4994 ], [ 111.1352, -7.4837 ], [ 111.1184, -7.4145 ], [ 111.1455, -7.3683 ], [ 111.1435, -7.3291 ], [ 111.1648, -7.3133 ], [ 111.1372, -7.2996 ], [ 111.1502, -7.2602 ], [ 111.218, -7.2486 ], [ 111.2441, -7.2855 ], [ 111.2862, -7.2891 ], [ 111.3365, -7.3204 ], [ 111.3362, -7.363 ], [ 111.3595, -7.3307 ], [ 111.4525, -7.3748 ], [ 111.473, -7.3573 ], [ 111.5279, -7.3722 ], [ 111.5749, -7.3486 ], [ 111.6319, -7.3902 ], [ 111.6254, -7.4329 ], [ 111.649, -7.4307 ], [ 111.6375, -7.446 ], [ 111.6522, -7.4505 ], [ 111.6107, -7.4689 ], [ 111.5866, -7.5218 ], [ 111.5506, -7.527 ], [ 111.558, -7.5442 ], [ 111.525, -7.5446 ], [ 111.5019, -7.5143 ], [ 111.4621, -7.5098 ], [ 111.3813, -7.5396 ], [ 111.3705, -7.5701 ], [ 111.3015, -7.5868 ], [ 111.2886, -7.605 ] ] ] } },
{ "type": "Feature", "properties": { "province": "JAWA TIMUR", "district": "PACITAN", "id": "JAWA TIMUR/PACITAN", "name": "PACITAN" }, "geometry": { "type": "Polygon", "coordinates": [ [ [ 110.984, -8.2413 ], [ 110.9162, -8.2176 ], [ 110.8993, -8.1866 ], [ 110.9084, -8.1252 ], [ 110.9527, -8.0627 ], [ 110.9932, -8.0823 ], [ 111.0356, -8.0807 ], [ 111.0717, -8.064 ], [ 111.077, -8.0247 ], [ 111.0926, -8.0298 ], [ 111.0931, -8.0653 ], [ 111.1277, -8.0639 ], [ 111.1363, -8.0183 ], [ 111.1234, -7.9725 ], [ 111.147, -7.9663 ], [ 111.1555, -7.9223 ], [ 111.1837, -7.919 ], [ 111.1963, -7.9398 ], [ 111.2166, -7.926 ], [ 111.2463, -7.9488 ], [ 111.3139, -7.935 ], [ 111.327, -7.9678 ], [ 111.3537, -7.9807 ], [ 111.3492, -8.021 ], [ 111.3671, -8.033 ], [ 111.3463, -8.0662 ], [ 111.36, -8.1052 ], [ 111.3472, -8.1142 ], [ 111.3799, -8.1365 ], [ 111.3805, -8.1634 ], [ 111.4266, -8.1754 ], [ 111.4007, -8.1953 ], [ 111.3986, -8.2777 ], [ 111.3674, -8.2608 ], [ 111.3255, -8.2734 ], [ 111.3022, -8.2572 ], [ 111.2841, -8.2732 ], [ 111.2607, -8.2488 ], [ 111.1535, -8.2851 ], [ 111.1321, -8.2731 ], [ 111.137, -8.262 ], [ 111.0938, -8.2474 ], [ 111.1031, -8.232 ], [ 111.089, -8.2206 ], [ 111.063, -8.2524 ], [ 110.9991, -8.2549 ], [ 110.984, -8.2413 ] ] ] } },
{ "type": "Feature", "properties": { "province": "JAWA TIMUR", "district": "PAMEKASAN", "id": "JAWA TIMUR/PAMEKASAN", "name": "PAMEKASAN" }, "geometry": { "type": "MultiPolygon", "coordinates": [ [ [ [ 112.6672, -7.335 ], [ 112.6547, -7.3567 ], [ 112.6495, -7.3146 ], [ 112.6294, -7.3116 ], [ 112.6398, -7.2592 ], [ 112.6631, -7.265 ], [ 112.6521, -7.29 ], [ 112.6719, -7.2925 ], [ 112.6845, -7.275 ], [ 112.7034, -7.2931 ], [ 112.7094, -7.2756 ], [ 112.7249, -7.2922 ], [ 112.6907, -7.3225 ], [ 112.6955, -7.3344 ], [ 112.6672, -7.335 ] ] ], [ [ [ 112.7426, -7.2441 ], [ 112.7425, -7.2561 ], [ 112.6861, -7.2572 ], [ 112.6612, -7.2291 ], [ 112.7069, -7.232 ], [ 112.719, -7.207 ], [ 112.7426, -7.2441 ] ] ], [ [ [ 113.9309, -7.1878 ], [ 113.9554, -7.2323 ], [ 113.9306, -7.2043 ], [ 113.8806, -7.2024 ], [ 113.9227, -7.1737 ], [ 113.9309, -7.1878 ] ] ], [ [ [ 114.0416, -7.074 ], [ 114.0629, -7.1116 ], [ 113.9847, -7.1057 ], [ 113.9412, -7.0895 ], [ 113.9361, -7.07 ], [ 114.0416, -7.074 ] ] ], [ [ [ 112.9464, -7.1096 ], [ 112.9144, -7.1196 ], [ 112.9064, -7.0843 ], [ 112.9469, -7.0994 ], [ 112.9922, -7.0547 ], [ 113.04, -7.0711 ], [ 113.0061, -7.125 ], [ 112.9464, -7.1096 ] ] ], [ [ [ 113.8755, -7.0824 ], [ 113.8746, -7.1105 ], [ 113.8334, -7.101 ], [ 113.8386, -7.0779 ], [ 113.8141, -7.0592 ], [ 113.7865, -7.082 ], [ 113.7644, -7.0661 ], [ 113.7522, -7.0957 ], [ 113.7342, -7.0873 ], [ 113.7395, -7.0427 ], [ 113.7865, -7.0379 ], [ 113.7879, -7.0033 ], [ 113.6941, -6.9945 ], [ 113.7, -6.9654 ], [ 113.6258, -6.9658 ], [ 113.65, -6.9192 ], [ 113.6358, -6.9144 ], [ 113.6391, -6.8876 ], [ 113.7365, -6.8862 ], [ 113.7097, -6.9515 ], [ 113.7361, -6.9372 ], [ 113.774, -6.9536 ], [ 113.7812, -6.9358 ], [ 113.8114, -6.9585 ], [ 113.8173, -6.9391 ], [ 113.8331, -6.9534 ], [ 113.832, -6.9931 ], [ 113.8615, -6.9849 ], [ 113.9019, -6.9999 ], [ 113.952, -6.9653 ], [ 113.9544, -6.9349 ], [ 114.0059, -6.9582 ], [ 114.0103, -6.9346 ], [ 114.0389, -6.9567 ], [ 114.0259, -7.0077 ], [ 113.9892, -7.0085 ], [ 113.9749, -7.0224 ], [ 113.9652, -7.0397 ], [ 113.963, -7.0421 ], [ 113.9214, -7.0237 ], [ 113.9439, -7.0571 ], [ 113.8841, -7.03 ], [ 113.8552, -7.0729 ], [ 113.8755, -7.0824 ] ] ], [ [ [ 113.7885, -7.2137 ], [ 113.8125, -7.2208 ], [ 113.7943, -7.2362 ], [ 113.7491, -7.2179 ], [ 113.7545, -7.2061 ], [ 113.7885, -7.2137 ] ] ], [ [ [ 112.2257, -7.0644 ], [ 112.2603, -7.0422 ], [ 112.2773, -7.0511 ], [ 112.272, -7.0803 ], [ 112.2347, -7.0871 ], [ 112.217, -7.0795 ], [ 112.2257, -7.0644 ] ] ], [ [ [ 112.3181, -7.0135 ], [ 112.3014, -7.0001 ], [ 112.3299, -6.9678 ], [ 112.3425, -6.9837 ], [ 112.323, -6.9868 ], [ 112.3354, -7.0022 ], [ 112.3181, -7.0135 ] ] ], [ [ [ 112.5664, -6.9886 ], [ 112.5318, -6.9998 ], [ 112.4996, -6.9645 ], [ 112.5197, -6.9556 ], [ 112.5209, -6.9766 ], [ 112.5555, -6.9763 ], [ 112.5832, -6.9392 ], [ 112.5876, -6.9677 ], [ 112.5664, -6.9886 ] ] ], [ [ [ 112.399, -6.9822 ], [ 112.4002, -6.9936 ], [ 112.3663, -6.9917 ], [ 112.3749, -6.9582 ], [ 112.4012, -6.9583 ], [ 112.399, -6.9822 ] ] ], [ [ [ 113.3715, -6.9554 ], [ 113.3401, -6.9895 ], [ 113.3208, -6.9847 ], [ 113.3244, -6.9658 ], [ 113.2691, -6.9605 ], [ 113.2642, -6.9194 ], [ 113.2427, -6.9215 ], [ 113.2349, -6.9401 ], [ 113.2219, -6.8937 ], [ 113.3793, -6.8896 ], [ 113.3716, -6.9342 ], [ 113.3862, -6.9511 ], [ 113.3715, -6.9554 ] ] ], [ [ [ 113.77878902439025, -6.92460243902439 ], [ 113.7683, -6.9035 ], [ 113.7708, -6.8832 ], [ 113.7867, -6.8842 ], [ 113.77878902439025, -6.92460243902439 ] ] ], [ [ [ 113.8766, -6.9132 ], [ 113.8695, -6.9258 ], [ 113.8545, -6.9023 ], [ 113.8691, -6.8712 ], [ 113.9121, -6.864 ], [ 113.9118, -6.8942 ], [ 113.9002, -6.9033 ], [ 113.8924, -6.8905 ], [ 113.8766, -6.9132 ] ] ] ] } },
{ "type": "Feature", "properties": { "province": "JAWA TIMUR", "district": "PASURUAN", "id": "JAWA TIMUR/PASURUAN", "name": "PASURUAN" }, "geometry": { "type": "Polygon", "coordinates": [ [ [ 112.9471, -7.9081 ], [ 112.9531, -7.9428 ], [ 112.9353, -7.9562 ], [ 112.8358, -7.941 ], [ 112.7948, -7.9158 ], [ 112.7807, -7.874 ], [ 112.7408, -7.846 ], [ 112.7335, -7.8184 ], [ 112.7112, -7.8252 ], [ 112.6565, -7.8056 ], [ 112.5845, -7.7639 ], [ 112.5749, -7.7327 ], [ 112.6231, -7.668 ], [ 112.6211, -7.6156 ], [ 112.6606, -7.5922 ], [ 112.664, -7.5604 ], [ 112.7062, -7.5449 ], [ 112.7262, -7.5712 ], [ 112.7624, -7.5749 ], [ 112.832, -7.5524 ], [ 112.9026, -7.6252 ], [ 112.8724, -7.6336 ], [ 112.8729, -7.6609 ], [ 112.887, -7.66 ], [ 112.8952, -7.6855 ], [ 112.932, -7.6687 ], [ 112.9572, -7.628 ], [ 112.9526, -7.6517 ], [ 112.9596, -7.6594 ], [ 112.9599, -7.6319 ], [ 112.9859, -7.6568 ], [ 113.0408, -7.6528 ], [ 113.0952, -7.705 ], [ 113.0547, -7.7482 ], [ 113.0472, -7.82 ], [ 112.9471, -7.9081 ] ] ] } },
{ "type": "Feature", "properties": { "province": "JAWA TIMUR", "district": "PONOROGO", "id": "JAWA TIMUR/PONOROGO", "name": "PONOROGO" }, "geometry": { "type": "Polygon", "coordinates": [ [ [ 111.4723, -8.143 ], [ 111.4718, -8.1735 ], [ 111.4055, -8.1726 ], [ 111.3802, -8.1631 ], [ 111.3799, -8.1365 ], [ 111.3472, -8.1142 ], [ 111.36, -8.1052 ], [ 111.3463, -8.0662 ], [ 111.3671, -8.033 ], [ 111.3492, -8.021 ], [ 111.3577, -7.9781 ], [ 111.3865, -7.9746 ], [ 111.3869, -7.9712 ], [ 111.337, -7.9623 ], [ 111.3702, -7.9441 ], [ 111.3614, -7.9378 ], [ 111.3248, -7.954 ], [ 111.3164, -7.9365 ], [ 111.3447, -7.9158 ], [ 111.3348, -7.9103 ], [ 111.2862, -7.9344 ], [ 111.2925, -7.8884 ], [ 111.3119, -7.8767 ], [ 111.2978, -7.862 ], [ 111.3225, -7.8778 ], [ 111.3267, -7.8634 ], [ 111.2899, -7.794 ], [ 111.3525, -7.7833 ], [ 111.3957, -7.8068 ], [ 111.4001, -7.7787 ], [ 111.4674, -7.777 ], [ 111.5087, -7.7994 ], [ 111.5765, -7.8047 ], [ 111.6008, -7.7777 ], [ 111.6614, -7.7669 ], [ 111.7002, -7.8121 ], [ 111.7522, -7.801 ], [ 111.7786, -7.8217 ], [ 111.7786, -7.8651 ], [ 111.7584, -7.9062 ], [ 111.7434, -7.8885 ], [ 111.7013, -7.8962 ], [ 111.6918, -7.931 ], [ 111.6377, -7.9608 ], [ 111.6616, -7.9713 ], [ 111.6533, -8.0205 ], [ 111.6307, -8.0036 ], [ 111.5893, -8.0205 ], [ 111.5734, -8.0478 ], [ 111.5341, -8.06 ], [ 111.5429, -8.0694 ], [ 111.5219, -8.1089 ], [ 111.4826, -8.1088 ], [ 111.4723, -8.143 ] ] ] } },
{ "type": "Feature", "properties": { "province": "JAWA TIMUR", "district": "PROBOLINGGO", "id": "JAWA TIMUR/PROBOLINGGO", "name": "PROBOLINGGO" }, "geometry": { "type": "MultiPolygon", "coordinates": [ [ [ [ 113.5279, -8.0126 ], [ 113.4804, -7.9924 ], [ 113.4786, -8.0186 ], [ 113.4463, -8.0247 ], [ 113.3913, -7.9973 ], [ 113.363, -8.0277 ], [ 113.3282, -7.932 ], [ 113.2749, -7.9297 ], [ 113.2625, -7.896 ], [ 113.2483, -7.908 ], [ 113.2075, -7.898 ], [ 113.2061, -7.9269 ], [ 113.1494, -7.9799 ], [ 113.1155, -7.9917 ], [ 113.0697, -7.9818 ], [ 113.0578, -8.0105 ], [ 113.0092, -7.9637 ], [ 112.9532, -7.9866 ], [ 112.9278, -7.9649 ], [ 112.9531, -7.9428 ], [ 112.9488, -7.9063 ], [ 113.0472, -7.82 ], [ 113.0547, -7.7482 ], [ 113.0881, -7.7074 ], [ 113.151, -7.7413 ], [ 113.1727, -7.7267 ], [ 113.1639, -7.7792 ], [ 113.1822, -7.7896 ], [ 113.1783, -7.81 ], [ 113.2051, -7.8044 ], [ 113.2161, -7.8202 ], [ 113.2261, -7.8015 ], [ 113.24, -7.8088 ], [ 113.2372, -7.7403 ], [ 113.2868, -7.7836 ], [ 113.3058, -7.7678 ], [ 113.3456, -7.7711 ], [ 113.382, -7.7362 ], [ 113.4388, -7.7342 ], [ 113.4991, -7.6982 ], [ 113.5979, -7.7153 ], [ 113.5726, -7.7421 ], [ 113.6007, -7.7753 ], [ 113.6061, -7.7989 ], [ 113.5922, -7.8054 ], [ 113.6114, -7.824 ], [ 113.6023, -7.8452 ], [ 113.6263, -7.917 ], [ 113.6111, -7.9501 ], [ 113.6436, -7.9731 ], [ 113.6147, -7.9927 ], [ 113.6026, -7.9796 ], [ 113.5608, -7.9866 ], [ 113.5279, -8.0126 ] ] ], [ [ [ 113.2616, -7.6763 ], [ 113.2578, -7.6809 ], [ 113.2428, -7.6805 ], [ 113.2495, -7.6775 ], [ 113.2616, -7.6763 ] ] ] ] } },
{ "type": "Feature", "properties": { "province": "JAWA TIMUR", "district": "SAMPANG", "id": "JAWA TIMUR/SAMPANG", "name": "SAMPANG" }, "geometry": { "type": "MultiPolygon", "coordinates": [ [ [ [ 112.6157, -7.9561 ], [ 112.6193, -7.9667 ], [ 112.5696, -7.9367 ], [ 112.623, -7.9351 ], [ 112.6106, -7.9197 ], [ 112.6276, -7.9115 ], [ 112.6628, -7.927 ], [ 112.6383, -7.9233 ], [ 112.6348, -7.9646 ], [ 112.6157, -7.9561 ] ] ], [ [ [ 113.226, -7.8016 ], [ 113.217, -7.8199 ], [ 113.2061, -7.8047 ], [ 113.1979, -7.8123 ], [ 113.2067, -7.7738 ], [ 113.2178, -7.7614 ], [ 113.2187, -7.7757 ], [ 113.2323, -7.7698 ], [ 113.2241, -7.7493 ], [ 113.2332, -7.7523 ], [ 113.2424, -7.7953 ], [ 113.24, -7.8088 ], [ 113.226, -7.8016 ] ] ], [ [ [ 111.5204, -7.6492 ], [ 111.5193, -7.6304 ], [ 111.5509, -7.6363 ], [ 111.5329, -7.6633 ], [ 111.5109, -7.6595 ], [ 111.5204, -7.6492 ] ] ], [ [ [ 111.5339, -7.5988 ], [ 111.5333, -7.6008 ], [ 111.5247, -7.6027 ], [ 111.5262, -7.6089 ], [ 111.5169, -7.6133 ], [ 111.5205, -7.5976 ], [ 111.5339, -7.5988 ] ] ], [ [ [ 112.7006, -7.284 ], [ 112.6844, -7.275 ], [ 112.6719, -7.2925 ], [ 112.6521, -7.29 ], [ 112.6546, -7.2413 ], [ 112.7093, -7.2535 ], [ 112.7006, -7.284 ] ] ], [ [ [ 112.5663, -7.2417 ], [ 112.5514, -7.2454 ], [ 112.5639, -7.2146 ], [ 112.5487, -7.224 ], [ 112.5212, -7.2113 ], [ 112.5293, -7.1871 ], [ 112.5769, -7.1642 ], [ 112.6134, -7.209 ], [ 112.5927, -7.2023 ], [ 112.6046, -7.2334 ], [ 112.5663, -7.2417 ] ] ], [ [ [ 114.6763, -7.1597 ], [ 114.6852, -7.1654 ], [ 114.6566, -7.1712 ], [ 114.6583, -7.1639 ], [ 114.6763, -7.1597 ] ] ], [ [ [ 114.6043, -7.1638 ], [ 114.5746, -7.1677 ], [ 114.5329, -7.1324 ], [ 114.6054, -7.1377 ], [ 114.6158, -7.1539 ], [ 114.6043, -7.1638 ] ] ], [ [ [ 114.5767, -7.0774 ], [ 114.5737, -7.0785 ], [ 114.5702, -7.0777 ], [ 114.5775, -7.0725 ], [ 114.5767, -7.0774 ] ] ], [ [ [ 112.3685, -7.0859 ], [ 112.3505, -7.0931 ], [ 112.3424, -7.0725 ], [ 112.3455, -7.032 ], [ 112.3636, -7.0139 ], [ 112.4284, -7.0558 ], [ 112.3685, -7.0859 ] ] ], [ [ [ 112.7866, -7.086 ], [ 112.7647, -7.0826 ], [ 112.7732, -7.0702 ], [ 112.7566, -7.0366 ], [ 112.7984, -7.0563 ], [ 112.8113, -7.0289 ], [ 112.8394, -7.0207 ], [ 112.8327, -7.0606 ], [ 112.798, -7.0599 ], [ 112.7866, -7.086 ] ] ], [ [ [ 112.7904, -6.9996 ], [ 112.7752, -6.9971 ], [ 112.7928, -6.9783 ], [ 112.8078, -7.0027 ], [ 112.7904, -6.9996 ] ] ], [ [ [ 115.6624, -7.0465 ], [ 115.6748, -7.0643 ], [ 115.6681, -7.0687 ], [ 115.6491, -7.0622 ], [ 115.6624, -7.0465 ] ] ], [ [ [ 113.0313, -7.0419 ], [ 113.0095, -7.0635 ], [ 112.9832, -7.0411 ], [ 112.9972, -7.0174 ], [ 113.0313, -7.0419 ] ] ], [ [ [ 115.9145, -6.95 ], [ 115.9316, -6.9549 ], [ 115.9357, -6.9613 ], [ 115.9026, -6.9612 ], [ 115.9145, -6.95 ] ] ], [ [ [ 115.8756, -6.9388 ], [ 115.884, -6.9507 ], [ 115.8688, -6.9615 ], [ 115.8675, -6.9514 ], [ 115.8756, -6.9388 ] ] ], [ [ [ 116.2534, -6.9284 ], [ 116.2568, -6.929 ], [ 116.2627, -6.9318 ], [ 116.2702, -6.94 ], [ 116.2363, -6.9468 ], [ 116.2651, -6.9348 ], [ 116.2534, -6.9284 ] ] ], [ [ [ 113.5449, -6.8937 ], [ 113.5436, -6.9124 ], [ 113.5326, -6.9127 ], [ 113.5242, -6.8954 ], [ 113.5449, -6.8937 ] ] ], [ [ [ 112.965, -6.8975 ], [ 112.9522, -6.9007 ], [ 112.9529, -6.8872 ], [ 113.014, -6.8819 ], [ 113.0086, -6.8979 ], [ 112.965, -6.8975 ] ] ], [ [ [ 115.5871, -6.9432 ], [ 115.6729, -6.9922 ], [ 115.6843, -7.0158 ], [ 115.589, -6.9961 ], [ 115.5908, -6.9812 ], [ 115.5643, -6.9635 ], [ 115.5871, -6.9432 ] ] ], [ [ [ 114.1859, -6.9837 ], [ 114.1809, -7.0042 ], [ 114.161, -6.9988 ], [ 114.1652, -6.9817 ], [ 114.1859, -6.9837 ] ] ], [ [ [ 114.1207, -6.9715 ], [ 114.086, -6.9842 ], [ 114.0286, -6.9655 ], [ 114.0874, -6.9269 ], [ 114.1207, -6.9715 ] ] ], [ [ [ 113.6944, -7.0387 ], [ 113.6681, -7.0315 ], [ 113.6678, -7.0077 ], [ 113.7068, -6.9937 ], [ 113.6944, -7.0387 ] ] ], [ [ [ 115.5454, -6.9873 ], [ 115.5431, -7.0098 ], [ 115.5287, -7.0341 ], [ 115.5044, -7.0142 ], [ 115.5454, -6.9873 ] ] ], [ [ [ 112.9333, -6.9442 ], [ 112.9323, -6.9578 ], [ 112.914, -6.9587 ], [ 112.9278, -6.986 ], [ 112.8963, -6.9597 ], [ 112.832, -6.94 ], [ 112.8223, -6.9119 ], [ 112.8658, -6.9292 ], [ 112.9343, -6.8913 ], [ 112.9333, -6.9442 ] ] ], [ [ [ 115.3032, -6.9485 ], [ 115.3099, -6.9779 ], [ 115.2864, -6.971 ], [ 115.301, -6.9882 ], [ 115.2932, -7.0129 ], [ 115.2662, -6.994 ], [ 115.2562, -6.9549 ], [ 115.2743, -6.9491 ], [ 115.2727, -6.9011 ], [ 115.29, -6.8773 ], [ 115.343, -6.9021 ], [ 115.3351, -6.9529 ], [ 115.3188, -6.9625 ], [ 115.3032, -6.9485 ] ] ], [ [ [ 113.2082, -7.205 ], [ 113.2025, -7.2223 ], [ 113.1698, -7.2275 ], [ 113.1589, -7.2069 ], [ 113.1377, -7.2113 ], [ 113.1526, -7.1805 ], [ 113.1857, -7.1847 ], [ 113.1585, -7.1634 ], [ 113.1992, -7.1402 ], [ 113.1873, -7.0961 ], [ 113.2227, -7.1098 ], [ 113.2341, -7.1558 ], [ 113.1842, -7.1743 ], [ 113.2024, -7.1761 ], [ 113.2082, -7.205 ] ] ], [ [ [ 115.8767, -7.2047 ], [ 115.828, -7.208 ], [ 115.7413, -7.1551 ], [ 115.7638, -7.1313 ], [ 115.7754, -7.152 ], [ 115.7828, -7.1115 ], [ 115.8089, -7.1559 ], [ 115.8852, -7.1666 ], [ 115.8924, -7.152 ], [ 115.8799, -7.1619 ], [ 115.8705, -7.1338 ], [ 115.8881, -7.1224 ], [ 115.8921, -7.1405 ], [ 115.8913, -7.1121 ], [ 115.9069, -7.1047 ], [ 115.8947, -7.1934 ], [ 115.8767, -7.2047 ] ] ], [ [ [ 113.0922, -7.1332 ], [ 113.0971, -7.1572 ], [ 113.0718, -7.1597 ], [ 113.0538, -7.1286 ], [ 113.0096, -7.1227 ], [ 113.0217, -7.0866 ], [ 113.04, -7.0711 ], [ 113.1097, -7.0828 ], [ 113.1155, -7.1165 ], [ 113.1071, -7.1081 ], [ 113.0922, -7.1332 ] ] ], [ [ [ 114.7814, -7.1192 ], [ 114.7843, -7.1219 ], [ 114.775, -7.1353 ], [ 114.7733, -7.1253 ], [ 114.7814, -7.1192 ] ] ], [ [ [ 113.6504, -7.1266 ], [ 113.6021, -7.1282 ], [ 113.6221, -7.0904 ], [ 113.5935, -7.0616 ], [ 113.6179, -7.0357 ], [ 113.6362, -7.0424 ], [ 113.6317, -7.0644 ], [ 113.6489, -7.0759 ], [ 113.7877, -7.0958 ], [ 113.7796, -7.1239 ], [ 113.683, -7.1087 ], [ 113.6504, -7.1266 ] ] ], [ [ [ 115.7614, -7.0871 ], [ 115.7658, -7.0945 ], [ 115.7549, -7.1104 ], [ 115.7483, -7.1027 ], [ 115.7614, -7.0871 ] ] ] ] } },
{ "type": "Feature", "properties": { "province": "JAWA TIMUR", "district": "SIDOARJO", "id": "JAWA TIMUR/SIDOARJO", "name": "SIDOARJO" }, "geometry": { "type": "Polygon", "coordinates": [ [ [ 112.7752, -7.5721 ], [ 112.7262, -7.5712 ], [ 112.7062, -7.5449 ], [ 112.6635, -7.5599 ], [ 112.5703, -7.4781 ], [ 112.4886, -7.4599 ], [ 112.4567, -7.447 ], [ 112.4599, -7.4364 ], [ 112.4851, -7.4092 ], [ 112.5425, -7.406 ], [ 112.5886, -7.3702 ], [ 112.6535, -7.3621 ], [ 112.7046, -7.3362 ], [ 112.7275, -7.3485 ], [ 112.7554, -7.3367 ], [ 112.8129, -7.3463 ], [ 112.8404, -7.3308 ], [ 112.8375, -7.4718 ], [ 112.8129, -7.4797 ], [ 112.8374, -7.5118 ], [ 112.8651, -7.5185 ], [ 112.8714, -7.5608 ], [ 112.8587, -7.5765 ], [ 112.832, -7.5524 ], [ 112.7752, -7.5721 ] ] ] } },
{ "type": "Feature", "properties": { "province": "JAWA TIMUR", "district": "SITUBONDO", "id": "JAWA TIMUR/SITUBONDO", "name": "SITUBONDO" }, "geometry": { "type": "Polygon", "coordinates": [ [ [ 114.4384, -7.9056 ], [ 114.4132, -7.9402 ], [ 114.3038, -7.8847 ], [ 114.2713, -7.9149 ], [ 114.2501, -7.875 ], [ 114.2872, -7.8101 ], [ 114.2401, -7.7965 ], [ 114.2325, -7.8487 ], [ 114.2358, -7.8106 ], [ 114.2258, -7.8472 ], [ 114.2228, -7.8119 ], [ 114.2063, -7.8538 ], [ 114.2002, -7.815 ], [ 114.1913, -7.8513 ], [ 114.1891, -7.8232 ], [ 114.1843, -7.8449 ], [ 114.1832, -7.8273 ], [ 114.1676, -7.8414 ], [ 114.1621, -7.9432 ], [ 114.1733, -7.9635 ], [ 114.1276, -7.993 ], [ 114.0794, -7.7707 ], [ 114.0065, -7.7568 ], [ 113.9914, -7.7783 ], [ 113.9508, -7.7652 ], [ 113.9368, -7.7917 ], [ 113.9036, -7.8032 ], [ 113.8495, -7.7956 ], [ 113.8532, -7.7802 ], [ 113.8243, -7.7715 ], [ 113.813, -7.7719 ], [ 113.8122, -7.773 ], [ 113.8502, -7.7901 ], [ 113.8452, -7.8004 ], [ 113.8042, -7.7856 ], [ 113.8157, -7.8134 ], [ 113.7988, -7.7838 ], [ 113.7836, -7.7831 ], [ 113.7816, -7.8003 ], [ 113.7397, -7.7889 ], [ 113.722, -7.8798 ], [ 113.6237, -7.9614 ], [ 113.611, -7.9496 ], [ 113.6236, -7.8952 ], [ 113.67, -7.8543 ], [ 113.6426, -7.8214 ], [ 113.6176, -7.8243 ], [ 113.617, -7.8112 ], [ 113.6271, -7.8051 ], [ 113.6287, -7.7912 ], [ 113.6041, -7.7982 ], [ 113.5725, -7.7414 ], [ 113.5907, -7.7166 ], [ 113.6664, -7.737 ], [ 113.7131, -7.7078 ], [ 113.7635, -7.7378 ], [ 113.795, -7.7281 ], [ 113.831, -7.6884 ], [ 113.8682, -7.6799 ], [ 113.9305, -7.7007 ], [ 113.9395, -7.6771 ], [ 113.9543, -7.6791 ], [ 114.0323, -7.6061 ], [ 114.0443, -7.6132 ], [ 114.0386, -7.6045 ], [ 114.1075, -7.7069 ], [ 114.2078, -7.7181 ], [ 114.2393, -7.6978 ], [ 114.2932, -7.7476 ], [ 114.3282, -7.7583 ], [ 114.3741, -7.7489 ], [ 114.4407, -7.7899 ], [ 114.4681, -7.8356 ], [ 114.4635, -7.8901 ], [ 114.4384, -7.9056 ] ] ] } },
{ "type": "Feature", "properties": { "province": "JAWA TIMUR", "district": "SUMENEP", "id": "JAWA TIMUR/SUMENEP", "name": "SUMENEP" }, "geometry": { "type": "MultiPolygon", "coordinates": [ [ [ [ 112.0297, -7.8522 ], [ 112.0221, -7.8684 ], [ 111.9844, -7.8381 ], [ 111.985, -7.8273 ], [ 111.9581, -7.8229 ], [ 111.9563, -7.7967 ], [ 111.9766, -7.7935 ], [ 111.9926, -7.8361 ], [ 112.0082, -7.8345 ], [ 112.0083, -7.8133 ], [ 112.0358, -7.8128 ], [ 112.0168, -7.8307 ], [ 112.0297, -7.8522 ] ] ], [ [ [ 112.0028, -7.7715 ], [ 112.0062, -7.7828 ], [ 111.9913, -7.7789 ], [ 111.9974, -7.7715 ], [ 112.0028, -7.7715 ] ] ], [ [ [ 112.5067, -7.4065 ], [ 112.4829, -7.3978 ], [ 112.4879, -7.3716 ], [ 112.5293, -7.352 ], [ 112.567, -7.3676 ], [ 112.5668, -7.3977 ], [ 112.5067, -7.4065 ] ] ], [ [ [ 112.4462, -7.3043 ], [ 112.4217, -7.3172 ], [ 112.4087, -7.3059 ], [ 112.4122, -7.2738 ], [ 112.397, -7.2646 ], [ 112.4064, -7.2458 ], [ 112.3895, -7.2393 ], [ 112.3915, -7.2101 ], [ 112.3676, -7.1955 ], [ 112.389, -7.1925 ], [ 112.388, -7.156 ], [ 112.4318, -7.1216 ], [ 112.4215, -7.0803 ], [ 112.4478, -7.0782 ], [ 112.4543, -7.0935 ], [ 112.4907, -7.0971 ], [ 112.4972, -7.1269 ], [ 112.4761, -7.1257 ], [ 112.4701, -7.1594 ], [ 112.5046, -7.1766 ], [ 112.5023, -7.1923 ], [ 112.4128, -7.2389 ], [ 112.4342, -7.2603 ], [ 112.4635, -7.2516 ], [ 112.4743, -7.2712 ], [ 112.4623, -7.3124 ], [ 112.4462, -7.3043 ] ] ], [ [ [ 113.5378, -7.236 ], [ 113.5145, -7.2524 ], [ 113.5021, -7.229 ], [ 113.4591, -7.2194 ], [ 113.4611, -7.2019 ], [ 113.4555, -7.2133 ], [ 113.4017, -7.1978 ], [ 113.4087, -7.184 ], [ 113.3939, -7.1687 ], [ 113.4305, -7.1799 ], [ 113.4679, -7.1313 ], [ 113.4554, -7.0793 ], [ 113.4886, -7.116 ], [ 113.4846, -7.1741 ], [ 113.5146, -7.1816 ], [ 113.5072, -7.2032 ], [ 113.5406, -7.1913 ], [ 113.5598, -7.2063 ], [ 113.5521, -7.2337 ], [ 113.5378, -7.236 ] ] ], [ [ [ 112.9777, -7.1991 ], [ 112.9186, -7.1831 ], [ 112.9168, -7.1394 ], [ 112.905, -7.1374 ], [ 112.9141, -7.1102 ], [ 112.9425, -7.1187 ], [ 112.9516, -7.151 ], [ 113.0369, -7.1784 ], [ 113.0322, -7.2017 ], [ 113.0136, -7.1845 ], [ 112.9968, -7.2066 ], [ 112.9777, -7.1991 ] ] ], [ [ [ 114.3223, -7.147 ], [ 114.3363, -7.1488 ], [ 114.3281, -7.1642 ], [ 114.3036, -7.1501 ], [ 114.314, -7.1357 ], [ 114.3223, -7.147 ] ] ], [ [ [ 113.1964, -7.1423 ], [ 113.1495, -7.147 ], [ 113.1512, -7.1208 ], [ 113.1368, -7.1341 ], [ 113.1065, -7.1199 ], [ 113.1081, -7.0778 ], [ 113.1191, -7.0759 ], [ 113.096, -7.048 ], [ 113.1114, -7.0291 ], [ 113.1332, -7.0359 ], [ 113.144, -7.0102 ], [ 113.1565, -7.047 ], [ 113.1914, -7.0493 ], [ 113.1741, -7.0894 ], [ 113.1964, -7.1423 ] ] ], [ [ [ 112.557, -7.106 ], [ 112.5309, -7.09 ], [ 112.5524, -7.0504 ], [ 112.4984, -7.031 ], [ 112.5059, -7.012 ], [ 112.4809, -7.0024 ], [ 112.4497, -7.0163 ], [ 112.4426, -7.0022 ], [ 112.405, -7.0477 ], [ 112.4015, -7.0294 ], [ 112.364, -7.0187 ], [ 112.3852, -7.0115 ], [ 112.3797, -6.9883 ], [ 112.4046, -6.9909 ], [ 112.4012, -6.9583 ], [ 112.4257, -6.9476 ], [ 112.4406, -6.8749 ], [ 112.4873, -6.9041 ], [ 112.4953, -6.9431 ], [ 112.5485, -6.9479 ], [ 112.5448, -6.9693 ], [ 112.5209, -6.9766 ], [ 112.5197, -6.9556 ], [ 112.4991, -6.9708 ], [ 112.5755, -7.058 ], [ 112.565, -7.0938 ], [ 112.5809, -7.1076 ], [ 112.557, -7.106 ] ] ], [ [ [ 112.8044, -7.1022 ], [ 112.789, -7.0994 ], [ 112.7952, -7.066 ], [ 112.8257, -7.0866 ], [ 112.8421, -7.0795 ], [ 112.836, -7.1043 ], [ 112.8044, -7.1022 ] ] ], [ [ [ 114.3269, -7.0984 ], [ 114.3111, -7.1051 ], [ 114.2729, -7.094 ], [ 114.2948, -7.0659 ], [ 114.3273, -7.0573 ], [ 114.3687, -7.0872 ], [ 114.3751, -7.1101 ], [ 114.3269, -7.0984 ] ] ], [ [ [ 112.2933, -7.0599 ], [ 112.2795, -7.0835 ], [ 112.271, -7.0439 ], [ 112.2334, -7.0655 ], [ 112.2186, -7.0645 ], [ 112.2158, -7.043 ], [ 112.2372, -7.01 ], [ 112.2993, -7.002 ], [ 112.2986, -7.0273 ], [ 112.3543, -7.0361 ], [ 112.342, -7.0741 ], [ 112.3295, -7.0465 ], [ 112.2983, -7.0411 ], [ 112.2933, -7.0599 ] ] ], [ [ [ 112.9686, -7.0653 ], [ 112.9398, -7.0993 ], [ 112.8905, -7.0602 ], [ 112.9051, -7.0391 ], [ 112.9983, -7.0507 ], [ 112.9686, -7.0653 ] ] ], [ [ [ 113.6672, -7.0291 ], [ 113.6934, -7.0477 ], [ 113.6817, -7.0788 ], [ 113.6351, -7.0707 ], [ 113.6284, -7.0364 ], [ 113.5811, -7.0399 ], [ 113.5814, -7.0188 ], [ 113.6113, -7.0122 ], [ 113.612, -6.991 ], [ 113.5789, -6.9595 ], [ 113.5751, -6.9244 ], [ 113.5312, -6.9298 ], [ 113.5449, -6.8937 ], [ 113.6391, -6.8876 ], [ 113.6358, -6.9144 ], [ 113.65, -6.9192 ], [ 113.6258, -6.9658 ], [ 113.6994, -6.966 ], [ 113.6672, -7.0291 ] ] ], [ [ [ 114.0548, -7.0045 ], [ 114.026, -7.0073 ], [ 114.0291, -6.9733 ], [ 114.0851, -6.9822 ], [ 114.0548, -7.0045 ] ] ], [ [ [ 113.85, -6.9879 ], [ 113.8274, -6.9832 ], [ 113.8361, -6.926 ], [ 113.8652, -6.9368 ], [ 113.8924, -6.8905 ], [ 113.9301, -6.9046 ], [ 113.9142, -6.9351 ], [ 113.9318, -6.9433 ], [ 113.9336, -6.982 ], [ 113.85, -6.9879 ] ] ], [ [ [ 114.1859, -6.9837 ], [ 114.1652, -6.9817 ], [ 114.1712, -6.9664 ], [ 114.1848, -6.9695 ], [ 114.1859, -6.9837 ] ] ], [ [ [ 114.0103, -6.9346 ], [ 114.0059, -6.9582 ], [ 113.9514, -6.932 ], [ 114.0045, -6.9243 ], [ 114.0151, -6.8946 ], [ 114.0286, -6.9011 ], [ 114.0121, -6.923 ], [ 114.0376, -6.9316 ], [ 114.0307, -6.9539 ], [ 114.0103, -6.9346 ] ] ], [ [ [ 113.7672, -6.9333 ], [ 113.7557, -6.9426 ], [ 113.7204, -6.9298 ], [ 113.7383, -6.8848 ], [ 113.7674, -6.8847 ], [ 113.7779, -6.9248 ], [ 113.7672, -6.9333 ] ] ], [ [ [ 112.2225, -6.9194 ], [ 112.2178, -6.9476 ], [ 112.2049, -6.9479 ], [ 112.2032, -6.9218 ], [ 112.1803, -6.9131 ], [ 112.1789, -6.905 ], [ 112.1721, -6.9027 ], [ 112.1707, -6.897 ], [ 112.1894, -6.8881 ], [ 112.1917, -6.9006 ], [ 112.2231, -6.8728 ], [ 112.2961, -6.8719 ], [ 112.3009, -6.8991 ], [ 112.2747, -6.9058 ], [ 112.2876, -6.9275 ], [ 112.2225, -6.9194 ] ] ], [ [ [ 113.7917, -6.885 ], [ 113.7957, -6.9083 ], [ 113.7904, -6.9159 ], [ 113.7851, -6.8963 ], [ 113.7917, -6.885 ] ] ], [ [ [ 115.4397, -6.8498 ], [ 115.4572, -6.8552 ], [ 115.4467, -6.8842 ], [ 115.431, -6.8707 ], [ 115.3796, -6.8713 ], [ 115.3756, -6.8364 ], [ 115.4397, -6.8498 ] ] ], [ [ [ 112.6062, -5.8172 ], [ 112.5773, -5.8299 ], [ 112.569, -5.8099 ], [ 112.6118, -5.7646 ], [ 112.6599, -5.7804 ], [ 112.6762, -5.8066 ], [ 112.6534, -5.8303 ], [ 112.6372, -5.8052 ], [ 112.6291, -5.8207 ], [ 112.6062, -5.8172 ] ] ], [ [ [ 112.6739, -5.7713 ], [ 112.6744, -5.7792 ], [ 112.6676, -5.7812 ], [ 112.6634, -5.7691 ], [ 112.6739, -5.7713 ] ] ], [ [ [ 114.4305, -5.5511 ], [ 114.4519, -5.5473 ], [ 114.4549, -5.5658 ], [ 114.4223, -5.5907 ], [ 114.394, -5.5679 ], [ 114.3932, -5.5427 ], [ 114.4125, -5.5323 ], [ 114.4305, -5.5511 ] ] ], [ [ [ 114.4158, -5.4309 ], [ 114.4359, -5.4472 ], [ 114.4367, -5.4603 ], [ 114.4139, -5.4512 ], [ 114.4158, -5.4309 ] ] ], [ [ [ 114.608, -5.0597 ], [ 114.6116, -5.08 ], [ 114.5956, -5.1012 ], [ 114.5878, -5.067 ], [ 114.6091, -5.0489 ], [ 114.608, -5.0597 ] ] ] ] } },
{ "type": "Feature", "properties": { "province": "JAWA TIMUR", "district": "TRENGGALEK", "id": "JAWA TIMUR/TRENGGALEK", "name": "TRENGGALEK" }, "geometry": { "type": "Polygon", "coordinates": [ [ [ 111.7108, -8.2938 ], [ 111.713, -8.3227 ], [ 111.6884, -8.3348 ], [ 111.7267, -8.3707 ], [ 111.7038, -8.3673 ], [ 111.7017, -8.3836 ], [ 111.6673, -8.356 ], [ 111.6523, -8.3667 ], [ 111.6382, -8.3477 ], [ 111.6254, -8.3539 ], [ 111.6228, -8.3219 ], [ 111.6047, -8.3397 ], [ 111.5985, -8.3224 ], [ 111.5697, -8.3343 ], [ 111.5723, -8.3166 ], [ 111.5552, -8.3067 ], [ 111.5326, -8.3159 ], [ 111.5333, -8.3331 ], [ 111.4822, -8.3199 ], [ 111.4788, -8.3061 ], [ 111.455, -8.3206 ], [ 111.4502, -8.2717 ], [ 111.4256, -8.2572 ], [ 111.4092, -8.2782 ], [ 111.391, -8.2337 ], [ 111.4089, -8.2127 ], [ 111.4024, -8.1906 ], [ 111.4226, -8.1888 ], [ 111.4248, -8.1703 ], [ 111.4754, -8.1711 ], [ 111.4826, -8.1088 ], [ 111.5265, -8.1049 ], [ 111.5429, -8.0694 ], [ 111.5341, -8.06 ], [ 111.5731, -8.048 ], [ 111.6122, -8.0089 ], [ 111.6331, -8.0041 ], [ 111.6532, -8.0206 ], [ 111.6625, -7.9733 ], [ 111.6377, -7.9608 ], [ 111.6918, -7.931 ], [ 111.701, -7.8964 ], [ 111.7434, -7.8885 ], [ 111.7612, -7.9229 ], [ 111.7382, -7.9307 ], [ 111.7403, -7.967 ], [ 111.7605, -7.9878 ], [ 111.7541, -8.0303 ], [ 111.8469, -8.1064 ], [ 111.819, -8.1374 ], [ 111.7336, -8.1422 ], [ 111.7114, -8.1791 ], [ 111.7337, -8.2105 ], [ 111.7272, -8.242 ], [ 111.75, -8.2828 ], [ 111.7778, -8.2896 ], [ 111.7691, -8.3169 ], [ 111.7821, -8.3263 ], [ 111.7491, -8.3436 ], [ 111.7454, -8.3049 ], [ 111.7288, -8.2875 ], [ 111.7108, -8.2938 ] ] ] } },
{ "type": "Feature", "properties": { "province": "JAWA TIMUR", "district": "TUBAN", "id": "JAWA TIMUR/TUBAN", "name": "TUBAN" }, "geometry": { "type": "Polygon", "coordinates": [ [ [ 111.9446, -7.1517 ], [ 111.9308, -7.1588 ], [ 111.9291, -7.1323 ], [ 111.8601, -7.1302 ], [ 111.8255, -7.0875 ], [ 111.7145, -7.082 ], [ 111.6601, -7.0392 ], [ 111.6526, -7.0002 ], [ 111.5721, -6.9524 ], [ 111.5768, -6.9145 ], [ 111.6024, -6.9115 ], [ 111.6151, -6.8819 ], [ 111.6136, -6.8315 ], [ 111.6584, -6.8205 ], [ 111.6696, -6.7639 ], [ 111.6755, -6.775 ], [ 111.6915, -6.7537 ], [ 111.8437, -6.8006 ], [ 111.9593, -6.7634 ], [ 111.9801, -6.7732 ], [ 112.0528, -6.8868 ], [ 112.1706, -6.8973 ], [ 112.2032, -6.9218 ], [ 112.2172, -7.0748 ], [ 112.1798, -7.0748 ], [ 112.1783, -7.0978 ], [ 112.1564, -7.1105 ], [ 112.1308, -7.0968 ], [ 112.1225, -7.1082 ], [ 112.1248, -7.0884 ], [ 112.0856, -7.0856 ], [ 112.0824, -7.0654 ], [ 112.0415, -7.0821 ], [ 112.0435, -7.0709 ], [ 112.0187, -7.0677 ], [ 112.0104, -7.1303 ], [ 111.9947, -7.1149 ], [ 111.9836, -7.164 ], [ 111.9569, -7.1327 ], [ 111.9446, -7.1517 ] ] ] } },
{ "type": "Feature", "properties": { "province": "JAWA TIMUR", "district": "TULUNGAGUNG", "id": "JAWA TIMUR/TULUNGAGUNG", "name": "TULUNGAGUNG" }, "geometry": { "type": "Polygon", "coordinates": [ [ [ 112.0247, -8.2506 ], [ 112.0281, -8.3126 ], [ 111.9503, -8.2776 ], [ 111.9347, -8.3081 ], [ 111.8989, -8.3045 ], [ 111.8401, -8.2588 ], [ 111.8426, -8.2822 ], [ 111.793, -8.2556 ], [ 111.7725, -8.2603 ], [ 111.774, -8.2891 ], [ 111.7489, -8.2814 ], [ 111.7272, -8.242 ], [ 111.7337, -8.2105 ], [ 111.7114, -8.1791 ], [ 111.7223, -8.1587 ], [ 111.7427, -8.1386 ], [ 111.819, -8.1374 ], [ 111.8469, -8.1064 ], [ 111.7541, -8.0303 ], [ 111.7605, -7.9878 ], [ 111.7403, -7.967 ], [ 111.7382, -7.9307 ], [ 111.7608, -7.9244 ], [ 111.756, -7.8935 ], [ 111.7712, -7.8867 ], [ 111.7857, -7.8333 ], [ 111.7992, -7.8366 ], [ 111.8027, -7.8657 ], [ 111.8631, -7.9078 ], [ 111.8836, -7.9479 ], [ 111.93, -7.9626 ], [ 111.9352, -7.9567 ], [ 111.9411, -7.9561 ], [ 111.9437, -7.9534 ], [ 111.9453, -7.9537 ], [ 111.9965, -8.0911 ], [ 112.1219, -8.1254 ], [ 112.1165, -8.1576 ], [ 112.0786, -8.1875 ], [ 112.0285, -8.1679 ], [ 112.0247, -8.2506 ] ] ] } },
{ "type": "Feature", "properties": { "province": "KALIMANTAN BARAT", "district": "BENGKAYANG", "id": "KALIMANTAN BARAT/BENGKAYANG", "name": "BENGKAYANG" }, "geometry": { "type": "MultiPolygon", "coordinates": [ [ [ [ 109.1044, 0.6354 ], [ 109.0715, 0.5986 ], [ 109.0392, 0.5939 ], [ 108.9987, 0.5417 ], [ 108.9901, 0.5538 ], [ 108.9714, 0.5293 ], [ 108.9517, 0.5294 ], [ 108.9258, 0.5574 ], [ 108.9199, 0.6564 ], [ 108.874, 0.7086 ], [ 108.8812, 0.771 ], [ 108.8529, 0.7867 ], [ 108.8425, 0.8166 ], [ 108.874, 0.841 ], [ 108.9067, 0.8347 ], [ 108.9351, 0.808 ], [ 108.9613, 0.8085 ], [ 108.9705, 0.7768 ], [ 109.0223, 0.7661 ], [ 109.0461, 0.8393 ], [ 109.1574, 0.9031 ], [ 109.17, 0.96 ], [ 109.2299, 0.9888 ], [ 109.251, 1.0355 ], [ 109.4213, 1.0518 ], [ 109.4692, 1.0203 ], [ 109.5374, 1.1937 ], [ 109.589, 1.202 ], [ 109.5999, 1.2169 ], [ 109.6264, 1.3319 ], [ 109.611, 1.3678 ], [ 109.5762, 1.3814 ], [ 109.6094, 1.3888 ], [ 109.6097, 1.4326 ], [ 109.6533, 1.4358 ], [ 109.7194, 1.4765 ], [ 109.7491, 1.5335 ], [ 109.7952, 1.4986 ], [ 109.8054, 1.466 ], [ 109.8363, 1.4824 ], [ 109.8337, 1.4222 ], [ 109.9239, 1.4219 ], [ 109.9592, 1.3943 ], [ 109.9768, 1.3014 ], [ 110.0584, 1.2639 ], [ 110.0593, 1.2112 ], [ 110.1321, 1.1966 ], [ 110.0712, 1.1251 ], [ 110.1296, 1.0872 ], [ 110.1123, 1.064 ], [ 110.1338, 1.0229 ], [ 110.0928, 1.0198 ], [ 110.0541, 1.037 ], [ 110.0365, 1.0192 ], [ 109.9582, 1.0316 ], [ 109.9256, 1.0527 ], [ 109.911, 1.0333 ], [ 109.9299, 1.008 ], [ 109.9106, 0.9374 ], [ 109.8599, 0.9075 ], [ 109.8502, 0.8717 ], [ 109.8095, 0.8466 ], [ 109.6914, 0.8451 ], [ 109.6662, 0.7512 ], [ 109.5344, 0.7116 ], [ 109.4768, 0.7771 ], [ 109.4071, 0.7309 ], [ 109.3506, 0.766 ], [ 109.2913, 0.7113 ], [ 109.2659, 0.7505 ], [ 109.1927, 0.7008 ], [ 109.1491, 0.6937 ], [ 109.1044, 0.6354 ] ] ], [ [ [ 108.7005, 0.8043 ], [ 108.711, 0.8 ], [ 108.7273, 0.7321 ], [ 108.7133, 0.7329 ], [ 108.6949, 0.7756 ], [ 108.7005, 0.8043 ] ] ] ] } },
{ "type": "Feature", "properties": { "province": "KALIMANTAN BARAT", "district": "KAPUAS HULU", "id": "KALIMANTAN BARAT/KAPUAS HULU", "name": "KAPUAS HULU" }, "geometry": { "type": "Polygon", "coordinates": [ [ [ 112.1654, 0.0869 ], [ 112.1208, 0.0816 ], [ 112.0925, 0.127 ], [ 112.0895, 0.1702 ], [ 112.0103, 0.2117 ], [ 111.9645, 0.187 ], [ 111.8779, 0.1792 ], [ 111.8365, 0.2285 ], [ 111.7507, 0.2411 ], [ 111.6772, 0.2721 ], [ 111.6528, 0.3451 ], [ 111.6873, 0.3782 ], [ 111.7295, 0.4717 ], [ 111.7101, 0.5544 ], [ 111.7409, 0.5783 ], [ 111.6878, 0.626 ], [ 111.7484, 0.75 ], [ 111.6381, 0.861 ], [ 111.6234, 0.9249 ], [ 111.5612, 0.9182 ], [ 111.5276, 0.9649 ], [ 111.6693, 1.0468 ], [ 111.7279, 1.0109 ], [ 111.7658, 1.0222 ], [ 111.7906, 1.0032 ], [ 111.7998, 1.0203 ], [ 111.8617, 1.003 ], [ 111.8807, 1.0507 ], [ 111.9463, 1.1227 ], [ 112.1492, 1.1481 ], [ 112.1436, 1.1809 ], [ 112.1745, 1.3019 ], [ 112.2229, 1.3831 ], [ 112.1991, 1.4102 ], [ 112.2153, 1.4537 ], [ 112.2672, 1.4662 ], [ 112.3228, 1.5035 ], [ 112.4314, 1.5269 ], [ 112.4861, 1.5761 ], [ 112.6514, 1.5704 ], [ 112.6815, 1.5524 ], [ 112.777, 1.5618 ], [ 112.8083, 1.5384 ], [ 112.8426, 1.5404 ], [ 112.8876, 1.5875 ], [ 112.924, 1.5692 ], [ 113.0074, 1.5715 ], [ 113.0538, 1.5565 ], [ 113.0626, 1.5343 ], [ 113.0304, 1.4931 ], [ 113.0326, 1.4738 ], [ 112.9763, 1.4483 ], [ 112.9757, 1.4117 ], [ 113.0121, 1.4072 ], [ 113.1004, 1.4393 ], [ 113.1324, 1.3942 ], [ 113.1722, 1.3793 ], [ 113.2639, 1.3918 ], [ 113.3214, 1.3771 ], [ 113.353, 1.3575 ], [ 113.3676, 1.3258 ], [ 113.4339, 1.285 ], [ 113.5417, 1.3196 ], [ 113.5808, 1.3019 ], [ 113.6368, 1.2177 ], [ 113.8009, 1.2978 ], [ 113.8259, 1.3322 ], [ 113.8204, 1.3701 ], [ 113.934, 1.4173 ], [ 113.9788, 1.4529 ], [ 114.1368, 1.465 ], [ 114.1977, 1.4212 ], [ 114.1982, 1.4073 ], [ 114.1484, 1.3802 ], [ 114.1541, 1.3103 ], [ 114.1423, 1.2954 ], [ 114.1616, 1.2639 ], [ 114.1277, 1.225 ], [ 114.1418, 1.2005 ], [ 114.1175, 1.1554 ], [ 114.0953, 1.1492 ], [ 114.0852, 1.165 ], [ 114.0471, 1.1326 ], [ 114.0311, 1.1489 ], [ 113.9852, 1.1443 ], [ 113.9409, 1.064 ], [ 113.9076, 1.0624 ], [ 113.8915, 1.045 ], [ 113.9216, 0.9919 ], [ 113.8805, 0.9261 ], [ 113.878, 0.8962 ], [ 113.9283, 0.8406 ], [ 113.8914, 0.7862 ], [ 113.8949, 0.7369 ], [ 113.8439, 0.7029 ], [ 113.843, 0.662 ], [ 113.8143, 0.6419 ], [ 113.7746, 0.5646 ], [ 113.6729, 0.5023 ], [ 113.6587, 0.4406 ], [ 113.5883, 0.4071 ], [ 113.452, 0.2714 ], [ 113.352, 0.2784 ], [ 113.273, 0.2404 ], [ 113.1679, 0.262 ], [ 113.1301, 0.2419 ], [ 113.0574, 0.3174 ], [ 112.986, 0.2926 ], [ 112.9619, 0.2567 ], [ 112.9701, 0.2248 ], [ 112.9577, 0.1996 ], [ 112.8582, 0.21 ], [ 112.7936, 0.241 ], [ 112.7422, 0.2164 ], [ 112.6832, 0.241 ], [ 112.6305, 0.2092 ], [ 112.6486, 0.1717 ], [ 112.6191, 0.1481 ], [ 112.568, 0.2029 ], [ 112.5177, 0.1794 ], [ 112.505, 0.1527 ], [ 112.5133, 0.1192 ], [ 112.4228, 0.1444 ], [ 112.3476, 0.1172 ], [ 112.2696, 0.1276 ], [ 112.1654, 0.0869 ] ] ] } },
{ "type": "Feature", "properties": { "province": "KALIMANTAN BARAT", "district": "KAYONG UTARA", "id": "KALIMANTAN BARAT/KAYONG UTARA", "name": "KAYONG UTARA" }, "geometry": { "type": "MultiPolygon", "coordinates": [ [ [ [ 108.9176, -1.549 ], [ 108.9387, -1.5491 ], [ 108.9827, -1.5997 ], [ 108.9696, -1.6267 ], [ 108.8775, -1.6744 ], [ 108.8335, -1.6676 ], [ 108.8186, -1.6484 ], [ 108.8399, -1.6327 ], [ 108.8289, -1.5895 ], [ 108.8402, -1.5859 ], [ 108.7989, -1.5932 ], [ 108.8078, -1.5808 ], [ 108.7918, -1.578 ], [ 108.835, -1.553 ], [ 108.846, -1.5697 ], [ 108.8755, -1.5649 ], [ 108.8973, -1.5338 ], [ 108.9176, -1.549 ] ] ], [ [ [ 110.122, -1.3436 ], [ 110.0688, -1.3683 ], [ 110.0203, -1.2891 ], [ 109.9624, -1.277 ], [ 109.939, -1.2514 ], [ 109.9486, -1.2425 ], [ 109.935, -1.2191 ], [ 109.9071, -1.2075 ], [ 109.9466, -1.125 ], [ 109.8633, -1.0925 ], [ 109.8193, -1.0913 ], [ 109.7958, -1.0442 ], [ 109.8002, -1.0219 ], [ 109.7957, -1.0442 ], [ 109.7756, -1.0443 ], [ 109.7634, -0.9939 ], [ 109.7324, -0.9874 ], [ 109.7305, -0.9171 ], [ 109.8032, -0.8673 ], [ 109.8005, -0.8423 ], [ 109.8939, -0.8221 ], [ 109.8942, -0.8021 ], [ 109.9315, -0.7822 ], [ 109.9323, -0.7523 ], [ 110.0573, -0.7597 ], [ 110.127, -0.7901 ], [ 110.2195, -0.8611 ], [ 110.3531, -0.8738 ], [ 110.4043, -1.0592 ], [ 110.3937, -1.0708 ], [ 110.4218, -1.0866 ], [ 110.416, -1.103 ], [ 110.4603, -1.1107 ], [ 110.4706, -1.134 ], [ 110.4413, -1.2341 ], [ 110.3585, -1.2344 ], [ 110.2707, -1.3044 ], [ 110.122, -1.3436 ] ] ], [ [ [ 109.2632, -1.1857 ], [ 109.2695, -1.2163 ], [ 109.2423, -1.2436 ], [ 109.2174, -1.237 ], [ 109.2274, -1.2002 ], [ 109.2632, -1.1857 ] ] ], [ [ [ 109.6907, -1.1925 ], [ 109.6875, -1.2168 ], [ 109.5902, -1.2468 ], [ 109.5011, -1.3094 ], [ 109.4307, -1.2934 ], [ 109.3796, -1.2555 ], [ 109.4064, -1.2448 ], [ 109.4261, -1.2054 ], [ 109.458, -1.0032 ], [ 109.4893, -0.9721 ], [ 109.5538, -1.0032 ], [ 109.5965, -0.9807 ], [ 109.6366, -0.9859 ], [ 109.6457, -1.0114 ], [ 109.6761, -1.0205 ], [ 109.7147, -0.9891 ], [ 109.7617, -1.0047 ], [ 109.7805, -1.1442 ], [ 109.6907, -1.1925 ] ] ] ] } },
{ "type": "Feature", "properties": { "province": "KALIMANTAN BARAT", "district": "KETAPANG", "id": "KALIMANTAN BARAT/KETAPANG", "name": "KETAPANG" }, "geometry": { "type": "Polygon", "coordinates": [ [ [ 110.8245, -2.9067 ], [ 110.7882, -2.9131 ], [ 110.7541, -2.944 ], [ 110.7271, -3.0022 ], [ 110.653, -3.0419 ], [ 110.6111, -2.9909 ], [ 110.648, -2.9887 ], [ 110.6234, -2.8903 ], [ 110.5729, -2.8398 ], [ 110.5124, -2.8498 ], [ 110.415, -2.899 ], [ 110.3062, -2.996 ], [ 110.26, -2.9612 ], [ 110.2243, -2.886 ], [ 110.3374, -2.7982 ], [ 110.2242, -2.886 ], [ 110.252, -2.8497 ], [ 110.2642, -2.7787 ], [ 110.2573, -2.7583 ], [ 110.2187, -2.7392 ], [ 110.2337, -2.6971 ], [ 110.2146, -2.6482 ], [ 110.1491, -2.6211 ], [ 110.1842, -2.5898 ], [ 110.1962, -2.5177 ], [ 110.182, -2.4568 ], [ 110.1491, -2.4288 ], [ 110.138, -2.303 ], [ 110.0989, -2.2467 ], [ 110.062, -2.2452 ], [ 110.0917, -2.2246 ], [ 110.0839, -2.1873 ], [ 110.1155, -2.1284 ], [ 110.1217, -2.0296 ], [ 110.0762, -1.9394 ], [ 109.9964, -1.8998 ], [ 109.9756, -1.8735 ], [ 109.9232, -1.8567 ], [ 109.9008, -1.8272 ], [ 109.9286, -1.8303 ], [ 109.909, -1.8052 ], [ 109.9121, -1.7736 ], [ 109.943, -1.7774 ], [ 109.9405, -1.7627 ], [ 109.9753, -1.7494 ], [ 110.0267, -1.6827 ], [ 110.0363, -1.5227 ], [ 110.0639, -1.4595 ], [ 110.0688, -1.3683 ], [ 110.1608, -1.3269 ], [ 110.2707, -1.3044 ], [ 110.353, -1.2363 ], [ 110.4413, -1.2341 ], [ 110.4711, -1.1381 ], [ 110.4603, -1.1107 ], [ 110.416, -1.103 ], [ 110.4218, -1.0866 ], [ 110.3937, -1.0708 ], [ 110.4043, -1.0592 ], [ 110.3531, -0.8738 ], [ 110.2195, -0.8611 ], [ 110.127, -0.7901 ], [ 110.0573, -0.7597 ], [ 109.9323, -0.7523 ], [ 109.9344, -0.72 ], [ 109.8887, -0.7268 ], [ 109.8592, -0.6576 ], [ 109.8133, -0.6802 ], [ 109.8146, -0.6429 ], [ 109.881, -0.5864 ], [ 109.8848, -0.5536 ], [ 109.9474, -0.4992 ], [ 109.996, -0.4854 ], [ 110.0373, -0.4348 ], [ 110.0513, -0.3865 ], [ 110.0988, -0.3968 ], [ 110.1084, -0.4274 ], [ 110.1497, -0.4355 ], [ 110.213, -0.4193 ], [ 110.2511, -0.444 ], [ 110.2985, -0.449 ], [ 110.3182, -0.4094 ], [ 110.3668, -0.3955 ], [ 110.3713, -0.4124 ], [ 110.3506, -0.4379 ], [ 110.3906, -0.4741 ], [ 110.4144, -0.4341 ], [ 110.4026, -0.3769 ], [ 110.4685, -0.326 ], [ 110.5282, -0.3383 ], [ 110.6042, -0.4229 ], [ 110.6369, -0.6191 ], [ 110.6983, -0.6328 ], [ 110.8039, -0.6011 ], [ 110.8437, -0.5678 ], [ 110.8669, -0.4904 ], [ 110.9072, -0.458 ], [ 111.0178, -0.5036 ], [ 111.0889, -0.4955 ], [ 111.1886, -0.5163 ], [ 111.2393, -0.5886 ], [ 111.2667, -0.59 ], [ 111.2217, -0.6587 ], [ 111.242, -0.7007 ], [ 111.2339, -0.7839 ], [ 111.2118, -0.8319 ], [ 111.2177, -0.8636 ], [ 111.1967, -0.8805 ], [ 111.1637, -0.8631 ], [ 111.17, -0.9099 ], [ 111.1244, -0.9308 ], [ 111.1143, -0.9516 ], [ 111.1502, -0.9644 ], [ 111.1439, -1.0072 ], [ 111.2059, -1.0186 ], [ 111.2614, -1.0916 ], [ 111.2618, -1.1356 ], [ 111.2351, -1.183 ], [ 111.2604, -1.2091 ], [ 111.2604, -1.244 ], [ 111.2714, -1.2585 ], [ 111.3133, -1.2574 ], [ 111.3154, -1.2931 ], [ 111.3582, -1.321 ], [ 111.3327, -1.3324 ], [ 111.3246, -1.3652 ], [ 111.2751, -1.4078 ], [ 111.1479, -1.4415 ], [ 111.129, -1.4734 ], [ 111.1187, -1.5528 ], [ 111.0754, -1.5595 ], [ 111.0598, -1.5355 ], [ 111.0133, -1.5625 ], [ 110.9793, -1.5392 ], [ 110.9522, -1.5791 ], [ 110.8997, -1.5917 ], [ 110.8538, -1.6364 ], [ 110.8551, -1.6738 ], [ 110.8865, -1.6815 ], [ 110.9166, -1.7203 ], [ 110.9429, -1.7104 ], [ 110.9745, -1.6691 ], [ 111.0047, -1.6994 ], [ 111.0139, -1.7777 ], [ 110.9773, -1.8416 ], [ 110.9744, -1.8779 ], [ 110.996, -1.9091 ], [ 110.9798, -1.9503 ], [ 111.018, -1.9561 ], [ 111.0532, -1.9896 ], [ 111.0575, -2.0136 ], [ 111.0897, -2.0148 ], [ 111.0573, -2.0718 ], [ 111.0788, -2.1612 ], [ 111.0318, -2.2422 ], [ 111.0702, -2.3008 ], [ 111.1032, -2.4241 ], [ 111.1363, -2.6113 ], [ 111.1186, -2.6526 ], [ 111.1648, -2.6722 ], [ 111.1714, -2.6939 ], [ 111.1466, -2.7413 ], [ 111.0123, -2.7943 ], [ 110.9683, -2.8569 ], [ 110.8916, -2.8707 ], [ 110.8245, -2.9067 ] ] ] } },
{ "type": "Feature", "properties": { "province": "KALIMANTAN BARAT", "district": "KOTA PONTIANAK", "id": "KALIMANTAN BARAT/KOTA PONTIANAK", "name": "KOTA PONTIANAK" }, "geometry": { "type": "MultiPolygon", "coordinates": [ [ [ [ 109.362, -0.0688 ], [ 109.3437, -0.0974 ], [ 109.307, -0.0771 ], [ 109.2721, -0.0274 ], [ 109.2871, 0.0016 ], [ 109.3427, -0.0233 ], [ 109.362, -0.0688 ] ] ], [ [ [ 109.3755, -0.0595 ], [ 109.3551, -0.0401 ], [ 109.3455, -0.0237 ], [ 109.3836, -0.0265 ], [ 109.3755, -0.0595 ] ] ], [ [ [ 109.3495, -0.0212 ], [ 109.3214, -0.0002 ], [ 109.29, 0.0085 ], [ 109.2975, 0.0298 ], [ 109.371, 0.021 ], [ 109.377, -0.0209 ], [ 109.3649, -0.0183 ], [ 109.3495, -0.0212 ] ] ] ] } },
{ "type": "Feature", "properties": { "province": "KALIMANTAN BARAT", "district": "KOTA SINGKAWANG", "id": "KALIMANTAN BARAT/KOTA SINGKAWANG", "name": "KOTA SINGKAWANG" }, "geometry": { "type": "Polygon", "coordinates": [ [ [ 109.1201, 0.8787 ], [ 109.0522, 0.8461 ], [ 109.0355, 0.7787 ], [ 109.0132, 0.7641 ], [ 108.9705, 0.7768 ], [ 108.9613, 0.8085 ], [ 108.874, 0.841 ], [ 108.8933, 0.8709 ], [ 108.9121, 0.8631 ], [ 108.9497, 0.8999 ], [ 108.9788, 0.9892 ], [ 109.0956, 0.9912 ], [ 109.0963, 1.0049 ], [ 109.1303, 1.0184 ], [ 109.1768, 0.9633 ], [ 109.1574, 0.9031 ], [ 109.1201, 0.8787 ] ] ] } },
{ "type": "Feature", "properties": { "province": "KALIMANTAN BARAT", "district": "KUBU RAYA", "id": "KALIMANTAN BARAT/KUBU RAYA", "name": "KUBU RAYA" }, "geometry": { "type": "MultiPolygon", "coordinates": [ [ [ [ 109.5193, -0.8779 ], [ 109.4334, -0.8536 ], [ 109.4155, -0.8688 ], [ 109.4327, -0.8963 ], [ 109.4038, -0.9334 ], [ 109.3003, -0.9002 ], [ 109.2405, -0.8174 ], [ 109.2482, -0.6612 ], [ 109.3199, -0.7051 ], [ 109.3205, -0.7261 ], [ 109.3201, -0.7054 ], [ 109.3919, -0.7063 ], [ 109.4665, -0.7544 ], [ 109.5528, -0.7435 ], [ 109.5612, -0.7633 ], [ 109.6767, -0.832 ], [ 109.711, -0.8319 ], [ 109.7184, -0.8508 ], [ 109.7132, -0.8636 ], [ 109.7182, -0.8723 ], [ 109.7484, -0.8715 ], [ 109.736, -0.8813 ], [ 109.7461, -0.8993 ], [ 109.7205, -0.9134 ], [ 109.7215, -0.9735 ], [ 109.6827, -1.0138 ], [ 109.6494, -0.9985 ], [ 109.6397, -0.9763 ], [ 109.6129, -0.9721 ], [ 109.5855, -0.899 ], [ 109.5193, -0.8779 ] ] ], [ [ [ 109.802, -0.842 ], [ 109.8032, -0.8673 ], [ 109.7543, -0.8952 ], [ 109.7391, -0.8835 ], [ 109.7507, -0.8749 ], [ 109.7472, -0.8627 ], [ 109.7372, -0.8594 ], [ 109.7251, -0.8709 ], [ 109.7167, -0.8667 ], [ 109.7212, -0.8492 ], [ 109.7129, -0.8274 ], [ 109.6912, -0.8233 ], [ 109.6791, -0.8292 ], [ 109.6618, -0.8058 ], [ 109.636, -0.7967 ], [ 109.6319, -0.7515 ], [ 109.6709, -0.7543 ], [ 109.6963, -0.7199 ], [ 109.6674, -0.7004 ], [ 109.6569, -0.6709 ], [ 109.596, -0.6936 ], [ 109.5845, -0.6507 ], [ 109.5463, -0.6519 ], [ 109.4754, -0.6161 ], [ 109.4147, -0.6311 ], [ 109.3742, -0.5846 ], [ 109.3266, -0.5869 ], [ 109.3326, -0.5715 ], [ 109.3179, -0.5933 ], [ 109.2514, -0.605 ], [ 109.226, -0.5877 ], [ 109.2323, -0.5638 ], [ 109.1811, -0.5418 ], [ 109.1896, -0.5681 ], [ 109.1473, -0.5663 ], [ 109.1176, -0.5177 ], [ 109.0986, -0.3516 ], [ 109.1034, -0.3444 ], [ 109.1188, -0.3591 ], [ 109.1615, -0.372 ], [ 109.1651, -0.3697 ], [ 109.1147, -0.3431 ], [ 109.0897, -0.2746 ], [ 109.1204, -0.2591 ], [ 109.1328, -0.2382 ], [ 109.1727, -0.2316 ], [ 109.1985, -0.2206 ], [ 109.2245, -0.2482 ], [ 109.2702, -0.2727 ], [ 109.2709, -0.3131 ], [ 109.2703, -0.2727 ], [ 109.289, -0.2826 ], [ 109.1818, -0.1963 ], [ 109.1899, -0.1386 ], [ 109.1822, -0.0976 ], [ 109.1877, -0.091 ], [ 109.1592, -0.0403 ], [ 109.1696, 0.0307 ], [ 109.2871, 0.0016 ], [ 109.2721, -0.0274 ], [ 109.307, -0.0771 ], [ 109.3406, -0.0961 ], [ 109.3661, -0.0606 ], [ 109.3795, -0.0699 ], [ 109.3514, 0.2066 ], [ 109.3836, 0.2551 ], [ 109.447, 0.2548 ], [ 109.4944, 0.2296 ], [ 109.4874, 0.1691 ], [ 109.5113, 0.1179 ], [ 109.4954, 0.0902 ], [ 109.522, 0.0391 ], [ 109.5029, -0.0315 ], [ 109.5486, -0.0103 ], [ 109.5445, 0.001 ], [ 109.5621, 0.0019 ], [ 109.5621, -0.0136 ], [ 109.5809, -0.0042 ], [ 109.5703, 0.0073 ], [ 109.5892, 0.0219 ], [ 109.5724, 0.0386 ], [ 109.5921, 0.0396 ], [ 109.5935, 0.0244 ], [ 109.6045, 0.0356 ], [ 109.6128, 0.0195 ], [ 109.6145, 0.0359 ], [ 109.6209, 0.0236 ], [ 109.6355, 0.0334 ], [ 109.6333, 0.0499 ], [ 109.6571, 0.0367 ], [ 109.6493, 0.0505 ], [ 109.6644, 0.0423 ], [ 109.6562, 0.0565 ], [ 109.6707, 0.0723 ], [ 109.6733, 0.0569 ], [ 109.7498, 0.0926 ], [ 109.7683, 0.0771 ], [ 109.7954, 0.0902 ], [ 109.8692, 0.0859 ], [ 109.8641, 0.0384 ], [ 109.8347, 0.0192 ], [ 109.8478, -0.0459 ], [ 109.9037, -0.1069 ], [ 109.9033, -0.1329 ], [ 109.9192, -0.1519 ], [ 109.9389, -0.1434 ], [ 109.9413, -0.2239 ], [ 109.9657, -0.2814 ], [ 109.9306, -0.3186 ], [ 109.9484, -0.3465 ], [ 109.9225, -0.3569 ], [ 109.9206, -0.4016 ], [ 109.9717, -0.4331 ], [ 109.946, -0.4436 ], [ 109.9676, -0.4533 ], [ 109.9729, -0.4754 ], [ 109.966, -0.4959 ], [ 109.8848, -0.5536 ], [ 109.881, -0.5864 ], [ 109.8161, -0.6408 ], [ 109.8108, -0.665 ], [ 109.8185, -0.6822 ], [ 109.8592, -0.6576 ], [ 109.8887, -0.7268 ], [ 109.9344, -0.72 ], [ 109.9321, -0.7811 ], [ 109.8942, -0.8021 ], [ 109.893, -0.8226 ], [ 109.802, -0.842 ] ] ], [ [ [ 109.1261, -0.202 ], [ 109.1933, -0.2187 ], [ 109.1325, -0.2358 ], [ 109.0836, -0.2696 ], [ 109.0947, -0.3294 ], [ 109.0553, -0.2699 ], [ 109.0579, -0.2169 ], [ 109.1261, -0.202 ] ] ], [ [ [ 109.1727, -0.1051 ], [ 109.1869, -0.1369 ], [ 109.1766, -0.1943 ], [ 109.1247, -0.1168 ], [ 109.1612, -0.0581 ], [ 109.1727, -0.1051 ] ] ] ] } },
{ "type": "Feature", "properties": { "province": "KALIMANTAN BARAT", "district": "LANDAK", "id": "KALIMANTAN BARAT/LANDAK", "name": "LANDAK" }, "geometry": { "type": "Polygon", "coordinates": [ [ [ 109.6959, 0.0644 ], [ 109.6732, 0.0569 ], [ 109.6704, 0.0722 ], [ 109.6562, 0.0565 ], [ 109.664, 0.0419 ], [ 109.6333, 0.0499 ], [ 109.6355, 0.0334 ], [ 109.6209, 0.0236 ], [ 109.6145, 0.0359 ], [ 109.614, 0.0197 ], [ 109.6045, 0.0356 ], [ 109.5935, 0.0244 ], [ 109.5921, 0.0396 ], [ 109.5724, 0.0386 ], [ 109.5892, 0.0219 ], [ 109.5703, 0.0073 ], [ 109.5809, -0.0042 ], [ 109.5621, -0.0136 ], [ 109.5621, 0.0019 ], [ 109.5445, 0.001 ], [ 109.5486, -0.0103 ], [ 109.5029, -0.0315 ], [ 109.522, 0.0391 ], [ 109.4954, 0.0902 ], [ 109.5113, 0.1179 ], [ 109.4874, 0.1691 ], [ 109.4944, 0.2296 ], [ 109.447, 0.2548 ], [ 109.2599, 0.2638 ], [ 109.2005, 0.2901 ], [ 109.2163, 0.3215 ], [ 109.2365, 0.32 ], [ 109.2353, 0.3416 ], [ 109.2636, 0.337 ], [ 109.3223, 0.3622 ], [ 109.2928, 0.4299 ], [ 109.2414, 0.4721 ], [ 109.2232, 0.469 ], [ 109.2469, 0.5519 ], [ 109.2898, 0.6065 ], [ 109.2601, 0.6452 ], [ 109.2129, 0.643 ], [ 109.1448, 0.6889 ], [ 109.1927, 0.7008 ], [ 109.2152, 0.7271 ], [ 109.2352, 0.7223 ], [ 109.2659, 0.7505 ], [ 109.2929, 0.7117 ], [ 109.3506, 0.766 ], [ 109.4071, 0.7309 ], [ 109.4768, 0.7771 ], [ 109.5329, 0.7116 ], [ 109.6641, 0.7502 ], [ 109.6914, 0.8451 ], [ 109.8095, 0.8466 ], [ 109.8502, 0.8717 ], [ 109.8599, 0.9075 ], [ 109.9087, 0.9352 ], [ 109.9299, 1.008 ], [ 109.911, 1.0333 ], [ 109.9276, 1.0535 ], [ 109.9611, 1.0308 ], [ 110.0374, 1.0192 ], [ 110.056, 1.0369 ], [ 110.2018, 1.0 ], [ 110.2262, 0.9624 ], [ 110.2025, 0.927 ], [ 110.2659, 0.8677 ], [ 110.2445, 0.8479 ], [ 110.1818, 0.8363 ], [ 110.1765, 0.8075 ], [ 110.1953, 0.7582 ], [ 110.2398, 0.7243 ], [ 110.2235, 0.6 ], [ 110.2354, 0.583 ], [ 110.2631, 0.5855 ], [ 110.2555, 0.5482 ], [ 110.2004, 0.5269 ], [ 110.2073, 0.4837 ], [ 110.1874, 0.4851 ], [ 110.1594, 0.4502 ], [ 110.2125, 0.418 ], [ 110.1885, 0.3823 ], [ 110.1515, 0.3752 ], [ 110.1322, 0.3185 ], [ 110.1342, 0.2211 ], [ 110.1159, 0.2086 ], [ 110.0331, 0.2178 ], [ 110.0202, 0.1971 ], [ 110.0298, 0.1767 ], [ 109.9504, 0.1655 ], [ 109.9129, 0.1074 ], [ 109.8692, 0.0859 ], [ 109.7954, 0.0902 ], [ 109.7683, 0.0771 ], [ 109.7498, 0.0926 ], [ 109.6959, 0.0644 ] ] ] } },
{ "type": "Feature", "properties": { "province": "KALIMANTAN BARAT", "district": "MELAWI", "id": "KALIMANTAN BARAT/MELAWI", "name": "MELAWI" }, "geometry": { "type": "Polygon", "coordinates": [ [ [ 111.3778, -1.2792 ], [ 111.3588, -1.3191 ], [ 111.3154, -1.2931 ], [ 111.3133, -1.2574 ], [ 111.266, -1.2538 ], [ 111.2604, -1.2091 ], [ 111.2351, -1.183 ], [ 111.2654, -1.0979 ], [ 111.2059, -1.0186 ], [ 111.1439, -1.0072 ], [ 111.1502, -0.9644 ], [ 111.1143, -0.9516 ], [ 111.1244, -0.9308 ], [ 111.17, -0.9099 ], [ 111.1637, -0.8631 ], [ 111.1967, -0.8805 ], [ 111.2177, -0.8636 ], [ 111.2118, -0.8319 ], [ 111.2339, -0.7839 ], [ 111.242, -0.7007 ], [ 111.2217, -0.6587 ], [ 111.2681, -0.6013 ], [ 111.2655, -0.5878 ], [ 111.2393, -0.5886 ], [ 111.2021, -0.5252 ], [ 111.2357, -0.5106 ], [ 111.368, -0.3616 ], [ 111.4468, -0.3505 ], [ 111.4808, -0.2296 ], [ 111.57, -0.2227 ], [ 111.6078, -0.1863 ], [ 111.6389, -0.2419 ], [ 111.6593, -0.2398 ], [ 111.7339, -0.2064 ], [ 111.7222, -0.1447 ], [ 111.8455, -0.2004 ], [ 111.8644, -0.2355 ], [ 111.8821, -0.2369 ], [ 111.8674, -0.2675 ], [ 111.9845, -0.2491 ], [ 111.9881, -0.2273 ], [ 112.0232, -0.2145 ], [ 112.1174, -0.2705 ], [ 112.1288, -0.3059 ], [ 112.3809, -0.1818 ], [ 112.3666, -0.3443 ], [ 112.3755, -0.3716 ], [ 112.416, -0.4012 ], [ 112.4289, -0.5373 ], [ 112.4554, -0.5639 ], [ 112.4559, -0.6824 ], [ 112.425, -0.6725 ], [ 112.3989, -0.7005 ], [ 112.3525, -0.7162 ], [ 112.3305, -0.7044 ], [ 112.3082, -0.7348 ], [ 112.2761, -0.6877 ], [ 112.285, -0.6808 ], [ 112.2761, -0.6876 ], [ 112.2425, -0.6334 ], [ 112.2111, -0.6133 ], [ 112.1732, -0.6365 ], [ 112.1589, -0.6816 ], [ 112.146, -0.6823 ], [ 112.1588, -0.7273 ], [ 112.0234, -0.7025 ], [ 112.0146, -0.7223 ], [ 112.0323, -0.7928 ], [ 111.9517, -0.816 ], [ 111.9096, -0.7724 ], [ 111.9018, -0.8308 ], [ 111.9207, -0.8694 ], [ 111.878, -0.863 ], [ 111.8487, -0.9064 ], [ 111.7285, -0.9242 ], [ 111.7169, -0.9446 ], [ 111.6236, -0.9856 ], [ 111.6209, -1.0491 ], [ 111.5535, -1.0991 ], [ 111.5683, -1.2029 ], [ 111.4065, -1.2416 ], [ 111.3971, -1.2764 ], [ 111.3778, -1.2792 ] ] ] } },
{ "type": "Feature", "properties": { "province": "KALIMANTAN BARAT", "district": "MEMPAWAH", "id": "KALIMANTAN BARAT/MEMPAWAH", "name": "MEMPAWAH" }, "geometry": { "type": "MultiPolygon", "coordinates": [ [ [ [ 109.3638, 0.0809 ], [ 109.3707, 0.0211 ], [ 109.3093, 0.0381 ], [ 109.29, 0.0085 ], [ 109.2419, 0.0297 ], [ 109.1768, 0.0748 ], [ 109.1418, 0.1228 ], [ 109.1258, 0.1935 ], [ 109.0862, 0.2499 ], [ 109.0101, 0.2982 ], [ 108.9194, 0.3231 ], [ 108.9125, 0.3373 ], [ 108.9398, 0.3669 ], [ 108.9462, 0.4063 ], [ 108.9389, 0.4484 ], [ 108.9082, 0.4785 ], [ 108.9259, 0.5093 ], [ 108.9111, 0.5173 ], [ 108.9261, 0.561 ], [ 108.9542, 0.5279 ], [ 108.9901, 0.5538 ], [ 108.9987, 0.5417 ], [ 109.0392, 0.5939 ], [ 109.0783, 0.6043 ], [ 109.1453, 0.686 ], [ 109.2129, 0.643 ], [ 109.2601, 0.6452 ], [ 109.2784, 0.6263 ], [ 109.2898, 0.6065 ], [ 109.2469, 0.5519 ], [ 109.2232, 0.469 ], [ 109.2414, 0.4721 ], [ 109.2928, 0.4299 ], [ 109.3223, 0.3622 ], [ 109.2636, 0.337 ], [ 109.2353, 0.3416 ], [ 109.2365, 0.32 ], [ 109.2163, 0.3215 ], [ 109.2005, 0.2901 ], [ 109.2599, 0.2638 ], [ 109.3836, 0.2551 ], [ 109.3514, 0.2066 ], [ 109.3638, 0.0809 ] ] ], [ [ [ 108.8596, 0.5108 ], [ 108.8639, 0.4871 ], [ 108.8584, 0.4752 ], [ 108.8382, 0.4999 ], [ 108.8596, 0.5108 ] ] ] ] } },
{ "type": "Feature", "properties": { "province": "KALIMANTAN BARAT", "district": "SAMBAS", "id": "KALIMANTAN BARAT/SAMBAS", "name": "SAMBAS" }, "geometry": { "type": "Polygon", "coordinates": [ [ [ 109.0848, 1.0009 ], [ 108.9788, 0.9892 ], [ 108.9621, 1.0661 ], [ 108.9314, 1.0977 ], [ 108.9343, 1.12 ], [ 108.9043, 1.1658 ], [ 108.9712, 1.176 ], [ 108.9626, 1.2154 ], [ 109.045, 1.3543 ], [ 109.0369, 1.4488 ], [ 109.0531, 1.5143 ], [ 109.1232, 1.5825 ], [ 109.2196, 1.632 ], [ 109.2585, 1.6695 ], [ 109.3015, 1.7681 ], [ 109.295, 1.7825 ], [ 109.3366, 1.8305 ], [ 109.3448, 1.8734 ], [ 109.3236, 1.9263 ], [ 109.3386, 1.9419 ], [ 109.4294, 1.9497 ], [ 109.4543, 1.9781 ], [ 109.4824, 1.9845 ], [ 109.5875, 1.991 ], [ 109.6438, 2.0809 ], [ 109.6169, 1.9807 ], [ 109.5519, 1.9669 ], [ 109.5636, 1.9446 ], [ 109.5398, 1.9043 ], [ 109.5525, 1.8587 ], [ 109.5801, 1.838 ], [ 109.5846, 1.791 ], [ 109.6355, 1.8051 ], [ 109.6827, 1.7854 ], [ 109.6568, 1.6703 ], [ 109.6606, 1.6194 ], [ 109.6856, 1.6106 ], [ 109.7501, 1.5204 ], [ 109.678, 1.4486 ], [ 109.6097, 1.4326 ], [ 109.6094, 1.3888 ], [ 109.5758, 1.3806 ], [ 109.611, 1.3678 ], [ 109.6264, 1.3319 ], [ 109.5983, 1.2126 ], [ 109.5374, 1.1937 ], [ 109.4692, 1.0203 ], [ 109.4213, 1.0518 ], [ 109.272, 1.042 ], [ 109.2356, 1.0185 ], [ 109.2299, 0.9888 ], [ 109.1877, 0.964 ], [ 109.1501, 0.9797 ], [ 109.147, 1.0103 ], [ 109.1303, 1.0184 ], [ 109.0963, 1.0049 ], [ 109.0956, 0.9912 ], [ 109.0848, 1.0009 ] ] ] } },
{ "type": "Feature", "properties": { "province": "KALIMANTAN BARAT", "district": "SANGGAU", "id": "KALIMANTAN BARAT/SANGGAU", "name": "SANGGAU" }, "geometry": { "type": "Polygon", "coordinates": [ [ [ 110.6374, -0.1649 ], [ 110.6053, -0.2377 ], [ 110.5601, -0.2587 ], [ 110.5618, -0.3657 ], [ 110.5282, -0.3383 ], [ 110.4584, -0.3308 ], [ 110.4024, -0.3771 ], [ 110.4144, -0.4341 ], [ 110.3913, -0.4739 ], [ 110.3506, -0.4379 ], [ 110.3713, -0.4124 ], [ 110.3668, -0.3955 ], [ 110.3182, -0.4094 ], [ 110.2985, -0.449 ], [ 110.2511, -0.444 ], [ 110.213, -0.4193 ], [ 110.1497, -0.4355 ], [ 110.1084, -0.4274 ], [ 110.0988, -0.3968 ], [ 110.0563, -0.3856 ], [ 110.0398, -0.3998 ], [ 110.0361, -0.4365 ], [ 109.9725, -0.4985 ], [ 109.9587, -0.4872 ], [ 109.9702, -0.4574 ], [ 109.946, -0.4436 ], [ 109.9717, -0.4331 ], [ 109.9215, -0.4056 ], [ 109.9225, -0.3569 ], [ 109.9484, -0.3465 ], [ 109.9306, -0.3186 ], [ 109.9657, -0.2814 ], [ 109.9413, -0.2239 ], [ 109.9389, -0.1434 ], [ 109.9147, -0.15 ], [ 109.9037, -0.1069 ], [ 109.8478, -0.0459 ], [ 109.8347, 0.0217 ], [ 109.8563, 0.025 ], [ 109.8608, 0.0759 ], [ 109.9129, 0.1074 ], [ 109.9445, 0.1616 ], [ 110.0216, 0.1721 ], [ 110.0538, 0.2156 ], [ 110.1159, 0.2086 ], [ 110.1342, 0.2211 ], [ 110.1322, 0.3185 ], [ 110.1515, 0.3752 ], [ 110.1885, 0.3823 ], [ 110.2125, 0.418 ], [ 110.1594, 0.4502 ], [ 110.1874, 0.4851 ], [ 110.2073, 0.4837 ], [ 110.2004, 0.5269 ], [ 110.2555, 0.5482 ], [ 110.2631, 0.5855 ], [ 110.2354, 0.583 ], [ 110.2235, 0.6 ], [ 110.2398, 0.7243 ], [ 110.1953, 0.7582 ], [ 110.1765, 0.8083 ], [ 110.1818, 0.8363 ], [ 110.2445, 0.8479 ], [ 110.2659, 0.8677 ], [ 110.2025, 0.927 ], [ 110.2245, 0.981 ], [ 110.122, 1.0195 ], [ 110.1379, 1.0316 ], [ 110.1124, 1.0667 ], [ 110.1296, 1.0872 ], [ 110.0717, 1.1221 ], [ 110.1334, 1.1991 ], [ 110.1923, 1.1845 ], [ 110.2141, 1.1507 ], [ 110.2118, 1.1185 ], [ 110.2509, 1.1075 ], [ 110.2616, 1.0575 ], [ 110.2877, 1.0444 ], [ 110.2785, 0.9958 ], [ 110.3093, 1.0037 ], [ 110.3265, 0.992 ], [ 110.3407, 1.0125 ], [ 110.3601, 0.9833 ], [ 110.3978, 0.9976 ], [ 110.4068, 0.9529 ], [ 110.4404, 0.9436 ], [ 110.4397, 0.9173 ], [ 110.4919, 0.8766 ], [ 110.5768, 0.8537 ], [ 110.6302, 0.869 ], [ 110.634, 0.8946 ], [ 110.653, 0.9033 ], [ 110.655, 0.8756 ], [ 110.6939, 0.8609 ], [ 110.7177, 0.906 ], [ 110.757, 0.8992 ], [ 110.7729, 0.9321 ], [ 110.7975, 0.906 ], [ 110.7765, 0.8911 ], [ 110.8087, 0.8678 ], [ 110.7816, 0.8099 ], [ 110.8135, 0.7525 ], [ 110.8675, 0.7587 ], [ 110.9048, 0.7309 ], [ 110.9916, 0.7542 ], [ 111.0535, 0.74 ], [ 111.0082, 0.6852 ], [ 111.0019, 0.5629 ], [ 110.9425, 0.4618 ], [ 110.9459, 0.4007 ], [ 110.9733, 0.36 ], [ 110.9342, 0.2554 ], [ 110.9218, 0.2293 ], [ 110.8883, 0.2148 ], [ 110.8732, 0.1239 ], [ 110.8557, 0.1006 ], [ 110.7496, 0.0609 ], [ 110.7538, 0.0131 ], [ 110.719, -0.0393 ], [ 110.7142, -0.0784 ], [ 110.75, -0.1644 ], [ 110.7015, -0.1687 ], [ 110.6459, -0.1441 ], [ 110.6374, -0.1649 ] ] ] } },
{ "type": "Feature", "properties": { "province": "KALIMANTAN BARAT", "district": "SEKADAU", "id": "KALIMANTAN BARAT/SEKADAU", "name": "SEKADAU" }, "geometry": { "type": "Polygon", "coordinates": [ [ [ 110.7281, -0.6226 ], [ 110.6983, -0.6328 ], [ 110.6369, -0.6191 ], [ 110.6168, -0.4594 ], [ 110.5562, -0.3427 ], [ 110.5697, -0.2859 ], [ 110.5601, -0.2587 ], [ 110.6053, -0.2377 ], [ 110.6301, -0.2041 ], [ 110.6436, -0.1447 ], [ 110.7015, -0.1687 ], [ 110.75, -0.1644 ], [ 110.7142, -0.0784 ], [ 110.719, -0.0393 ], [ 110.7538, 0.0131 ], [ 110.7496, 0.0609 ], [ 110.8557, 0.1006 ], [ 110.8732, 0.1239 ], [ 110.8883, 0.2148 ], [ 110.9218, 0.2293 ], [ 110.9342, 0.2554 ], [ 110.9733, 0.36 ], [ 110.9459, 0.4007 ], [ 110.9425, 0.4618 ], [ 111.0019, 0.5629 ], [ 111.0082, 0.6852 ], [ 111.0601, 0.7403 ], [ 111.1003, 0.7279 ], [ 111.2048, 0.6021 ], [ 111.2696, 0.5891 ], [ 111.2913, 0.5462 ], [ 111.259, 0.538 ], [ 111.2677, 0.5204 ], [ 111.2956, 0.5246 ], [ 111.258, 0.4276 ], [ 111.2659, 0.3724 ], [ 111.1993, 0.4277 ], [ 111.1718, 0.3947 ], [ 111.2258, 0.3649 ], [ 111.2317, 0.3063 ], [ 111.2592, 0.2949 ], [ 111.2749, 0.1324 ], [ 111.2385, 0.1214 ], [ 111.2144, 0.0617 ], [ 111.1595, 0.1026 ], [ 111.1236, 0.0856 ], [ 111.1488, 0.0015 ], [ 111.1459, -0.0701 ], [ 111.1359, -0.1129 ], [ 111.0963, -0.1389 ], [ 111.0884, -0.2521 ], [ 111.034, -0.3102 ], [ 111.0272, -0.3473 ], [ 111.0348, -0.4164 ], [ 111.0885, -0.4972 ], [ 111.0178, -0.5036 ], [ 110.8996, -0.4592 ], [ 110.8669, -0.4904 ], [ 110.8437, -0.5678 ], [ 110.8039, -0.6011 ], [ 110.7281, -0.6226 ] ] ] } },
{ "type": "Feature", "properties": { "province": "KALIMANTAN BARAT", "district": "SINTANG", "id": "KALIMANTAN BARAT/SINTANG", "name": "SINTANG" }, "geometry": { "type": "MultiPolygon", "coordinates": [ [ [ [ 111.8647, -0.3315 ], [ 111.8258, -0.2977 ], [ 111.8081, -0.31 ], [ 111.7979, -0.2843 ], [ 111.821, -0.2588 ], [ 111.8587, -0.2741 ], [ 111.8647, -0.3315 ] ] ], [ [ [ 112.6561, -0.6557 ], [ 112.6288, -0.6537 ], [ 112.5909, -0.688 ], [ 112.4883, -0.692 ], [ 112.4798, -0.7288 ], [ 112.4552, -0.7204 ], [ 112.4547, -0.5595 ], [ 112.4289, -0.5373 ], [ 112.416, -0.4012 ], [ 112.3755, -0.3716 ], [ 112.3666, -0.3443 ], [ 112.3809, -0.1818 ], [ 112.1288, -0.3059 ], [ 112.1174, -0.2705 ], [ 112.0232, -0.2145 ], [ 111.9881, -0.2273 ], [ 111.9845, -0.2491 ], [ 111.8674, -0.2675 ], [ 111.8821, -0.2369 ], [ 111.8644, -0.2355 ], [ 111.8455, -0.2004 ], [ 111.7222, -0.1447 ], [ 111.7339, -0.2064 ], [ 111.6593, -0.2398 ], [ 111.6389, -0.2419 ], [ 111.6078, -0.1863 ], [ 111.57, -0.2227 ], [ 111.4808, -0.2296 ], [ 111.4468, -0.3505 ], [ 111.368, -0.3616 ], [ 111.2293, -0.5158 ], [ 111.2021, -0.5252 ], [ 111.0916, -0.502 ], [ 111.0348, -0.4164 ], [ 111.0289, -0.3276 ], [ 111.0884, -0.2521 ], [ 111.0963, -0.1389 ], [ 111.1359, -0.1129 ], [ 111.1459, -0.0701 ], [ 111.1488, 0.0015 ], [ 111.1236, 0.0856 ], [ 111.1595, 0.1026 ], [ 111.2144, 0.0617 ], [ 111.2385, 0.1214 ], [ 111.2749, 0.1324 ], [ 111.26, 0.2042 ], [ 111.2731, 0.2458 ], [ 111.2609, 0.247 ], [ 111.2592, 0.2949 ], [ 111.2317, 0.3063 ], [ 111.2172, 0.358 ], [ 111.2674, 0.3752 ], [ 111.258, 0.4276 ], [ 111.294, 0.5368 ], [ 111.2696, 0.5891 ], [ 111.2025, 0.6039 ], [ 111.1003, 0.7279 ], [ 110.9952, 0.7544 ], [ 110.9048, 0.7309 ], [ 110.8675, 0.7587 ], [ 110.8135, 0.7525 ], [ 110.7816, 0.8099 ], [ 110.8115, 0.8627 ], [ 110.8012, 0.944 ], [ 110.8535, 0.9513 ], [ 110.9095, 1.0294 ], [ 111.1459, 1.0508 ], [ 111.2296, 1.085 ], [ 111.4112, 1.0091 ], [ 111.4721, 1.0377 ], [ 111.4953, 1.0297 ], [ 111.5436, 0.9282 ], [ 111.5668, 0.9165 ], [ 111.6234, 0.9249 ], [ 111.6381, 0.861 ], [ 111.7484, 0.75 ], [ 111.6878, 0.626 ], [ 111.7409, 0.5783 ], [ 111.7101, 0.5544 ], [ 111.7295, 0.4717 ], [ 111.6873, 0.3782 ], [ 111.6528, 0.3451 ], [ 111.6772, 0.2721 ], [ 111.7507, 0.2411 ], [ 111.8365, 0.2285 ], [ 111.8779, 0.1792 ], [ 111.9645, 0.187 ], [ 112.0103, 0.2117 ], [ 112.0895, 0.1702 ], [ 112.0925, 0.127 ], [ 112.1208, 0.0816 ], [ 112.1538, 0.0807 ], [ 112.2696, 0.1276 ], [ 112.3476, 0.1172 ], [ 112.4228, 0.1444 ], [ 112.5133, 0.1192 ], [ 112.505, 0.1527 ], [ 112.5177, 0.1794 ], [ 112.568, 0.2029 ], [ 112.6191, 0.1481 ], [ 112.6486, 0.1717 ], [ 112.6305, 0.2092 ], [ 112.6832, 0.241 ], [ 112.7422, 0.2164 ], [ 112.7936, 0.241 ], [ 112.8582, 0.21 ], [ 112.9577, 0.1996 ], [ 112.9701, 0.2248 ], [ 112.9619, 0.2567 ], [ 112.986, 0.2926 ], [ 113.0616, 0.3176 ], [ 113.101, 0.2853 ], [ 113.111, 0.249 ], [ 113.1331, 0.242 ], [ 113.1708, 0.2619 ], [ 113.273, 0.2404 ], [ 113.3408, 0.1674 ], [ 113.4137, 0.1305 ], [ 113.4105, 0.0525 ], [ 113.4421, 0.0116 ], [ 113.4165, -0.0411 ], [ 113.4399, -0.0709 ], [ 113.4202, -0.1152 ], [ 113.3964, -0.127 ], [ 113.4198, -0.1442 ], [ 113.3866, -0.1656 ], [ 113.3523, -0.2213 ], [ 113.2877, -0.2404 ], [ 113.207, -0.338 ], [ 113.2631, -0.3902 ], [ 113.2669, -0.418 ], [ 113.2228, -0.4996 ], [ 113.2015, -0.4994 ], [ 113.1851, -0.4655 ], [ 113.1579, -0.4699 ], [ 113.1421, -0.4431 ], [ 113.1097, -0.4865 ], [ 113.0616, -0.4989 ], [ 112.9899, -0.4857 ], [ 112.9766, -0.5099 ], [ 112.8937, -0.5309 ], [ 112.8504, -0.5691 ], [ 112.751, -0.5681 ], [ 112.7435, -0.6205 ], [ 112.7044, -0.6212 ], [ 112.6903, -0.6497 ], [ 112.6561, -0.6557 ] ] ], [ [ [ 111.995, -0.2725 ], [ 111.9812, -0.3019 ], [ 111.9343, -0.3103 ], [ 111.925, -0.2785 ], [ 111.995, -0.2725 ] ] ], [ [ [ 111.7449, -0.2589 ], [ 111.7827, -0.2285 ], [ 111.7931, -0.2501 ], [ 111.7652, -0.271 ], [ 111.7449, -0.2589 ] ] ] ] } },
{ "type": "Feature", "properties": { "province": "KALIMANTAN SELATAN", "district": "BALANGAN", "id": "KALIMANTAN SELATAN/BALANGAN", "name": "BALANGAN" }, "geometry": { "type": "Polygon", "coordinates": [ [ [ 115.6993, -2.5719 ], [ 115.6811, -2.5387 ], [ 115.6859, -2.5136 ], [ 115.4456, -2.4557 ], [ 115.3592, -2.4207 ], [ 115.3387, -2.3956 ], [ 115.3155, -2.3975 ], [ 115.3196, -2.3576 ], [ 115.4919, -2.2498 ], [ 115.5182, -2.2079 ], [ 115.5842, -2.1775 ], [ 115.5946, -2.1479 ], [ 115.6399, -2.1499 ], [ 115.7017, -2.0692 ], [ 115.7194, -1.9813 ], [ 115.7481, -1.9975 ], [ 115.7282, -2.0344 ], [ 115.7537, -2.0505 ], [ 115.8071, -2.044 ], [ 115.8366, -2.0592 ], [ 115.8101, -2.0973 ], [ 115.7995, -2.1906 ], [ 115.8361, -2.2866 ], [ 115.8546, -2.2942 ], [ 115.8345, -2.3174 ], [ 115.8539, -2.3796 ], [ 115.8101, -2.4107 ], [ 115.8119, -2.4871 ], [ 115.7714, -2.5286 ], [ 115.7586, -2.5688 ], [ 115.7215, -2.5912 ], [ 115.6993, -2.5719 ] ] ] } },
{ "type": "Feature", "properties": { "province": "KALIMANTAN SELATAN", "district": "BANJAR", "id": "KALIMANTAN SELATAN/BANJAR", "name": "BANJAR" }, "geometry": { "type": "Polygon", "coordinates": [ [ [ 115.0898, -3.6643 ], [ 114.9405, -3.7274 ], [ 114.9353, -3.6879 ], [ 114.9687, -3.6318 ], [ 114.9573, -3.6142 ], [ 114.9173, -3.6083 ], [ 114.9318, -3.5404 ], [ 114.9151, -3.4686 ], [ 114.9266, -3.4709 ], [ 114.9301, -3.4465 ], [ 114.8068, -3.4185 ], [ 114.7409, -3.3713 ], [ 114.6984, -3.4589 ], [ 114.7044, -3.5135 ], [ 114.5092, -3.5444 ], [ 114.5197, -3.4391 ], [ 114.5072, -3.3862 ], [ 114.5219, -3.3633 ], [ 114.5699, -3.3668 ], [ 114.5861, -3.3821 ], [ 114.6329, -3.3465 ], [ 114.657, -3.3484 ], [ 114.6596, -3.3356 ], [ 114.6282, -3.3124 ], [ 114.6386, -3.2756 ], [ 114.7798, -3.2295 ], [ 114.7891, -3.2018 ], [ 114.8163, -3.2001 ], [ 114.8277, -3.0148 ], [ 115.0892, -3.1833 ], [ 115.2039, -3.2121 ], [ 115.24, -3.1623 ], [ 115.2422, -3.1351 ], [ 115.1691, -3.1155 ], [ 115.22, -3.0383 ], [ 115.2471, -3.0439 ], [ 115.2792, -2.9965 ], [ 115.3242, -2.9681 ], [ 115.3458, -2.966 ], [ 115.3565, -2.9846 ], [ 115.3881, -2.9779 ], [ 115.3991, -2.9951 ], [ 115.4348, -2.9764 ], [ 115.5566, -2.8282 ], [ 115.577, -2.8835 ], [ 115.595, -2.8939 ], [ 115.5752, -2.9339 ], [ 115.5469, -2.9404 ], [ 115.5167, -2.9997 ], [ 115.5017, -3.0846 ], [ 115.4221, -3.1588 ], [ 115.4106, -3.2391 ], [ 115.3729, -3.2574 ], [ 115.4573, -3.2862 ], [ 115.4599, -3.3292 ], [ 115.4375, -3.3442 ], [ 115.4273, -3.4253 ], [ 115.4073, -3.4445 ], [ 115.4202, -3.4782 ], [ 115.3805, -3.5063 ], [ 115.3337, -3.5138 ], [ 115.3114, -3.5497 ], [ 115.2371, -3.6036 ], [ 115.1221, -3.6343 ], [ 115.0898, -3.6643 ] ] ] } },
{ "type": "Feature", "properties": { "province": "KALIMANTAN SELATAN", "district": "BARITO KUALA", "id": "KALIMANTAN SELATAN/BARITO KUALA", "name": "BARITO KUALA" }, "geometry": { "type": "Polygon", "coordinates": [ [ [ 114.5136, -3.418 ], [ 114.5092, -3.5444 ], [ 114.4813, -3.5027 ], [ 114.4308, -3.5013 ], [ 114.3491, -3.4616 ], [ 114.3596, -3.391 ], [ 114.3465, -3.351 ], [ 114.3719, -3.3202 ], [ 114.3835, -3.2675 ], [ 114.4504, -3.2098 ], [ 114.4294, -3.1743 ], [ 114.5458, -3.0678 ], [ 114.4962, -3.015 ], [ 114.5464, -2.9472 ], [ 114.5245, -2.9267 ], [ 114.5416, -2.9239 ], [ 114.5678, -2.8664 ], [ 114.6177, -2.8834 ], [ 114.5987, -2.8155 ], [ 114.6662, -2.7993 ], [ 114.6778, -2.7395 ], [ 114.761, -2.7249 ], [ 114.791, -2.6698 ], [ 114.797, -2.592 ], [ 114.8181, -2.5723 ], [ 114.8436, -2.5882 ], [ 114.8044, -2.7421 ], [ 114.8119, -2.8067 ], [ 114.8402, -2.8707 ], [ 114.8026, -2.9415 ], [ 114.8277, -3.0148 ], [ 114.8163, -3.2001 ], [ 114.7891, -3.2018 ], [ 114.7798, -3.2295 ], [ 114.6251, -3.2851 ], [ 114.6022, -3.289 ], [ 114.5691, -3.2672 ], [ 114.5606, -3.3169 ], [ 114.5072, -3.3862 ], [ 114.5136, -3.418 ] ] ] } },
{ "type": "Feature", "properties": { "province": "KALIMANTAN SELATAN", "district": "HULU SUNGAI SELATAN", "id": "KALIMANTAN SELATAN/HULU SUNGAI SELATAN", "name": "HULU SUNGAI SELATAN" }, "geometry": { "type": "Polygon", "coordinates": [ [ [ 115.5521, -2.829 ], [ 115.5128, -2.8843 ], [ 115.4785, -2.8729 ], [ 115.4105, -2.8927 ], [ 115.3827, -2.8817 ], [ 115.3812, -2.9164 ], [ 115.3421, -2.9374 ], [ 115.2828, -2.9296 ], [ 115.2673, -2.8964 ], [ 115.2307, -2.8708 ], [ 115.0948, -2.8292 ], [ 115.0687, -2.8453 ], [ 115.0743, -2.7866 ], [ 115.0261, -2.78 ], [ 114.9975, -2.7561 ], [ 114.8664, -2.5319 ], [ 114.8907, -2.5146 ], [ 114.9978, -2.4989 ], [ 115.1749, -2.5579 ], [ 115.156, -2.5716 ], [ 115.1579, -2.6112 ], [ 115.1723, -2.6364 ], [ 115.2103, -2.6506 ], [ 115.2268, -2.6882 ], [ 115.2505, -2.6786 ], [ 115.3289, -2.7021 ], [ 115.4385, -2.782 ], [ 115.4956, -2.7179 ], [ 115.5477, -2.7292 ], [ 115.5884, -2.7136 ], [ 115.5993, -2.7222 ], [ 115.5887, -2.7733 ], [ 115.5521, -2.829 ] ] ] } },
{ "type": "Feature", "properties": { "province": "KALIMANTAN SELATAN", "district": "HULU SUNGAI TENGAH", "id": "KALIMANTAN SELATAN/HULU SUNGAI TENGAH", "name": "HULU SUNGAI TENGAH" }, "geometry": { "type": "Polygon", "coordinates": [ [ [ 115.7196, -2.6832 ], [ 115.6666, -2.7217 ], [ 115.5967, -2.7349 ], [ 115.5836, -2.7119 ], [ 115.5477, -2.7292 ], [ 115.4956, -2.7179 ], [ 115.4385, -2.782 ], [ 115.3289, -2.7021 ], [ 115.2505, -2.6786 ], [ 115.2268, -2.6882 ], [ 115.2012, -2.6417 ], [ 115.1714, -2.6356 ], [ 115.156, -2.5716 ], [ 115.2853, -2.5244 ], [ 115.3491, -2.4828 ], [ 115.377, -2.4937 ], [ 115.4025, -2.4409 ], [ 115.6859, -2.5136 ], [ 115.6811, -2.5387 ], [ 115.7171, -2.5906 ], [ 115.7586, -2.5688 ], [ 115.7714, -2.5286 ], [ 115.8036, -2.504 ], [ 115.8779, -2.5272 ], [ 115.8883, -2.6147 ], [ 115.8294, -2.6059 ], [ 115.7645, -2.6587 ], [ 115.7254, -2.6591 ], [ 115.7196, -2.6832 ] ] ] } },
{ "type": "Feature", "properties": { "province": "KALIMANTAN SELATAN", "district": "HULU SUNGAI UTARA", "id": "KALIMANTAN SELATAN/HULU SUNGAI UTARA", "name": "HULU SUNGAI UTARA" }, "geometry": { "type": "Polygon", "coordinates": [ [ [ 115.3281, -2.4965 ], [ 115.2853, -2.5244 ], [ 115.1785, -2.5547 ], [ 114.9978, -2.4989 ], [ 114.8907, -2.5146 ], [ 114.8664, -2.5319 ], [ 114.8605, -2.5215 ], [ 115.0394, -2.3532 ], [ 115.132, -2.2918 ], [ 115.2506, -2.354 ], [ 115.3559, -2.3416 ], [ 115.3188, -2.3586 ], [ 115.3163, -2.4009 ], [ 115.3387, -2.3956 ], [ 115.4023, -2.4413 ], [ 115.3791, -2.4923 ], [ 115.3491, -2.4828 ], [ 115.3281, -2.4965 ] ] ] } },
{ "type": "Feature", "properties": { "province": "KALIMANTAN SELATAN", "district": "KOTA BANJARBARU", "id": "KALIMANTAN SELATAN/KOTA BANJARBARU", "name": "KOTA BANJARBARU" }, "geometry": { "type": "Polygon", "coordinates": [ [ [ 114.9172, -3.4722 ], [ 114.9318, -3.5404 ], [ 114.9185, -3.5965 ], [ 114.8898, -3.551 ], [ 114.8505, -3.5481 ], [ 114.8317, -3.5231 ], [ 114.7044, -3.5135 ], [ 114.6964, -3.4678 ], [ 114.7409, -3.3713 ], [ 114.8068, -3.4185 ], [ 114.9301, -3.4465 ], [ 114.9172, -3.4722 ] ] ] } },
{ "type": "Feature", "properties": { "province": "KALIMANTAN SELATAN", "district": "KOTA BANJARMASIN", "id": "KALIMANTAN SELATAN/KOTA BANJARMASIN", "name": "KOTA BANJARMASIN" }, "geometry": { "type": "Polygon", "coordinates": [ [ [ 114.5803, -3.3766 ], [ 114.5219, -3.3633 ], [ 114.5611, -3.3159 ], [ 114.5669, -3.27 ], [ 114.6022, -3.289 ], [ 114.6386, -3.2756 ], [ 114.6282, -3.3124 ], [ 114.6581, -3.3474 ], [ 114.5803, -3.3766 ] ] ] } },
{ "type": "Feature", "properties": { "province": "KALIMANTAN SELATAN", "district": "KOTABARU", "id": "KALIMANTAN SELATAN/KOTABARU", "name": "KOTABARU" }, "geometry": { "type": "MultiPolygon", "coordinates": [ [ [ [ 115.7475, -4.6938 ], [ 115.7186, -4.7039 ], [ 115.774, -4.662 ], [ 115.7671, -4.6768 ], [ 115.7475, -4.6938 ] ] ], [ [ [ 115.6964, -4.6409 ], [ 115.6864, -4.6321 ], [ 115.708, -4.6184 ], [ 115.7092, -4.6244 ], [ 115.6964, -4.6409 ] ] ], [ [ [ 115.7888, -4.3369 ], [ 115.7754, -4.3326 ], [ 115.7794, -4.323 ], [ 115.7927, -4.3255 ], [ 115.7888, -4.3369 ] ] ], [ [ [ 116.1808, -4.0454 ], [ 116.1803, -4.0513 ], [ 116.1639, -4.0582 ], [ 116.171, -4.0472 ], [ 116.1808, -4.0454 ] ] ], [ [ [ 116.2011, -4.0274 ], [ 116.2094, -4.0273 ], [ 116.216, -4.0314 ], [ 116.2075, -4.0392 ], [ 116.2011, -4.0274 ] ] ], [ [ [ 116.2145, -4.098 ], [ 116.2074, -4.1029 ], [ 116.201, -4.0894 ], [ 116.211, -4.0869 ], [ 116.2145, -4.098 ] ] ], [ [ [ 116.0476, -4.0769 ], [ 116.0496, -4.0899 ], [ 116.0442, -4.099 ], [ 116.0415, -4.0778 ], [ 116.0476, -4.0769 ] ] ], [ [ [ 116.1508, -4.0283 ], [ 116.1079, -4.0365 ], [ 116.0915, -4.0865 ], [ 116.0837, -4.0709 ], [ 116.0979, -4.0559 ], [ 116.073, -4.0494 ], [ 116.0717, -4.0346 ], [ 116.0487, -4.0621 ], [ 116.0394, -4.0229 ], [ 116.0557, -4.0088 ], [ 116.0685, -3.9377 ], [ 116.0772, -3.9401 ], [ 116.082, -3.9379 ], [ 116.0855, -3.9331 ], [ 116.1016, -3.9465 ], [ 116.1051, -3.9431 ], [ 116.0853, -3.9323 ], [ 116.0752, -3.9394 ], [ 116.0795, -3.9179 ], [ 116.0577, -3.9059 ], [ 116.0806, -3.8195 ], [ 116.0243, -3.7298 ], [ 116.0025, -3.6385 ], [ 116.0451, -3.5493 ], [ 116.0394, -3.4813 ], [ 116.0847, -3.4181 ], [ 116.085, -3.4164 ], [ 116.0826, -3.4154 ], [ 116.0828, -3.4084 ], [ 116.092, -3.4118 ], [ 116.0886, -3.4138 ], [ 116.0844, -3.4244 ], [ 116.0917, -3.4284 ], [ 116.0974, -3.4275 ], [ 116.0851, -3.4241 ], [ 116.0921, -3.4133 ], [ 116.0925, -3.4112 ], [ 116.0916, -3.4098 ], [ 116.0847, -3.4073 ], [ 116.0819, -3.4088 ], [ 116.0811, -3.4097 ], [ 116.0822, -3.4155 ], [ 116.0844, -3.4176 ], [ 116.0777, -3.4154 ], [ 116.1006, -3.3626 ], [ 116.1196, -3.3689 ], [ 116.1135, -3.3721 ], [ 116.1104, -3.3812 ], [ 116.1138, -3.3895 ], [ 116.1237, -3.3932 ], [ 116.1112, -3.3812 ], [ 116.1199, -3.3721 ], [ 116.1204, -3.3665 ], [ 116.0984, -3.3506 ], [ 116.1305, -3.3525 ], [ 116.1269, -3.3434 ], [ 116.132, -3.3421 ], [ 116.1306, -3.3355 ], [ 116.129, -3.3343 ], [ 116.1315, -3.3413 ], [ 116.1273, -3.3412 ], [ 116.1262, -3.3433 ], [ 116.1274, -3.3471 ], [ 116.1058, -3.3408 ], [ 116.115, -3.3066 ], [ 116.1444, -3.3061 ], [ 116.1543, -3.2881 ], [ 116.162, -3.2986 ], [ 116.1578, -3.2859 ], [ 116.1666, -3.2939 ], [ 116.2582, -3.209 ], [ 116.2815, -3.2143 ], [ 116.2504, -3.3785 ], [ 116.3089, -3.4519 ], [ 116.314, -3.5026 ], [ 116.2708, -3.5052 ], [ 116.2908, -3.5102 ], [ 116.2527, -3.5289 ], [ 116.2501, -3.5344 ], [ 116.2515, -3.5371 ], [ 116.2491, -3.5393 ], [ 116.2478, -3.5438 ], [ 116.2469, -3.5424 ], [ 116.2445, -3.5409 ], [ 116.2391, -3.543 ], [ 116.2442, -3.5413 ], [ 116.2471, -3.5441 ], [ 116.2489, -3.5435 ], [ 116.2519, -3.5377 ], [ 116.253, -3.5295 ], [ 116.2735, -3.5279 ], [ 116.2724, -3.5528 ], [ 116.3062, -3.5902 ], [ 116.2887, -3.6129 ], [ 116.3054, -3.6825 ], [ 116.3049, -3.7216 ], [ 116.2942, -3.7216 ], [ 116.29, -3.7276 ], [ 116.3393, -3.728 ], [ 116.2723, -3.8166 ], [ 116.2952, -3.8631 ], [ 116.3169, -3.8632 ], [ 116.3107, -3.917 ], [ 116.2738, -3.9074 ], [ 116.2449, -3.9421 ], [ 116.2271, -3.9337 ], [ 116.231, -3.9449 ], [ 116.2033, -3.9602 ], [ 116.2107, -3.9857 ], [ 116.1723, -3.9984 ], [ 116.1508, -4.0283 ] ] ], [ [ [ 116.4034, -3.5936 ], [ 116.3991, -3.6265 ], [ 116.38, -3.6521 ], [ 116.3632, -3.6515 ], [ 116.3526, -3.5676 ], [ 116.3124, -3.5557 ], [ 116.3459, -3.4508 ], [ 116.3996, -3.3998 ], [ 116.4097, -3.3605 ], [ 116.4318, -3.3677 ], [ 116.435, -3.4223 ], [ 116.4034, -3.5936 ] ] ], [ [ [ 116.2211, -3.1006 ], [ 116.2689, -3.1094 ], [ 116.2754, -3.1303 ], [ 116.2088, -3.1277 ], [ 116.1805, -3.1608 ], [ 116.1322, -3.1375 ], [ 116.1071, -3.1412 ], [ 116.1164, -3.1253 ], [ 116.1176, -3.1134 ], [ 116.1119, -3.1146 ], [ 116.1165, -3.1038 ], [ 116.1142, -3.1066 ], [ 116.1147, -3.0985 ], [ 116.1095, -3.0935 ], [ 116.1059, -3.0985 ], [ 116.1136, -3.0979 ], [ 116.1105, -3.1152 ], [ 116.1153, -3.1233 ], [ 116.0907, -3.1161 ], [ 116.1096, -3.1283 ], [ 116.0959, -3.1461 ], [ 116.0806, -3.135 ], [ 116.0701, -3.1377 ], [ 116.0752, -3.131 ], [ 116.0742, -3.128 ], [ 116.0718, -3.1248 ], [ 116.0712, -3.1243 ], [ 116.056, -3.1187 ], [ 116.048, -3.1244 ], [ 116.0481, -3.1199 ], [ 116.0428, -3.1142 ], [ 116.0399, -3.1176 ], [ 116.0395, -3.1149 ], [ 116.0389, -3.1138 ], [ 116.0381, -3.1133 ], [ 116.0397, -3.1178 ], [ 116.0478, -3.1205 ], [ 116.0473, -3.1252 ], [ 116.0721, -3.1254 ], [ 116.0587, -3.1348 ], [ 116.0679, -3.1442 ], [ 116.0797, -3.1359 ], [ 116.0902, -3.1472 ], [ 116.0623, -3.1458 ], [ 116.0575, -3.1594 ], [ 116.0516, -3.1575 ], [ 116.052, -3.15 ], [ 116.0459, -3.1479 ], [ 116.0519, -3.1589 ], [ 116.0588, -3.1599 ], [ 116.0645, -3.1529 ], [ 116.0697, -3.1562 ], [ 116.0666, -3.1702 ], [ 116.0747, -3.1636 ], [ 116.068, -3.185 ], [ 116.0705, -3.2052 ], [ 116.0606, -3.1998 ], [ 116.0499, -3.2039 ], [ 116.041, -3.197 ], [ 116.0394, -3.2001 ], [ 116.0357, -3.1951 ], [ 116.0324, -3.1954 ], [ 116.0333, -3.1975 ], [ 116.0301, -3.1966 ], [ 116.0303, -3.195 ], [ 116.029, -3.1924 ], [ 116.0261, -3.1914 ], [ 116.0301, -3.1972 ], [ 116.0517, -3.2054 ], [ 116.0605, -3.2005 ], [ 116.07, -3.2069 ], [ 116.0746, -3.1969 ], [ 116.0691, -3.1856 ], [ 116.0765, -3.1792 ], [ 116.0725, -3.1779 ], [ 116.106, -3.1472 ], [ 116.1204, -3.1487 ], [ 116.1225, -3.1551 ], [ 116.1252, -3.1571 ], [ 116.1218, -3.1611 ], [ 116.1227, -3.1649 ], [ 116.1235, -3.167 ], [ 116.1262, -3.1684 ], [ 116.1221, -3.1619 ], [ 116.1257, -3.1567 ], [ 116.1214, -3.1484 ], [ 116.1344, -3.1675 ], [ 116.1319, -3.1506 ], [ 116.168, -3.1656 ], [ 116.1768, -3.2513 ], [ 116.1608, -3.2432 ], [ 116.1462, -3.2656 ], [ 116.0889, -3.2829 ], [ 116.0828, -3.2576 ], [ 116.0411, -3.2616 ], [ 115.99, -3.22 ], [ 115.9468, -3.2539 ], [ 115.9279, -3.2266 ], [ 115.9515, -3.1915 ], [ 115.9344, -3.1528 ], [ 115.7653, -3.1923 ], [ 115.732, -3.1181 ], [ 115.7123, -3.1148 ], [ 115.7047, -3.0795 ], [ 115.684, -3.0726 ], [ 115.6794, -3.0865 ], [ 115.6384, -3.0572 ], [ 115.5684, -3.0688 ], [ 115.5596, -3.0477 ], [ 115.5123, -3.0294 ], [ 115.5469, -2.9404 ], [ 115.5752, -2.9339 ], [ 115.5958, -2.892 ], [ 115.577, -2.8835 ], [ 115.5556, -2.8344 ], [ 115.5967, -2.7349 ], [ 115.6927, -2.7104 ], [ 115.7254, -2.6591 ], [ 115.7645, -2.6587 ], [ 115.8294, -2.6059 ], [ 115.8883, -2.6147 ], [ 115.8779, -2.5272 ], [ 115.8036, -2.504 ], [ 115.8026, -2.4329 ], [ 115.8101, -2.4107 ], [ 115.8871, -2.3743 ], [ 115.893, -2.3339 ], [ 115.984, -2.3124 ], [ 116.2514, -2.3168 ], [ 116.5547, -2.4093 ], [ 116.5259, -2.5107 ], [ 116.5323, -2.5383 ], [ 116.4948, -2.5695 ], [ 116.4818, -2.572 ], [ 116.4724, -2.5077 ], [ 116.372, -2.4733 ], [ 116.3517, -2.475 ], [ 116.3441, -2.4401 ], [ 116.3376, -2.4353 ], [ 116.3236, -2.437 ], [ 116.3154, -2.4544 ], [ 116.2955, -2.4326 ], [ 116.272, -2.4228 ], [ 116.2689, -2.4228 ], [ 116.2666, -2.4246 ], [ 116.2588, -2.4342 ], [ 116.2488, -2.4358 ], [ 116.246, -2.4217 ], [ 116.241, -2.4167 ], [ 116.2458, -2.4338 ], [ 116.2495, -2.437 ], [ 116.2608, -2.4337 ], [ 116.2729, -2.4236 ], [ 116.316, -2.4553 ], [ 116.339, -2.4367 ], [ 116.3495, -2.475 ], [ 116.4087, -2.4922 ], [ 116.4088, -2.5186 ], [ 116.3612, -2.5246 ], [ 116.3389, -2.4968 ], [ 116.3312, -2.4947 ], [ 116.3522, -2.5173 ], [ 116.3365, -2.5335 ], [ 116.3012, -2.5235 ], [ 116.3114, -2.5123 ], [ 116.3087, -2.5065 ], [ 116.3007, -2.5199 ], [ 116.2957, -2.5104 ], [ 116.2896, -2.51 ], [ 116.2982, -2.5216 ], [ 116.2803, -2.5363 ], [ 116.2765, -2.5329 ], [ 116.2781, -2.5302 ], [ 116.2804, -2.5315 ], [ 116.2826, -2.5293 ], [ 116.2781, -2.5272 ], [ 116.2801, -2.5265 ], [ 116.2822, -2.5232 ], [ 116.2811, -2.5197 ], [ 116.2593, -2.5375 ], [ 116.2625, -2.5177 ], [ 116.2577, -2.5372 ], [ 116.2448, -2.5153 ], [ 116.2326, -2.5284 ], [ 116.2247, -2.5248 ], [ 116.2048, -2.5281 ], [ 116.204, -2.5225 ], [ 116.2012, -2.52 ], [ 116.198, -2.521 ], [ 116.1974, -2.5243 ], [ 116.1913, -2.5261 ], [ 116.1932, -2.5246 ], [ 116.1935, -2.5231 ], [ 116.1841, -2.5154 ], [ 116.1822, -2.5164 ], [ 116.1824, -2.5186 ], [ 116.1785, -2.518 ], [ 116.1746, -2.5222 ], [ 116.1743, -2.5198 ], [ 116.1713, -2.5183 ], [ 116.1588, -2.5157 ], [ 116.1569, -2.5161 ], [ 116.1552, -2.5178 ], [ 116.1924, -2.5273 ], [ 116.198, -2.5254 ], [ 116.2014, -2.5213 ], [ 116.1999, -2.5356 ], [ 116.2383, -2.5272 ], [ 116.2418, -2.5345 ], [ 116.2676, -2.5415 ], [ 116.2282, -2.5616 ], [ 116.2685, -2.6081 ], [ 116.2546, -2.6197 ], [ 116.2732, -2.6155 ], [ 116.2731, -2.6375 ], [ 116.2343, -2.6146 ], [ 116.2148, -2.6247 ], [ 116.2081, -2.6132 ], [ 116.1759, -2.6287 ], [ 116.2068, -2.632 ], [ 116.2374, -2.6171 ], [ 116.2466, -2.6245 ], [ 116.241, -2.6229 ], [ 116.2383, -2.627 ], [ 116.2399, -2.6322 ], [ 116.231, -2.6307 ], [ 116.2288, -2.6341 ], [ 116.2394, -2.6331 ], [ 116.2417, -2.6304 ], [ 116.239, -2.6269 ], [ 116.2419, -2.6237 ], [ 116.2475, -2.6289 ], [ 116.2376, -2.6371 ], [ 116.2354, -2.6511 ], [ 116.2409, -2.636 ], [ 116.261, -2.6508 ], [ 116.2517, -2.6668 ], [ 116.2135, -2.6651 ], [ 116.2271, -2.6805 ], [ 116.2091, -2.6863 ], [ 116.2098, -2.6962 ], [ 116.2018, -2.6997 ], [ 116.2019, -2.7046 ], [ 116.2002, -2.7039 ], [ 116.1953, -2.7065 ], [ 116.1985, -2.709 ], [ 116.2292, -2.6806 ], [ 116.2354, -2.6973 ], [ 116.231, -2.6707 ], [ 116.2411, -2.6673 ], [ 116.2372, -2.6768 ], [ 116.2399, -2.6806 ], [ 116.2448, -2.6768 ], [ 116.2467, -2.6792 ], [ 116.2443, -2.6798 ], [ 116.2439, -2.6829 ], [ 116.2443, -2.6831 ], [ 116.2452, -2.6829 ], [ 116.247, -2.6796 ], [ 116.2456, -2.6769 ], [ 116.2396, -2.6761 ], [ 116.2423, -2.6678 ], [ 116.2518, -2.6702 ], [ 116.314, -2.6084 ], [ 116.3149, -2.6161 ], [ 116.3227, -2.6208 ], [ 116.3174, -2.6267 ], [ 116.3206, -2.6321 ], [ 116.3302, -2.6353 ], [ 116.3326, -2.6333 ], [ 116.3336, -2.6309 ], [ 116.3379, -2.6323 ], [ 116.3395, -2.6319 ], [ 116.3411, -2.6304 ], [ 116.3475, -2.6238 ], [ 116.3482, -2.6207 ], [ 116.3209, -2.6313 ], [ 116.3234, -2.6207 ], [ 116.3162, -2.6075 ], [ 116.3562, -2.5497 ], [ 116.3912, -2.5842 ], [ 116.4155, -2.5779 ], [ 116.3651, -2.6727 ], [ 116.3644, -2.8778 ], [ 116.2691, -3.0028 ], [ 116.2118, -2.9998 ], [ 116.2069, -2.9401 ], [ 116.2322, -2.9219 ], [ 116.2322, -2.874 ], [ 116.1891, -2.9051 ], [ 116.197, -2.8905 ], [ 116.1986, -2.874 ], [ 116.197, -2.8654 ], [ 116.2035, -2.8621 ], [ 116.1934, -2.8631 ], [ 116.1959, -2.8912 ], [ 116.182, -2.8956 ], [ 116.1881, -2.8964 ], [ 116.1848, -2.9013 ], [ 116.1872, -2.9084 ], [ 116.1977, -2.915 ], [ 116.1859, -2.9237 ], [ 116.1557, -2.9004 ], [ 116.1509, -2.8575 ], [ 116.1586, -2.8584 ], [ 116.1615, -2.853 ], [ 116.1656, -2.8543 ], [ 116.1663, -2.854 ], [ 116.1667, -2.8524 ], [ 116.1487, -2.8525 ], [ 116.163, -2.8308 ], [ 116.1453, -2.8443 ], [ 116.1437, -2.8403 ], [ 116.1519, -2.8279 ], [ 116.1525, -2.8227 ], [ 116.1438, -2.8376 ], [ 116.1344, -2.8249 ], [ 116.1418, -2.7956 ], [ 116.1476, -2.7957 ], [ 116.1491, -2.7932 ], [ 116.1496, -2.7916 ], [ 116.1344, -2.7961 ], [ 116.1348, -2.7912 ], [ 116.1338, -2.7891 ], [ 116.1414, -2.7764 ], [ 116.1415, -2.7742 ], [ 116.1329, -2.7892 ], [ 116.1345, -2.8104 ], [ 116.1268, -2.8002 ], [ 116.129, -2.818 ], [ 116.1068, -2.8037 ], [ 116.1197, -2.8287 ], [ 116.1011, -2.8227 ], [ 116.1315, -2.8407 ], [ 116.1311, -2.8663 ], [ 116.0629, -2.8447 ], [ 116.0844, -2.8606 ], [ 116.0744, -2.8649 ], [ 116.1314, -2.8844 ], [ 116.105, -2.917 ], [ 116.0977, -2.9039 ], [ 116.1012, -2.9016 ], [ 116.1021, -2.8977 ], [ 116.1006, -2.8951 ], [ 116.1039, -2.8912 ], [ 116.103, -2.8885 ], [ 116.0855, -2.9134 ], [ 116.0777, -2.9082 ], [ 116.0766, -2.9004 ], [ 116.0745, -2.8987 ], [ 116.0654, -2.9222 ], [ 116.0779, -2.9101 ], [ 116.082, -2.9149 ], [ 116.0797, -2.918 ], [ 116.0819, -2.9191 ], [ 116.0806, -2.9215 ], [ 116.0805, -2.9219 ], [ 116.081, -2.9223 ], [ 116.0966, -2.9051 ], [ 116.1213, -2.9635 ], [ 116.1174, -2.9675 ], [ 116.1109, -2.9599 ], [ 116.1, -2.9555 ], [ 116.0856, -2.9553 ], [ 116.071, -2.9371 ], [ 116.0645, -2.9388 ], [ 116.0831, -2.9632 ], [ 116.1145, -2.9722 ], [ 116.0885, -2.9872 ], [ 116.062, -2.959 ], [ 116.0433, -2.9642 ], [ 116.0847, -2.989 ], [ 116.0618, -2.9939 ], [ 116.0476, -3.0074 ], [ 116.0529, -3.0126 ], [ 116.0907, -2.9952 ], [ 116.0593, -3.0234 ], [ 116.0598, -3.0316 ], [ 116.0442, -3.0284 ], [ 116.0406, -3.0502 ], [ 116.0534, -3.0334 ], [ 116.0628, -3.043 ], [ 116.0834, -3.0067 ], [ 116.0731, -3.0261 ], [ 116.0776, -3.0294 ], [ 116.0718, -3.0319 ], [ 116.0708, -3.0364 ], [ 116.0817, -3.0325 ], [ 116.0745, -3.0264 ], [ 116.0809, -3.0198 ], [ 116.0832, -3.0218 ], [ 116.0809, -3.0211 ], [ 116.0793, -3.0223 ], [ 116.08, -3.0266 ], [ 116.0855, -3.0295 ], [ 116.0939, -2.9992 ], [ 116.1026, -3.0074 ], [ 116.1001, -3.0097 ], [ 116.1011, -3.0129 ], [ 116.0983, -3.0142 ], [ 116.0958, -3.0192 ], [ 116.0965, -3.022 ], [ 116.0943, -3.0205 ], [ 116.0985, -3.0266 ], [ 116.0962, -3.0199 ], [ 116.1014, -3.0141 ], [ 116.1018, -3.0089 ], [ 116.1563, -3.0146 ], [ 116.1516, -3.039 ], [ 116.1475, -3.0356 ], [ 116.145, -3.0389 ], [ 116.1455, -3.0438 ], [ 116.1409, -3.0385 ], [ 116.1387, -3.0389 ], [ 116.1369, -3.0425 ], [ 116.1394, -3.0392 ], [ 116.1423, -3.0445 ], [ 116.1467, -3.0438 ], [ 116.148, -3.0363 ], [ 116.1515, -3.0429 ], [ 116.1629, -3.0383 ], [ 116.1751, -3.0771 ], [ 116.1878, -3.0651 ], [ 116.2154, -3.0809 ], [ 116.1977, -3.0976 ], [ 116.2211, -3.1006 ] ] ] ] } },
{ "type": "Feature", "properties": { "province": "KALIMANTAN SELATAN", "district": "TABALONG", "id": "KALIMANTAN SELATAN/TABALONG", "name": "TABALONG" }, "geometry": { "type": "Polygon", "coordinates": [ [ [ 115.2767, -2.358 ], [ 115.2127, -2.3398 ], [ 115.132, -2.2918 ], [ 115.2479, -2.2119 ], [ 115.2412, -2.1964 ], [ 115.2646, -2.2249 ], [ 115.2911, -2.2239 ], [ 115.3215, -2.0721 ], [ 115.3454, -2.0823 ], [ 115.4083, -2.0585 ], [ 115.371, -2.0093 ], [ 115.3977, -1.9664 ], [ 115.4089, -1.9784 ], [ 115.4343, -1.9687 ], [ 115.4429, -1.9456 ], [ 115.4218, -1.9333 ], [ 115.42, -1.8922 ], [ 115.3195, -1.8923 ], [ 115.3, -1.8246 ], [ 115.3135, -1.8247 ], [ 115.3493, -1.6399 ], [ 115.4136, -1.4246 ], [ 115.4454, -1.4288 ], [ 115.4955, -1.4024 ], [ 115.5568, -1.3956 ], [ 115.6637, -1.3356 ], [ 115.7139, -1.3366 ], [ 115.7493, -1.315 ], [ 115.7422, -1.3555 ], [ 115.6312, -1.5321 ], [ 115.6457, -1.5547 ], [ 115.6297, -1.576 ], [ 115.6362, -1.604 ], [ 115.6709, -1.6418 ], [ 115.6655, -1.7071 ], [ 115.7069, -1.7326 ], [ 115.681, -1.7947 ], [ 115.691, -1.8042 ], [ 115.7081, -1.7882 ], [ 115.7267, -1.8036 ], [ 115.7275, -1.9246 ], [ 115.6962, -1.9744 ], [ 115.7177, -1.9955 ], [ 115.7034, -2.0655 ], [ 115.6373, -2.1522 ], [ 115.5946, -2.1479 ], [ 115.5842, -2.1775 ], [ 115.5182, -2.2079 ], [ 115.4919, -2.2498 ], [ 115.3559, -2.3416 ], [ 115.2767, -2.358 ] ] ] } },
{ "type": "Feature", "properties": { "province": "KALIMANTAN SELATAN", "district": "TANAH BUMBU", "id": "KALIMANTAN SELATAN/TANAH BUMBU", "name": "TANAH BUMBU" }, "geometry": { "type": "MultiPolygon", "coordinates": [ [ [ [ 115.4782, -3.8153 ], [ 115.3744, -3.8638 ], [ 115.3673, -3.8176 ], [ 115.2799, -3.6793 ], [ 115.2474, -3.5962 ], [ 115.3114, -3.5497 ], [ 115.3337, -3.5138 ], [ 115.3805, -3.5063 ], [ 115.4202, -3.4782 ], [ 115.4073, -3.4445 ], [ 115.4273, -3.4253 ], [ 115.4375, -3.3442 ], [ 115.4599, -3.3292 ], [ 115.4573, -3.2862 ], [ 115.3729, -3.2574 ], [ 115.4106, -3.2391 ], [ 115.4221, -3.1588 ], [ 115.5017, -3.0846 ], [ 115.5123, -3.0294 ], [ 115.5596, -3.0477 ], [ 115.5684, -3.0688 ], [ 115.6384, -3.0572 ], [ 115.6794, -3.0865 ], [ 115.684, -3.0726 ], [ 115.7047, -3.0795 ], [ 115.7123, -3.1148 ], [ 115.732, -3.1181 ], [ 115.7653, -3.1923 ], [ 115.9344, -3.1528 ], [ 115.9515, -3.1915 ], [ 115.9279, -3.2266 ], [ 115.9468, -3.2539 ], [ 115.99, -3.22 ], [ 116.0411, -3.2616 ], [ 116.0828, -3.2576 ], [ 116.0889, -3.2829 ], [ 116.032, -3.3653 ], [ 116.0088, -3.431 ], [ 116.0152, -3.4843 ], [ 115.9926, -3.5221 ], [ 115.9964, -3.5678 ], [ 115.9695, -3.6094 ], [ 115.834, -3.6326 ], [ 115.7175, -3.7324 ], [ 115.4782, -3.8153 ] ] ], [ [ [ 116.062, -3.3844 ], [ 116.0584, -3.3559 ], [ 116.0702, -3.3495 ], [ 116.0702, -3.3784 ], [ 116.062, -3.3844 ] ] ] ] } },
{ "type": "Feature", "properties": { "province": "KALIMANTAN SELATAN", "district": "TANAH LAUT", "id": "KALIMANTAN SELATAN/TANAH LAUT", "name": "TANAH LAUT" }, "geometry": { "type": "Polygon", "coordinates": [ [ [ 114.792, -4.1264 ], [ 114.683, -4.1792 ], [ 114.619, -4.161 ], [ 114.6389, -4.0334 ], [ 114.6036, -3.8217 ], [ 114.6205, -3.6736 ], [ 114.571, -3.5745 ], [ 114.5166, -3.5443 ], [ 114.7355, -3.51 ], [ 114.8317, -3.5231 ], [ 114.8505, -3.5481 ], [ 114.8898, -3.551 ], [ 114.9187, -3.6099 ], [ 114.9673, -3.627 ], [ 114.9353, -3.6879 ], [ 114.9368, -3.7226 ], [ 114.9503, -3.7306 ], [ 114.9834, -3.7002 ], [ 115.0834, -3.6691 ], [ 115.1221, -3.6343 ], [ 115.2474, -3.5962 ], [ 115.2799, -3.6793 ], [ 115.3673, -3.8176 ], [ 115.3744, -3.8638 ], [ 115.0238, -4.0061 ], [ 114.792, -4.1264 ] ] ] } },
{ "type": "Feature", "properties": { "province": "KALIMANTAN SELATAN", "district": "TAPIN", "id": "KALIMANTAN SELATAN/TAPIN", "name": "TAPIN" }, "geometry": { "type": "Polygon", "coordinates": [ [ [ 115.1564, -3.2041 ], [ 115.0892, -3.1833 ], [ 114.9148, -3.0659 ], [ 114.9448, -3.0372 ], [ 114.9148, -3.0658 ], [ 114.815, -3.0069 ], [ 114.8027, -2.9406 ], [ 114.8402, -2.8707 ], [ 114.8119, -2.8067 ], [ 114.8044, -2.7421 ], [ 114.8613, -2.523 ], [ 114.9975, -2.7561 ], [ 115.0261, -2.78 ], [ 115.0743, -2.7866 ], [ 115.0687, -2.8453 ], [ 115.0948, -2.8292 ], [ 115.2307, -2.8708 ], [ 115.2673, -2.8964 ], [ 115.2828, -2.9296 ], [ 115.3151, -2.924 ], [ 115.3221, -2.9357 ], [ 115.3787, -2.9188 ], [ 115.3827, -2.8817 ], [ 115.4105, -2.8927 ], [ 115.4785, -2.8729 ], [ 115.5078, -2.8862 ], [ 115.477, -2.9408 ], [ 115.4016, -2.995 ], [ 115.3881, -2.9779 ], [ 115.3565, -2.9846 ], [ 115.3458, -2.966 ], [ 115.3242, -2.9681 ], [ 115.2792, -2.9965 ], [ 115.2471, -3.0439 ], [ 115.22, -3.0383 ], [ 115.1691, -3.1155 ], [ 115.2422, -3.1351 ], [ 115.24, -3.1623 ], [ 115.2039, -3.2121 ], [ 115.1564, -3.2041 ] ] ] } },
{ "type": "Feature", "properties": { "province": "KALIMANTAN TENGAH", "district": "BARITO SELATAN", "id": "KALIMANTAN TENGAH/BARITO SELATAN", "name": "BARITO SELATAN" }, "geometry": { "type": "Polygon", "coordinates": [ [ [ 114.8579, -2.5234 ], [ 114.8023, -2.5831 ], [ 114.792, -2.6244 ], [ 114.698, -2.5719 ], [ 114.7572, -2.4907 ], [ 114.7224, -2.4644 ], [ 114.6545, -2.5601 ], [ 114.6176, -2.544 ], [ 114.5988, -2.5627 ], [ 114.5541, -2.5463 ], [ 114.7157, -2.1444 ], [ 114.7057, -2.0397 ], [ 114.6209, -1.9497 ], [ 114.6373, -1.7884 ], [ 114.5993, -1.6783 ], [ 114.6746, -1.5215 ], [ 114.6678, -1.3169 ], [ 114.7388, -1.3401 ], [ 114.8342, -1.3419 ], [ 114.8522, -1.3599 ], [ 115.0968, -1.3036 ], [ 115.1272, -1.3313 ], [ 115.1621, -1.3067 ], [ 115.157, -1.3371 ], [ 115.1622, -1.3067 ], [ 115.2363, -1.3121 ], [ 115.237, -1.333 ], [ 115.4121, -1.3293 ], [ 115.4594, -1.36 ], [ 115.4757, -1.4161 ], [ 115.4136, -1.4246 ], [ 115.3503, -1.6368 ], [ 115.2457, -1.6303 ], [ 115.2155, -1.6454 ], [ 115.1312, -1.6486 ], [ 115.0335, -1.6919 ], [ 114.9711, -1.7964 ], [ 114.9628, -1.951 ], [ 114.9177, -2.2227 ], [ 115.0029, -2.4001 ], [ 114.9129, -2.4604 ], [ 114.8579, -2.5234 ] ] ] } },
{ "type": "Feature", "properties": { "province": "KALIMANTAN TENGAH", "district": "BARITO TIMUR", "id": "KALIMANTAN TENGAH/BARITO TIMUR", "name": "BARITO TIMUR" }, "geometry": { "type": "Polygon", "coordinates": [ [ [ 115.2412, -2.1964 ], [ 115.225, -2.2281 ], [ 115.0394, -2.3532 ], [ 115.0029, -2.4001 ], [ 114.9177, -2.2227 ], [ 114.9628, -1.951 ], [ 114.9636, -1.8258 ], [ 115.0116, -1.7201 ], [ 115.0494, -1.684 ], [ 115.1312, -1.6486 ], [ 115.2155, -1.6454 ], [ 115.2457, -1.6303 ], [ 115.3503, -1.6368 ], [ 115.3342, -1.748 ], [ 115.3128, -1.8264 ], [ 115.3, -1.8246 ], [ 115.3186, -1.8899 ], [ 115.4192, -1.8916 ], [ 115.4218, -1.9333 ], [ 115.4428, -1.948 ], [ 115.4226, -1.9751 ], [ 115.3955, -1.9679 ], [ 115.371, -2.0093 ], [ 115.4074, -2.0596 ], [ 115.3454, -2.0823 ], [ 115.3215, -2.0721 ], [ 115.2911, -2.2239 ], [ 115.2646, -2.2249 ], [ 115.2412, -2.1964 ] ] ] } },
{ "type": "Feature", "properties": { "province": "KALIMANTAN TENGAH", "district": "BARITO UTARA", "id": "KALIMANTAN TENGAH/BARITO UTARA", "name": "BARITO UTARA" }, "geometry": { "type": "Polygon", "coordinates": [ [ [ 114.948, -1.3378 ], [ 114.8522, -1.3599 ], [ 114.8342, -1.3419 ], [ 114.7388, -1.3401 ], [ 114.6678, -1.3169 ], [ 114.7006, -1.2525 ], [ 114.7107, -1.1653 ], [ 114.6786, -1.1388 ], [ 114.5406, -1.1377 ], [ 114.4991, -1.1114 ], [ 114.457, -1.0348 ], [ 114.459, -0.989 ], [ 114.5017, -0.9164 ], [ 114.6704, -0.7757 ], [ 114.7234, -0.7512 ], [ 114.8739, -0.7359 ], [ 114.9077, -0.7065 ], [ 115.0428, -0.5118 ], [ 115.0306, -0.4051 ], [ 115.0521, -0.3665 ], [ 115.0671, -0.1659 ], [ 115.1483, -0.1371 ], [ 115.1569, -0.1018 ], [ 115.2993, -0.0329 ], [ 115.3191, -0.0981 ], [ 115.2659, -0.1531 ], [ 115.2687, -0.1897 ], [ 115.238, -0.241 ], [ 115.2529, -0.291 ], [ 115.2271, -0.306 ], [ 115.2379, -0.3788 ], [ 115.2601, -0.3932 ], [ 115.2447, -0.4481 ], [ 115.3053, -0.5049 ], [ 115.3241, -0.5574 ], [ 115.3538, -0.5823 ], [ 115.3807, -0.8037 ], [ 115.3975, -0.8253 ], [ 115.5036, -0.8544 ], [ 115.5658, -0.9331 ], [ 115.6593, -1.0004 ], [ 115.6731, -1.058 ], [ 115.6961, -1.0561 ], [ 115.7422, -1.0898 ], [ 115.7567, -1.1349 ], [ 115.7996, -1.1124 ], [ 115.8467, -1.1628 ], [ 115.7716, -1.229 ], [ 115.754, -1.315 ], [ 115.7139, -1.3366 ], [ 115.6704, -1.3328 ], [ 115.5568, -1.3956 ], [ 115.4757, -1.4161 ], [ 115.4594, -1.36 ], [ 115.4121, -1.3293 ], [ 115.237, -1.333 ], [ 115.2363, -1.3121 ], [ 115.1621, -1.3067 ], [ 115.1272, -1.3313 ], [ 115.0968, -1.3036 ], [ 114.948, -1.3378 ] ] ] } },
{ "type": "Feature", "properties": { "province": "KALIMANTAN TENGAH", "district": "GUNUNG MAS", "id": "KALIMANTAN TENGAH/GUNUNG MAS", "name": "GUNUNG MAS" }, "geometry": { "type": "Polygon", "coordinates": [ [ [ 113.6762, -1.6405 ], [ 113.6001, -1.6553 ], [ 113.5627, -1.637 ], [ 113.5074, -1.6702 ], [ 113.492, -1.6575 ], [ 113.4829, -1.6025 ], [ 113.3612, -1.5259 ], [ 113.1857, -1.2517 ], [ 113.1981, -1.1844 ], [ 113.2333, -1.1289 ], [ 113.2291, -1.0725 ], [ 113.0915, -0.9351 ], [ 113.0316, -0.9093 ], [ 113.0201, -0.885 ], [ 113.0325, -0.8135 ], [ 113.1519, -0.656 ], [ 113.206, -0.5623 ], [ 113.2289, -0.4743 ], [ 113.3606, -0.3234 ], [ 113.4072, -0.3045 ], [ 113.4421, -0.3027 ], [ 113.5964, -0.3837 ], [ 113.7135, -0.4114 ], [ 113.7472, -0.4549 ], [ 113.761, -0.4836 ], [ 113.7372, -0.6013 ], [ 113.671, -0.6792 ], [ 113.6504, -0.7379 ], [ 113.679, -0.7736 ], [ 113.7228, -0.888 ], [ 113.7632, -0.9378 ], [ 113.9344, -1.003 ], [ 113.9774, -1.0642 ], [ 113.969, -1.1119 ], [ 113.9973, -1.2299 ], [ 114.0083, -1.475 ], [ 113.9937, -1.5081 ], [ 113.9695, -1.5416 ], [ 113.9144, -1.5746 ], [ 113.8875, -1.617 ], [ 113.6762, -1.6405 ] ] ] } },
{ "type": "Feature", "properties": { "province": "KALIMANTAN TENGAH", "district": "KAPUAS", "id": "KALIMANTAN TENGAH/KAPUAS", "name": "KAPUAS" }, "geometry": { "type": "Polygon", "coordinates": [ [ [ 114.3464, -3.4189 ], [ 114.3489, -3.4618 ], [ 114.3141, -3.4523 ], [ 114.2583, -3.4037 ], [ 114.249, -3.3915 ], [ 114.263, -3.3737 ], [ 114.2454, -3.3649 ], [ 114.1807, -3.3928 ], [ 114.1329, -3.3803 ], [ 114.2038, -3.1875 ], [ 114.2266, -3.1941 ], [ 114.2837, -3.0433 ], [ 114.2232, -2.9531 ], [ 114.2652, -2.9112 ], [ 114.293, -2.8265 ], [ 114.2872, -2.7926 ], [ 114.3339, -2.6927 ], [ 114.3313, -2.6373 ], [ 114.276, -2.3316 ], [ 114.252, -2.294 ], [ 114.1338, -2.2188 ], [ 114.1335, -2.0404 ], [ 114.0985, -1.979 ], [ 114.0326, -1.9243 ], [ 113.9892, -1.7972 ], [ 113.9713, -1.6726 ], [ 113.9918, -1.5794 ], [ 113.9693, -1.5416 ], [ 114.0083, -1.475 ], [ 113.9728, -1.0448 ], [ 113.9344, -1.003 ], [ 113.7632, -0.9378 ], [ 113.7228, -0.888 ], [ 113.679, -0.7736 ], [ 113.6504, -0.7379 ], [ 113.671, -0.6792 ], [ 113.7372, -0.6013 ], [ 113.7757, -0.4307 ], [ 113.9206, -0.4661 ], [ 113.9276, -0.4055 ], [ 113.9734, -0.3751 ], [ 114.0121, -0.4162 ], [ 114.134, -0.7827 ], [ 114.2464, -0.8666 ], [ 114.4059, -0.8331 ], [ 114.5694, -0.8576 ], [ 114.5017, -0.9164 ], [ 114.459, -0.989 ], [ 114.457, -1.0348 ], [ 114.4803, -1.0863 ], [ 114.5406, -1.1377 ], [ 114.6786, -1.1388 ], [ 114.7107, -1.1653 ], [ 114.7006, -1.2525 ], [ 114.6678, -1.3169 ], [ 114.6746, -1.5215 ], [ 114.5993, -1.6783 ], [ 114.6373, -1.7884 ], [ 114.6209, -1.9497 ], [ 114.7057, -2.0397 ], [ 114.7157, -2.1444 ], [ 114.5683, -2.5125 ], [ 114.5453, -2.5128 ], [ 114.5456, -2.5276 ], [ 114.5624, -2.5276 ], [ 114.5541, -2.5463 ], [ 114.5988, -2.5627 ], [ 114.6176, -2.544 ], [ 114.6545, -2.5601 ], [ 114.7027, -2.4798 ], [ 114.7378, -2.4707 ], [ 114.7565, -2.4929 ], [ 114.698, -2.5719 ], [ 114.792, -2.6244 ], [ 114.7937, -2.6039 ], [ 114.7948, -2.5983 ], [ 114.7968, -2.5923 ], [ 114.8, -2.5867 ], [ 114.8025, -2.583 ], [ 114.791, -2.6698 ], [ 114.7604, -2.7213 ], [ 114.6777, -2.7396 ], [ 114.6662, -2.7993 ], [ 114.5989, -2.8152 ], [ 114.6177, -2.8834 ], [ 114.5678, -2.8664 ], [ 114.5416, -2.9239 ], [ 114.5245, -2.9267 ], [ 114.5464, -2.9472 ], [ 114.4962, -3.015 ], [ 114.5458, -3.0678 ], [ 114.4294, -3.1743 ], [ 114.4504, -3.2098 ], [ 114.3835, -3.2675 ], [ 114.3719, -3.3202 ], [ 114.3461, -3.3524 ], [ 114.3596, -3.391 ], [ 114.3464, -3.4189 ] ] ] } },
{ "type": "Feature", "properties": { "province": "KALIMANTAN TENGAH", "district": "KATINGAN", "id": "KALIMANTAN TENGAH/KATINGAN", "name": "KATINGAN" }, "geometry": { "type": "Polygon", "coordinates": [ [ [ 113.3604, -3.2697 ], [ 113.3322, -3.249 ], [ 113.3201, -3.2128 ], [ 113.3408, -3.2781 ], [ 113.157, -3.0639 ], [ 113.1671, -3.0182 ], [ 113.0805, -2.7167 ], [ 113.0911, -2.6733 ], [ 113.2027, -2.4994 ], [ 113.2128, -2.4495 ], [ 113.1723, -2.3219 ], [ 113.1751, -2.29 ], [ 113.2471, -2.1864 ], [ 113.2313, -2.1027 ], [ 113.282, -2.0455 ], [ 113.2796, -1.9657 ], [ 113.2532, -1.9405 ], [ 113.1962, -1.9262 ], [ 113.1957, -1.8559 ], [ 113.0267, -1.7684 ], [ 112.9813, -1.7053 ], [ 112.9312, -1.7044 ], [ 112.9287, -1.6593 ], [ 112.8638, -1.5934 ], [ 112.8412, -1.4325 ], [ 112.8212, -1.3896 ], [ 112.7443, -1.3027 ], [ 112.6471, -1.2297 ], [ 112.5233, -1.1945 ], [ 112.398, -1.2138 ], [ 112.2895, -1.2859 ], [ 112.1275, -1.3132 ], [ 112.099, -0.9901 ], [ 112.181, -0.7962 ], [ 112.146, -0.6823 ], [ 112.1981, -0.6146 ], [ 112.2425, -0.6334 ], [ 112.3059, -0.7339 ], [ 112.3305, -0.7044 ], [ 112.3662, -0.7134 ], [ 112.4308, -0.6715 ], [ 112.4489, -0.6807 ], [ 112.4552, -0.7204 ], [ 112.4758, -0.7307 ], [ 112.4883, -0.692 ], [ 112.5909, -0.688 ], [ 112.6288, -0.6537 ], [ 112.6903, -0.6497 ], [ 112.7044, -0.6212 ], [ 112.7435, -0.6205 ], [ 112.751, -0.5681 ], [ 112.8504, -0.5691 ], [ 112.8937, -0.5309 ], [ 112.9766, -0.5099 ], [ 112.9899, -0.4857 ], [ 113.0616, -0.4989 ], [ 113.1097, -0.4865 ], [ 113.1421, -0.4431 ], [ 113.1579, -0.4699 ], [ 113.1851, -0.4655 ], [ 113.2015, -0.4994 ], [ 113.2199, -0.5026 ], [ 113.206, -0.5623 ], [ 113.1309, -0.6915 ], [ 113.0325, -0.8135 ], [ 113.0201, -0.885 ], [ 113.0316, -0.9093 ], [ 113.0915, -0.9351 ], [ 113.2291, -1.0725 ], [ 113.2333, -1.1289 ], [ 113.1981, -1.1844 ], [ 113.1857, -1.2517 ], [ 113.3612, -1.5259 ], [ 113.4829, -1.6025 ], [ 113.482, -1.6851 ], [ 113.4987, -1.7342 ], [ 113.4895, -1.7862 ], [ 113.5935, -1.9186 ], [ 113.623, -1.991 ], [ 113.6946, -2.0868 ], [ 113.6969, -2.2574 ], [ 113.7673, -2.3695 ], [ 113.5831, -2.7415 ], [ 113.5776, -2.8205 ], [ 113.645, -2.964 ], [ 113.629, -3.1329 ], [ 113.5939, -3.1661 ], [ 113.5375, -3.1624 ], [ 113.4492, -3.189 ], [ 113.4298, -3.2345 ], [ 113.3604, -3.2697 ] ] ] } },
{ "type": "Feature", "properties": { "province": "KALIMANTAN TENGAH", "district": "KOTA PALANGKARAYA", "id": "KALIMANTAN TENGAH/KOTA PALANGKARAYA", "name": "KOTA PALANGKARAYA" }, "geometry": { "type": "Polygon", "coordinates": [ [ [ 114.0276, -2.3344 ], [ 114.0271, -2.3967 ], [ 113.7632, -2.3988 ], [ 113.7529, -2.3332 ], [ 113.6969, -2.2574 ], [ 113.7079, -2.1569 ], [ 113.6946, -2.0868 ], [ 113.623, -1.991 ], [ 113.5935, -1.9186 ], [ 113.4895, -1.7862 ], [ 113.492, -1.6576 ], [ 113.5191, -1.6709 ], [ 113.5627, -1.637 ], [ 113.6001, -1.6553 ], [ 113.7371, -1.6243 ], [ 113.8272, -1.6311 ], [ 113.8048, -1.7408 ], [ 113.8228, -1.8404 ], [ 113.8149, -1.9555 ], [ 113.831, -2.0043 ], [ 113.9378, -2.1637 ], [ 114.1068, -2.1981 ], [ 114.0849, -2.2511 ], [ 114.0302, -2.2922 ], [ 114.0276, -2.3344 ] ] ] } },
{ "type": "Feature", "properties": { "province": "KALIMANTAN TENGAH", "district": "KOTAWARINGIN BARAT", "id": "KALIMANTAN TENGAH/KOTAWARINGIN BARAT", "name": "KOTAWARINGIN BARAT" }, "geometry": { "type": "Polygon", "coordinates": [ [ [ 111.9837, -3.1687 ], [ 111.9321, -3.314 ], [ 111.8187, -3.534 ], [ 111.7932, -3.5258 ], [ 111.7686, -3.5049 ], [ 111.8052, -3.4504 ], [ 111.819, -3.3853 ], [ 111.7974, -3.2008 ], [ 111.8243, -3.05 ], [ 111.8058, -2.9837 ], [ 111.7179, -2.8474 ], [ 111.6696, -2.8942 ], [ 111.6869, -2.9197 ], [ 111.707, -2.9052 ], [ 111.6912, -2.9418 ], [ 111.6353, -2.9583 ], [ 111.5484, -3.0234 ], [ 111.519, -2.9602 ], [ 111.5128, -2.9702 ], [ 111.4502, -2.9233 ], [ 111.3619, -2.9086 ], [ 111.3801, -2.877 ], [ 111.3826, -2.7346 ], [ 111.4002, -2.653 ], [ 111.3017, -2.6176 ], [ 111.279, -2.5423 ], [ 111.2837, -2.3727 ], [ 111.2648, -2.3725 ], [ 111.2745, -2.3362 ], [ 111.3166, -2.3324 ], [ 111.3171, -2.3051 ], [ 111.3555, -2.3067 ], [ 111.3416, -2.2755 ], [ 111.3684, -2.2633 ], [ 111.4383, -2.3133 ], [ 111.5184, -2.3074 ], [ 111.5601, -2.3197 ], [ 111.6025, -2.3057 ], [ 111.6018, -2.2555 ], [ 111.6291, -2.1937 ], [ 111.6913, -2.1578 ], [ 111.7451, -2.067 ], [ 111.8199, -1.8736 ], [ 111.8214, -1.7334 ], [ 111.7969, -1.5628 ], [ 111.8781, -1.6228 ], [ 111.8808, -1.675 ], [ 111.9055, -1.7175 ], [ 111.9547, -1.7334 ], [ 111.968, -1.8587 ], [ 111.9369, -1.8869 ], [ 111.9681, -1.8587 ], [ 111.9908, -1.8982 ], [ 112.0736, -1.9649 ], [ 112.0905, -2.0015 ], [ 112.0207, -2.0952 ], [ 111.9848, -2.2203 ], [ 111.9906, -2.2893 ], [ 112.0247, -2.3005 ], [ 112.0593, -2.409 ], [ 112.0149, -2.5292 ], [ 111.9706, -2.7376 ], [ 111.9894, -2.8094 ], [ 112.0548, -2.8888 ], [ 112.0468, -3.0072 ], [ 111.9837, -3.1687 ] ] ] } },
{ "type": "Feature", "properties": { "province": "KALIMANTAN TENGAH", "district": "KOTAWARINGIN TIMUR", "id": "KALIMANTAN TENGAH/KOTAWARINGIN TIMUR", "name": "KOTAWARINGIN TIMUR" }, "geometry": { "type": "Polygon", "coordinates": [ [ [ 112.9464, -3.1016 ], [ 112.948, -3.1324 ], [ 112.9841, -3.1547 ], [ 113.0434, -3.1281 ], [ 112.9417, -3.2231 ], [ 112.8737, -3.2649 ], [ 112.8101, -3.0431 ], [ 112.8706, -2.8306 ], [ 112.6075, -2.683 ], [ 112.4807, -2.5811 ], [ 112.4592, -2.4047 ], [ 112.4348, -2.3909 ], [ 112.4291, -2.328 ], [ 112.4083, -2.3283 ], [ 112.4082, -2.2674 ], [ 112.3734, -2.2671 ], [ 112.3733, -2.1971 ], [ 112.3335, -2.1812 ], [ 112.2839, -2.0953 ], [ 112.285, -1.9746 ], [ 112.2512, -1.8312 ], [ 112.0895, -1.6439 ], [ 112.0727, -1.5987 ], [ 112.0787, -1.5438 ], [ 112.1254, -1.4522 ], [ 112.1275, -1.3132 ], [ 112.2895, -1.2859 ], [ 112.398, -1.2138 ], [ 112.5233, -1.1945 ], [ 112.6471, -1.2297 ], [ 112.7443, -1.3027 ], [ 112.8212, -1.3896 ], [ 112.8412, -1.4325 ], [ 112.8638, -1.5934 ], [ 112.9287, -1.6593 ], [ 112.9312, -1.7044 ], [ 112.9813, -1.7053 ], [ 113.0267, -1.7684 ], [ 113.1957, -1.8559 ], [ 113.201, -1.8654 ], [ 113.1614, -1.8748 ], [ 113.201, -1.8655 ], [ 113.1962, -1.9262 ], [ 113.2532, -1.9405 ], [ 113.2796, -1.9657 ], [ 113.282, -2.0455 ], [ 113.2313, -2.1027 ], [ 113.2471, -2.1864 ], [ 113.1751, -2.29 ], [ 113.1723, -2.3219 ], [ 113.2128, -2.4495 ], [ 113.2027, -2.4994 ], [ 113.0911, -2.6733 ], [ 113.0805, -2.7167 ], [ 113.1671, -3.0182 ], [ 113.157, -3.0639 ], [ 113.0934, -3.0383 ], [ 113.0569, -3.0056 ], [ 113.0457, -2.9712 ], [ 113.0324, -2.9725 ], [ 113.0118, -3.0313 ], [ 112.9464, -3.1016 ] ] ] } },
{ "type": "Feature", "properties": { "province": "KALIMANTAN TENGAH", "district": "LAMANDAU", "id": "KALIMANTAN TENGAH/LAMANDAU", "name": "LAMANDAU" }, "geometry": { "type": "Polygon", "coordinates": [ [ [ 111.5292, -2.3112 ], [ 111.4076, -2.301 ], [ 111.3819, -2.2808 ], [ 111.3861, -2.198 ], [ 111.3634, -2.1878 ], [ 111.3554, -2.1524 ], [ 111.2926, -2.1488 ], [ 111.2227, -2.1209 ], [ 111.1788, -2.0563 ], [ 111.1566, -2.056 ], [ 111.0662, -2.118 ], [ 111.0591, -2.0613 ], [ 111.0831, -2.0451 ], [ 111.0895, -2.0142 ], [ 111.0575, -2.0136 ], [ 111.0532, -1.9896 ], [ 111.018, -1.9561 ], [ 110.9798, -1.9503 ], [ 110.996, -1.9091 ], [ 110.9744, -1.8779 ], [ 110.9773, -1.8416 ], [ 111.0139, -1.7777 ], [ 111.0047, -1.6994 ], [ 110.9745, -1.6691 ], [ 110.9429, -1.7104 ], [ 110.9166, -1.7203 ], [ 110.8865, -1.6815 ], [ 110.8551, -1.6738 ], [ 110.8589, -1.6305 ], [ 110.9006, -1.5912 ], [ 110.9522, -1.5791 ], [ 110.9793, -1.5392 ], [ 111.0133, -1.5625 ], [ 111.0598, -1.5355 ], [ 111.0754, -1.5595 ], [ 111.1187, -1.5528 ], [ 111.1383, -1.4511 ], [ 111.1573, -1.4343 ], [ 111.2005, -1.4372 ], [ 111.2784, -1.4059 ], [ 111.3246, -1.3652 ], [ 111.3327, -1.3324 ], [ 111.3582, -1.321 ], [ 111.3689, -1.2949 ], [ 111.4693, -1.4078 ], [ 111.6232, -1.4204 ], [ 111.7357, -1.501 ], [ 111.8089, -1.583 ], [ 111.8244, -1.7763 ], [ 111.8199, -1.8736 ], [ 111.7912, -1.9716 ], [ 111.6928, -2.1558 ], [ 111.6291, -2.1937 ], [ 111.6018, -2.2555 ], [ 111.6025, -2.3057 ], [ 111.5601, -2.3197 ], [ 111.5292, -2.3112 ] ] ] } },
{ "type": "Feature", "properties": { "province": "KALIMANTAN TENGAH", "district": "MURUNG RAYA", "id": "KALIMANTAN TENGAH/MURUNG RAYA", "name": "MURUNG RAYA" }, "geometry": { "type": "Polygon", "coordinates": [ [ [ 114.3035, -0.8557 ], [ 114.2283, -0.8592 ], [ 114.134, -0.7827 ], [ 114.0609, -0.5409 ], [ 113.9915, -0.381 ], [ 113.9429, -0.3861 ], [ 113.9206, -0.4661 ], [ 113.7757, -0.4307 ], [ 113.7757, -0.4726 ], [ 113.761, -0.4836 ], [ 113.7135, -0.4114 ], [ 113.5964, -0.3837 ], [ 113.5358, -0.3419 ], [ 113.431, -0.3027 ], [ 113.3647, -0.3195 ], [ 113.2599, -0.4114 ], [ 113.2631, -0.3902 ], [ 113.207, -0.338 ], [ 113.2877, -0.2404 ], [ 113.3523, -0.2213 ], [ 113.3866, -0.1656 ], [ 113.4133, -0.1562 ], [ 113.4211, -0.139 ], [ 113.3964, -0.127 ], [ 113.4202, -0.1152 ], [ 113.4399, -0.0709 ], [ 113.4165, -0.0411 ], [ 113.4421, 0.0116 ], [ 113.4105, 0.0525 ], [ 113.4198, 0.123 ], [ 113.3408, 0.1674 ], [ 113.273, 0.2404 ], [ 113.352, 0.2784 ], [ 113.452, 0.2714 ], [ 113.5883, 0.4071 ], [ 113.6587, 0.4406 ], [ 113.6729, 0.5023 ], [ 113.7746, 0.5646 ], [ 113.8143, 0.6419 ], [ 113.8464, 0.6642 ], [ 113.8801, 0.6604 ], [ 113.8893, 0.6412 ], [ 113.9775, 0.6674 ], [ 114.0044, 0.652 ], [ 114.0638, 0.6914 ], [ 114.1116, 0.697 ], [ 114.1518, 0.6702 ], [ 114.1718, 0.6215 ], [ 114.1475, 0.5876 ], [ 114.1849, 0.5721 ], [ 114.1942, 0.5412 ], [ 114.2246, 0.5298 ], [ 114.3155, 0.5413 ], [ 114.409, 0.4953 ], [ 114.4314, 0.5048 ], [ 114.4249, 0.5413 ], [ 114.4573, 0.5695 ], [ 114.5184, 0.5647 ], [ 114.5413, 0.5967 ], [ 114.5393, 0.6301 ], [ 114.5887, 0.6261 ], [ 114.6046, 0.6468 ], [ 114.6162, 0.6404 ], [ 114.6576, 0.7042 ], [ 114.7013, 0.7283 ], [ 114.6962, 0.7089 ], [ 114.7144, 0.7052 ], [ 114.7624, 0.7419 ], [ 114.7794, 0.7311 ], [ 114.8233, 0.7518 ], [ 114.8479, 0.7132 ], [ 114.88, 0.7005 ], [ 114.8651, 0.739 ], [ 114.9115, 0.7931 ], [ 114.9826, 0.7404 ], [ 115.0111, 0.6111 ], [ 115.0923, 0.4722 ], [ 115.1353, 0.4298 ], [ 115.1341, 0.3945 ], [ 115.1247, 0.3694 ], [ 115.0479, 0.3006 ], [ 115.0187, 0.3266 ], [ 114.9534, 0.3129 ], [ 114.9436, 0.3308 ], [ 114.9017, 0.3112 ], [ 114.8609, 0.2331 ], [ 114.832, 0.224 ], [ 114.8264, 0.1964 ], [ 114.8009, 0.1759 ], [ 114.8111, 0.1587 ], [ 114.7913, 0.0935 ], [ 114.8072, 0.071 ], [ 114.835, 0.0773 ], [ 114.8948, 0.0386 ], [ 114.9312, -0.1879 ], [ 114.987, -0.1729 ], [ 114.9918, -0.186 ], [ 115.0393, -0.1916 ], [ 115.0671, -0.1659 ], [ 115.0521, -0.3665 ], [ 115.0306, -0.4051 ], [ 115.0428, -0.5118 ], [ 114.9461, -0.6586 ], [ 114.8739, -0.7359 ], [ 114.7234, -0.7512 ], [ 114.5694, -0.8576 ], [ 114.4246, -0.8326 ], [ 114.3035, -0.8557 ] ] ] } },
{ "type": "Feature", "properties": { "province": "KALIMANTAN TENGAH", "district": "PULANG PISAU", "id": "KALIMANTAN TENGAH/PULANG PISAU", "name": "PULANG PISAU" }, "geometry": { "type": "Polygon", "coordinates": [ [ [ 113.9315, -3.3833 ], [ 113.7902, -3.4599 ], [ 113.6336, -3.4655 ], [ 113.5819, -3.4438 ], [ 113.6317, -3.3226 ], [ 113.6282, -3.2515 ], [ 113.5939, -3.1661 ], [ 113.629, -3.1329 ], [ 113.647, -3.002 ], [ 113.6386, -2.929 ], [ 113.5759, -2.8 ], [ 113.5831, -2.7415 ], [ 113.7632, -2.3988 ], [ 114.0271, -2.3967 ], [ 114.0302, -2.2922 ], [ 114.0849, -2.2511 ], [ 114.1068, -2.1981 ], [ 113.9378, -2.1637 ], [ 113.818, -1.9723 ], [ 113.8228, -1.8404 ], [ 113.8048, -1.7408 ], [ 113.8273, -1.6308 ], [ 113.8875, -1.617 ], [ 113.9144, -1.5746 ], [ 113.9693, -1.5416 ], [ 113.9918, -1.5794 ], [ 113.9713, -1.6727 ], [ 113.9985, -1.8327 ], [ 114.0326, -1.9243 ], [ 114.0985, -1.979 ], [ 114.1335, -2.0404 ], [ 114.1338, -2.2188 ], [ 114.252, -2.294 ], [ 114.276, -2.3316 ], [ 114.3178, -2.5236 ], [ 114.3339, -2.6927 ], [ 114.2872, -2.7926 ], [ 114.293, -2.8265 ], [ 114.2652, -2.9112 ], [ 114.2232, -2.9531 ], [ 114.2837, -3.0433 ], [ 114.2266, -3.1941 ], [ 114.2038, -3.1875 ], [ 114.1329, -3.3803 ], [ 114.0778, -3.3459 ], [ 114.0746, -3.312 ], [ 114.0529, -3.3108 ], [ 114.0447, -3.3467 ], [ 113.9315, -3.3833 ] ] ] } },
{ "type": "Feature", "properties": { "province": "KALIMANTAN TENGAH", "district": "SERUYAN", "id": "KALIMANTAN TENGAH/SERUYAN", "name": "SERUYAN" }, "geometry": { "type": "Polygon", "coordinates": [ [ [ 112.5693, -3.4309 ], [ 112.5616, -3.447 ], [ 112.5351, -3.4419 ], [ 112.456, -3.396 ], [ 112.4283, -3.3577 ], [ 112.3404, -3.317 ], [ 112.2593, -3.3128 ], [ 112.0892, -3.3994 ], [ 111.9049, -3.5389 ], [ 111.8187, -3.534 ], [ 111.9321, -3.314 ], [ 112.0468, -3.0072 ], [ 112.0548, -2.8888 ], [ 111.9894, -2.8094 ], [ 111.9706, -2.7376 ], [ 112.0149, -2.5292 ], [ 112.0593, -2.409 ], [ 112.0247, -2.3005 ], [ 111.9906, -2.2893 ], [ 111.9832, -2.2393 ], [ 112.0207, -2.0952 ], [ 112.0905, -2.0015 ], [ 112.0736, -1.9649 ], [ 111.9908, -1.8982 ], [ 111.9549, -1.8222 ], [ 111.9547, -1.7334 ], [ 111.9055, -1.7175 ], [ 111.8808, -1.675 ], [ 111.8835, -1.6318 ], [ 111.8531, -1.5958 ], [ 111.7812, -1.5541 ], [ 111.7357, -1.501 ], [ 111.6232, -1.4204 ], [ 111.4693, -1.4078 ], [ 111.3689, -1.2949 ], [ 111.3971, -1.2764 ], [ 111.4065, -1.2416 ], [ 111.5683, -1.2029 ], [ 111.5535, -1.0991 ], [ 111.6209, -1.0491 ], [ 111.6236, -0.9856 ], [ 111.7169, -0.9446 ], [ 111.7285, -0.9242 ], [ 111.8487, -0.9064 ], [ 111.878, -0.863 ], [ 111.9207, -0.8694 ], [ 111.9018, -0.8308 ], [ 111.9096, -0.7724 ], [ 111.9517, -0.816 ], [ 112.0323, -0.7928 ], [ 112.0146, -0.7223 ], [ 112.0281, -0.7012 ], [ 112.1548, -0.7289 ], [ 112.181, -0.7962 ], [ 112.099, -0.9901 ], [ 112.1326, -1.4119 ], [ 112.1122, -1.495 ], [ 112.0709, -1.5698 ], [ 112.0894, -1.6437 ], [ 112.2512, -1.8312 ], [ 112.285, -1.9746 ], [ 112.2839, -2.0953 ], [ 112.3335, -2.1812 ], [ 112.3733, -2.1971 ], [ 112.3734, -2.2671 ], [ 112.4082, -2.2674 ], [ 112.4083, -2.3283 ], [ 112.4291, -2.328 ], [ 112.4348, -2.3909 ], [ 112.4592, -2.4047 ], [ 112.4807, -2.5811 ], [ 112.6075, -2.683 ], [ 112.8706, -2.8306 ], [ 112.8101, -3.0431 ], [ 112.8737, -3.2649 ], [ 112.6801, -3.3651 ], [ 112.6363, -3.4076 ], [ 112.5693, -3.4309 ] ] ] } },
{ "type": "Feature", "properties": { "province": "KALIMANTAN TENGAH", "district": "SUKAMARA", "id": "KALIMANTAN TENGAH/SUKAMARA", "name": "SUKAMARA" }, "geometry": { "type": "Polygon", "coordinates": [ [ [ 111.3825, -2.7593 ], [ 111.3801, -2.877 ], [ 111.3619, -2.9086 ], [ 111.2779, -2.936 ], [ 111.0584, -3.0483 ], [ 110.9596, -3.0655 ], [ 110.821, -2.9825 ], [ 110.7322, -2.9873 ], [ 110.7938, -2.9093 ], [ 110.9666, -2.8579 ], [ 111.011, -2.7952 ], [ 111.1015, -2.7679 ], [ 111.1466, -2.7413 ], [ 111.166, -2.7101 ], [ 111.1648, -2.6722 ], [ 111.1186, -2.6526 ], [ 111.1363, -2.6113 ], [ 111.1032, -2.4241 ], [ 111.0702, -2.3008 ], [ 111.0318, -2.2422 ], [ 111.0788, -2.1612 ], [ 111.0662, -2.118 ], [ 111.1616, -2.0543 ], [ 111.2032, -2.0746 ], [ 111.2014, -2.1002 ], [ 111.2227, -2.1209 ], [ 111.2926, -2.1488 ], [ 111.3554, -2.1524 ], [ 111.3634, -2.1878 ], [ 111.3861, -2.198 ], [ 111.3819, -2.2808 ], [ 111.3684, -2.2633 ], [ 111.3416, -2.2755 ], [ 111.3555, -2.3067 ], [ 111.3171, -2.3051 ], [ 111.3166, -2.3324 ], [ 111.2745, -2.3362 ], [ 111.2648, -2.3725 ], [ 111.2837, -2.3727 ], [ 111.279, -2.5423 ], [ 111.3017, -2.6176 ], [ 111.4002, -2.653 ], [ 111.3825, -2.7593 ] ] ] } },
{ "type": "Feature", "properties": { "province": "KALIMANTAN TIMUR", "district": "BERAU", "id": "KALIMANTAN TIMUR/BERAU", "name": "BERAU" }, "geometry": { "type": "MultiPolygon", "coordinates": [ [ [ [ 118.8326, 1.0623 ], [ 118.8455, 1.0469 ], [ 118.8715, 1.0675 ], [ 118.9179, 1.0649 ], [ 118.9847, 1.03 ], [ 118.9658, 1.0104 ], [ 118.892, 1.0283 ], [ 118.8056, 1.0039 ], [ 118.769, 1.1038 ], [ 118.6067, 1.0962 ], [ 118.5846, 1.1132 ], [ 118.5902, 1.212 ], [ 118.5787, 1.2448 ], [ 118.5607, 1.2498 ], [ 118.5331, 1.2138 ], [ 118.4606, 1.2777 ], [ 118.4212, 1.253 ], [ 118.4032, 1.2809 ], [ 118.3802, 1.2744 ], [ 118.3507, 1.1858 ], [ 118.2859, 1.2047 ], [ 118.2117, 1.2606 ], [ 118.1957, 1.2473 ], [ 118.2069, 1.2016 ], [ 118.1588, 1.1685 ], [ 118.0333, 1.1882 ], [ 117.9594, 1.2801 ], [ 117.8546, 1.345 ], [ 117.9037, 1.4048 ], [ 117.9135, 1.4935 ], [ 117.8413, 1.5688 ], [ 117.8299, 1.6247 ], [ 117.805, 1.6145 ], [ 117.7878, 1.5742 ], [ 117.7138, 1.6081 ], [ 117.7183, 1.6804 ], [ 117.7064, 1.6856 ], [ 117.647, 1.5984 ], [ 117.5745, 1.6255 ], [ 117.5528, 1.6123 ], [ 117.5224, 1.5155 ], [ 117.4911, 1.5139 ], [ 117.4322, 1.5892 ], [ 117.3846, 1.6046 ], [ 117.3287, 1.5286 ], [ 117.3435, 1.4761 ], [ 117.3188, 1.3876 ], [ 117.1931, 1.3166 ], [ 117.163, 1.3055 ], [ 117.1119, 1.3726 ], [ 117.1, 1.351 ], [ 116.9902, 1.3531 ], [ 116.9981, 1.3899 ], [ 116.9631, 1.4177 ], [ 116.9908, 1.4761 ], [ 116.9891, 1.5336 ], [ 116.9239, 1.5797 ], [ 116.8601, 1.5943 ], [ 116.797, 1.58 ], [ 116.7565, 1.6218 ], [ 116.6031, 1.6114 ], [ 116.5442, 1.5887 ], [ 116.5313, 1.6632 ], [ 116.5042, 1.6757 ], [ 116.4765, 1.7247 ], [ 116.4437, 1.7244 ], [ 116.4261, 1.7076 ], [ 116.3986, 1.7208 ], [ 116.3925, 1.7554 ], [ 116.3547, 1.762 ], [ 116.3494, 1.8032 ], [ 116.3157, 1.8291 ], [ 116.1845, 1.8407 ], [ 116.1749, 1.8973 ], [ 116.1954, 1.9858 ], [ 116.2298, 2.0134 ], [ 116.2216, 2.0951 ], [ 116.2925, 2.1054 ], [ 116.2925, 2.1243 ], [ 116.3107, 2.122 ], [ 116.3502, 2.1662 ], [ 116.2896, 2.2352 ], [ 116.3345, 2.2893 ], [ 116.417, 2.3039 ], [ 116.4573, 2.2793 ], [ 116.4759, 2.2887 ], [ 116.476, 2.3166 ], [ 116.5058, 2.3479 ], [ 116.4882, 2.3974 ], [ 116.4962, 2.4558 ], [ 116.5646, 2.4527 ], [ 116.6181, 2.4171 ], [ 116.6331, 2.4484 ], [ 116.7282, 2.529 ], [ 116.796, 2.3789 ], [ 116.8226, 2.3986 ], [ 116.8458, 2.4606 ], [ 116.9418, 2.5074 ], [ 117.0237, 2.5212 ], [ 117.07, 2.5907 ], [ 117.1122, 2.5993 ], [ 117.2435, 2.5766 ], [ 117.3032, 2.6046 ], [ 117.4008, 2.6066 ], [ 117.4998, 2.5225 ], [ 117.5396, 2.5214 ], [ 117.572, 2.5016 ], [ 117.6088, 2.5227 ], [ 117.7469, 2.3268 ], [ 117.8116, 2.3264 ], [ 117.8638, 2.3929 ], [ 117.9067, 2.3979 ], [ 117.9327, 2.3841 ], [ 117.9587, 2.4269 ], [ 117.9983, 2.4327 ], [ 117.9919, 2.4187 ], [ 118.0198, 2.3895 ], [ 118.0177, 2.3718 ], [ 118.001, 2.3757 ], [ 117.9851, 2.3711 ], [ 118.0304, 2.3561 ], [ 118.0452, 2.3767 ], [ 118.094, 2.3077 ], [ 118.0782, 2.2495 ], [ 118.0189, 2.196 ], [ 117.9438, 2.1802 ], [ 117.9038, 2.2098 ], [ 117.8922, 2.1945 ], [ 117.8163, 2.2013 ], [ 117.6829, 2.1781 ], [ 117.7233, 2.1381 ], [ 117.7261, 2.0827 ], [ 117.71, 2.0789 ], [ 117.7189, 2.0598 ], [ 117.696, 2.0545 ], [ 117.7013, 2.036 ], [ 117.7163, 2.026 ], [ 117.7397, 2.045 ], [ 117.7669, 2.013 ], [ 117.8242, 2.0099 ], [ 117.8064, 1.9847 ], [ 117.8331, 1.91 ], [ 117.8898, 1.8728 ], [ 117.9177, 1.8125 ], [ 117.9667, 1.7894 ], [ 118.0481, 1.7834 ], [ 118.0659, 1.7587 ], [ 118.0529, 1.7296 ], [ 118.1319, 1.6356 ], [ 118.2467, 1.5583 ], [ 118.3872, 1.4955 ], [ 118.3761, 1.483 ], [ 118.4097, 1.4867 ], [ 118.4167, 1.4413 ], [ 118.384, 1.4341 ], [ 118.3749, 1.4241 ], [ 118.4241, 1.4329 ], [ 118.4291, 1.413 ], [ 118.4021, 1.4047 ], [ 118.4085, 1.397 ], [ 118.433, 1.3989 ], [ 118.4446, 1.3718 ], [ 118.46, 1.3994 ], [ 118.4703, 1.3943 ], [ 118.4548, 1.3697 ], [ 118.462, 1.3586 ], [ 118.4804, 1.3849 ], [ 118.4871, 1.3608 ], [ 118.517, 1.3749 ], [ 118.5149, 1.353 ], [ 118.5631, 1.3633 ], [ 118.6872, 1.2659 ], [ 118.6826, 1.2551 ], [ 118.7115, 1.2519 ], [ 118.7694, 1.1848 ], [ 118.7624, 1.1602 ], [ 118.7381, 1.1613 ], [ 118.7369, 1.1578 ], [ 118.7276, 1.159 ], [ 118.7213, 1.1544 ], [ 118.7751, 1.1556 ], [ 118.7946, 1.1272 ], [ 118.7771, 1.1336 ], [ 118.8305, 1.0984 ], [ 118.8326, 1.0623 ] ] ], [ [ [ 118.4766, 1.4536 ], [ 118.499, 1.441 ], [ 118.4873, 1.4356 ], [ 118.4971, 1.4092 ], [ 118.53, 1.386 ], [ 118.4814, 1.3913 ], [ 118.4659, 1.4231 ], [ 118.4815, 1.4315 ], [ 118.466, 1.4398 ], [ 118.4766, 1.4536 ] ] ], [ [ [ 118.5229, 2.1605 ], [ 118.5371, 2.159 ], [ 118.5622, 2.1152 ], [ 118.5386, 2.1351 ], [ 118.5043, 2.1345 ], [ 118.5229, 2.1605 ] ] ], [ [ [ 117.8745, 2.1528 ], [ 117.9466, 2.135 ], [ 117.9563, 2.1261 ], [ 117.9492, 2.123 ], [ 117.9408, 2.1176 ], [ 117.9571, 2.1206 ], [ 117.9082, 2.0993 ], [ 117.9007, 2.1274 ], [ 117.8666, 2.1478 ], [ 117.8297, 2.1173 ], [ 117.8128, 2.1207 ], [ 117.8014, 2.183 ], [ 117.8264, 2.1911 ], [ 117.8745, 2.1528 ] ] ], [ [ [ 118.6141, 2.1967 ], [ 118.6489, 2.1702 ], [ 118.6521, 2.1613 ], [ 118.566, 2.2347 ], [ 118.5588, 2.2787 ], [ 118.5686, 2.3099 ], [ 118.6367, 2.2499 ], [ 118.568, 2.3026 ], [ 118.5746, 2.2404 ], [ 118.6141, 2.1967 ] ] ], [ [ [ 117.7745, 2.1723 ], [ 117.7663, 2.1653 ], [ 117.7075, 2.1691 ], [ 117.7486, 2.1843 ], [ 117.7745, 2.1723 ] ] ], [ [ [ 118.2163, 2.3515 ], [ 118.2029, 2.3585 ], [ 118.1948, 2.3793 ], [ 118.2008, 2.3809 ], [ 118.2163, 2.3515 ] ] ] ] } },
{ "type": "Feature", "properties": { "province": "KALIMANTAN TIMUR", "district": "KOTA BALIKPAPAN", "id": "KALIMANTAN TIMUR/KOTA BALIKPAPAN", "name": "KOTA BALIKPAPAN" }, "geometry": { "type": "Polygon", "coordinates": [ [ [ 116.8367, -1.2793 ], [ 116.8109, -1.2828 ], [ 116.8123, -1.2394 ], [ 116.7663, -1.2124 ], [ 116.7753, -1.1876 ], [ 116.7571, -1.1386 ], [ 116.7167, -1.1101 ], [ 116.7297, -1.0665 ], [ 116.7592, -1.0759 ], [ 116.7769, -1.0406 ], [ 116.8062, -1.0581 ], [ 116.8371, -1.046 ], [ 116.9005, -1.0623 ], [ 116.9291, -1.1061 ], [ 117.0225, -1.1413 ], [ 116.9936, -1.2101 ], [ 116.9066, -1.2683 ], [ 116.8367, -1.2793 ] ] ] } },
{ "type": "Feature", "properties": { "province": "KALIMANTAN TIMUR", "district": "KOTA BONTANG", "id": "KALIMANTAN TIMUR/KOTA BONTANG", "name": "KOTA BONTANG" }, "geometry": { "type": "MultiPolygon", "coordinates": [ [ [ [ 117.4598, 0.0905 ], [ 117.4796, 0.0762 ], [ 117.468, 0.0439 ], [ 117.5092, 0.0614 ], [ 117.4876, 0.0265 ], [ 117.5134, 0.0347 ], [ 117.5171, 0.0196 ], [ 117.3898, 0.0187 ], [ 117.4016, 0.0922 ], [ 117.4309, 0.1109 ], [ 117.4682, 0.1993 ], [ 117.5051, 0.2069 ], [ 117.5174, 0.197 ], [ 117.4856, 0.1883 ], [ 117.5046, 0.1756 ], [ 117.4852, 0.1797 ], [ 117.4897, 0.1667 ], [ 117.4824, 0.1605 ], [ 117.4827, 0.166 ], [ 117.4777, 0.1663 ], [ 117.471, 0.1631 ], [ 117.4884, 0.1464 ], [ 117.5074, 0.156 ], [ 117.5228, 0.1255 ], [ 117.5063, 0.1072 ], [ 117.4785, 0.1102 ], [ 117.5012, 0.1007 ], [ 117.4777, 0.1036 ], [ 117.4832, 0.0812 ], [ 117.4633, 0.1034 ], [ 117.4598, 0.0905 ] ] ], [ [ [ 117.4855, 0.1159 ], [ 117.4853, 0.1159 ], [ 117.4853, 0.116 ], [ 117.4854, 0.116 ], [ 117.4855, 0.1159 ] ] ] ] } },
{ "type": "Feature", "properties": { "province": "KALIMANTAN TIMUR", "district": "KOTA SAMARINDA", "id": "KALIMANTAN TIMUR/KOTA SAMARINDA", "name": "KOTA SAMARINDA" }, "geometry": { "type": "Polygon", "coordinates": [ [ [ 117.2595, -0.5763 ], [ 117.2848, -0.5992 ], [ 117.2314, -0.639 ], [ 117.2272, -0.6651 ], [ 117.1935, -0.676 ], [ 117.1817, -0.7065 ], [ 117.1636, -0.7059 ], [ 117.1296, -0.6633 ], [ 117.1421, -0.6194 ], [ 117.0939, -0.5771 ], [ 117.0755, -0.5899 ], [ 117.0471, -0.5165 ], [ 117.0687, -0.434 ], [ 117.1232, -0.4093 ], [ 117.1445, -0.3505 ], [ 117.1976, -0.3129 ], [ 117.2388, -0.3387 ], [ 117.2442, -0.3668 ], [ 117.2793, -0.3592 ], [ 117.3027, -0.3832 ], [ 117.262, -0.4809 ], [ 117.269, -0.5489 ], [ 117.2383, -0.5629 ], [ 117.2595, -0.5763 ] ] ] } },
{ "type": "Feature", "properties": { "province": "KALIMANTAN TIMUR", "district": "KUTAI BARAT", "id": "KALIMANTAN TIMUR/KUTAI BARAT", "name": "KUTAI BARAT" }, "geometry": { "type": "Polygon", "coordinates": [ [ [ 115.7909, -1.1141 ], [ 115.7567, -1.1349 ], [ 115.7422, -1.0898 ], [ 115.6961, -1.0561 ], [ 115.6731, -1.058 ], [ 115.6553, -0.9956 ], [ 115.5658, -0.9331 ], [ 115.4977, -0.85 ], [ 115.3889, -0.8178 ], [ 115.367, -0.7495 ], [ 115.3538, -0.5823 ], [ 115.3241, -0.5574 ], [ 115.3053, -0.5049 ], [ 115.2447, -0.4481 ], [ 115.2601, -0.3932 ], [ 115.2379, -0.3788 ], [ 115.2269, -0.3033 ], [ 115.2522, -0.2937 ], [ 115.238, -0.241 ], [ 115.2687, -0.1897 ], [ 115.2659, -0.1531 ], [ 115.3191, -0.0981 ], [ 115.3023, -0.0496 ], [ 115.3745, 0.0318 ], [ 115.4053, 0.0207 ], [ 115.4411, 0.0417 ], [ 115.451, 0.1071 ], [ 115.472, 0.138 ], [ 115.6745, 0.1454 ], [ 115.6856, 0.1565 ], [ 115.777, 0.1491 ], [ 115.8029, 0.1664 ], [ 115.8072, 0.1945 ], [ 115.8963, 0.2125 ], [ 115.9165, 0.2058 ], [ 115.9233, 0.1383 ], [ 116.0283, 0.0594 ], [ 116.0271, 0.0362 ], [ 115.973, -0.0283 ], [ 115.9825, -0.0654 ], [ 116.0717, -0.1654 ], [ 116.1883, -0.2516 ], [ 116.2548, -0.2899 ], [ 116.32, -0.2998 ], [ 116.2778, -0.4372 ], [ 116.3172, -0.4513 ], [ 116.304, -0.4861 ], [ 116.3327, -0.4884 ], [ 116.3503, -0.5716 ], [ 116.4445, -0.7268 ], [ 116.5219, -0.775 ], [ 116.4986, -0.8217 ], [ 116.5203, -0.8435 ], [ 116.4385, -0.974 ], [ 116.3612, -0.9932 ], [ 116.312, -1.0484 ], [ 116.2551, -1.0511 ], [ 116.2191, -1.1179 ], [ 116.1815, -1.1179 ], [ 116.139, -1.1532 ], [ 116.1089, -1.1409 ], [ 116.0938, -1.0858 ], [ 116.0518, -1.1141 ], [ 115.9624, -1.0973 ], [ 115.899, -1.1134 ], [ 115.8474, -1.0903 ], [ 115.7909, -1.1141 ] ] ] } },
{ "type": "Feature", "properties": { "province": "KALIMANTAN TIMUR", "district": "KUTAI KARTANEGARA", "id": "KALIMANTAN TIMUR/KUTAI KARTANEGARA", "name": "KUTAI KARTANEGARA" }, "geometry": { "type": "MultiPolygon", "coordinates": [ [ [ [ 117.1079, -1.0375 ], [ 117.0649, -1.106 ], [ 117.022, -1.1403 ], [ 116.9291, -1.1061 ], [ 116.9028, -1.0634 ], [ 116.8393, -1.049 ], [ 116.8429, -1.0223 ], [ 116.9558, -0.9255 ], [ 116.8847, -0.8514 ], [ 116.8927, -0.8315 ], [ 116.8596, -0.8183 ], [ 116.6841, -0.8014 ], [ 116.6301, -0.8824 ], [ 116.5431, -0.8394 ], [ 116.5053, -0.8385 ], [ 116.4986, -0.8217 ], [ 116.5219, -0.775 ], [ 116.4445, -0.7268 ], [ 116.3503, -0.5716 ], [ 116.3327, -0.4884 ], [ 116.304, -0.4861 ], [ 116.3172, -0.4513 ], [ 116.2772, -0.4355 ], [ 116.32, -0.2998 ], [ 116.2548, -0.2899 ], [ 116.1883, -0.2516 ], [ 116.0717, -0.1654 ], [ 115.9825, -0.0654 ], [ 115.973, -0.0283 ], [ 116.0271, 0.0362 ], [ 116.0283, 0.0594 ], [ 115.9233, 0.1383 ], [ 115.9165, 0.2058 ], [ 115.8205, 0.1955 ], [ 115.7885, 0.3008 ], [ 115.7597, 0.3256 ], [ 115.7818, 0.4259 ], [ 115.6365, 0.5567 ], [ 115.6533, 0.6039 ], [ 115.6423, 0.6169 ], [ 115.5878, 0.6347 ], [ 115.4661, 0.7714 ], [ 115.4654, 0.8344 ], [ 115.496, 0.8859 ], [ 115.5378, 0.8811 ], [ 115.496, 0.886 ], [ 115.5198, 0.9531 ], [ 115.5259, 1.0578 ], [ 115.5174, 1.1214 ], [ 115.4758, 1.2138 ], [ 115.5028, 1.2564 ], [ 115.6212, 1.284 ], [ 115.7126, 1.2657 ], [ 115.7723, 1.3592 ], [ 115.8357, 1.3758 ], [ 115.858, 1.4071 ], [ 115.8557, 1.4377 ], [ 115.9552, 1.4924 ], [ 115.9698, 1.5304 ], [ 116.1411, 1.4775 ], [ 116.1387, 1.4234 ], [ 116.1583, 1.3865 ], [ 116.1442, 1.298 ], [ 116.1278, 1.2778 ], [ 116.1479, 1.2306 ], [ 116.1293, 1.1889 ], [ 116.1463, 1.1339 ], [ 116.132, 1.1111 ], [ 116.066, 1.0931 ], [ 116.0698, 1.0331 ], [ 116.0454, 0.9947 ], [ 116.0426, 0.9469 ], [ 116.0661, 0.8991 ], [ 116.0391, 0.8868 ], [ 116.0068, 0.8228 ], [ 116.1387, 0.7562 ], [ 116.1468, 0.7212 ], [ 116.2329, 0.7033 ], [ 116.2416, 0.6663 ], [ 116.2998, 0.587 ], [ 116.2738, 0.5575 ], [ 116.2845, 0.4488 ], [ 116.3887, 0.3723 ], [ 116.4532, 0.3542 ], [ 116.4772, 0.316 ], [ 116.4936, 0.2241 ], [ 116.4749, 0.0272 ], [ 116.7152, 0.0161 ], [ 116.7384, 0.0296 ], [ 116.7392, 0.0946 ], [ 116.8489, 0.2219 ], [ 116.9441, 0.3752 ], [ 116.9299, 0.4837 ], [ 116.9471, 0.5211 ], [ 116.9346, 0.5603 ], [ 116.9507, 0.5966 ], [ 116.9779, 0.6146 ], [ 116.9922, 0.6137 ], [ 117.0408, 0.5012 ], [ 117.1804, 0.3232 ], [ 117.1528, 0.122 ], [ 117.2864, 0.0322 ], [ 117.3379, 0.0489 ], [ 117.3393, 0.0331 ], [ 117.3668, 0.0303 ], [ 117.3971, -0.0098 ], [ 117.4358, -0.0172 ], [ 117.435, -0.0358 ], [ 117.4557, -0.0546 ], [ 117.4698, -0.0536 ], [ 117.4695, -0.0509 ], [ 117.4731, -0.0506 ], [ 117.4735, -0.0469 ], [ 117.4786, -0.0489 ], [ 117.479, -0.0416 ], [ 117.4809, -0.0461 ], [ 117.4992, -0.0419 ], [ 117.5109, -0.0358 ], [ 117.513, -0.0318 ], [ 117.5114, -0.0301 ], [ 117.5173, -0.0316 ], [ 117.4811, -0.0701 ], [ 117.4711, -0.1096 ], [ 117.4467, -0.0877 ], [ 117.4694, -0.117 ], [ 117.4438, -0.2022 ], [ 117.424, -0.221 ], [ 117.4371, -0.2079 ], [ 117.4391, -0.1996 ], [ 117.427, -0.1753 ], [ 117.4442, -0.1654 ], [ 117.4478, -0.1585 ], [ 117.4474, -0.1531 ], [ 117.4499, -0.1519 ], [ 117.4488, -0.1494 ], [ 117.4521, -0.1478 ], [ 117.454, -0.1406 ], [ 117.4458, -0.1237 ], [ 117.4518, -0.1475 ], [ 117.4483, -0.1485 ], [ 117.4436, -0.1652 ], [ 117.4309, -0.1688 ], [ 117.4261, -0.1748 ], [ 117.4242, -0.1822 ], [ 117.4379, -0.2023 ], [ 117.4158, -0.2221 ], [ 117.4647, -0.3725 ], [ 117.459, -0.3867 ], [ 117.4361, -0.3803 ], [ 117.4268, -0.3992 ], [ 117.438, -0.4213 ], [ 117.4249, -0.4287 ], [ 117.4247, -0.4349 ], [ 117.4504, -0.4454 ], [ 117.4215, -0.4626 ], [ 117.4388, -0.4695 ], [ 117.429, -0.479 ], [ 117.4289, -0.4861 ], [ 117.4321, -0.4899 ], [ 117.4309, -0.4926 ], [ 117.4275, -0.4931 ], [ 117.4279, -0.49 ], [ 117.4271, -0.4878 ], [ 117.4185, -0.4832 ], [ 117.4156, -0.4842 ], [ 117.417, -0.4888 ], [ 117.414, -0.4883 ], [ 117.4132, -0.4841 ], [ 117.4117, -0.4834 ], [ 117.4076, -0.486 ], [ 117.4071, -0.4898 ], [ 117.4077, -0.491 ], [ 117.4052, -0.4901 ], [ 117.4037, -0.492 ], [ 117.429, -0.4942 ], [ 117.4331, -0.491 ], [ 117.43, -0.485 ], [ 117.4372, -0.4841 ], [ 117.4312, -0.5123 ], [ 117.4226, -0.5022 ], [ 117.4177, -0.5029 ], [ 117.4151, -0.5106 ], [ 117.4104, -0.5021 ], [ 117.3985, -0.5156 ], [ 117.3938, -0.535 ], [ 117.3907, -0.5336 ], [ 117.3876, -0.5357 ], [ 117.3892, -0.5376 ], [ 117.3873, -0.5379 ], [ 117.3916, -0.5386 ], [ 117.396, -0.5325 ], [ 117.3982, -0.5362 ], [ 117.4046, -0.5341 ], [ 117.3959, -0.5313 ], [ 117.4011, -0.5162 ], [ 117.4023, -0.5327 ], [ 117.4113, -0.5324 ], [ 117.4033, -0.5152 ], [ 117.4198, -0.5205 ], [ 117.4202, -0.5034 ], [ 117.4295, -0.5155 ], [ 117.4115, -0.5394 ], [ 117.3483, -0.5804 ], [ 117.3091, -0.5647 ], [ 117.281, -0.5775 ], [ 117.2402, -0.5699 ], [ 117.269, -0.5489 ], [ 117.262, -0.4809 ], [ 117.3027, -0.3832 ], [ 117.2793, -0.3592 ], [ 117.2442, -0.3668 ], [ 117.2394, -0.3394 ], [ 117.2082, -0.313 ], [ 117.1452, -0.3497 ], [ 117.1271, -0.4052 ], [ 117.0687, -0.434 ], [ 117.0594, -0.4535 ], [ 117.0473, -0.5172 ], [ 117.0755, -0.5899 ], [ 117.0939, -0.5771 ], [ 117.1421, -0.6194 ], [ 117.1294, -0.6598 ], [ 117.1386, -0.6874 ], [ 117.1817, -0.7065 ], [ 117.1935, -0.676 ], [ 117.2288, -0.6636 ], [ 117.2309, -0.6397 ], [ 117.2749, -0.5988 ], [ 117.2927, -0.6093 ], [ 117.3043, -0.6684 ], [ 117.2246, -0.7382 ], [ 117.2822, -0.7869 ], [ 117.2706, -0.8052 ], [ 117.2722, -0.7859 ], [ 117.25, -0.7976 ], [ 117.2635, -0.796 ], [ 117.2572, -0.8047 ], [ 117.1805, -0.7825 ], [ 117.2533, -0.8113 ], [ 117.2475, -0.9095 ], [ 117.1776, -0.9444 ], [ 117.1079, -1.0375 ] ] ], [ [ [ 117.3288, -0.75 ], [ 117.393, -0.8768 ], [ 117.3756, -0.8894 ], [ 117.3578, -0.8811 ], [ 117.3435, -0.9139 ], [ 117.3106, -0.8582 ], [ 117.3475, -0.8328 ], [ 117.3198, -0.7986 ], [ 117.3274, -0.7846 ], [ 117.3189, -0.75 ], [ 117.3147, -0.7975 ], [ 117.3422, -0.8348 ], [ 117.3061, -0.8345 ], [ 117.2917, -0.7977 ], [ 117.3077, -0.6762 ], [ 117.3288, -0.75 ] ] ], [ [ [ 117.4535, -0.6786 ], [ 117.4449, -0.6841 ], [ 117.472, -0.7074 ], [ 117.4626, -0.7008 ], [ 117.4477, -0.702 ], [ 117.4503, -0.7007 ], [ 117.4508, -0.698 ], [ 117.4488, -0.6918 ], [ 117.4375, -0.6924 ], [ 117.4379, -0.6793 ], [ 117.4336, -0.6803 ], [ 117.438, -0.695 ], [ 117.4296, -0.6857 ], [ 117.4261, -0.6847 ], [ 117.4166, -0.6967 ], [ 117.4472, -0.6982 ], [ 117.4387, -0.7093 ], [ 117.4316, -0.7006 ], [ 117.4308, -0.7018 ], [ 117.4287, -0.6998 ], [ 117.426, -0.7007 ], [ 117.4376, -0.7203 ], [ 117.4403, -0.7099 ], [ 117.4421, -0.7123 ], [ 117.4465, -0.7122 ], [ 117.4449, -0.7174 ], [ 117.4518, -0.7249 ], [ 117.4529, -0.7176 ], [ 117.4528, -0.7221 ], [ 117.454, -0.7238 ], [ 117.4559, -0.7249 ], [ 117.4532, -0.7172 ], [ 117.4459, -0.7176 ], [ 117.4474, -0.713 ], [ 117.4413, -0.7068 ], [ 117.4632, -0.7032 ], [ 117.4612, -0.7291 ], [ 117.4759, -0.7344 ], [ 117.4656, -0.7078 ], [ 117.4796, -0.7095 ], [ 117.5243, -0.7465 ], [ 117.5194, -0.7326 ], [ 117.5271, -0.7306 ], [ 117.5324, -0.7413 ], [ 117.5363, -0.742 ], [ 117.5274, -0.7295 ], [ 117.5383, -0.7234 ], [ 117.5993, -0.7236 ], [ 117.6057, -0.7682 ], [ 117.5751, -0.7833 ], [ 117.5162, -0.7736 ], [ 117.5183, -0.7622 ], [ 117.4866, -0.7201 ], [ 117.4729, -0.7419 ], [ 117.4894, -0.7315 ], [ 117.5013, -0.7503 ], [ 117.4489, -0.7423 ], [ 117.4039, -0.6968 ], [ 117.4354, -0.6627 ], [ 117.4535, -0.6786 ] ] ], [ [ [ 117.4978, -0.6138 ], [ 117.5107, -0.6066 ], [ 117.5675, -0.6261 ], [ 117.5538, -0.6494 ], [ 117.5236, -0.6515 ], [ 117.5261, -0.6364 ], [ 117.47, -0.6202 ], [ 117.4893, -0.6018 ], [ 117.4978, -0.6138 ] ] ], [ [ [ 117.491, -0.496 ], [ 117.4792, -0.4981 ], [ 117.4778, -0.5085 ], [ 117.4772, -0.5047 ], [ 117.4749, -0.5025 ], [ 117.4724, -0.503 ], [ 117.4778, -0.5128 ], [ 117.4754, -0.5191 ], [ 117.4713, -0.5201 ], [ 117.4707, -0.5226 ], [ 117.4953, -0.5121 ], [ 117.4855, -0.5009 ], [ 117.499, -0.5087 ], [ 117.509, -0.5033 ], [ 117.5086, -0.5074 ], [ 117.4231, -0.5426 ], [ 117.4391, -0.5548 ], [ 117.4177, -0.5606 ], [ 117.4203, -0.5305 ], [ 117.4368, -0.521 ], [ 117.4361, -0.5238 ], [ 117.4392, -0.5247 ], [ 117.4368, -0.5261 ], [ 117.4372, -0.5288 ], [ 117.438, -0.5295 ], [ 117.4365, -0.5299 ], [ 117.4365, -0.5312 ], [ 117.4342, -0.5318 ], [ 117.4366, -0.5318 ], [ 117.4385, -0.5292 ], [ 117.4375, -0.5262 ], [ 117.4397, -0.5255 ], [ 117.4393, -0.5186 ], [ 117.4656, -0.4996 ], [ 117.4654, -0.5092 ], [ 117.4715, -0.5124 ], [ 117.4611, -0.5109 ], [ 117.4479, -0.5183 ], [ 117.4503, -0.5293 ], [ 117.4715, -0.514 ], [ 117.4721, -0.5122 ], [ 117.4711, -0.5101 ], [ 117.466, -0.5084 ], [ 117.4671, -0.5006 ], [ 117.4981, -0.4715 ], [ 117.548, -0.4441 ], [ 117.5614, -0.4603 ], [ 117.5336, -0.4703 ], [ 117.5912, -0.4644 ], [ 117.5976, -0.4778 ], [ 117.5892, -0.484 ], [ 117.573, -0.4769 ], [ 117.5707, -0.479 ], [ 117.5672, -0.4764 ], [ 117.5581, -0.4789 ], [ 117.5869, -0.4849 ], [ 117.5383, -0.4999 ], [ 117.5475, -0.4744 ], [ 117.5396, -0.4944 ], [ 117.5299, -0.4822 ], [ 117.5192, -0.4947 ], [ 117.536, -0.5 ], [ 117.5121, -0.5077 ], [ 117.5081, -0.5015 ], [ 117.4984, -0.5064 ], [ 117.4889, -0.4901 ], [ 117.491, -0.496 ] ] ], [ [ [ 117.4909, -0.0387 ], [ 117.486, -0.039 ], [ 117.485, -0.0402 ], [ 117.4866, -0.0436 ], [ 117.4851, -0.0438 ], [ 117.4856, -0.0419 ], [ 117.4837, -0.0413 ], [ 117.4825, -0.0453 ], [ 117.4809, -0.0454 ], [ 117.482, -0.0432 ], [ 117.4791, -0.0411 ], [ 117.4774, -0.0437 ], [ 117.478, -0.0485 ], [ 117.4732, -0.0463 ], [ 117.4711, -0.049 ], [ 117.4729, -0.05 ], [ 117.4692, -0.0506 ], [ 117.4691, -0.0532 ], [ 117.4664, -0.0503 ], [ 117.4654, -0.0508 ], [ 117.465, -0.0539 ], [ 117.4641, -0.0524 ], [ 117.4616, -0.0511 ], [ 117.4555, -0.0541 ], [ 117.4573, -0.0532 ], [ 117.4578, -0.051 ], [ 117.4558, -0.0496 ], [ 117.4531, -0.0503 ], [ 117.4539, -0.0478 ], [ 117.4504, -0.0463 ], [ 117.4486, -0.0464 ], [ 117.4483, -0.0427 ], [ 117.4462, -0.0427 ], [ 117.4389, -0.0173 ], [ 117.4208, 0.0195 ], [ 117.5064, 0.0176 ], [ 117.5178, -0.0299 ], [ 117.5113, -0.0293 ], [ 117.5113, -0.0347 ], [ 117.5082, -0.0317 ], [ 117.5072, -0.0338 ], [ 117.5079, -0.0358 ], [ 117.5053, -0.034 ], [ 117.5035, -0.0362 ], [ 117.5038, -0.0395 ], [ 117.5028, -0.038 ], [ 117.4979, -0.0388 ], [ 117.4975, -0.0394 ], [ 117.4987, -0.0413 ], [ 117.4909, -0.0387 ] ] ] ] } },
{ "type": "Feature", "properties": { "province": "KALIMANTAN TIMUR", "district": "KUTAI TIMUR", "id": "KALIMANTAN TIMUR/KUTAI TIMUR", "name": "KUTAI TIMUR" }, "geometry": { "type": "MultiPolygon", "coordinates": [ [ [ [ 117.3896, 0.0488 ], [ 117.3892, 0.0225 ], [ 117.3482, 0.0269 ], [ 117.3379, 0.0489 ], [ 117.2864, 0.0322 ], [ 117.1528, 0.122 ], [ 117.1804, 0.3232 ], [ 117.0408, 0.5012 ], [ 116.9922, 0.6137 ], [ 116.9779, 0.6146 ], [ 116.9507, 0.5966 ], [ 116.9346, 0.5603 ], [ 116.9471, 0.5211 ], [ 116.9299, 0.4837 ], [ 116.9441, 0.3752 ], [ 116.8489, 0.2219 ], [ 116.7392, 0.0946 ], [ 116.7384, 0.0296 ], [ 116.7152, 0.0161 ], [ 116.4749, 0.0272 ], [ 116.4936, 0.2241 ], [ 116.4772, 0.316 ], [ 116.4532, 0.3542 ], [ 116.3887, 0.3723 ], [ 116.2845, 0.4488 ], [ 116.2738, 0.5575 ], [ 116.2998, 0.587 ], [ 116.2416, 0.6663 ], [ 116.2329, 0.7033 ], [ 116.1468, 0.7212 ], [ 116.1387, 0.7562 ], [ 116.0068, 0.8228 ], [ 116.0391, 0.8868 ], [ 116.0661, 0.8991 ], [ 116.0426, 0.9469 ], [ 116.0454, 0.9947 ], [ 116.0698, 1.0331 ], [ 116.066, 1.0931 ], [ 116.132, 1.1111 ], [ 116.1463, 1.1339 ], [ 116.1293, 1.1889 ], [ 116.1479, 1.2306 ], [ 116.1278, 1.2778 ], [ 116.1442, 1.298 ], [ 116.1583, 1.3865 ], [ 116.1387, 1.4234 ], [ 116.1411, 1.4775 ], [ 116.0098, 1.5282 ], [ 116.0393, 1.557 ], [ 116.0359, 1.6089 ], [ 116.0655, 1.6293 ], [ 116.071, 1.6532 ], [ 116.1282, 1.6625 ], [ 116.1845, 1.8407 ], [ 116.3157, 1.8291 ], [ 116.3494, 1.8032 ], [ 116.3547, 1.762 ], [ 116.3925, 1.7554 ], [ 116.3986, 1.7208 ], [ 116.4261, 1.7076 ], [ 116.4437, 1.7244 ], [ 116.4765, 1.7247 ], [ 116.5042, 1.6757 ], [ 116.5313, 1.6632 ], [ 116.5442, 1.5887 ], [ 116.6031, 1.6114 ], [ 116.7565, 1.6218 ], [ 116.797, 1.58 ], [ 116.8601, 1.5943 ], [ 116.9239, 1.5797 ], [ 116.9891, 1.5336 ], [ 116.9908, 1.4761 ], [ 116.9631, 1.4177 ], [ 116.9981, 1.3899 ], [ 116.9902, 1.3531 ], [ 117.1, 1.351 ], [ 117.1119, 1.3726 ], [ 117.163, 1.3055 ], [ 117.3188, 1.3876 ], [ 117.3435, 1.4761 ], [ 117.3287, 1.5286 ], [ 117.3846, 1.6046 ], [ 117.4322, 1.5892 ], [ 117.4911, 1.5139 ], [ 117.5224, 1.5155 ], [ 117.5528, 1.6123 ], [ 117.5745, 1.6255 ], [ 117.647, 1.5984 ], [ 117.7064, 1.6856 ], [ 117.7183, 1.6804 ], [ 117.7138, 1.6081 ], [ 117.7878, 1.5742 ], [ 117.805, 1.6145 ], [ 117.8299, 1.6247 ], [ 117.8413, 1.5688 ], [ 117.9135, 1.4935 ], [ 117.9037, 1.4048 ], [ 117.8546, 1.345 ], [ 117.9594, 1.2801 ], [ 118.0333, 1.1882 ], [ 118.1588, 1.1685 ], [ 118.2069, 1.2016 ], [ 118.1957, 1.2473 ], [ 118.2117, 1.2606 ], [ 118.2859, 1.2047 ], [ 118.3507, 1.1858 ], [ 118.3802, 1.2744 ], [ 118.4032, 1.2809 ], [ 118.4212, 1.253 ], [ 118.4606, 1.2777 ], [ 118.5331, 1.2138 ], [ 118.5607, 1.2498 ], [ 118.5787, 1.2448 ], [ 118.5902, 1.212 ], [ 118.5846, 1.1132 ], [ 118.6067, 1.0962 ], [ 118.769, 1.1038 ], [ 118.8056, 1.0039 ], [ 118.892, 1.0283 ], [ 118.9658, 1.0104 ], [ 118.9867, 1.0276 ], [ 118.9895, 0.9895 ], [ 118.964, 0.9431 ], [ 118.907, 0.9034 ], [ 118.8925, 0.8745 ], [ 118.8494, 0.8742 ], [ 118.7959, 0.8024 ], [ 118.7254, 0.8239 ], [ 118.7077, 0.8146 ], [ 118.7047, 0.8365 ], [ 118.6703, 0.8596 ], [ 118.6227, 0.8448 ], [ 118.589, 0.8104 ], [ 118.5248, 0.8135 ], [ 118.4444, 0.8415 ], [ 118.3689, 0.8031 ], [ 118.3412, 0.8149 ], [ 118.342, 0.837 ], [ 118.3206, 0.85 ], [ 118.0638, 0.903 ], [ 118.0503, 0.9424 ], [ 118.0079, 0.9616 ], [ 117.9843, 1.0592 ], [ 117.8965, 1.11 ], [ 117.8845, 1.086 ], [ 117.9319, 1.0537 ], [ 117.9295, 1.0372 ], [ 117.9715, 0.9804 ], [ 117.9783, 0.9292 ], [ 118.0128, 0.8813 ], [ 118.0295, 0.7824 ], [ 117.9719, 0.774 ], [ 117.9267, 0.805 ], [ 117.9138, 0.836 ], [ 117.7511, 0.7563 ], [ 117.713, 0.7004 ], [ 117.7115, 0.628 ], [ 117.6746, 0.618 ], [ 117.6613, 0.5646 ], [ 117.6052, 0.4895 ], [ 117.6087, 0.4265 ], [ 117.5849, 0.4055 ], [ 117.5656, 0.4254 ], [ 117.5513, 0.4235 ], [ 117.565, 0.4199 ], [ 117.5671, 0.393 ], [ 117.5531, 0.3367 ], [ 117.5415, 0.3185 ], [ 117.5222, 0.323 ], [ 117.5342, 0.2886 ], [ 117.5143, 0.278 ], [ 117.5301, 0.2603 ], [ 117.5168, 0.2451 ], [ 117.5285, 0.2222 ], [ 117.4682, 0.1993 ], [ 117.4677, 0.1754 ], [ 117.4498, 0.1676 ], [ 117.426, 0.1044 ], [ 117.4016, 0.0922 ], [ 117.3896, 0.0488 ] ] ], [ [ [ 118.0131, 0.7444 ], [ 118.022, 0.736 ], [ 118.0138, 0.7117 ], [ 117.9972, 0.7352 ], [ 118.0131, 0.7444 ] ] ], [ [ [ 117.9548, 1.0459 ], [ 117.953, 1.0416 ], [ 117.9771, 1.0177 ], [ 117.9528, 1.0118 ], [ 117.9367, 1.0569 ], [ 117.9548, 1.0459 ] ] ] ] } },
{ "type": "Feature", "properties": { "province": "KALIMANTAN TIMUR", "district": "MAHAKAM ULU", "id": "KALIMANTAN TIMUR/MAHAKAM ULU", "name": "MAHAKAM ULU" }, "geometry": { "type": "Polygon", "coordinates": [ [ [ 115.6806, 0.1515 ], [ 115.472, 0.138 ], [ 115.451, 0.1071 ], [ 115.4411, 0.0417 ], [ 115.4053, 0.0207 ], [ 115.3745, 0.0318 ], [ 115.3238, -0.0398 ], [ 115.3023, -0.0496 ], [ 115.2993, -0.0329 ], [ 115.1938, -0.077 ], [ 115.155, -0.1039 ], [ 115.1483, -0.1371 ], [ 115.0812, -0.1532 ], [ 115.043, -0.1908 ], [ 114.9918, -0.186 ], [ 114.987, -0.1729 ], [ 114.9312, -0.1879 ], [ 114.8948, 0.0386 ], [ 114.7939, 0.0868 ], [ 114.7916, 0.1206 ], [ 114.8111, 0.1587 ], [ 114.8009, 0.1759 ], [ 114.8264, 0.1964 ], [ 114.832, 0.224 ], [ 114.8609, 0.2331 ], [ 114.9017, 0.3112 ], [ 114.9436, 0.3308 ], [ 114.9534, 0.3129 ], [ 115.0187, 0.3266 ], [ 115.0479, 0.3006 ], [ 115.1273, 0.3725 ], [ 115.1372, 0.4188 ], [ 115.0111, 0.6111 ], [ 114.9797, 0.7445 ], [ 114.9091, 0.7933 ], [ 114.9057, 0.7714 ], [ 114.8651, 0.739 ], [ 114.8767, 0.6994 ], [ 114.8457, 0.7153 ], [ 114.8233, 0.7518 ], [ 114.7794, 0.7311 ], [ 114.7624, 0.7419 ], [ 114.7144, 0.7052 ], [ 114.6962, 0.7089 ], [ 114.7013, 0.7283 ], [ 114.6576, 0.7042 ], [ 114.6162, 0.6404 ], [ 114.6046, 0.6468 ], [ 114.5887, 0.6261 ], [ 114.5393, 0.6301 ], [ 114.5413, 0.5967 ], [ 114.5184, 0.5647 ], [ 114.4573, 0.5695 ], [ 114.4249, 0.5413 ], [ 114.4324, 0.5068 ], [ 114.4111, 0.4956 ], [ 114.3155, 0.5413 ], [ 114.2101, 0.5327 ], [ 114.1813, 0.5756 ], [ 114.1487, 0.5846 ], [ 114.171, 0.6307 ], [ 114.1481, 0.6749 ], [ 114.1116, 0.697 ], [ 114.0638, 0.6914 ], [ 114.0044, 0.652 ], [ 113.9775, 0.6674 ], [ 113.8893, 0.6412 ], [ 113.8801, 0.6604 ], [ 113.843, 0.662 ], [ 113.8439, 0.7029 ], [ 113.8949, 0.7369 ], [ 113.8914, 0.7862 ], [ 113.9283, 0.8406 ], [ 113.878, 0.8962 ], [ 113.8805, 0.9261 ], [ 113.9216, 0.9919 ], [ 113.8954, 1.0204 ], [ 113.8931, 1.0483 ], [ 113.9409, 1.064 ], [ 113.9852, 1.1443 ], [ 114.0311, 1.1489 ], [ 114.0447, 1.1324 ], [ 114.0852, 1.165 ], [ 114.0953, 1.1492 ], [ 114.115, 1.1525 ], [ 114.1418, 1.2005 ], [ 114.1277, 1.225 ], [ 114.1616, 1.2639 ], [ 114.1423, 1.2954 ], [ 114.1541, 1.3103 ], [ 114.1495, 1.3837 ], [ 114.223, 1.4168 ], [ 114.2391, 1.4483 ], [ 114.2999, 1.4587 ], [ 114.3962, 1.5127 ], [ 114.563, 1.4339 ], [ 114.5727, 1.3898 ], [ 114.5996, 1.3945 ], [ 114.6099, 1.367 ], [ 114.6967, 1.3566 ], [ 114.7256, 1.3105 ], [ 114.7174, 1.2728 ], [ 114.7578, 1.2548 ], [ 114.8396, 1.1725 ], [ 114.8516, 1.1683 ], [ 114.8851, 1.2122 ], [ 114.9362, 1.1786 ], [ 114.9764, 1.1937 ], [ 115.01, 1.1233 ], [ 115.0836, 1.116 ], [ 115.1229, 1.1294 ], [ 115.1736, 1.116 ], [ 115.1855, 1.0677 ], [ 115.2496, 1.0471 ], [ 115.3687, 1.0683 ], [ 115.4182, 1.144 ], [ 115.4069, 1.1848 ], [ 115.4263, 1.2185 ], [ 115.4364, 1.2285 ], [ 115.5043, 1.2571 ], [ 115.4758, 1.2138 ], [ 115.5209, 1.1037 ], [ 115.5198, 0.9531 ], [ 115.4654, 0.8344 ], [ 115.4661, 0.7714 ], [ 115.5878, 0.6347 ], [ 115.6423, 0.6169 ], [ 115.6533, 0.6039 ], [ 115.6365, 0.5567 ], [ 115.7781, 0.4319 ], [ 115.7609, 0.3185 ], [ 115.7885, 0.3008 ], [ 115.8195, 0.2037 ], [ 115.777, 0.1491 ], [ 115.6806, 0.1515 ] ] ] } },
{ "type": "Feature", "properties": { "province": "KALIMANTAN TIMUR", "district": "PASER", "id": "KALIMANTAN TIMUR/PASER", "name": "PASER" }, "geometry": { "type": "Polygon", "coordinates": [ [ [ 116.5777, -2.3301 ], [ 116.5564, -2.4087 ], [ 116.5502, -2.4094 ], [ 116.4928, -2.381 ], [ 116.25, -2.3167 ], [ 115.984, -2.3124 ], [ 115.8917, -2.3345 ], [ 115.8871, -2.3743 ], [ 115.8503, -2.3878 ], [ 115.8345, -2.3174 ], [ 115.8546, -2.2942 ], [ 115.8361, -2.2866 ], [ 115.7995, -2.1906 ], [ 115.8101, -2.0973 ], [ 115.8366, -2.0592 ], [ 115.8071, -2.044 ], [ 115.7512, -2.0491 ], [ 115.7248, -2.0287 ], [ 115.7476, -1.9951 ], [ 115.7194, -1.9813 ], [ 115.7177, -1.9955 ], [ 115.6969, -1.9772 ], [ 115.7275, -1.9246 ], [ 115.7267, -1.8036 ], [ 115.7081, -1.7882 ], [ 115.6821, -1.7968 ], [ 115.7069, -1.7326 ], [ 115.6655, -1.7071 ], [ 115.6662, -1.689 ], [ 115.673, -1.6699 ], [ 115.7028, -1.6809 ], [ 115.7134, -1.6649 ], [ 115.6724, -1.6551 ], [ 115.6297, -1.576 ], [ 115.6454, -1.561 ], [ 115.6314, -1.5303 ], [ 115.6553, -1.5122 ], [ 115.6593, -1.4704 ], [ 115.6886, -1.4489 ], [ 115.6939, -1.4168 ], [ 115.7426, -1.3546 ], [ 115.7716, -1.229 ], [ 115.8467, -1.1628 ], [ 115.8033, -1.1194 ], [ 115.8134, -1.1055 ], [ 115.8474, -1.0903 ], [ 115.899, -1.1134 ], [ 115.9624, -1.0973 ], [ 116.0518, -1.1141 ], [ 116.0938, -1.0858 ], [ 116.1089, -1.1409 ], [ 116.139, -1.1532 ], [ 116.1815, -1.1179 ], [ 116.2191, -1.1179 ], [ 116.2551, -1.0511 ], [ 116.312, -1.0484 ], [ 116.3612, -0.9932 ], [ 116.4417, -0.9702 ], [ 116.4541, -1.0435 ], [ 116.3709, -1.1444 ], [ 116.3779, -1.1992 ], [ 116.3443, -1.2453 ], [ 116.3355, -1.3338 ], [ 116.3868, -1.5444 ], [ 116.5507, -1.6048 ], [ 116.5132, -1.6349 ], [ 116.3353, -1.6925 ], [ 116.2808, -1.7339 ], [ 116.2526, -1.7801 ], [ 116.2123, -1.7803 ], [ 116.2623, -1.8102 ], [ 116.3336, -1.7754 ], [ 116.366, -1.7813 ], [ 116.3692, -1.7602 ], [ 116.4525, -1.7672 ], [ 116.4521, -1.8153 ], [ 116.4265, -1.8635 ], [ 116.4578, -1.9045 ], [ 116.4597, -2.0524 ], [ 116.3611, -2.1107 ], [ 116.455, -2.1334 ], [ 116.4977, -2.1064 ], [ 116.518, -2.1213 ], [ 116.5249, -2.1518 ], [ 116.4067, -2.2043 ], [ 116.4178, -2.2238 ], [ 116.4647, -2.2317 ], [ 116.4891, -2.2198 ], [ 116.5045, -2.2324 ], [ 116.5711, -2.1917 ], [ 116.5628, -2.1632 ], [ 116.5781, -2.1612 ], [ 116.5934, -2.1953 ], [ 116.5777, -2.3301 ] ] ] } },
{ "type": "Feature", "properties": { "province": "KALIMANTAN TIMUR", "district": "PENAJAM PASER UTARA", "id": "KALIMANTAN TIMUR/PENAJAM PASER UTARA", "name": "PENAJAM PASER UTARA" }, "geometry": { "type": "Polygon", "coordinates": [ [ [ 116.5322, -1.5014 ], [ 116.5533, -1.553 ], [ 116.5529, -1.6054 ], [ 116.3868, -1.5444 ], [ 116.3355, -1.3338 ], [ 116.3443, -1.2453 ], [ 116.3779, -1.1992 ], [ 116.3709, -1.1444 ], [ 116.4541, -1.0435 ], [ 116.4399, -0.9656 ], [ 116.5239, -0.8387 ], [ 116.6301, -0.8824 ], [ 116.6847, -0.8013 ], [ 116.8926, -0.8315 ], [ 116.8847, -0.8514 ], [ 116.955, -0.9257 ], [ 116.9338, -0.9245 ], [ 116.955, -0.9258 ], [ 116.8429, -1.0223 ], [ 116.8335, -1.0503 ], [ 116.8062, -1.0581 ], [ 116.7814, -1.0396 ], [ 116.7592, -1.0759 ], [ 116.7296, -1.0665 ], [ 116.7167, -1.1101 ], [ 116.7571, -1.1386 ], [ 116.7753, -1.1876 ], [ 116.7659, -1.2116 ], [ 116.7962, -1.2398 ], [ 116.7856, -1.2928 ], [ 116.758, -1.3289 ], [ 116.7652, -1.3561 ], [ 116.5871, -1.4263 ], [ 116.5396, -1.4641 ], [ 116.5322, -1.5014 ] ] ] } },
{ "type": "Feature", "properties": { "province": "KALIMANTAN UTARA", "district": "BULUNGAN", "id": "KALIMANTAN UTARA/BULUNGAN", "name": "BULUNGAN" }, "geometry": { "type": "MultiPolygon", "coordinates": [ [ [ [ 117.9175, 2.496 ], [ 117.988, 2.4341 ], [ 117.9587, 2.4269 ], [ 117.9327, 2.3841 ], [ 117.9067, 2.3979 ], [ 117.8628, 2.3923 ], [ 117.8116, 2.3264 ], [ 117.7469, 2.3268 ], [ 117.6088, 2.5227 ], [ 117.572, 2.5016 ], [ 117.5396, 2.5214 ], [ 117.4998, 2.5225 ], [ 117.4008, 2.6066 ], [ 117.3032, 2.6046 ], [ 117.2435, 2.5766 ], [ 117.0939, 2.598 ], [ 117.07, 2.5907 ], [ 117.043, 2.5478 ], [ 117.0444, 2.6466 ], [ 117.0784, 2.7329 ], [ 117.1074, 2.7553 ], [ 117.1513, 2.7188 ], [ 117.1807, 2.7527 ], [ 117.1768, 2.7654 ], [ 117.2017, 2.7758 ], [ 117.2097, 2.7453 ], [ 117.2321, 2.7542 ], [ 117.2575, 2.7418 ], [ 117.2621, 2.7631 ], [ 117.2699, 2.7438 ], [ 117.3017, 2.7492 ], [ 117.3225, 2.7818 ], [ 117.3312, 2.7718 ], [ 117.345, 2.7785 ], [ 117.3459, 2.8146 ], [ 117.3532, 2.7968 ], [ 117.3599, 2.8004 ], [ 117.3636, 2.816 ], [ 117.3758, 2.8095 ], [ 117.3808, 2.8104 ], [ 117.3845, 2.8063 ], [ 117.392, 2.8171 ], [ 117.3695, 2.8146 ], [ 117.4055, 2.8319 ], [ 117.3992, 2.8417 ], [ 117.4129, 2.856 ], [ 117.4098, 2.8685 ], [ 117.4164, 2.866 ], [ 117.4178, 2.8585 ], [ 117.4203, 2.857 ], [ 117.4233, 2.8566 ], [ 117.4305, 2.8565 ], [ 117.4412, 2.8649 ], [ 117.4495, 2.8642 ], [ 117.4608, 2.8472 ], [ 117.4696, 2.8609 ], [ 117.4977, 2.8455 ], [ 117.4834, 2.818 ], [ 117.4852, 2.8358 ], [ 117.4774, 2.8414 ], [ 117.4494, 2.8328 ], [ 117.4515, 2.8417 ], [ 117.45, 2.8435 ], [ 117.4366, 2.8419 ], [ 117.4348, 2.8394 ], [ 117.4362, 2.8359 ], [ 117.4129, 2.8318 ], [ 117.416, 2.8143 ], [ 117.4113, 2.823 ], [ 117.3998, 2.8162 ], [ 117.3985, 2.8201 ], [ 117.3937, 2.8174 ], [ 117.3995, 2.8152 ], [ 117.4107, 2.8223 ], [ 117.4129, 2.8148 ], [ 117.4148, 2.8135 ], [ 117.4174, 2.8141 ], [ 117.4181, 2.8275 ], [ 117.4281, 2.8213 ], [ 117.4375, 2.8352 ], [ 117.4368, 2.8411 ], [ 117.4495, 2.8424 ], [ 117.4468, 2.8331 ], [ 117.4591, 2.8313 ], [ 117.4758, 2.8402 ], [ 117.483, 2.8168 ], [ 117.5116, 2.8252 ], [ 117.5414, 2.8049 ], [ 117.5404, 2.8237 ], [ 117.5696, 2.8434 ], [ 117.5809, 2.8214 ], [ 117.5693, 2.8189 ], [ 117.5648, 2.8128 ], [ 117.579, 2.8065 ], [ 117.5718, 2.7967 ], [ 117.5682, 2.808 ], [ 117.563, 2.8097 ], [ 117.5617, 2.8039 ], [ 117.5663, 2.8072 ], [ 117.5681, 2.7959 ], [ 117.5744, 2.7961 ], [ 117.5816, 2.8065 ], [ 117.5669, 2.8132 ], [ 117.5811, 2.8173 ], [ 117.5859, 2.8327 ], [ 117.6043, 2.7835 ], [ 117.5873, 2.7924 ], [ 117.5805, 2.7732 ], [ 117.5945, 2.7851 ], [ 117.6057, 2.7559 ], [ 117.5976, 2.7804 ], [ 117.6029, 2.779 ], [ 117.6106, 2.7889 ], [ 117.6277, 2.7789 ], [ 117.6265, 2.7723 ], [ 117.6252, 2.7783 ], [ 117.6183, 2.7796 ], [ 117.6166, 2.778 ], [ 117.6206, 2.7743 ], [ 117.6178, 2.7687 ], [ 117.6209, 2.7603 ], [ 117.6215, 2.7747 ], [ 117.6179, 2.7783 ], [ 117.6257, 2.7712 ], [ 117.6299, 2.7738 ], [ 117.6288, 2.779 ], [ 117.6098, 2.7899 ], [ 117.6165, 2.7952 ], [ 117.6355, 2.7912 ], [ 117.6306, 2.785 ], [ 117.6306, 2.7833 ], [ 117.6324, 2.7792 ], [ 117.6281, 2.7698 ], [ 117.6293, 2.7671 ], [ 117.635, 2.7645 ], [ 117.6286, 2.7628 ], [ 117.6273, 2.7614 ], [ 117.6277, 2.7589 ], [ 117.6355, 2.7643 ], [ 117.6362, 2.7914 ], [ 117.677, 2.7838 ], [ 117.652, 2.7661 ], [ 117.6492, 2.7543 ], [ 117.6554, 2.7483 ], [ 117.6529, 2.7658 ], [ 117.682, 2.7833 ], [ 117.6833, 2.771 ], [ 117.6948, 2.7626 ], [ 117.695, 2.747 ], [ 117.6998, 2.7458 ], [ 117.7029, 2.7479 ], [ 117.7045, 2.7465 ], [ 117.7054, 2.7422 ], [ 117.7, 2.7429 ], [ 117.6978, 2.7392 ], [ 117.7062, 2.7422 ], [ 117.7048, 2.7471 ], [ 117.7038, 2.7482 ], [ 117.6958, 2.7472 ], [ 117.695, 2.7636 ], [ 117.684, 2.7719 ], [ 117.6897, 2.7836 ], [ 117.7323, 2.7695 ], [ 117.7443, 2.7385 ], [ 117.7503, 2.7523 ], [ 117.7823, 2.7485 ], [ 117.7997, 2.6242 ], [ 117.9175, 2.496 ] ] ], [ [ [ 116.4936, 2.4233 ], [ 116.5058, 2.3479 ], [ 116.476, 2.3166 ], [ 116.4714, 2.2846 ], [ 116.428, 2.2891 ], [ 116.417, 2.3039 ], [ 116.3345, 2.2893 ], [ 116.3034, 2.2602 ], [ 116.2896, 2.2352 ], [ 116.3004, 2.2128 ], [ 116.3502, 2.1662 ], [ 116.3107, 2.122 ], [ 116.2925, 2.1243 ], [ 116.2925, 2.1054 ], [ 116.1854, 2.1466 ], [ 116.157, 2.1328 ], [ 116.1173, 2.17 ], [ 116.0522, 2.1506 ], [ 115.9904, 2.2465 ], [ 115.9959, 2.2668 ], [ 116.0289, 2.2534 ], [ 116.041, 2.2631 ], [ 116.0597, 2.3135 ], [ 116.1101, 2.3579 ], [ 116.1126, 2.3914 ], [ 116.1823, 2.4085 ], [ 116.2336, 2.4886 ], [ 116.2665, 2.4793 ], [ 116.3235, 2.597 ], [ 116.3144, 2.6643 ], [ 116.3253, 2.6905 ], [ 116.4306, 2.7798 ], [ 116.4437, 2.8175 ], [ 116.4938, 2.8287 ], [ 116.5812, 2.89 ], [ 116.6085, 2.9483 ], [ 116.6578, 2.9761 ], [ 116.6611, 3.0049 ], [ 116.7422, 3.0356 ], [ 116.7478, 3.0686 ], [ 116.7245, 3.1046 ], [ 116.742, 3.1702 ], [ 116.7861, 3.1797 ], [ 116.8078, 3.2236 ], [ 116.806, 3.2847 ], [ 116.7562, 3.3851 ], [ 116.7809, 3.3678 ], [ 116.8355, 3.3906 ], [ 116.9246, 3.3988 ], [ 116.9261, 3.3653 ], [ 116.9616, 3.3497 ], [ 116.9607, 3.3851 ], [ 117.054, 3.4068 ], [ 117.0812, 3.401 ], [ 117.1108, 3.3467 ], [ 117.1732, 3.3566 ], [ 117.184, 3.336 ], [ 117.22, 3.3374 ], [ 117.2429, 3.3132 ], [ 117.2922, 3.4261 ], [ 117.3293, 3.3967 ], [ 117.323, 3.3606 ], [ 117.3039, 3.3689 ], [ 117.2967, 3.3673 ], [ 117.2925, 3.361 ], [ 117.2938, 3.3496 ], [ 117.3052, 3.3415 ], [ 117.2941, 3.3209 ], [ 117.3044, 3.3086 ], [ 117.2962, 3.321 ], [ 117.3073, 3.339 ], [ 117.2977, 3.365 ], [ 117.3256, 3.359 ], [ 117.3312, 3.3796 ], [ 117.3725, 3.3708 ], [ 117.3881, 3.3228 ], [ 117.3703, 3.2963 ], [ 117.3464, 3.3047 ], [ 117.3314, 3.297 ], [ 117.3674, 3.2942 ], [ 117.3342, 3.2634 ], [ 117.3518, 3.2737 ], [ 117.3518, 3.2438 ], [ 117.3697, 3.2412 ], [ 117.3798, 3.2676 ], [ 117.3961, 3.2569 ], [ 117.3779, 3.2296 ], [ 117.3511, 3.2304 ], [ 117.3314, 3.2114 ], [ 117.3159, 3.2137 ], [ 117.306, 3.241 ], [ 117.2713, 3.2435 ], [ 117.2869, 3.2749 ], [ 117.2814, 3.2831 ], [ 117.2715, 3.2611 ], [ 117.2707, 3.2776 ], [ 117.263, 3.2837 ], [ 117.2656, 3.2876 ], [ 117.2578, 3.2876 ], [ 117.2638, 3.2515 ], [ 117.1902, 3.264 ], [ 117.1904, 3.2524 ], [ 117.1571, 3.2612 ], [ 117.1441, 3.2772 ], [ 117.1374, 3.2733 ], [ 117.1093, 3.2963 ], [ 117.0744, 3.3073 ], [ 117.1378, 3.2714 ], [ 117.1446, 3.2753 ], [ 117.1616, 3.2439 ], [ 117.2152, 3.214 ], [ 117.2643, 3.2291 ], [ 117.2769, 3.1944 ], [ 117.2334, 3.1929 ], [ 117.198, 3.1749 ], [ 117.2021, 3.1649 ], [ 117.2395, 3.189 ], [ 117.2663, 3.1808 ], [ 117.3077, 3.2068 ], [ 117.3182, 3.1663 ], [ 117.2718, 3.1609 ], [ 117.26, 3.1508 ], [ 117.2591, 3.1441 ], [ 117.2504, 3.1499 ], [ 117.2554, 3.1419 ], [ 117.2595, 3.1425 ], [ 117.265, 3.1514 ], [ 117.2684, 3.135 ], [ 117.2526, 3.1221 ], [ 117.2696, 3.1319 ], [ 117.2715, 3.1571 ], [ 117.2882, 3.156 ], [ 117.2803, 3.1384 ], [ 117.2919, 3.1343 ], [ 117.2908, 3.1559 ], [ 117.3252, 3.1496 ], [ 117.3194, 3.1611 ], [ 117.3442, 3.1815 ], [ 117.3952, 3.1636 ], [ 117.3889, 3.1389 ], [ 117.3711, 3.1457 ], [ 117.3583, 3.1356 ], [ 117.3569, 3.1298 ], [ 117.3636, 3.1191 ], [ 117.3489, 3.1387 ], [ 117.3329, 3.1265 ], [ 117.3324, 3.124 ], [ 117.3399, 3.1184 ], [ 117.3474, 3.1167 ], [ 117.3493, 3.1104 ], [ 117.3528, 3.1077 ], [ 117.3478, 3.1173 ], [ 117.3343, 3.1269 ], [ 117.3492, 3.1378 ], [ 117.3632, 3.1177 ], [ 117.3661, 3.124 ], [ 117.3607, 3.1362 ], [ 117.3888, 3.137 ], [ 117.4167, 3.1724 ], [ 117.4609, 3.1418 ], [ 117.4652, 3.1273 ], [ 117.406, 3.1149 ], [ 117.3846, 3.0955 ], [ 117.3761, 3.1141 ], [ 117.3607, 3.1111 ], [ 117.3633, 3.0883 ], [ 117.3828, 3.0806 ], [ 117.3451, 3.0714 ], [ 117.3531, 3.0474 ], [ 117.377, 3.0416 ], [ 117.3658, 3.0398 ], [ 117.365, 3.0304 ], [ 117.3783, 3.0276 ], [ 117.3607, 3.0212 ], [ 117.3584, 3.0116 ], [ 117.3493, 3.0098 ], [ 117.3466, 3.0038 ], [ 117.3589, 3.0103 ], [ 117.361, 3.0202 ], [ 117.3791, 3.0265 ], [ 117.3782, 3.0292 ], [ 117.3739, 3.0302 ], [ 117.3706, 3.0324 ], [ 117.3659, 3.0316 ], [ 117.3673, 3.0366 ], [ 117.3894, 3.0314 ], [ 117.3342, 2.9163 ], [ 117.3185, 2.9195 ], [ 117.315, 2.9544 ], [ 117.2921, 2.9533 ], [ 117.2793, 2.9707 ], [ 117.2882, 2.9247 ], [ 117.34, 2.9098 ], [ 117.3235, 2.8968 ], [ 117.3362, 2.8846 ], [ 117.3389, 2.8613 ], [ 117.3564, 2.8382 ], [ 117.3564, 2.7994 ], [ 117.3466, 2.8175 ], [ 117.3358, 2.8046 ], [ 117.3285, 2.8247 ], [ 117.3188, 2.8099 ], [ 117.3321, 2.778 ], [ 117.3242, 2.7848 ], [ 117.3026, 2.7898 ], [ 117.277, 2.7694 ], [ 117.2753, 2.8094 ], [ 117.2009, 2.9324 ], [ 117.1693, 2.9259 ], [ 117.1721, 2.8714 ], [ 117.2129, 2.778 ], [ 117.2098, 2.7681 ], [ 117.204, 2.7781 ], [ 117.176, 2.7671 ], [ 117.1761, 2.7517 ], [ 117.1618, 2.7682 ], [ 117.1587, 2.9193 ], [ 117.1065, 2.9103 ], [ 117.1181, 2.857 ], [ 117.1079, 2.7564 ], [ 117.0877, 2.7635 ], [ 117.094, 2.7805 ], [ 117.0792, 2.7979 ], [ 116.9938, 2.8002 ], [ 116.9635, 2.826 ], [ 116.9088, 2.8372 ], [ 116.9079, 2.8493 ], [ 116.8934, 2.8644 ], [ 116.8822, 3.0227 ], [ 116.8592, 3.0344 ], [ 116.8587, 3.0511 ], [ 116.8223, 3.0527 ], [ 116.8014, 2.915 ], [ 116.8166, 2.858 ], [ 116.8444, 2.8288 ], [ 116.8155, 2.7197 ], [ 116.7871, 2.6878 ], [ 116.7547, 2.8838 ], [ 116.7403, 2.9059 ], [ 116.7238, 2.912 ], [ 116.7115, 2.9146 ], [ 116.7019, 2.9149 ], [ 116.7324, 2.8709 ], [ 116.7116, 2.7713 ], [ 116.7504, 2.7026 ], [ 116.7838, 2.6865 ], [ 116.8089, 2.6248 ], [ 116.8226, 2.3986 ], [ 116.796, 2.3789 ], [ 116.7855, 2.387 ], [ 116.7328, 2.5295 ], [ 116.6331, 2.4484 ], [ 116.6181, 2.4171 ], [ 116.5507, 2.4551 ], [ 116.4962, 2.4558 ], [ 116.4936, 2.4233 ] ] ], [ [ [ 116.8618, 2.7824 ], [ 116.9065, 2.8488 ], [ 116.917, 2.7531 ], [ 116.9491, 2.6695 ], [ 116.9506, 2.6168 ], [ 116.9374, 2.6137 ], [ 116.9453, 2.5773 ], [ 116.9646, 2.5754 ], [ 116.9361, 2.5036 ], [ 116.8596, 2.4688 ], [ 116.8702, 2.5513 ], [ 116.8137, 2.5925 ], [ 116.8084, 2.6545 ], [ 116.816, 2.7181 ], [ 116.8618, 2.7824 ] ] ], [ [ [ 117.4505, 2.9044 ], [ 117.4731, 2.9353 ], [ 117.5195, 2.9049 ], [ 117.5437, 2.907 ], [ 117.552, 2.8867 ], [ 117.5846, 2.8882 ], [ 117.5919, 2.8618 ], [ 117.6058, 2.8456 ], [ 117.6017, 2.8561 ], [ 117.6607, 2.8441 ], [ 117.6438, 2.8232 ], [ 117.6439, 2.8273 ], [ 117.6362, 2.8259 ], [ 117.6373, 2.831 ], [ 117.6328, 2.8344 ], [ 117.6266, 2.8328 ], [ 117.6406, 2.8201 ], [ 117.6164, 2.8193 ], [ 117.5624, 2.8676 ], [ 117.5435, 2.8427 ], [ 117.5212, 2.8572 ], [ 117.5147, 2.889 ], [ 117.4759, 2.8719 ], [ 117.4552, 2.8929 ], [ 117.4351, 2.882 ], [ 117.4456, 2.8686 ], [ 117.4318, 2.8585 ], [ 117.4204, 2.8576 ], [ 117.4175, 2.8664 ], [ 117.4098, 2.8697 ], [ 117.4085, 2.8677 ], [ 117.4116, 2.8555 ], [ 117.3962, 2.8573 ], [ 117.3898, 2.8519 ], [ 117.4011, 2.8881 ], [ 117.4166, 2.8933 ], [ 117.4113, 2.9088 ], [ 117.4505, 2.9044 ] ] ], [ [ [ 117.3672, 2.8985 ], [ 117.3668, 2.8806 ], [ 117.34, 2.8644 ], [ 117.3382, 2.8865 ], [ 117.3252, 2.8979 ], [ 117.3672, 2.8985 ] ] ], [ [ [ 117.8739, 3.4713 ], [ 117.8658, 3.4468 ], [ 117.8452, 3.4518 ], [ 117.8535, 3.4923 ], [ 117.8204, 3.499 ], [ 117.7759, 3.5479 ], [ 117.751, 3.5418 ], [ 117.7552, 3.5618 ], [ 117.7985, 3.5877 ], [ 117.8214, 3.5724 ], [ 117.8739, 3.4713 ] ] ], [ [ [ 117.4968, 3.5452 ], [ 117.6094, 3.5 ], [ 117.6144, 3.4816 ], [ 117.5464, 3.4712 ], [ 117.5358, 3.5015 ], [ 117.5297, 3.4878 ], [ 117.5056, 3.5084 ], [ 117.4851, 3.4977 ], [ 117.4622, 3.5157 ], [ 117.4417, 3.5099 ], [ 117.4432, 3.536 ], [ 117.4126, 3.5472 ], [ 117.4968, 3.5452 ] ] ] ] } },
{ "type": "Feature", "properties": { "province": "KALIMANTAN UTARA", "district": "KOTA TARAKAN", "id": "KALIMANTAN UTARA/KOTA TARAKAN", "name": "KOTA TARAKAN" }, "geometry": { "type": "Polygon", "coordinates": [ [ [ 117.657, 3.2546 ], [ 117.6469, 3.238 ], [ 117.6287, 3.2417 ], [ 117.6097, 3.2797 ], [ 117.5409, 3.3273 ], [ 117.5144, 3.3868 ], [ 117.5506, 3.4357 ], [ 117.6183, 3.4344 ], [ 117.6648, 3.4105 ], [ 117.657, 3.2546 ] ] ] } },
{ "type": "Feature", "properties": { "province": "KALIMANTAN UTARA", "district": "MALINAU", "id": "KALIMANTAN UTARA/MALINAU", "name": "MALINAU" }, "geometry": { "type": "Polygon", "coordinates": [ [ [ 115.573, 1.2726 ], [ 115.4303, 1.224 ], [ 115.4069, 1.1848 ], [ 115.4182, 1.144 ], [ 115.3687, 1.0683 ], [ 115.2996, 1.0648 ], [ 115.2657, 1.0437 ], [ 115.1855, 1.0677 ], [ 115.1736, 1.116 ], [ 115.1229, 1.1294 ], [ 115.0836, 1.116 ], [ 115.01, 1.1233 ], [ 114.9764, 1.1937 ], [ 114.9362, 1.1786 ], [ 114.8851, 1.2122 ], [ 114.8516, 1.1683 ], [ 114.8396, 1.1725 ], [ 114.7578, 1.2548 ], [ 114.7174, 1.2728 ], [ 114.7256, 1.3105 ], [ 114.6999, 1.354 ], [ 114.6099, 1.367 ], [ 114.5996, 1.3945 ], [ 114.5727, 1.3898 ], [ 114.5666, 1.4277 ], [ 114.6164, 1.5159 ], [ 114.5999, 1.5325 ], [ 114.6103, 1.5741 ], [ 114.7087, 1.638 ], [ 114.7151, 1.7841 ], [ 114.6942, 1.8086 ], [ 114.7279, 1.8338 ], [ 114.7181, 1.8555 ], [ 114.7456, 1.8689 ], [ 114.7921, 1.8465 ], [ 114.8194, 1.8922 ], [ 114.8556, 1.8948 ], [ 114.8826, 1.9158 ], [ 114.8534, 1.942 ], [ 114.8507, 1.9647 ], [ 114.8869, 2.0244 ], [ 114.8564, 2.0437 ], [ 114.8078, 2.0241 ], [ 114.7907, 2.0584 ], [ 114.8098, 2.064 ], [ 114.7973, 2.0878 ], [ 114.8186, 2.1277 ], [ 114.7921, 2.1461 ], [ 114.7365, 2.1338 ], [ 114.7392, 2.1911 ], [ 114.7845, 2.2006 ], [ 114.7998, 2.2504 ], [ 114.8735, 2.2631 ], [ 114.9131, 2.2536 ], [ 114.9586, 2.281 ], [ 114.9664, 2.2957 ], [ 114.9481, 2.3241 ], [ 114.9628, 2.3654 ], [ 114.9983, 2.3493 ], [ 115.0398, 2.3918 ], [ 115.0531, 2.3855 ], [ 115.0504, 2.4042 ], [ 115.0975, 2.4025 ], [ 115.1182, 2.4568 ], [ 115.1515, 2.4772 ], [ 115.2055, 2.4719 ], [ 115.2581, 2.5304 ], [ 115.2236, 2.5426 ], [ 115.1772, 2.6106 ], [ 115.1155, 2.5835 ], [ 115.0912, 2.607 ], [ 115.1212, 2.6522 ], [ 115.1149, 2.69 ], [ 115.0959, 2.6981 ], [ 115.1014, 2.7179 ], [ 115.1405, 2.7475 ], [ 115.1552, 2.7907 ], [ 115.0911, 2.8239 ], [ 115.1526, 2.8709 ], [ 115.1486, 2.9081 ], [ 115.1644, 2.9278 ], [ 115.25, 2.966 ], [ 115.2798, 3.0363 ], [ 115.3168, 3.0173 ], [ 115.3317, 2.9752 ], [ 115.3936, 2.9796 ], [ 115.4404, 3.024 ], [ 115.485, 3.0181 ], [ 115.4982, 3.0294 ], [ 115.517, 3.0624 ], [ 115.5155, 3.1121 ], [ 115.5642, 3.1614 ], [ 115.5214, 3.1893 ], [ 115.5155, 3.2227 ], [ 115.5338, 3.2261 ], [ 115.5317, 3.317 ], [ 115.5477, 3.3281 ], [ 115.5459, 3.3682 ], [ 115.5851, 3.4495 ], [ 115.6097, 3.447 ], [ 115.6237, 3.4087 ], [ 115.6569, 3.4396 ], [ 115.6999, 3.4026 ], [ 115.7142, 3.4377 ], [ 115.8008, 3.4636 ], [ 115.8054, 3.4895 ], [ 115.8386, 3.4916 ], [ 115.8562, 3.4717 ], [ 115.8838, 3.4696 ], [ 115.9681, 3.5226 ], [ 115.9777, 3.5526 ], [ 115.9524, 3.5964 ], [ 115.9561, 3.6203 ], [ 115.912, 3.6899 ], [ 115.9476, 3.7849 ], [ 115.9091, 3.8408 ], [ 115.9268, 3.8823 ], [ 115.9221, 3.9314 ], [ 115.9514, 3.9602 ], [ 115.9604, 4.1078 ], [ 115.9709, 4.1179 ], [ 116.0315, 4.08 ], [ 116.0858, 4.1179 ], [ 116.126, 4.1209 ], [ 116.1675, 4.1115 ], [ 116.1616, 4.0913 ], [ 116.1851, 4.0797 ], [ 116.2228, 4.0791 ], [ 116.237, 4.0468 ], [ 116.2751, 4.041 ], [ 116.2839, 4.058 ], [ 116.3006, 4.0487 ], [ 116.319, 4.0629 ], [ 116.3548, 4.0338 ], [ 116.355, 4.0083 ], [ 116.3921, 3.9918 ], [ 116.3893, 3.9318 ], [ 116.4887, 3.7451 ], [ 116.5699, 3.7222 ], [ 116.5799, 3.6929 ], [ 116.6614, 3.7033 ], [ 116.7307, 3.6906 ], [ 116.7691, 3.6048 ], [ 116.737, 3.5555 ], [ 116.7279, 3.4934 ], [ 116.6936, 3.4698 ], [ 116.7033, 3.43 ], [ 116.7743, 3.3586 ], [ 116.8049, 3.2881 ], [ 116.8053, 3.1997 ], [ 116.7687, 3.1691 ], [ 116.742, 3.1702 ], [ 116.7245, 3.1046 ], [ 116.7478, 3.0686 ], [ 116.7422, 3.0356 ], [ 116.6611, 3.0049 ], [ 116.6578, 2.9761 ], [ 116.6085, 2.9483 ], [ 116.5812, 2.89 ], [ 116.4938, 2.8287 ], [ 116.4438, 2.8176 ], [ 116.4306, 2.7798 ], [ 116.3253, 2.6905 ], [ 116.3144, 2.6643 ], [ 116.3235, 2.597 ], [ 116.2665, 2.4793 ], [ 116.2336, 2.4886 ], [ 116.1823, 2.4085 ], [ 116.1126, 2.3914 ], [ 116.1101, 2.3579 ], [ 116.0597, 2.3135 ], [ 116.0289, 2.2534 ], [ 115.9893, 2.2608 ], [ 116.0522, 2.1506 ], [ 116.0954, 2.1705 ], [ 116.13, 2.1676 ], [ 116.157, 2.1328 ], [ 116.1854, 2.1466 ], [ 116.2585, 2.1084 ], [ 116.2216, 2.0951 ], [ 116.2298, 2.0134 ], [ 116.1954, 1.9858 ], [ 116.1749, 1.8973 ], [ 116.1857, 1.8448 ], [ 116.1282, 1.6625 ], [ 116.071, 1.6532 ], [ 116.0655, 1.6293 ], [ 116.0359, 1.6089 ], [ 116.0393, 1.557 ], [ 116.0098, 1.5282 ], [ 115.9698, 1.5304 ], [ 115.9552, 1.4924 ], [ 115.8557, 1.4377 ], [ 115.858, 1.4071 ], [ 115.8357, 1.3758 ], [ 115.7723, 1.3592 ], [ 115.7126, 1.2657 ], [ 115.6461, 1.2841 ], [ 115.573, 1.2726 ] ] ] } },
{ "type": "Feature", "properties": { "province": "KALIMANTAN UTARA", "district": "NUNUKAN", "id": "KALIMANTAN UTARA/NUNUKAN", "name": "NUNUKAN" }, "geometry": { "type": "MultiPolygon", "coordinates": [ [ [ [ 115.806, 3.4791 ], [ 115.8008, 3.4636 ], [ 115.7142, 3.4377 ], [ 115.6999, 3.4026 ], [ 115.6398, 3.4539 ], [ 115.5708, 3.6459 ], [ 115.5777, 3.7481 ], [ 115.6127, 3.8235 ], [ 115.617, 3.875 ], [ 115.5824, 3.8862 ], [ 115.5568, 3.919 ], [ 115.5798, 3.9402 ], [ 115.6177, 3.9373 ], [ 115.6401, 3.963 ], [ 115.6825, 4.1596 ], [ 115.7028, 4.1947 ], [ 115.7278, 4.189 ], [ 115.7664, 4.2443 ], [ 115.7957, 4.2376 ], [ 115.8016, 4.2198 ], [ 115.8173, 4.2245 ], [ 115.8236, 4.2604 ], [ 115.874, 4.2901 ], [ 115.863, 4.3433 ], [ 115.8778, 4.3924 ], [ 115.9071, 4.3924 ], [ 115.9301, 4.3536 ], [ 115.9759, 4.3576 ], [ 116.0276, 4.3319 ], [ 116.0342, 4.295 ], [ 116.074, 4.277 ], [ 116.1129, 4.3333 ], [ 116.1561, 4.3402 ], [ 116.1676, 4.3912 ], [ 116.2798, 4.3597 ], [ 116.3558, 4.3886 ], [ 116.4371, 4.3232 ], [ 116.4406, 4.2881 ], [ 116.4794, 4.3034 ], [ 116.4892, 4.3346 ], [ 116.536, 4.3212 ], [ 116.5358, 4.3726 ], [ 116.5682, 4.4069 ], [ 116.5874, 4.3748 ], [ 116.6137, 4.3755 ], [ 116.6211, 4.3371 ], [ 116.667, 4.3518 ], [ 116.7027, 4.3324 ], [ 116.7515, 4.39 ], [ 116.7853, 4.3416 ], [ 116.8155, 4.3502 ], [ 116.8344, 4.326 ], [ 116.91, 4.3679 ], [ 116.9534, 4.3571 ], [ 116.9672, 4.3376 ], [ 117.0079, 4.3457 ], [ 117.0062, 4.3213 ], [ 117.0196, 4.3189 ], [ 117.0443, 4.3463 ], [ 117.1068, 4.3331 ], [ 117.1568, 4.3532 ], [ 117.1704, 4.3366 ], [ 117.2001, 4.3356 ], [ 117.2469, 4.3734 ], [ 117.2959, 4.3095 ], [ 117.3709, 4.286 ], [ 117.3836, 4.2606 ], [ 117.4123, 4.25 ], [ 117.4594, 4.1777 ], [ 117.5339, 4.1581 ], [ 117.5685, 4.1789 ], [ 117.593, 4.1703 ], [ 117.5499, 4.1443 ], [ 117.5218, 4.1014 ], [ 117.4433, 4.1283 ], [ 117.4235, 4.1206 ], [ 117.4202, 4.0997 ], [ 117.3574, 4.1005 ], [ 117.3041, 4.0819 ], [ 117.307, 4.0406 ], [ 117.3354, 4.0236 ], [ 117.417, 4.0226 ], [ 117.4549, 3.9863 ], [ 117.4647, 3.9257 ], [ 117.4954, 3.913 ], [ 117.5449, 3.9209 ], [ 117.5927, 3.8784 ], [ 117.6742, 3.8775 ], [ 117.7344, 3.8355 ], [ 117.7312, 3.815 ], [ 117.695, 3.8141 ], [ 117.6854, 3.8021 ], [ 117.6986, 3.7925 ], [ 117.6833, 3.7982 ], [ 117.651, 3.7717 ], [ 117.5994, 3.7757 ], [ 117.5966, 3.7973 ], [ 117.5313, 3.768 ], [ 117.4931, 3.7746 ], [ 117.4761, 3.7551 ], [ 117.4877, 3.7226 ], [ 117.4249, 3.6808 ], [ 117.4894, 3.6706 ], [ 117.4604, 3.6546 ], [ 117.2969, 3.6365 ], [ 117.1964, 3.6692 ], [ 116.9382, 3.7148 ], [ 116.8385, 3.6863 ], [ 116.7705, 3.6953 ], [ 116.7429, 3.6812 ], [ 116.7612, 3.6419 ], [ 116.7164, 3.6996 ], [ 116.5887, 3.691 ], [ 116.5699, 3.7222 ], [ 116.4887, 3.7451 ], [ 116.3893, 3.9318 ], [ 116.3921, 3.9918 ], [ 116.355, 4.0083 ], [ 116.3548, 4.0338 ], [ 116.3311, 4.057 ], [ 116.2839, 4.058 ], [ 116.2688, 4.0401 ], [ 116.237, 4.0468 ], [ 116.2228, 4.0791 ], [ 116.1851, 4.0797 ], [ 116.1616, 4.0913 ], [ 116.1675, 4.1115 ], [ 116.126, 4.1209 ], [ 116.1239, 4.1185 ], [ 116.1162, 4.1134 ], [ 116.1093, 4.1119 ], [ 116.0858, 4.1179 ], [ 116.0315, 4.08 ], [ 115.9658, 4.1183 ], [ 115.9514, 3.9602 ], [ 115.9221, 3.9314 ], [ 115.9268, 3.8823 ], [ 115.9091, 3.8408 ], [ 115.9488, 3.7772 ], [ 115.912, 3.6899 ], [ 115.9777, 3.5526 ], [ 115.9608, 3.5153 ], [ 115.8838, 3.4696 ], [ 115.8562, 3.4717 ], [ 115.8386, 3.4916 ], [ 115.8119, 3.4923 ], [ 115.806, 3.4791 ] ] ], [ [ [ 117.7484, 4.0497 ], [ 117.724, 3.9898 ], [ 117.6685, 3.9665 ], [ 117.6021, 4.0118 ], [ 117.59, 4.0808 ], [ 117.617, 4.1198 ], [ 117.6579, 4.1062 ], [ 117.642, 4.141 ], [ 117.6611, 4.1467 ], [ 117.7518, 4.0616 ], [ 117.7484, 4.0497 ] ] ], [ [ [ 117.9229, 4.0617 ], [ 117.9056, 4.0424 ], [ 117.8553, 4.0328 ], [ 117.6864, 4.1641 ], [ 117.901, 4.1645 ], [ 117.9239, 4.128 ], [ 117.9229, 4.0617 ] ] ] ] } },
{ "type": "Feature", "properties": { "province": "KALIMANTAN UTARA", "district": "TANA TIDUNG", "id": "KALIMANTAN UTARA/TANA TIDUNG", "name": "TANA TIDUNG" }, "geometry": { "type": "MultiPolygon", "coordinates": [ [ [ [ 117.1578, 3.3917 ], [ 117.1732, 3.414 ], [ 117.1718, 3.4293 ], [ 117.1768, 3.4255 ], [ 117.1835, 3.4262 ], [ 117.2248, 3.4429 ], [ 117.2213, 3.4306 ], [ 117.2253, 3.4184 ], [ 117.2183, 3.4242 ], [ 117.2148, 3.4237 ], [ 117.213, 3.4195 ], [ 117.2231, 3.4138 ], [ 117.2378, 3.432 ], [ 117.2234, 3.4323 ], [ 117.2299, 3.4423 ], [ 117.222, 3.4883 ], [ 117.3225, 3.4612 ], [ 117.2979, 3.4457 ], [ 117.3078, 3.4107 ], [ 117.286, 3.428 ], [ 117.2765, 3.3832 ], [ 117.2673, 3.3926 ], [ 117.2628, 3.3926 ], [ 117.2603, 3.3899 ], [ 117.2755, 3.3812 ], [ 117.2429, 3.3132 ], [ 117.22, 3.3374 ], [ 117.184, 3.336 ], [ 117.1732, 3.3566 ], [ 117.1108, 3.3467 ], [ 117.0812, 3.401 ], [ 117.054, 3.4068 ], [ 116.9618, 3.385 ], [ 116.9246, 3.3988 ], [ 116.8355, 3.3906 ], [ 116.7777, 3.3687 ], [ 116.7062, 3.4264 ], [ 116.6931, 3.4737 ], [ 116.7279, 3.4934 ], [ 116.737, 3.5555 ], [ 116.7591, 3.5862 ], [ 116.7813, 3.5675 ], [ 116.8003, 3.565 ], [ 116.8309, 3.6199 ], [ 116.8645, 3.5926 ], [ 116.8988, 3.6073 ], [ 116.8931, 3.5533 ], [ 116.9056, 3.548 ], [ 116.9108, 3.6109 ], [ 116.9252, 3.6253 ], [ 116.916, 3.6616 ], [ 116.9465, 3.6914 ], [ 116.9511, 3.6087 ], [ 116.9748, 3.5616 ], [ 117.0736, 3.6115 ], [ 117.113, 3.6143 ], [ 117.1153, 3.5969 ], [ 117.1502, 3.588 ], [ 117.2253, 3.5886 ], [ 117.2033, 3.5613 ], [ 117.1484, 3.5637 ], [ 117.1356, 3.5499 ], [ 117.1426, 3.5313 ], [ 117.1948, 3.5298 ], [ 117.2176, 3.4926 ], [ 117.2211, 3.4433 ], [ 117.1894, 3.4304 ], [ 117.1844, 3.4474 ], [ 117.1492, 3.461 ], [ 117.1457, 3.4588 ], [ 117.1474, 3.4494 ], [ 117.1397, 3.4434 ], [ 117.1254, 3.4652 ], [ 117.1191, 3.4644 ], [ 117.1385, 3.4423 ], [ 117.148, 3.4481 ], [ 117.1485, 3.4597 ], [ 117.1838, 3.4449 ], [ 117.1864, 3.4295 ], [ 117.1701, 3.4298 ], [ 117.1578, 3.3917 ] ] ], [ [ [ 117.3422, 3.4848 ], [ 117.3793, 3.5094 ], [ 117.3751, 3.5293 ], [ 117.3977, 3.5064 ], [ 117.3995, 3.5383 ], [ 117.4372, 3.5286 ], [ 117.4396, 3.5044 ], [ 117.4703, 3.5037 ], [ 117.4503, 3.4807 ], [ 117.4721, 3.5011 ], [ 117.5085, 3.4906 ], [ 117.4964, 3.4918 ], [ 117.4954, 3.4798 ], [ 117.4835, 3.4896 ], [ 117.4689, 3.488 ], [ 117.4647, 3.4769 ], [ 117.4814, 3.4886 ], [ 117.4954, 3.4779 ], [ 117.498, 3.49 ], [ 117.5179, 3.4819 ], [ 117.4851, 3.432 ], [ 117.3422, 3.4848 ] ] ], [ [ [ 117.4147, 3.6046 ], [ 117.4602, 3.569 ], [ 117.4356, 3.5623 ], [ 117.3988, 3.5898 ], [ 117.3014, 3.5789 ], [ 117.2913, 3.5971 ], [ 117.3876, 3.6135 ], [ 117.4147, 3.6046 ] ] ], [ [ [ 116.8243, 3.6319 ], [ 116.7892, 3.5701 ], [ 116.7429, 3.6812 ], [ 116.7705, 3.6953 ], [ 116.8385, 3.6863 ], [ 116.9382, 3.7148 ], [ 117.0636, 3.6893 ], [ 117.0518, 3.6339 ], [ 117.0157, 3.5947 ], [ 116.9661, 3.6031 ], [ 116.9768, 3.6599 ], [ 116.9578, 3.7018 ], [ 116.9083, 3.6723 ], [ 116.8901, 3.6103 ], [ 116.8581, 3.6039 ], [ 116.8243, 3.6319 ] ] ], [ [ [ 117.266, 3.6457 ], [ 117.3293, 3.6381 ], [ 117.4896, 3.6702 ], [ 117.496, 3.6402 ], [ 117.4344, 3.6423 ], [ 117.4273, 3.6251 ], [ 117.3802, 3.6403 ], [ 117.2591, 3.6177 ], [ 117.1526, 3.6438 ], [ 117.1727, 3.672 ], [ 117.266, 3.6457 ] ] ], [ [ [ 117.6355, 3.6218 ], [ 117.582, 3.6318 ], [ 117.5137, 3.6808 ], [ 117.4858, 3.7168 ], [ 117.4838, 3.7651 ], [ 117.5317, 3.766 ], [ 117.5962, 3.7949 ], [ 117.6, 3.7729 ], [ 117.631, 3.7761 ], [ 117.6505, 3.7677 ], [ 117.6649, 3.7841 ], [ 117.6639, 3.771 ], [ 117.7287, 3.7412 ], [ 117.7037, 3.7277 ], [ 117.702, 3.7297 ], [ 117.7049, 3.7357 ], [ 117.7034, 3.7415 ], [ 117.6849, 3.7489 ], [ 117.6759, 3.7492 ], [ 117.6719, 3.7437 ], [ 117.6675, 3.7479 ], [ 117.6609, 3.7463 ], [ 117.6613, 3.754 ], [ 117.6449, 3.7663 ], [ 117.6393, 3.7625 ], [ 117.6413, 3.7684 ], [ 117.6389, 3.7702 ], [ 117.6373, 3.7707 ], [ 117.636, 3.7702 ], [ 117.6389, 3.762 ], [ 117.6607, 3.7536 ], [ 117.6599, 3.7455 ], [ 117.672, 3.7427 ], [ 117.685, 3.7476 ], [ 117.6711, 3.7349 ], [ 117.6854, 3.7452 ], [ 117.7028, 3.7262 ], [ 117.7315, 3.7192 ], [ 117.7288, 3.6879 ], [ 117.708, 3.6683 ], [ 117.7147, 3.6319 ], [ 117.6654, 3.6152 ], [ 117.6355, 3.6218 ] ] ] ] } },
{ "type": "Feature", "properties": { "province": "KEPULAUAN BANGKA BELITUNG", "district": "BANGKA", "id": "KEPULAUAN BANGKA BELITUNG/BANGKA", "name": "BANGKA" }, "geometry": { "type": "Polygon", "coordinates": [ [ [ 105.9161, -2.3099 ], [ 105.9024, -2.3425 ], [ 105.8655, -2.3336 ], [ 105.8032, -2.3671 ], [ 105.8264, -2.3113 ], [ 105.7883, -2.2536 ], [ 105.793, -2.1807 ], [ 105.759, -2.1509 ], [ 105.7693, -2.1122 ], [ 105.7489, -2.0885 ], [ 105.7703, -2.0078 ], [ 105.7859, -1.9962 ], [ 105.7512, -1.9738 ], [ 105.7407, -1.9386 ], [ 105.7172, -1.9452 ], [ 105.6973, -1.9064 ], [ 105.756, -1.8404 ], [ 105.7407, -1.8287 ], [ 105.7605, -1.8161 ], [ 105.7457, -1.7778 ], [ 105.7739, -1.7668 ], [ 105.7847, -1.8064 ], [ 105.8264, -1.8045 ], [ 105.7542, -1.7276 ], [ 105.74, -1.686 ], [ 105.757, -1.6774 ], [ 105.7534, -1.6517 ], [ 105.7669, -1.6505 ], [ 105.7331, -1.6316 ], [ 105.7415, -1.6129 ], [ 105.7034, -1.528 ], [ 105.8147, -1.5315 ], [ 105.9162, -1.5019 ], [ 105.9128, -1.5404 ], [ 105.9515, -1.5597 ], [ 105.9807, -1.5509 ], [ 106.0488, -1.6002 ], [ 106.0545, -1.6194 ], [ 106.033, -1.6143 ], [ 106.0223, -1.6358 ], [ 106.0286, -1.6819 ], [ 106.0733, -1.748 ], [ 106.095, -1.7575 ], [ 106.0873, -1.7759 ], [ 106.1268, -1.8015 ], [ 106.1189, -1.8217 ], [ 106.135, -1.8554 ], [ 106.1858, -1.8956 ], [ 106.1492, -1.98 ], [ 106.158, -2.088 ], [ 106.1284, -2.0957 ], [ 106.1415, -2.077 ], [ 106.1305, -2.0574 ], [ 106.1011, -2.0817 ], [ 106.0452, -2.0751 ], [ 106.0401, -2.113 ], [ 106.0822, -2.1274 ], [ 106.0888, -2.1447 ], [ 106.0208, -2.2144 ], [ 105.9754, -2.2309 ], [ 105.9794, -2.2422 ], [ 105.9585, -2.2453 ], [ 105.9241, -2.2084 ], [ 105.9115, -2.2473 ], [ 105.9289, -2.2753 ], [ 105.9161, -2.3099 ] ] ] } },
{ "type": "Feature", "properties": { "province": "KEPULAUAN BANGKA BELITUNG", "district": "BANGKA BARAT", "id": "KEPULAUAN BANGKA BELITUNG/BANGKA BARAT", "name": "BANGKA BARAT" }, "geometry": { "type": "Polygon", "coordinates": [ [ [ 105.6746, -2.1243 ], [ 105.5901, -2.1227 ], [ 105.5784, -2.0977 ], [ 105.5343, -2.0814 ], [ 105.4846, -2.0943 ], [ 105.4454, -2.1339 ], [ 105.4189, -2.1182 ], [ 105.3837, -2.1299 ], [ 105.3558, -2.1194 ], [ 105.2956, -2.1524 ], [ 105.2576, -2.0858 ], [ 105.2287, -2.0662 ], [ 105.1545, -2.0705 ], [ 105.1316, -2.0856 ], [ 105.1081, -2.0238 ], [ 105.132, -1.9809 ], [ 105.1249, -1.9589 ], [ 105.1646, -1.9281 ], [ 105.271, -1.8928 ], [ 105.3855, -1.8019 ], [ 105.3903, -1.7338 ], [ 105.3222, -1.6983 ], [ 105.3677, -1.68 ], [ 105.3421, -1.6691 ], [ 105.3449, -1.6475 ], [ 105.3827, -1.6421 ], [ 105.389, -1.6066 ], [ 105.4246, -1.6047 ], [ 105.461, -1.5632 ], [ 105.5515, -1.5577 ], [ 105.5628, -1.5282 ], [ 105.6044, -1.5299 ], [ 105.5976, -1.546 ], [ 105.6405, -1.6425 ], [ 105.6722, -1.6544 ], [ 105.7234, -1.6432 ], [ 105.652, -1.7144 ], [ 105.6545, -1.7452 ], [ 105.6944, -1.7814 ], [ 105.7438, -1.7816 ], [ 105.7606, -1.8116 ], [ 105.7408, -1.8257 ], [ 105.756, -1.8401 ], [ 105.7478, -1.8615 ], [ 105.6973, -1.9064 ], [ 105.7172, -1.9452 ], [ 105.7407, -1.9386 ], [ 105.7512, -1.9738 ], [ 105.7859, -1.9962 ], [ 105.7503, -2.0597 ], [ 105.7651, -2.1349 ], [ 105.7583, -2.1446 ], [ 105.7246, -2.1258 ], [ 105.6746, -2.1243 ] ] ] } },
{ "type": "Feature", "properties": { "province": "KEPULAUAN BANGKA BELITUNG", "district": "BANGKA SELATAN", "id": "KEPULAUAN BANGKA BELITUNG/BANGKA SELATAN", "name": "BANGKA SELATAN" }, "geometry": { "type": "MultiPolygon", "coordinates": [ [ [ [ 106.6474, -2.9752 ], [ 106.676, -2.9756 ], [ 106.6948, -3.003 ], [ 106.7408, -3.0061 ], [ 106.7293, -3.0321 ], [ 106.7398, -3.0857 ], [ 106.6592, -3.1023 ], [ 106.6523, -3.0861 ], [ 106.6082, -3.0885 ], [ 106.6023, -3.0798 ], [ 106.5902, -3.0716 ], [ 106.5539, -3.0921 ], [ 106.5539, -3.1088 ], [ 106.5131, -3.1153 ], [ 106.4914, -3.0909 ], [ 106.4935, -3.053 ], [ 106.4418, -3.0116 ], [ 106.4262, -2.9725 ], [ 106.3354, -2.9674 ], [ 106.3207, -2.9328 ], [ 106.2872, -2.9071 ], [ 106.2333, -2.8999 ], [ 106.1813, -2.8715 ], [ 106.142, -2.8759 ], [ 106.0915, -2.837 ], [ 105.9502, -2.8211 ], [ 105.9534, -2.7825 ], [ 105.9191, -2.7437 ], [ 105.8866, -2.6443 ], [ 105.8908, -2.5882 ], [ 105.9384, -2.5303 ], [ 105.9329, -2.47 ], [ 105.9844, -2.4689 ], [ 106.0346, -2.438 ], [ 106.0457, -2.4584 ], [ 106.0258, -2.4905 ], [ 106.0307, -2.5125 ], [ 106.0505, -2.5169 ], [ 106.0611, -2.4923 ], [ 106.1421, -2.5021 ], [ 106.1396, -2.4904 ], [ 106.2248, -2.4646 ], [ 106.2341, -2.4763 ], [ 106.1992, -2.5269 ], [ 106.2001, -2.5645 ], [ 106.2376, -2.5849 ], [ 106.2891, -2.5706 ], [ 106.3057, -2.5473 ], [ 106.3723, -2.5489 ], [ 106.3973, -2.5685 ], [ 106.4555, -2.5547 ], [ 106.444, -2.6152 ], [ 106.4953, -2.6104 ], [ 106.4971, -2.662 ], [ 106.5153, -2.6465 ], [ 106.6334, -2.6952 ], [ 106.6438, -2.7187 ], [ 106.6625, -2.716 ], [ 106.5907, -2.917 ], [ 106.6012, -2.957 ], [ 106.6474, -2.9752 ] ] ], [ [ [ 106.8335, -3.0291 ], [ 106.7095, -2.9671 ], [ 106.732, -2.9258 ], [ 106.7896, -2.9068 ], [ 106.8024, -2.8865 ], [ 106.9106, -2.9451 ], [ 106.88, -3.0082 ], [ 106.8951, -3.0317 ], [ 106.8335, -3.0291 ] ] ], [ [ [ 107.0159, -2.8722 ], [ 107.0179, -2.8743 ], [ 107.0131, -2.8741 ], [ 107.0129, -2.8721 ], [ 107.0159, -2.8722 ] ] ], [ [ [ 107.061, -2.8389 ], [ 107.0933, -2.861 ], [ 107.0849, -2.9123 ], [ 107.0528, -2.908 ], [ 107.0196, -2.8783 ], [ 107.0555, -2.8195 ], [ 107.061, -2.8389 ] ] ] ] } },
{ "type": "Feature", "properties": { "province": "KEPULAUAN BANGKA BELITUNG", "district": "BANGKA TENGAH", "id": "KEPULAUAN BANGKA BELITUNG/BANGKA TENGAH", "name": "BANGKA TENGAH" }, "geometry": { "type": "Polygon", "coordinates": [ [ [ 106.6083, -2.6913 ], [ 106.5153, -2.6465 ], [ 106.4971, -2.662 ], [ 106.4953, -2.6104 ], [ 106.444, -2.6152 ], [ 106.4555, -2.5547 ], [ 106.3973, -2.5685 ], [ 106.3723, -2.5489 ], [ 106.3057, -2.5473 ], [ 106.2891, -2.5706 ], [ 106.2362, -2.5846 ], [ 106.1999, -2.5599 ], [ 106.1992, -2.5269 ], [ 106.2332, -2.4684 ], [ 106.1959, -2.468 ], [ 106.1802, -2.4857 ], [ 106.1396, -2.4904 ], [ 106.1421, -2.5021 ], [ 106.0611, -2.4923 ], [ 106.0449, -2.5169 ], [ 106.0258, -2.4905 ], [ 106.0457, -2.4584 ], [ 106.0346, -2.438 ], [ 105.9844, -2.4689 ], [ 105.9329, -2.47 ], [ 105.8799, -2.4242 ], [ 105.8352, -2.4132 ], [ 105.8059, -2.3702 ], [ 105.8655, -2.3336 ], [ 105.9024, -2.3425 ], [ 105.9289, -2.2753 ], [ 105.9115, -2.2473 ], [ 105.9241, -2.2084 ], [ 105.9646, -2.2455 ], [ 106.0208, -2.2144 ], [ 106.0889, -2.1445 ], [ 106.1808, -2.1538 ], [ 106.2282, -2.2602 ], [ 106.2377, -2.3279 ], [ 106.2999, -2.4213 ], [ 106.346, -2.4602 ], [ 106.395, -2.4782 ], [ 106.4466, -2.4727 ], [ 106.4815, -2.4981 ], [ 106.5689, -2.5211 ], [ 106.8493, -2.5719 ], [ 106.8327, -2.5898 ], [ 106.8237, -2.5887 ], [ 106.8105, -2.5937 ], [ 106.8018, -2.5948 ], [ 106.8243, -2.5882 ], [ 106.8088, -2.5786 ], [ 106.7731, -2.6077 ], [ 106.747, -2.6082 ], [ 106.6561, -2.7212 ], [ 106.6334, -2.6952 ], [ 106.6083, -2.6913 ] ] ] } },
{ "type": "Feature", "properties": { "province": "KEPULAUAN BANGKA BELITUNG", "district": "BELITUNG", "id": "KEPULAUAN BANGKA BELITUNG/BELITUNG", "name": "BELITUNG" }, "geometry": { "type": "MultiPolygon", "coordinates": [ [ [ [ 107.2119, -3.322 ], [ 107.2093, -3.3175 ], [ 107.2111, -3.3152 ], [ 107.2141, -3.3194 ], [ 107.2119, -3.322 ] ] ], [ [ [ 107.5234, -3.1924 ], [ 107.5521, -3.2025 ], [ 107.5226, -3.2546 ], [ 107.5168, -3.1969 ], [ 107.5234, -3.1924 ] ] ], [ [ [ 107.6742, -3.2072 ], [ 107.6396, -3.2391 ], [ 107.6077, -3.2412 ], [ 107.5852, -3.203 ], [ 107.627, -3.1517 ], [ 107.6264, -3.1293 ], [ 107.6361, -3.1324 ], [ 107.6435, -3.1211 ], [ 107.6357, -3.132 ], [ 107.6267, -3.1278 ], [ 107.6239, -3.1308 ], [ 107.5939, -3.1053 ], [ 107.5607, -2.9966 ], [ 107.5864, -2.9773 ], [ 107.6002, -2.932 ], [ 107.6143, -2.938 ], [ 107.6225, -2.9013 ], [ 107.565, -2.9311 ], [ 107.5306, -2.9368 ], [ 107.5286, -2.921 ], [ 107.5977, -2.8583 ], [ 107.5988, -2.8147 ], [ 107.5811, -2.7966 ], [ 107.6304, -2.7485 ], [ 107.6415, -2.752 ], [ 107.6372, -2.7619 ], [ 107.64, -2.7689 ], [ 107.6362, -2.7821 ], [ 107.6368, -2.7964 ], [ 107.6379, -2.7983 ], [ 107.6438, -2.7526 ], [ 107.631, -2.7425 ], [ 107.6225, -2.7475 ], [ 107.6284, -2.7145 ], [ 107.6114, -2.7051 ], [ 107.6459, -2.6257 ], [ 107.6284, -2.5947 ], [ 107.6686, -2.5541 ], [ 107.7639, -2.5572 ], [ 107.8304, -2.529 ], [ 107.8385, -2.5561 ], [ 107.908, -2.5755 ], [ 107.938, -2.5661 ], [ 107.9384, -2.5902 ], [ 107.8991, -2.6082 ], [ 107.8965, -2.6632 ], [ 107.8764, -2.6904 ], [ 107.9065, -2.7107 ], [ 107.9357, -2.7093 ], [ 107.9629, -2.7425 ], [ 107.958, -2.7567 ], [ 107.9915, -2.7521 ], [ 107.9963, -2.7741 ], [ 107.9366, -2.7995 ], [ 107.8678, -2.8006 ], [ 107.849, -2.8216 ], [ 107.8521, -2.8697 ], [ 107.8248, -2.8789 ], [ 107.7904, -2.8654 ], [ 107.754, -2.884 ], [ 107.8577, -2.9942 ], [ 107.863, -3.0364 ], [ 107.8226, -3.0817 ], [ 107.8003, -3.082 ], [ 107.8489, -3.122 ], [ 107.8283, -3.1674 ], [ 107.6742, -3.2072 ] ] ], [ [ [ 107.2347, -2.9867 ], [ 107.2425, -2.9886 ], [ 107.2291, -2.9967 ], [ 107.2283, -2.9875 ], [ 107.2347, -2.9867 ] ] ], [ [ [ 107.4263, -2.9288 ], [ 107.4111, -2.9181 ], [ 107.4245, -2.9304 ], [ 107.4105, -2.9451 ], [ 107.3384, -2.8813 ], [ 107.3715, -2.8855 ], [ 107.3807, -2.8476 ], [ 107.4683, -2.8217 ], [ 107.4797, -2.8443 ], [ 107.4746, -2.8421 ], [ 107.4513, -2.8542 ], [ 107.4855, -2.8476 ], [ 107.4762, -2.8907 ], [ 107.4615, -2.8973 ], [ 107.4718, -2.9029 ], [ 107.4263, -2.9288 ] ] ] ] } },
{ "type": "Feature", "properties": { "province": "KEPULAUAN BANGKA BELITUNG", "district": "BELITUNG TIMUR", "id": "KEPULAUAN BANGKA BELITUNG/BELITUNG TIMUR", "name": "BELITUNG TIMUR" }, "geometry": { "type": "MultiPolygon", "coordinates": [ [ [ [ 108.015, -3.2436 ], [ 107.9859, -3.2717 ], [ 107.9756, -3.2636 ], [ 107.9632, -3.1676 ], [ 107.9328, -3.1509 ], [ 107.9297, -3.1263 ], [ 107.8863, -3.1177 ], [ 107.8993, -3.0986 ], [ 107.8893, -3.0818 ], [ 107.8486, -3.0604 ], [ 107.864, -3.0289 ], [ 107.8501, -2.9765 ], [ 107.7507, -2.8936 ], [ 107.7852, -2.8663 ], [ 107.8248, -2.8789 ], [ 107.855, -2.8675 ], [ 107.849, -2.8216 ], [ 107.8678, -2.8006 ], [ 107.9345, -2.7999 ], [ 107.9953, -2.7768 ], [ 107.9915, -2.7521 ], [ 107.958, -2.7567 ], [ 107.9629, -2.7425 ], [ 107.9357, -2.7093 ], [ 107.9065, -2.7107 ], [ 107.8764, -2.6904 ], [ 107.8965, -2.6632 ], [ 107.8991, -2.6082 ], [ 107.9271, -2.6004 ], [ 107.9492, -2.5678 ], [ 108.0104, -2.5852 ], [ 108.0026, -2.6184 ], [ 108.0298, -2.6373 ], [ 108.0186, -2.6669 ], [ 108.0317, -2.6397 ], [ 108.0342, -2.6521 ], [ 108.0359, -2.6491 ], [ 108.0402, -2.6085 ], [ 108.0442, -2.6458 ], [ 108.0417, -2.5988 ], [ 108.0861, -2.5985 ], [ 108.1531, -2.6517 ], [ 108.149, -2.6717 ], [ 108.1643, -2.6862 ], [ 108.1711, -2.6688 ], [ 108.196, -2.6822 ], [ 108.2708, -2.7518 ], [ 108.2981, -2.8475 ], [ 108.2943, -2.8777 ], [ 108.2535, -2.9123 ], [ 108.2472, -2.9559 ], [ 108.2089, -3.011 ], [ 108.2133, -3.0699 ], [ 108.1799, -3.1201 ], [ 108.2087, -3.1453 ], [ 108.1854, -3.1428 ], [ 108.1525, -3.1721 ], [ 108.0822, -3.1687 ], [ 108.0692, -3.188 ], [ 108.0869, -3.2084 ], [ 108.0828, -3.2449 ], [ 108.015, -3.2436 ] ] ], [ [ [ 108.5459, -2.4935 ], [ 108.5487, -2.508 ], [ 108.5369, -2.5133 ], [ 108.5357, -2.5018 ], [ 108.5459, -2.4935 ] ] ] ] } },
{ "type": "Feature", "properties": { "province": "KEPULAUAN BANGKA BELITUNG", "district": "KOTA PANGKALPINANG", "id": "KEPULAUAN BANGKA BELITUNG/KOTA PANGKALPINANG", "name": "KOTA PANGKALPINANG" }, "geometry": { "type": "Polygon", "coordinates": [ [ [ 106.118, -2.1544 ], [ 106.0403, -2.1133 ], [ 106.0437, -2.0765 ], [ 106.0599, -2.067 ], [ 106.1006, -2.0818 ], [ 106.1333, -2.059 ], [ 106.1414, -2.0779 ], [ 106.1284, -2.0957 ], [ 106.1523, -2.0832 ], [ 106.1821, -2.1314 ], [ 106.1743, -2.155 ], [ 106.118, -2.1544 ] ] ] } },
{ "type": "Feature", "properties": { "province": "KEPULAUAN RIAU", "district": "BINTAN", "id": "KEPULAUAN RIAU/BINTAN", "name": "BINTAN" }, "geometry": { "type": "MultiPolygon", "coordinates": [ [ [ [ 107.3991, 0.5068 ], [ 107.3948, 0.5231 ], [ 107.4144, 0.5196 ], [ 107.4144, 0.5153 ], [ 107.3991, 0.5068 ] ] ], [ [ [ 107.1359, 0.5859 ], [ 107.1346, 0.5794 ], [ 107.1239, 0.5803 ], [ 107.1279, 0.5876 ], [ 107.1359, 0.5859 ] ] ], [ [ [ 107.0198, 0.6364 ], [ 107.021, 0.6226 ], [ 107.015, 0.6224 ], [ 107.0156, 0.6491 ], [ 107.0198, 0.6364 ] ] ], [ [ [ 104.4853, 0.7554 ], [ 104.4808, 0.752 ], [ 104.4844, 0.7619 ], [ 104.4844, 0.7572 ], [ 104.4853, 0.7554 ] ] ], [ [ [ 104.5364, 0.7683 ], [ 104.5445, 0.7969 ], [ 104.5877, 0.7802 ], [ 104.5793, 0.7713 ], [ 104.5364, 0.7683 ] ] ], [ [ [ 104.5197, 0.7803 ], [ 104.5162, 0.7444 ], [ 104.5095, 0.744 ], [ 104.5096, 0.7735 ], [ 104.5197, 0.7803 ] ] ], [ [ [ 104.6997, 0.7925 ], [ 104.7466, 0.7876 ], [ 104.7537, 0.758 ], [ 104.6919, 0.7694 ], [ 104.6997, 0.7925 ] ] ], [ [ [ 104.594, 0.7937 ], [ 104.6334, 0.7919 ], [ 104.6367, 0.7839 ], [ 104.5833, 0.7523 ], [ 104.594, 0.7937 ] ] ], [ [ [ 104.3621, 0.8484 ], [ 104.3655, 0.8198 ], [ 104.351, 0.8145 ], [ 104.3535, 0.8455 ], [ 104.3621, 0.8484 ] ] ], [ [ [ 104.6038, 0.8231 ], [ 104.5876, 0.8103 ], [ 104.5189, 0.8273 ], [ 104.5129, 0.8491 ], [ 104.5317, 0.8619 ], [ 104.553, 0.9222 ], [ 104.52, 0.9571 ], [ 104.5212, 0.9773 ], [ 104.5043, 0.9725 ], [ 104.4933, 0.9908 ], [ 104.4738, 0.9787 ], [ 104.4407, 0.998 ], [ 104.4456, 1.0174 ], [ 104.4852, 1.0162 ], [ 104.4885, 1.035 ], [ 104.4763, 1.0269 ], [ 104.4536, 1.0544 ], [ 104.4173, 1.0395 ], [ 104.4164, 1.0556 ], [ 104.4042, 1.0541 ], [ 104.4056, 1.0344 ], [ 104.3791, 1.0107 ], [ 104.3391, 1.025 ], [ 104.3323, 0.9914 ], [ 104.2569, 1.0012 ], [ 104.2446, 1.0093 ], [ 104.2488, 1.0417 ], [ 104.2328, 1.0409 ], [ 104.2129, 1.0708 ], [ 104.2391, 1.1248 ], [ 104.3302, 1.1383 ], [ 104.3306, 1.1639 ], [ 104.3103, 1.1779 ], [ 104.3395, 1.1917 ], [ 104.3732, 1.1785 ], [ 104.3849, 1.1869 ], [ 104.374, 1.1949 ], [ 104.4072, 1.203 ], [ 104.5012, 1.1703 ], [ 104.5363, 1.1827 ], [ 104.5507, 1.2237 ], [ 104.5839, 1.2297 ], [ 104.5777, 1.1555 ], [ 104.5967, 1.1259 ], [ 104.6336, 1.1079 ], [ 104.6575, 1.0455 ], [ 104.6353, 0.9877 ], [ 104.66, 0.9144 ], [ 104.6192, 0.8981 ], [ 104.6038, 0.8231 ] ] ], [ [ [ 104.6875, 0.8965 ], [ 104.7, 0.8867 ], [ 104.6959, 0.8485 ], [ 104.6768, 0.845 ], [ 104.6607, 0.8639 ], [ 104.6875, 0.8965 ] ] ], [ [ [ 104.6313, 0.8947 ], [ 104.656, 0.895 ], [ 104.6616, 0.8798 ], [ 104.6279, 0.854 ], [ 104.6172, 0.8729 ], [ 104.6313, 0.8947 ] ] ], [ [ [ 107.432, 0.9756 ], [ 107.4724, 0.9677 ], [ 107.4676, 0.9232 ], [ 107.4398, 0.9324 ], [ 107.432, 0.9756 ] ] ], [ [ [ 107.5792, 0.9766 ], [ 107.5612, 0.9518 ], [ 107.5477, 0.9501 ], [ 107.5794, 0.9909 ], [ 107.5659, 0.9961 ], [ 107.5726, 1.0159 ], [ 107.6029, 0.9976 ], [ 107.5792, 0.9766 ] ] ], [ [ [ 104.2438, 0.9963 ], [ 104.2625, 0.9866 ], [ 104.2582, 0.9745 ], [ 104.2321, 0.9793 ], [ 104.2438, 0.9963 ] ] ], [ [ [ 104.7884, 1.0276 ], [ 104.8494, 1.0135 ], [ 104.8543, 0.9824 ], [ 104.84, 0.9619 ], [ 104.814, 0.963 ], [ 104.8248, 0.9803 ], [ 104.8049, 0.9893 ], [ 104.8108, 1.0026 ], [ 104.7969, 1.0009 ], [ 104.7874, 1.0043 ], [ 104.7884, 1.0276 ] ] ], [ [ [ 107.5533, 0.9855 ], [ 107.5432, 0.9716 ], [ 107.5299, 0.9928 ], [ 107.533, 1.0264 ], [ 107.5488, 1.0224 ], [ 107.5533, 0.9855 ] ] ] ] } },
{ "type": "Feature", "properties": { "province": "KEPULAUAN RIAU", "district": "KARIMUN", "id": "KEPULAUAN RIAU/KARIMUN", "name": "KARIMUN" }, "geometry": { "type": "MultiPolygon", "coordinates": [ [ [ [ 103.6063, 0.5188 ], [ 103.6243, 0.5048 ], [ 103.5989, 0.4902 ], [ 103.5765, 0.5583 ], [ 103.6063, 0.5188 ] ] ], [ [ [ 103.6362, 0.532 ], [ 103.6351, 0.5153 ], [ 103.6202, 0.5258 ], [ 103.6219, 0.5314 ], [ 103.6362, 0.532 ] ] ], [ [ [ 103.6774, 0.6348 ], [ 103.6944, 0.6274 ], [ 103.707, 0.6147 ], [ 103.6865, 0.6044 ], [ 103.6711, 0.6176 ], [ 103.6774, 0.6348 ] ] ], [ [ [ 103.5102, 0.6551 ], [ 103.49, 0.624 ], [ 103.4624, 0.6219 ], [ 103.4865, 0.6785 ], [ 103.5205, 0.6915 ], [ 103.5102, 0.6551 ] ] ], [ [ [ 103.5865, 0.6777 ], [ 103.5779, 0.6866 ], [ 103.5853, 0.6974 ], [ 103.5922, 0.6912 ], [ 103.5865, 0.6777 ] ] ], [ [ [ 103.7137, 0.6931 ], [ 103.7131, 0.726 ], [ 103.7497, 0.7359 ], [ 103.732, 0.7119 ], [ 103.7421, 0.6854 ], [ 103.7137, 0.6931 ] ] ], [ [ [ 103.9107, 0.7829 ], [ 103.9238, 0.788 ], [ 103.9329, 0.8046 ], [ 103.9412, 0.7809 ], [ 103.9239, 0.7559 ], [ 103.9107, 0.7829 ] ] ], [ [ [ 103.8207, 0.7513 ], [ 103.8202, 0.7724 ], [ 103.7377, 0.8278 ], [ 103.7205, 0.8514 ], [ 103.7251, 0.8818 ], [ 103.7837, 0.871 ], [ 103.8349, 0.812 ], [ 103.8359, 0.7641 ], [ 103.8207, 0.7513 ] ] ], [ [ [ 103.6635, 0.8236 ], [ 103.7044, 0.8033 ], [ 103.7274, 0.7586 ], [ 103.7031, 0.7556 ], [ 103.6635, 0.8236 ] ] ], [ [ [ 103.8971, 0.8549 ], [ 103.9049, 0.8193 ], [ 103.884, 0.7969 ], [ 103.8293, 0.8477 ], [ 103.8161, 0.8957 ], [ 103.8971, 0.8549 ] ] ], [ [ [ 103.4174, 0.9499 ], [ 103.4394, 0.9317 ], [ 103.4197, 0.9133 ], [ 103.4089, 0.9407 ], [ 103.4174, 0.9499 ] ] ], [ [ [ 103.4451, 0.9617 ], [ 103.4735, 0.9499 ], [ 103.4759, 0.9201 ], [ 103.4265, 0.9561 ], [ 103.4451, 0.9617 ] ] ], [ [ [ 103.4418, 1.0025 ], [ 103.4375, 0.9876 ], [ 103.4024, 0.9911 ], [ 103.3272, 1.0191 ], [ 103.3113, 1.0863 ], [ 103.3511, 1.1347 ], [ 103.3698, 1.1226 ], [ 103.3819, 1.1333 ], [ 103.39, 1.0649 ], [ 103.4245, 1.0453 ], [ 103.4418, 1.0025 ] ] ], [ [ [ 103.4653, 0.65 ], [ 103.4352, 0.6364 ], [ 103.4005, 0.649 ], [ 103.4013, 0.6707 ], [ 103.3516, 0.7405 ], [ 103.3424, 0.8009 ], [ 103.3763, 0.897 ], [ 103.4058, 0.882 ], [ 103.4108, 0.8457 ], [ 103.4291, 0.8325 ], [ 103.4192, 0.8149 ], [ 103.3887, 0.8201 ], [ 103.3908, 0.7795 ], [ 103.4155, 0.7671 ], [ 103.418, 0.7407 ], [ 103.4572, 0.7477 ], [ 103.4541, 0.7617 ], [ 103.4738, 0.7694 ], [ 103.5129, 0.7551 ], [ 103.4653, 0.65 ] ] ], [ [ [ 103.5226, 0.8098 ], [ 103.5265, 0.7662 ], [ 103.4759, 0.8207 ], [ 103.4144, 0.8473 ], [ 103.4096, 0.8853 ], [ 103.4535, 0.8561 ], [ 103.494, 0.845 ], [ 103.5226, 0.8098 ] ] ], [ [ [ 103.4803, 0.8885 ], [ 103.4877, 0.8556 ], [ 103.459, 0.8574 ], [ 103.4052, 0.9069 ], [ 103.4604, 0.9219 ], [ 103.4803, 0.8885 ] ] ], [ [ [ 103.5006, 0.9193 ], [ 103.5278, 0.8748 ], [ 103.5128, 0.8602 ], [ 103.4863, 0.899 ], [ 103.4895, 0.9259 ], [ 103.5006, 0.9193 ] ] ] ] } },
{ "type": "Feature", "properties": { "province": "KEPULAUAN RIAU", "district": "KEPULAUAN ANAMBAS", "id": "KEPULAUAN RIAU/KEPULAUAN ANAMBAS", "name": "KEPULAUAN ANAMBAS" }, "geometry": { "type": "MultiPolygon", "coordinates": [ [ [ [ 106.2095, 2.8089 ], [ 106.2461, 2.7766 ], [ 106.2391, 2.7612 ], [ 106.2549, 2.7615 ], [ 106.2416, 2.7389 ], [ 106.2544, 2.724 ], [ 106.201, 2.7595 ], [ 106.2233, 2.7666 ], [ 106.1935, 2.8017 ], [ 106.2095, 2.8089 ] ] ], [ [ [ 105.8097, 2.8872 ], [ 105.7855, 2.9068 ], [ 105.7661, 2.8947 ], [ 105.7678, 2.8723 ], [ 105.7223, 2.874 ], [ 105.7392, 2.8514 ], [ 105.77, 2.8437 ], [ 105.7486, 2.8195 ], [ 105.7401, 2.8327 ], [ 105.7263, 2.8171 ], [ 105.6942, 2.8499 ], [ 105.7074, 2.926 ], [ 105.6944, 2.9335 ], [ 105.7153, 2.9587 ], [ 105.715, 2.9846 ], [ 105.6757, 3.0089 ], [ 105.6926, 3.0061 ], [ 105.7056, 3.0321 ], [ 105.6954, 3.0635 ], [ 105.7156, 3.0309 ], [ 105.7392, 3.0504 ], [ 105.7247, 2.9944 ], [ 105.7492, 2.9695 ], [ 105.7626, 2.9815 ], [ 105.7856, 2.9724 ], [ 105.8009, 3.0003 ], [ 105.8509, 2.9877 ], [ 105.8408, 2.9795 ], [ 105.852, 2.9574 ], [ 105.819, 2.9684 ], [ 105.811, 2.9439 ], [ 105.8284, 2.9108 ], [ 105.7957, 2.909 ], [ 105.8223, 2.8893 ], [ 105.8097, 2.8872 ] ] ], [ [ [ 106.1294, 2.938 ], [ 106.1455, 2.9305 ], [ 106.1497, 2.9194 ], [ 106.1126, 2.9274 ], [ 106.1294, 2.938 ] ] ], [ [ [ 105.6859, 3.1178 ], [ 105.6975, 3.1059 ], [ 105.6958, 3.1032 ], [ 105.676, 3.1071 ], [ 105.6859, 3.1178 ] ] ], [ [ [ 106.0877, 3.1584 ], [ 106.0995, 3.139 ], [ 106.0894, 3.1235 ], [ 106.0747, 3.1468 ], [ 106.0877, 3.1584 ] ] ], [ [ [ 106.4175, 3.1547 ], [ 106.4328, 3.1472 ], [ 106.4369, 3.1292 ], [ 106.4032, 3.1353 ], [ 106.4175, 3.1547 ] ] ], [ [ [ 105.983, 3.0874 ], [ 105.9919, 3.0726 ], [ 105.9784, 3.0177 ], [ 105.9638, 3.04 ], [ 105.983, 3.0874 ] ] ], [ [ [ 106.3567, 3.0916 ], [ 106.3533, 3.0783 ], [ 106.3544, 3.0484 ], [ 106.3417, 3.0649 ], [ 106.3567, 3.0916 ] ] ], [ [ [ 105.6538, 3.1195 ], [ 105.6662, 3.1098 ], [ 105.6754, 3.0915 ], [ 105.6438, 3.0937 ], [ 105.6538, 3.1195 ] ] ], [ [ [ 106.2862, 3.1 ], [ 106.2757, 3.0774 ], [ 106.2745, 3.1005 ], [ 106.2599, 3.0944 ], [ 106.2491, 3.1224 ], [ 106.2375, 3.0958 ], [ 106.2238, 3.131 ], [ 106.211, 3.1214 ], [ 106.196, 3.2318 ], [ 106.217, 3.2179 ], [ 106.2274, 3.2361 ], [ 106.2491, 3.1987 ], [ 106.2581, 3.2103 ], [ 106.2777, 3.1957 ], [ 106.2742, 3.1702 ], [ 106.2877, 3.1805 ], [ 106.2915, 3.161 ], [ 106.2686, 3.1154 ], [ 106.2759, 3.1062 ], [ 106.2831, 3.1204 ], [ 106.2862, 3.1 ] ] ], [ [ [ 105.9547, 3.0916 ], [ 105.9582, 3.0772 ], [ 105.9541, 3.0707 ], [ 105.945, 3.0904 ], [ 105.9547, 3.0916 ] ] ], [ [ [ 105.7093, 3.0774 ], [ 105.7076, 3.0997 ], [ 105.735, 3.0888 ], [ 105.7335, 3.0823 ], [ 105.7093, 3.0774 ] ] ], [ [ [ 106.3178, 3.1012 ], [ 106.3065, 3.0879 ], [ 106.3117, 3.1147 ], [ 106.3002, 3.1274 ], [ 106.2961, 3.1046 ], [ 106.297, 3.1321 ], [ 106.3421, 3.1278 ], [ 106.3283, 3.1126 ], [ 106.324, 3.1235 ], [ 106.3178, 3.1012 ] ] ], [ [ [ 106.3051, 3.2342 ], [ 106.3086, 3.2251 ], [ 106.2976, 3.2163 ], [ 106.2924, 3.2307 ], [ 106.3051, 3.2342 ] ] ], [ [ [ 106.3031, 3.2485 ], [ 106.2962, 3.2356 ], [ 106.2975, 3.2648 ], [ 106.3055, 3.2609 ], [ 106.3031, 3.2485 ] ] ], [ [ [ 106.2701, 3.2534 ], [ 106.2845, 3.2256 ], [ 106.2274, 3.2599 ], [ 106.2474, 3.2905 ], [ 106.2368, 3.3156 ], [ 106.2605, 3.3595 ], [ 106.267, 3.3404 ], [ 106.2694, 3.3816 ], [ 106.2931, 3.3846 ], [ 106.3085, 3.3664 ], [ 106.2963, 3.3416 ], [ 106.2704, 3.3403 ], [ 106.2964, 3.3248 ], [ 106.2955, 3.2796 ], [ 106.285, 3.2507 ], [ 106.2736, 3.299 ], [ 106.2616, 3.2929 ], [ 106.2701, 3.2534 ] ] ], [ [ [ 106.4089, 3.308 ], [ 106.4114, 3.2995 ], [ 106.3947, 3.2901 ], [ 106.3937, 3.3074 ], [ 106.4089, 3.308 ] ] ], [ [ [ 106.2269, 3.3126 ], [ 106.2127, 3.2979 ], [ 106.2016, 3.326 ], [ 106.1882, 3.3 ], [ 106.1719, 3.3317 ], [ 106.2025, 3.3472 ], [ 106.2001, 3.3763 ], [ 106.2279, 3.3952 ], [ 106.2153, 3.3623 ], [ 106.2393, 3.3439 ], [ 106.2269, 3.3126 ] ] ], [ [ [ 106.3447, 3.4173 ], [ 106.3384, 3.3517 ], [ 106.319, 3.3231 ], [ 106.3297, 3.4052 ], [ 106.3447, 3.4173 ] ] ] ] } },
{ "type": "Feature", "properties": { "province": "KEPULAUAN RIAU", "district": "KOTA BATAM", "id": "KEPULAUAN RIAU/KOTA BATAM", "name": "KOTA BATAM" }, "geometry": { "type": "MultiPolygon", "coordinates": [ [ [ [ 104.2142, 0.7189 ], [ 104.279, 0.6719 ], [ 104.2885, 0.6109 ], [ 104.2644, 0.6219 ], [ 104.2473, 0.6686 ], [ 104.2215, 0.6831 ], [ 104.2142, 0.7189 ] ] ], [ [ [ 104.1981, 0.6087 ], [ 104.2299, 0.5701 ], [ 104.1928, 0.5704 ], [ 104.1968, 0.5462 ], [ 104.1948, 0.545 ], [ 104.1852, 0.5882 ], [ 104.1981, 0.6087 ] ] ], [ [ [ 103.9508, 0.9234 ], [ 103.965, 0.9186 ], [ 103.9648, 0.908 ], [ 103.9522, 0.906 ], [ 103.9508, 0.9234 ] ] ], [ [ [ 103.7743, 0.9469 ], [ 103.778, 0.9395 ], [ 103.7709, 0.9311 ], [ 103.7676, 0.9462 ], [ 103.7743, 0.9469 ] ] ], [ [ [ 104.2612, 0.7934 ], [ 104.278, 0.7961 ], [ 104.2578, 0.7654 ], [ 104.2784, 0.711 ], [ 104.2594, 0.6918 ], [ 104.2187, 0.7247 ], [ 104.1965, 0.721 ], [ 104.1709, 0.7794 ], [ 104.2612, 0.7934 ] ] ], [ [ [ 104.1468, 0.855 ], [ 104.1162, 0.8772 ], [ 104.0923, 0.8702 ], [ 104.095, 0.926 ], [ 104.0779, 0.9599 ], [ 104.12, 0.9621 ], [ 104.1256, 0.9357 ], [ 104.1405, 0.9429 ], [ 104.1532, 0.8984 ], [ 104.1705, 0.8993 ], [ 104.1672, 0.8669 ], [ 104.2097, 0.8818 ], [ 104.2349, 0.8752 ], [ 104.2365, 0.86 ], [ 104.2661, 0.859 ], [ 104.2452, 0.8203 ], [ 104.2023, 0.8079 ], [ 104.178, 0.7825 ], [ 104.1468, 0.855 ] ] ], [ [ [ 104.062, 0.9677 ], [ 104.08, 0.949 ], [ 104.0681, 0.9144 ], [ 104.0452, 0.9376 ], [ 104.0455, 0.9636 ], [ 104.062, 0.9677 ] ] ], [ [ [ 104.1679, 0.9609 ], [ 104.1739, 0.9563 ], [ 104.1979, 0.9472 ], [ 104.1518, 0.9343 ], [ 104.1421, 0.9546 ], [ 104.1492, 0.9579 ], [ 104.1569, 0.9572 ], [ 104.1679, 0.9609 ] ] ], [ [ [ 104.1546, 0.9702 ], [ 104.1715, 0.9732 ], [ 104.1746, 0.9696 ], [ 104.1547, 0.9575 ], [ 104.1428, 0.974 ], [ 104.1546, 0.9702 ] ] ], [ [ [ 103.8272, 0.9953 ], [ 103.8229, 0.9989 ], [ 103.8283, 1.0057 ], [ 103.829, 0.9969 ], [ 103.8272, 0.9953 ] ] ], [ [ [ 103.7765, 1.0492 ], [ 103.7996, 1.0251 ], [ 103.7981, 0.9685 ], [ 103.7492, 1.0294 ], [ 103.7765, 1.0492 ] ] ], [ [ [ 103.9477, 0.9292 ], [ 103.9401, 0.9106 ], [ 103.839, 0.9712 ], [ 103.834, 1.0173 ], [ 103.8606, 1.0075 ], [ 103.8483, 1.0247 ], [ 103.8683, 1.0377 ], [ 103.8993, 0.9997 ], [ 103.9196, 1.0093 ], [ 103.9381, 0.9975 ], [ 103.9679, 0.9656 ], [ 103.9477, 0.9292 ] ] ], [ [ [ 104.1396, 1.0963 ], [ 104.1335, 1.0344 ], [ 104.1063, 1.0435 ], [ 104.0802, 1.0243 ], [ 104.1012, 0.9825 ], [ 104.0716, 0.9989 ], [ 104.0669, 0.9828 ], [ 104.048, 0.9993 ], [ 104.0348, 0.9802 ], [ 104.0082, 0.9858 ], [ 103.9911, 1.0173 ], [ 103.9411, 1.0092 ], [ 103.9128, 1.036 ], [ 103.8895, 1.0933 ], [ 103.9139, 1.0982 ], [ 103.9107, 1.0845 ], [ 103.9295, 1.0726 ], [ 103.9375, 1.1118 ], [ 103.92, 1.1421 ], [ 103.9951, 1.1273 ], [ 103.9901, 1.139 ], [ 103.9851, 1.1424 ], [ 103.9846, 1.1442 ], [ 104.0007, 1.15 ], [ 103.9986, 1.1805 ], [ 104.0118, 1.1899 ], [ 104.0592, 1.1602 ], [ 104.0496, 1.1393 ], [ 104.0749, 1.1201 ], [ 104.0928, 1.1561 ], [ 104.0706, 1.1622 ], [ 104.0722, 1.1863 ], [ 104.1043, 1.201 ], [ 104.149, 1.1706 ], [ 104.1396, 1.0963 ] ] ], [ [ [ 103.9056, 1.0045 ], [ 103.9075, 1.0194 ], [ 103.9195, 1.0149 ], [ 103.92, 1.0117 ], [ 103.9081, 1.008 ], [ 103.9056, 1.0045 ] ] ], [ [ [ 104.1682, 1.0659 ], [ 104.1843, 1.0502 ], [ 104.1674, 1.022 ], [ 104.155, 1.039 ], [ 104.1682, 1.0659 ] ] ], [ [ [ 104.054230681818169, 1.054010227272726 ], [ 104.055, 1.0542 ], [ 104.0566, 1.0543 ], [ 104.054230681818169, 1.054010227272726 ] ] ], [ [ [ 103.8027, 1.1011 ], [ 103.8147, 1.09 ], [ 103.8124, 1.084 ], [ 103.7916, 1.1108 ], [ 103.8027, 1.1011 ] ] ], [ [ [ 103.8892, 1.1579 ], [ 103.8926, 1.144 ], [ 103.8745, 1.1433 ], [ 103.8761, 1.1499 ], [ 103.8892, 1.1579 ] ] ], [ [ [ 103.8976, 1.1652 ], [ 103.9052, 1.1568 ], [ 103.905, 1.1551 ], [ 103.898, 1.157 ], [ 103.8976, 1.1652 ] ] ] ] } },
{ "type": "Feature", "properties": { "province": "KEPULAUAN RIAU", "district": "KOTA TANJUNGPINANG", "id": "KEPULAUAN RIAU/KOTA TANJUNGPINANG", "name": "KOTA TANJUNGPINANG" }, "geometry": { "type": "MultiPolygon", "coordinates": [ [ [ [ 104.5391, 0.8828 ], [ 104.5137, 0.8436 ], [ 104.4779, 0.8487 ], [ 104.4786, 0.8653 ], [ 104.5007, 0.8706 ], [ 104.504, 0.8777 ], [ 104.4391, 0.9059 ], [ 104.4376, 0.9255 ], [ 104.4798, 0.9306 ], [ 104.4355, 0.9413 ], [ 104.4092, 0.9632 ], [ 104.414, 0.9773 ], [ 104.4929, 0.9908 ], [ 104.5043, 0.9725 ], [ 104.5212, 0.9773 ], [ 104.52, 0.9571 ], [ 104.553, 0.9222 ], [ 104.5391, 0.8828 ] ] ], [ [ [ 104.4206, 0.9319 ], [ 104.4269, 0.9266 ], [ 104.4084, 0.9264 ], [ 104.409, 0.9298 ], [ 104.4206, 0.9319 ] ] ] ] } },
{ "type": "Feature", "properties": { "province": "KEPULAUAN RIAU", "district": "LINGGA", "id": "KEPULAUAN RIAU/LINGGA", "name": "LINGGA" }, "geometry": { "type": "MultiPolygon", "coordinates": [ [ [ [ 105.283, -1.1472 ], [ 105.3067, -1.1612 ], [ 105.3117, -1.1698 ], [ 105.2754, -1.1463 ], [ 105.283, -1.1472 ] ] ], [ [ [ 104.9333, -0.7844 ], [ 104.9254, -0.7803 ], [ 104.9346, -0.7723 ], [ 104.9351, -0.7757 ], [ 104.9333, -0.7844 ] ] ], [ [ [ 104.3835, -0.6539 ], [ 104.3891, -0.667 ], [ 104.3575, -0.6812 ], [ 104.3198, -0.5376 ], [ 104.2444, -0.4854 ], [ 104.2598, -0.4754 ], [ 104.2773, -0.3962 ], [ 104.3115, -0.3887 ], [ 104.3243, -0.3396 ], [ 104.3376, -0.3881 ], [ 104.3104, -0.4174 ], [ 104.3461, -0.4463 ], [ 104.3656, -0.4139 ], [ 104.4272, -0.3874 ], [ 104.4409, -0.3395 ], [ 104.4826, -0.3354 ], [ 104.4944, -0.3563 ], [ 104.5391, -0.371 ], [ 104.5743, -0.4458 ], [ 104.602, -0.4688 ], [ 104.591, -0.4957 ], [ 104.5652, -0.5018 ], [ 104.5351, -0.5392 ], [ 104.5046, -0.6433 ], [ 104.4572, -0.6223 ], [ 104.4345, -0.5824 ], [ 104.3973, -0.6016 ], [ 104.3835, -0.6539 ] ] ], [ [ [ 104.2056, -0.4246 ], [ 104.2146, -0.3989 ], [ 104.2293, -0.3935 ], [ 104.2233, -0.4296 ], [ 104.2056, -0.4246 ] ] ], [ [ [ 104.2028, -0.3737 ], [ 104.2296, -0.3644 ], [ 104.2338, -0.3868 ], [ 104.186, -0.3887 ], [ 104.1717, -0.3713 ], [ 104.1861, -0.3606 ], [ 104.2028, -0.3737 ] ] ], [ [ [ 104.4452, -0.284 ], [ 104.4828, -0.2823 ], [ 104.4855, -0.3175 ], [ 104.42, -0.3241 ], [ 104.386, -0.2981 ], [ 104.4046, -0.2804 ], [ 104.4452, -0.284 ] ] ], [ [ [ 104.8799, -0.3214 ], [ 104.8374, -0.3155 ], [ 104.8246, -0.2916 ], [ 104.7894, -0.2793 ], [ 104.7899, -0.2625 ], [ 104.7572, -0.2572 ], [ 104.7529, -0.2337 ], [ 104.6995, -0.2047 ], [ 104.648, -0.2173 ], [ 104.5991, -0.2513 ], [ 104.5691, -0.2393 ], [ 104.522, -0.2758 ], [ 104.4981, -0.2414 ], [ 104.4295, -0.2369 ], [ 104.4272, -0.1834 ], [ 104.4757, -0.1573 ], [ 104.4704, -0.1361 ], [ 104.5059, -0.1286 ], [ 104.4985, -0.0027 ], [ 104.5482, -0.0276 ], [ 104.5361, -0.0111 ], [ 104.5548, 0.0038 ], [ 104.5519, 0.0307 ], [ 104.6546, -0.0525 ], [ 104.6696, -0.081 ], [ 104.6281, -0.0764 ], [ 104.6343, -0.1 ], [ 104.6683, -0.1171 ], [ 104.6615, -0.0926 ], [ 104.6841, -0.0844 ], [ 104.7341, -0.1409 ], [ 104.7573, -0.1956 ], [ 104.8211, -0.2011 ], [ 104.8137, -0.1547 ], [ 104.8282, -0.1341 ], [ 104.9254, -0.2545 ], [ 104.966, -0.2801 ], [ 104.9991, -0.2805 ], [ 105.0013, -0.3044 ], [ 104.9853, -0.3091 ], [ 104.9163, -0.2779 ], [ 104.9, -0.2982 ], [ 104.9289, -0.3266 ], [ 104.914, -0.3374 ], [ 104.8799, -0.3214 ] ] ], [ [ [ 104.6363, -0.2734 ], [ 104.6336, -0.2727 ], [ 104.6321, -0.2672 ], [ 104.6377, -0.2697 ], [ 104.6363, -0.2734 ] ] ], [ [ [ 104.47, 0.0992 ], [ 104.4922, 0.0585 ], [ 104.4865, 0.0448 ], [ 104.4627, 0.0563 ], [ 104.4949, 0.0144 ], [ 104.4668, 0.0261 ], [ 104.378, 0.1238 ], [ 104.432, 0.0891 ], [ 104.3975, 0.1425 ], [ 104.4026, 0.162 ], [ 104.47, 0.0992 ] ] ], [ [ [ 104.6637, 0.0738 ], [ 104.7054, 0.0454 ], [ 104.7015, 0.0182 ], [ 104.6728, 0.0279 ], [ 104.6813, 0.0398 ], [ 104.6262, 0.0983 ], [ 104.6211, 0.0876 ], [ 104.6031, 0.1014 ], [ 104.6184, 0.081 ], [ 104.6034, 0.082 ], [ 104.5622, 0.1182 ], [ 104.5463, 0.1465 ], [ 104.5692, 0.1356 ], [ 104.57, 0.1424 ], [ 104.5452, 0.1682 ], [ 104.5495, 0.1543 ], [ 104.5363, 0.1516 ], [ 104.5061, 0.1908 ], [ 104.5292, 0.1886 ], [ 104.4766, 0.2401 ], [ 104.4904, 0.2452 ], [ 104.53, 0.2135 ], [ 104.5178, 0.2461 ], [ 104.6637, 0.0738 ] ] ], [ [ [ 104.5054, 0.1376 ], [ 104.5177, 0.124 ], [ 104.5165, 0.1094 ], [ 104.4891, 0.1424 ], [ 104.5054, 0.1376 ] ] ], [ [ [ 104.2315, 0.2006 ], [ 104.2414, 0.1766 ], [ 104.2297, 0.1554 ], [ 104.2007, 0.1667 ], [ 104.2315, 0.2006 ] ] ], [ [ [ 104.3481, 0.312 ], [ 104.3684, 0.3062 ], [ 104.3866, 0.274 ], [ 104.3546, 0.2789 ], [ 104.3254, 0.3273 ], [ 104.3481, 0.312 ] ] ], [ [ [ 104.3977, 0.3155 ], [ 104.3967, 0.3133 ], [ 104.4083, 0.3071 ], [ 104.4107, 0.309 ], [ 104.4203, 0.298 ], [ 104.3932, 0.2878 ], [ 104.3899, 0.3095 ], [ 104.3827, 0.2967 ], [ 104.3777, 0.3168 ], [ 104.3542, 0.3137 ], [ 104.3381, 0.3398 ], [ 104.38, 0.3483 ], [ 104.4347, 0.3088 ], [ 104.3977, 0.3155 ] ] ], [ [ [ 104.5167, 0.4304 ], [ 104.5624, 0.412 ], [ 104.5293, 0.4052 ], [ 104.5329, 0.3607 ], [ 104.5167, 0.4304 ] ] ], [ [ [ 104.4073, 0.4738 ], [ 104.4204, 0.4692 ], [ 104.4266, 0.4592 ], [ 104.4015, 0.4627 ], [ 104.4073, 0.4738 ] ] ], [ [ [ 104.4722, 0.3607 ], [ 104.4817, 0.3574 ], [ 104.4906, 0.3462 ], [ 104.4599, 0.3486 ], [ 104.4722, 0.3607 ] ] ], [ [ [ 104.4313, 0.3844 ], [ 104.4347, 0.3727 ], [ 104.4103, 0.3745 ], [ 104.4135, 0.3826 ], [ 104.4313, 0.3844 ] ] ] ] } },
{ "type": "Feature", "properties": { "province": "KEPULAUAN RIAU", "district": "NATUNA", "id": "KEPULAUAN RIAU/NATUNA", "name": "NATUNA" }, "geometry": { "type": "MultiPolygon", "coordinates": [ [ [ [ 108.9507, 2.5009 ], [ 108.9554, 2.481 ], [ 108.9418, 2.4795 ], [ 108.9396, 2.4962 ], [ 108.9507, 2.5009 ] ] ], [ [ [ 109.0454, 2.4927 ], [ 109.007, 2.4895 ], [ 109.0338, 2.5153 ], [ 109.0053, 2.5321 ], [ 108.9793, 2.5211 ], [ 108.976, 2.5554 ], [ 109.0074, 2.56 ], [ 109.0777, 2.5208 ], [ 109.1208, 2.53 ], [ 109.1183, 2.5078 ], [ 109.0897, 2.4889 ], [ 109.0947, 2.5001 ], [ 109.0454, 2.4927 ] ] ], [ [ [ 108.8818, 2.6981 ], [ 108.8767, 2.7003 ], [ 108.8773, 2.7058 ], [ 108.8849, 2.7018 ], [ 108.8818, 2.6981 ] ] ], [ [ [ 108.9224, 2.7673 ], [ 108.9119, 2.7338 ], [ 108.8867, 2.7268 ], [ 108.9176, 2.7571 ], [ 108.9224, 2.7673 ] ] ], [ [ [ 108.8319, 2.8464 ], [ 108.7918, 2.8596 ], [ 108.7743, 2.8921 ], [ 108.8346, 2.9449 ], [ 108.8422, 3.002 ], [ 108.8776, 3.0089 ], [ 108.8903, 2.9981 ], [ 108.8757, 2.9409 ], [ 108.8853, 2.8751 ], [ 108.8644, 2.8787 ], [ 108.8319, 2.8464 ] ] ], [ [ [ 107.7918, 2.9785 ], [ 107.7569, 2.9723 ], [ 107.7482, 3.0066 ], [ 107.798, 3.0172 ], [ 107.814, 2.9805 ], [ 107.7918, 2.9785 ] ] ], [ [ [ 108.8556, 3.0133 ], [ 108.8431, 3.012 ], [ 108.8408, 3.0546 ], [ 108.8688, 3.0428 ], [ 108.8704, 3.021 ], [ 108.8556, 3.0133 ] ] ], [ [ [ 108.048, 3.5798 ], [ 108.0486, 3.5614 ], [ 108.0432, 3.5567 ], [ 108.0326, 3.5738 ], [ 108.0433, 3.5933 ], [ 108.048, 3.5798 ] ] ], [ [ [ 108.1046, 3.6075 ], [ 108.1039, 3.5858 ], [ 108.088, 3.5979 ], [ 108.0673, 3.5857 ], [ 108.0957, 3.6358 ], [ 108.1046, 3.6075 ] ] ], [ [ [ 108.155, 3.6304 ], [ 108.1437, 3.6645 ], [ 108.091, 3.6787 ], [ 108.1218, 3.7467 ], [ 108.1493, 3.7401 ], [ 108.154, 3.7648 ], [ 108.1993, 3.7817 ], [ 108.2762, 3.7105 ], [ 108.255, 3.761 ], [ 108.2237, 3.7828 ], [ 108.235, 3.7916 ], [ 108.2334, 3.8173 ], [ 108.2183, 3.8288 ], [ 108.2232, 3.7886 ], [ 108.0629, 3.8343 ], [ 108.0192, 3.8783 ], [ 108.0276, 3.9072 ], [ 107.9888, 3.9431 ], [ 107.9938, 3.9821 ], [ 107.9619, 4.0016 ], [ 108.0141, 4.0271 ], [ 108.0261, 4.0532 ], [ 108.0739, 4.0674 ], [ 108.0894, 4.1033 ], [ 108.146, 4.1372 ], [ 108.2192, 4.2302 ], [ 108.2425, 4.2148 ], [ 108.2244, 4.1844 ], [ 108.2336, 4.1281 ], [ 108.2656, 4.0913 ], [ 108.2986, 4.0869 ], [ 108.295, 4.0548 ], [ 108.3459, 4.0158 ], [ 108.3466, 3.9987 ], [ 108.4034, 3.9644 ], [ 108.382, 3.9316 ], [ 108.3905, 3.896 ], [ 108.3623, 3.9037 ], [ 108.3526, 3.8738 ], [ 108.367, 3.8928 ], [ 108.3773, 3.8545 ], [ 108.4077, 3.8866 ], [ 108.3989, 3.8607 ], [ 108.41, 3.8587 ], [ 108.3869, 3.7935 ], [ 108.3097, 3.7308 ], [ 108.296, 3.6577 ], [ 108.2017, 3.6594 ], [ 108.155, 3.6304 ] ] ], [ [ [ 108.0467, 3.6664 ], [ 108.08, 3.657 ], [ 108.069, 3.6344 ], [ 108.0501, 3.6315 ], [ 108.0467, 3.6664 ] ] ], [ [ [ 107.864, 4.1575 ], [ 107.8624, 4.1258 ], [ 107.841, 4.1133 ], [ 107.846, 4.1389 ], [ 107.864, 4.1575 ] ] ], [ [ [ 107.9859, 4.6998 ], [ 107.9648, 4.6686 ], [ 107.9272, 4.6822 ], [ 108.007, 4.775 ], [ 107.9859, 4.6998 ] ] ] ] } },
{ "type": "Feature", "properties": { "province": "LAMPUNG", "district": "KOTA BANDAR LAMPUNG", "id": "LAMPUNG/KOTA BANDAR LAMPUNG", "name": "KOTA BANDAR LAMPUNG" }, "geometry": { "type": "Polygon", "coordinates": [ [ [ 105.3371, -5.4869 ], [ 105.3594, -5.5144 ], [ 105.347, -5.522 ], [ 105.2898, -5.445 ], [ 105.2548, -5.4612 ], [ 105.2521, -5.4916 ], [ 105.2285, -5.4949 ], [ 105.2046, -5.4213 ], [ 105.1755, -5.4075 ], [ 105.2532, -5.3353 ], [ 105.267, -5.3554 ], [ 105.2934, -5.3478 ], [ 105.2869, -5.3617 ], [ 105.3057, -5.3585 ], [ 105.342, -5.4196 ], [ 105.3273, -5.4516 ], [ 105.3371, -5.4869 ] ] ] } },
{ "type": "Feature", "properties": { "province": "LAMPUNG", "district": "KOTA METRO", "id": "LAMPUNG/KOTA METRO", "name": "KOTA METRO" }, "geometry": { "type": "Polygon", "coordinates": [ [ [ 105.3066, -5.1791 ], [ 105.2761, -5.18 ], [ 105.275, -5.1594 ], [ 105.2624, -5.1589 ], [ 105.2905, -5.1093 ], [ 105.2695, -5.0968 ], [ 105.3186, -5.0516 ], [ 105.3163, -5.0756 ], [ 105.3588, -5.0672 ], [ 105.3321, -5.0909 ], [ 105.3481, -5.1035 ], [ 105.3235, -5.1284 ], [ 105.331, -5.1681 ], [ 105.3066, -5.1791 ] ] ] } },
{ "type": "Feature", "properties": { "province": "LAMPUNG", "district": "LAMPUNG BARAT", "id": "LAMPUNG/LAMPUNG BARAT", "name": "LAMPUNG BARAT" }, "geometry": { "type": "Polygon", "coordinates": [ [ [ 104.3792, -5.3372 ], [ 104.349, -5.3816 ], [ 104.2864, -5.3143 ], [ 104.2046, -5.2034 ], [ 104.2117, -5.1715 ], [ 104.2449, -5.1721 ], [ 104.2215, -5.163 ], [ 104.2223, -5.1313 ], [ 104.1371, -5.0864 ], [ 104.1316, -5.0356 ], [ 104.0863, -5.1158 ], [ 104.0583, -5.0921 ], [ 104.0168, -5.093 ], [ 104.0121, -5.0245 ], [ 103.9406, -4.9773 ], [ 103.8724, -4.9646 ], [ 103.8201, -4.9062 ], [ 103.8176, -4.8753 ], [ 103.8747, -4.8842 ], [ 103.8525, -4.9233 ], [ 103.8853, -4.9277 ], [ 103.9159, -4.96 ], [ 103.9147, -4.9142 ], [ 103.9337, -4.9006 ], [ 104.0138, -4.9079 ], [ 104.0576, -4.89 ], [ 104.0885, -4.9166 ], [ 104.1411, -4.9231 ], [ 104.1437, -4.9587 ], [ 104.1747, -4.9606 ], [ 104.1901, -4.9437 ], [ 104.1627, -4.922 ], [ 104.1944, -4.862 ], [ 104.2197, -4.86 ], [ 104.2191, -4.8944 ], [ 104.2865, -4.8815 ], [ 104.2871, -4.856 ], [ 104.3036, -4.8804 ], [ 104.3799, -4.9181 ], [ 104.3939, -4.902 ], [ 104.3576, -4.891 ], [ 104.3589, -4.8702 ], [ 104.4109, -4.8656 ], [ 104.4418, -4.9442 ], [ 104.4758, -4.9323 ], [ 104.4992, -4.9437 ], [ 104.499, -5.0161 ], [ 104.5695, -5.0237 ], [ 104.5804, -5.0583 ], [ 104.4391, -5.1745 ], [ 104.4059, -5.1687 ], [ 104.3792, -5.3372 ] ] ] } },
{ "type": "Feature", "properties": { "province": "LAMPUNG", "district": "LAMPUNG SELATAN", "id": "LAMPUNG/LAMPUNG SELATAN", "name": "LAMPUNG SELATAN" }, "geometry": { "type": "MultiPolygon", "coordinates": [ [ [ [ 105.7839, -5.8148 ], [ 105.7177, -5.9087 ], [ 105.7046, -5.8489 ], [ 105.6041, -5.8312 ], [ 105.5789, -5.7883 ], [ 105.5894, -5.7367 ], [ 105.5545, -5.6993 ], [ 105.5611, -5.6705 ], [ 105.5362, -5.6707 ], [ 105.5229, -5.6965 ], [ 105.5024, -5.6691 ], [ 105.4118, -5.6243 ], [ 105.3809, -5.5846 ], [ 105.3471, -5.5219 ], [ 105.3594, -5.5144 ], [ 105.3315, -5.4797 ], [ 105.3273, -5.4516 ], [ 105.3486, -5.4121 ], [ 105.3248, -5.4069 ], [ 105.3057, -5.3585 ], [ 105.2919, -5.3678 ], [ 105.2944, -5.3484 ], [ 105.267, -5.3554 ], [ 105.2532, -5.3353 ], [ 105.2195, -5.3655 ], [ 105.1778, -5.328 ], [ 105.1089, -5.3113 ], [ 105.1414, -5.2587 ], [ 105.1768, -5.2772 ], [ 105.1615, -5.2294 ], [ 105.1691, -5.2028 ], [ 105.2402, -5.1712 ], [ 105.2447, -5.1826 ], [ 105.2761, -5.18 ], [ 105.3008, -5.2292 ], [ 105.3261, -5.2077 ], [ 105.3468, -5.2405 ], [ 105.3685, -5.2134 ], [ 105.4201, -5.2119 ], [ 105.3989, -5.2261 ], [ 105.4342, -5.2318 ], [ 105.4285, -5.2461 ], [ 105.4578, -5.2435 ], [ 105.4554, -5.2788 ], [ 105.4146, -5.2809 ], [ 105.4171, -5.3131 ], [ 105.4659, -5.3074 ], [ 105.4849, -5.2892 ], [ 105.5324, -5.3444 ], [ 105.5213, -5.4754 ], [ 105.5412, -5.4516 ], [ 105.5863, -5.4481 ], [ 105.5822, -5.4875 ], [ 105.6311, -5.4983 ], [ 105.6326, -5.5535 ], [ 105.6587, -5.5633 ], [ 105.6571, -5.5843 ], [ 105.6812, -5.613 ], [ 105.6896, -5.597 ], [ 105.7338, -5.6131 ], [ 105.7487, -5.5882 ], [ 105.7744, -5.6211 ], [ 105.7931, -5.614 ], [ 105.8054, -5.583 ], [ 105.8271, -5.5813 ], [ 105.7923, -5.7163 ], [ 105.7993, -5.7956 ], [ 105.7839, -5.8148 ] ] ], [ [ [ 105.502, -5.9233 ], [ 105.5161, -5.9406 ], [ 105.507, -5.9635 ], [ 105.4675, -5.9643 ], [ 105.4677, -5.9364 ], [ 105.502, -5.9233 ] ] ] ] } },
{ "type": "Feature", "properties": { "province": "LAMPUNG", "district": "LAMPUNG TENGAH", "id": "LAMPUNG/LAMPUNG TENGAH", "name": "LAMPUNG TENGAH" }, "geometry": { "type": "MultiPolygon", "coordinates": [ [ [ [ 104.9385, -5.261 ], [ 104.9135, -5.2671 ], [ 104.898, -5.2431 ], [ 104.8841, -5.2512 ], [ 104.8618, -5.2145 ], [ 104.7945, -5.171 ], [ 104.7822, -5.1414 ], [ 104.7668, -5.1492 ], [ 104.728, -5.1332 ], [ 104.6994, -5.1672 ], [ 104.6687, -5.1728 ], [ 104.6371, -5.1505 ], [ 104.5853, -5.1486 ], [ 104.5603, -5.1135 ], [ 104.5329, -5.1071 ], [ 104.5804, -5.0576 ], [ 104.6074, -5.0844 ], [ 104.6366, -5.0889 ], [ 104.6828, -5.0845 ], [ 104.6979, -5.0636 ], [ 104.7781, -5.0656 ], [ 104.8006, -5.0391 ], [ 104.825, -5.0446 ], [ 104.8344, -5.0142 ], [ 104.8789, -4.9895 ], [ 104.9067, -5.026 ], [ 104.9313, -5.0264 ], [ 104.9456, -5.0764 ], [ 104.9499, -5.0352 ], [ 104.9915, -5.0018 ], [ 105.0143, -5.043 ], [ 105.0247, -4.9532 ], [ 105.0524, -4.9166 ], [ 105.1034, -4.8893 ], [ 105.0978, -4.8707 ], [ 105.0594, -4.87 ], [ 105.1206, -4.7711 ], [ 105.1383, -4.6797 ], [ 105.1559, -4.6771 ], [ 105.1824, -4.6389 ], [ 105.1764, -4.6205 ], [ 105.2105, -4.6108 ], [ 105.214, -4.6379 ], [ 105.2618, -4.6357 ], [ 105.3789, -4.5165 ], [ 105.412, -4.5185 ], [ 105.4922, -4.4826 ], [ 105.5343, -4.5206 ], [ 105.5714, -4.5192 ], [ 105.5813, -4.5353 ], [ 105.5892, -4.5145 ], [ 105.6208, -4.5178 ], [ 105.6269, -4.4884 ], [ 105.6433, -4.4811 ], [ 105.6461, -4.5089 ], [ 105.6824, -4.4853 ], [ 105.7082, -4.528 ], [ 105.7314, -4.5373 ], [ 105.7522, -4.5214 ], [ 105.7736, -4.5324 ], [ 105.7717, -4.5534 ], [ 105.798, -4.5571 ], [ 105.8049, -4.5857 ], [ 105.7788, -4.6053 ], [ 105.7852, -4.6573 ], [ 105.7675, -4.6677 ], [ 105.7712, -4.6777 ], [ 105.8174, -4.6635 ], [ 105.8147, -4.6957 ], [ 105.7486, -4.6812 ], [ 105.7545, -4.7312 ], [ 105.7371, -4.7459 ], [ 105.7195, -4.7352 ], [ 105.6824, -4.7467 ], [ 105.6784, -4.7826 ], [ 105.6496, -4.7938 ], [ 105.6377, -4.8515 ], [ 105.6024, -4.8537 ], [ 105.5903, -4.8823 ], [ 105.5548, -4.8727 ], [ 105.454, -4.9049 ], [ 105.4288, -4.8938 ], [ 105.3994, -4.9281 ], [ 105.4144, -4.968 ], [ 105.3454, -4.9642 ], [ 105.3306, -4.9809 ], [ 105.3231, -5.0067 ], [ 105.363, -5.0119 ], [ 105.3659, -5.0288 ], [ 105.3062, -5.0572 ], [ 105.2695, -5.0968 ], [ 105.2905, -5.1093 ], [ 105.2619, -5.1615 ], [ 105.2393, -5.1698 ], [ 105.1796, -5.1208 ], [ 105.1471, -5.1567 ], [ 105.0947, -5.1653 ], [ 105.1, -5.137 ], [ 105.0864, -5.1436 ], [ 105.0838, -5.1242 ], [ 105.0438, -5.1507 ], [ 105.065, -5.1682 ], [ 105.0291, -5.224 ], [ 104.9385, -5.261 ] ] ], [ [ [ 104.7151, -4.9216 ], [ 104.7223, -4.9459 ], [ 104.6884, -4.9554 ], [ 104.6748, -4.9295 ], [ 104.7028, -4.9084 ], [ 104.7151, -4.9216 ] ] ], [ [ [ 104.8762, -4.9749 ], [ 104.8536, -5.0004 ], [ 104.8189, -5.0131 ], [ 104.8067, -5.0026 ], [ 104.8762, -4.9749 ] ] ], [ [ [ 104.9372, -4.9832 ], [ 104.9228, -4.9897 ], [ 104.9049, -4.9675 ], [ 104.9247, -4.9245 ], [ 104.9649, -4.9126 ], [ 104.9936, -4.9293 ], [ 105.0041, -4.9581 ], [ 104.9897, -4.9771 ], [ 104.9693, -4.9899 ], [ 104.9372, -4.9832 ] ] ], [ [ [ 104.9245, -4.8513 ], [ 104.9353, -4.9017 ], [ 104.9177, -4.9249 ], [ 104.9012, -4.8935 ], [ 104.9245, -4.8513 ] ] ], [ [ [ 104.8956, -4.8465 ], [ 104.8911, -4.859 ], [ 104.8785, -4.8566 ], [ 104.8792, -4.8468 ], [ 104.8956, -4.8465 ] ] ], [ [ [ 104.5226, -4.821 ], [ 104.4969, -4.8476 ], [ 104.4985, -4.8193 ], [ 104.5211, -4.8199 ], [ 104.5339, -4.8 ], [ 104.5701, -4.8289 ], [ 104.5226, -4.821 ] ] ], [ [ [ 105.0577, -4.8145 ], [ 105.0502, -4.8549 ], [ 105.0203, -4.842 ], [ 105.0316, -4.817 ], [ 105.0577, -4.8145 ] ] ], [ [ [ 104.7728, -4.8228 ], [ 104.7687, -4.8408 ], [ 104.7492, -4.8162 ], [ 104.7737, -4.7832 ], [ 104.7858, -4.8136 ], [ 104.7728, -4.8228 ] ] ], [ [ [ 104.625, -4.7511 ], [ 104.6418, -4.7741 ], [ 104.6236, -4.7999 ], [ 104.6068, -4.7858 ], [ 104.625, -4.7511 ] ] ], [ [ [ 105.0797, -4.7488 ], [ 105.0603, -4.7805 ], [ 105.0304, -4.7793 ], [ 105.0455, -4.7475 ], [ 105.0797, -4.7488 ] ] ], [ [ [ 104.448, -4.7268 ], [ 104.4566, -4.7311 ], [ 104.4328, -4.7651 ], [ 104.4209, -4.7521 ], [ 104.448, -4.7268 ] ] ], [ [ [ 104.7082, -4.7354 ], [ 104.7209, -4.7497 ], [ 104.6773, -4.7553 ], [ 104.6742, -4.7491 ], [ 104.7082, -4.7354 ] ] ], [ [ [ 104.9081, -4.7244 ], [ 104.927, -4.7593 ], [ 104.9042, -4.7663 ], [ 104.8756, -4.7047 ], [ 104.8951, -4.681 ], [ 104.9081, -4.7244 ] ] ], [ [ [ 105.0455, -4.6809 ], [ 105.0502, -4.6872 ], [ 105.0393, -4.7127 ], [ 105.0227, -4.7027 ], [ 105.037, -4.6702 ], [ 105.0455, -4.6809 ] ] ], [ [ [ 104.3881, -4.6733 ], [ 104.3891, -4.686 ], [ 104.3715, -4.6881 ], [ 104.3705, -4.6722 ], [ 104.3881, -4.6733 ] ] ], [ [ [ 104.7883, -4.6499 ], [ 104.7861, -4.6683 ], [ 104.7348, -4.664 ], [ 104.7394, -4.6508 ], [ 104.7883, -4.6499 ] ] ], [ [ [ 104.7043, -4.6264 ], [ 104.6811, -4.6534 ], [ 104.6608, -4.6459 ], [ 104.6671, -4.629 ], [ 104.7043, -4.6264 ] ] ], [ [ [ 104.6692, -4.6152 ], [ 104.6421, -4.6443 ], [ 104.6232, -4.6187 ], [ 104.6607, -4.6108 ], [ 104.6692, -4.6152 ] ] ], [ [ [ 104.798, -4.6462 ], [ 104.8111, -4.6316 ], [ 104.8146, -4.6211 ], [ 104.8154, -4.6512 ], [ 104.798, -4.6462 ] ] ], [ [ [ 104.6091, -4.6087 ], [ 104.5852, -4.6053 ], [ 104.6032, -4.5636 ], [ 104.6313, -4.6041 ], [ 104.6091, -4.6087 ] ] ], [ [ [ 104.9378, -4.5821 ], [ 104.9419, -4.6005 ], [ 104.918, -4.6051 ], [ 104.9193, -4.5616 ], [ 104.9467, -4.5625 ], [ 104.9378, -4.5821 ] ] ], [ [ [ 104.7167, -4.5368 ], [ 104.692, -4.5538 ], [ 104.6729, -4.5533 ], [ 104.7086, -4.5015 ], [ 104.7225, -4.5163 ], [ 104.7167, -4.5368 ] ] ], [ [ [ 104.6303, -4.3913 ], [ 104.6433, -4.4247 ], [ 104.6309, -4.4288 ], [ 104.6084, -4.4033 ], [ 104.6303, -4.3913 ] ] ] ] } },
{ "type": "Feature", "properties": { "province": "LAMPUNG", "district": "LAMPUNG TIMUR", "id": "LAMPUNG/LAMPUNG TIMUR", "name": "LAMPUNG TIMUR" }, "geometry": { "type": "Polygon", "coordinates": [ [ [ 105.7901, -5.5992 ], [ 105.7935, -5.6135 ], [ 105.7738, -5.6212 ], [ 105.7487, -5.5882 ], [ 105.7269, -5.6155 ], [ 105.7029, -5.5984 ], [ 105.6717, -5.6095 ], [ 105.6587, -5.5633 ], [ 105.6326, -5.5535 ], [ 105.6311, -5.4983 ], [ 105.5822, -5.4875 ], [ 105.5863, -5.4481 ], [ 105.5412, -5.4516 ], [ 105.5213, -5.4754 ], [ 105.5324, -5.3444 ], [ 105.4849, -5.2892 ], [ 105.4659, -5.3074 ], [ 105.4171, -5.3131 ], [ 105.4146, -5.2809 ], [ 105.4554, -5.2788 ], [ 105.4578, -5.2435 ], [ 105.4285, -5.2461 ], [ 105.4342, -5.2318 ], [ 105.3989, -5.2261 ], [ 105.4201, -5.2119 ], [ 105.3685, -5.2134 ], [ 105.3468, -5.2405 ], [ 105.3261, -5.2077 ], [ 105.3008, -5.2292 ], [ 105.2805, -5.2084 ], [ 105.2771, -5.1792 ], [ 105.331, -5.1681 ], [ 105.3235, -5.1284 ], [ 105.3481, -5.1035 ], [ 105.3321, -5.0909 ], [ 105.3588, -5.0672 ], [ 105.3107, -5.0691 ], [ 105.366, -5.0284 ], [ 105.363, -5.0119 ], [ 105.3231, -5.0067 ], [ 105.3284, -4.985 ], [ 105.3454, -4.9642 ], [ 105.4144, -4.968 ], [ 105.3994, -4.9281 ], [ 105.4316, -4.8917 ], [ 105.454, -4.9049 ], [ 105.5076, -4.8815 ], [ 105.5753, -4.8783 ], [ 105.5884, -4.89 ], [ 105.5549, -4.9338 ], [ 105.5657, -4.9384 ], [ 105.5484, -4.9493 ], [ 105.5422, -4.9964 ], [ 105.6168, -5.0111 ], [ 105.6837, -5.0521 ], [ 105.7161, -5.1492 ], [ 105.7946, -5.1537 ], [ 105.8337, -5.2201 ], [ 105.8525, -5.2223 ], [ 105.8517, -5.2551 ], [ 105.8632, -5.2577 ], [ 105.82, -5.3282 ], [ 105.8201, -5.5724 ], [ 105.7901, -5.5992 ] ] ] } },
{ "type": "Feature", "properties": { "province": "LAMPUNG", "district": "LAMPUNG UTARA", "id": "LAMPUNG/LAMPUNG UTARA", "name": "LAMPUNG UTARA" }, "geometry": { "type": "MultiPolygon", "coordinates": [ [ [ [ 105.0015, -5.1528 ], [ 105.0123, -5.1562 ], [ 105.0043, -5.1687 ], [ 104.9745, -5.1596 ], [ 105.0015, -5.1528 ] ] ], [ [ [ 105.0761, -5.16 ], [ 105.065, -5.1682 ], [ 105.0438, -5.1507 ], [ 105.0805, -5.1307 ], [ 105.0761, -5.16 ] ] ], [ [ [ 105.3055, -5.043 ], [ 105.2996, -5.0539 ], [ 105.2802, -5.0544 ], [ 105.2889, -5.0323 ], [ 105.3055, -5.043 ] ] ], [ [ [ 104.9967, -5.0609 ], [ 104.9803, -5.0768 ], [ 104.9719, -5.0658 ], [ 104.9908, -5.0489 ], [ 104.9967, -5.0609 ] ] ], [ [ [ 105.0981, -5.1004 ], [ 105.0898, -5.1166 ], [ 105.0724, -5.1132 ], [ 105.0647, -5.0823 ], [ 105.0981, -5.1004 ] ] ], [ [ [ 105.0023, -5.0852 ], [ 105.0076, -5.1021 ], [ 104.9617, -5.1375 ], [ 104.9731, -5.1034 ], [ 105.0023, -5.0852 ] ] ], [ [ [ 104.7809, -5.0154 ], [ 104.7822, -5.0415 ], [ 104.7687, -5.0333 ], [ 104.7124, -5.0699 ], [ 104.6973, -5.0638 ], [ 104.6828, -5.0845 ], [ 104.6074, -5.0844 ], [ 104.606, -5.0572 ], [ 104.633, -5.0309 ], [ 104.7066, -5.0169 ], [ 104.6745, -4.9732 ], [ 104.6359, -4.9539 ], [ 104.611, -4.9543 ], [ 104.5684, -5.0251 ], [ 104.4995, -5.0166 ], [ 104.5009, -4.955 ], [ 104.5507, -4.8533 ], [ 104.5054, -4.8791 ], [ 104.5026, -4.8599 ], [ 104.5195, -4.8546 ], [ 104.5312, -4.8202 ], [ 104.6112, -4.8314 ], [ 104.6661, -4.8102 ], [ 104.6522, -4.7983 ], [ 104.6232, -4.8124 ], [ 104.6451, -4.7528 ], [ 104.6177, -4.7171 ], [ 104.6425, -4.6606 ], [ 104.6595, -4.658 ], [ 104.6422, -4.6359 ], [ 104.6988, -4.5966 ], [ 104.6955, -4.5554 ], [ 104.814, -4.5845 ], [ 104.8742, -4.5438 ], [ 104.9065, -4.5527 ], [ 104.9673, -4.5279 ], [ 104.994, -4.5819 ], [ 104.9995, -4.6599 ], [ 105.037, -4.6702 ], [ 105.0227, -4.7027 ], [ 105.0393, -4.7127 ], [ 105.0502, -4.6872 ], [ 105.0693, -4.7086 ], [ 105.1197, -4.7201 ], [ 105.1228, -4.7659 ], [ 105.0771, -4.747 ], [ 105.0335, -4.7611 ], [ 105.0304, -4.7793 ], [ 105.0603, -4.7805 ], [ 105.0979, -4.8136 ], [ 105.0533, -4.8726 ], [ 105.0525, -4.9268 ], [ 105.0106, -4.9894 ], [ 105.0143, -5.043 ], [ 104.9915, -5.0018 ], [ 104.9499, -5.0352 ], [ 104.9519, -5.0763 ], [ 104.9456, -5.0764 ], [ 104.9313, -5.0264 ], [ 104.9039, -5.0203 ], [ 104.9195, -5.0026 ], [ 104.9105, -4.988 ], [ 104.9693, -4.9899 ], [ 105.0041, -4.9581 ], [ 104.9936, -4.9293 ], [ 104.9649, -4.9126 ], [ 104.9246, -4.9246 ], [ 104.9023, -4.9849 ], [ 104.8551, -5.0013 ], [ 104.8766, -4.9763 ], [ 104.86, -4.971 ], [ 104.7809, -5.0154 ] ] ], [ [ [ 105.1033, -4.8885 ], [ 105.097, -4.8951 ], [ 105.0766, -4.8882 ], [ 105.0996, -4.8775 ], [ 105.1033, -4.8885 ] ] ], [ [ [ 104.5605, -4.7853 ], [ 104.5385, -4.7884 ], [ 104.5645, -4.7646 ], [ 104.5672, -4.7768 ], [ 104.5927, -4.7723 ], [ 104.5875, -4.7884 ], [ 104.5605, -4.7853 ] ] ], [ [ [ 105.2626, -4.8003 ], [ 105.2452, -4.8062 ], [ 105.2378, -4.7785 ], [ 105.2546, -4.7718 ], [ 105.2286, -4.7417 ], [ 105.2585, -4.7391 ], [ 105.2626, -4.8003 ] ] ], [ [ [ 105.2276, -4.7715 ], [ 105.2114, -4.7875 ], [ 105.1804, -4.7768 ], [ 105.2285, -4.7485 ], [ 105.2387, -4.7587 ], [ 105.2276, -4.7715 ] ] ], [ [ [ 104.5424, -4.7339 ], [ 104.5409, -4.7485 ], [ 104.5233, -4.7494 ], [ 104.5054, -4.7299 ], [ 104.5424, -4.7339 ] ] ], [ [ [ 104.4106, -4.7219 ], [ 104.3984, -4.7546 ], [ 104.3717, -4.7315 ], [ 104.3883, -4.7153 ], [ 104.4106, -4.7107 ], [ 104.4106, -4.7219 ] ] ], [ [ [ 105.8147, -4.6957 ], [ 105.8047, -4.7234 ], [ 105.8153, -4.745 ], [ 105.7947, -4.7538 ], [ 105.7695, -4.7357 ], [ 105.7707, -4.6939 ], [ 105.8147, -4.6957 ] ] ], [ [ [ 105.7999, -4.6688 ], [ 105.7712, -4.6777 ], [ 105.7817, -4.634 ], [ 105.8169, -4.65 ], [ 105.7999, -4.6688 ] ] ], [ [ [ 104.4004, -4.6562 ], [ 104.3913, -4.6722 ], [ 104.3523, -4.6784 ], [ 104.3634, -4.644 ], [ 104.4004, -4.6562 ] ] ], [ [ [ 104.4972, -4.6852 ], [ 104.5268, -4.6869 ], [ 104.563, -4.6456 ], [ 104.5742, -4.6624 ], [ 104.5711, -4.6756 ], [ 104.5478, -4.6745 ], [ 104.5456, -4.7066 ], [ 104.5266, -4.7177 ], [ 104.4781, -4.7034 ], [ 104.4972, -4.6852 ] ] ], [ [ [ 104.6421, -4.6443 ], [ 104.616, -4.6697 ], [ 104.5969, -4.6627 ], [ 104.6284, -4.64 ], [ 104.6421, -4.6443 ] ] ], [ [ [ 104.6382, -4.41 ], [ 104.6789, -4.4252 ], [ 104.6772, -4.4396 ], [ 104.6432, -4.4326 ], [ 104.6382, -4.41 ] ] ] ] } },
{ "type": "Feature", "properties": { "province": "LAMPUNG", "district": "MESUJI", "id": "LAMPUNG/MESUJI", "name": "MESUJI" }, "geometry": { "type": "Polygon", "coordinates": [ [ [ 105.1, -4.205 ], [ 105.0669, -4.2162 ], [ 105.0734, -4.175 ], [ 105.05, -4.1413 ], [ 105.0952, -4.0465 ], [ 105.1199, -4.0483 ], [ 105.1057, -4.0181 ], [ 105.1422, -3.9726 ], [ 105.1394, -3.9342 ], [ 105.1649, -3.9376 ], [ 105.1698, -3.9178 ], [ 105.2533, -3.9226 ], [ 105.3001, -3.892 ], [ 105.2977, -3.9201 ], [ 105.2698, -3.9545 ], [ 105.297, -3.9533 ], [ 105.3008, -3.9317 ], [ 105.3568, -3.917 ], [ 105.3344, -3.8777 ], [ 105.3291, -3.7977 ], [ 105.4128, -3.7774 ], [ 105.4362, -3.7873 ], [ 105.4324, -3.8264 ], [ 105.4798, -3.8218 ], [ 105.4924, -3.8409 ], [ 105.5233, -3.8398 ], [ 105.5123, -3.8725 ], [ 105.5231, -3.8926 ], [ 105.5483, -3.8818 ], [ 105.5735, -3.9013 ], [ 105.563, -3.9289 ], [ 105.6099, -3.9384 ], [ 105.5898, -3.9508 ], [ 105.6192, -3.9893 ], [ 105.591, -4.0127 ], [ 105.61, -4.0363 ], [ 105.6068, -4.0583 ], [ 105.6254, -4.0435 ], [ 105.6605, -4.0482 ], [ 105.651, -4.0862 ], [ 105.6631, -4.0955 ], [ 105.6842, -4.0795 ], [ 105.6871, -4.1013 ], [ 105.711, -4.1083 ], [ 105.702, -4.14 ], [ 105.753, -4.1471 ], [ 105.7576, -4.1937 ], [ 105.6827, -4.191 ], [ 105.655, -4.1959 ], [ 105.6539, -4.2173 ], [ 105.6069, -4.2189 ], [ 105.6017, -4.1928 ], [ 105.5045, -4.1614 ], [ 105.5045, -4.1311 ], [ 105.4684, -4.1345 ], [ 105.4677, -4.1599 ], [ 105.4238, -4.1615 ], [ 105.4253, -4.1191 ], [ 105.4145, -4.1191 ], [ 105.3659, -4.1297 ], [ 105.3649, -4.1625 ], [ 105.3121, -4.1591 ], [ 105.2779, -4.1893 ], [ 105.2374, -4.1923 ], [ 105.2042, -4.1701 ], [ 105.144, -4.2013 ], [ 105.1441, -4.2225 ], [ 105.1308, -4.211 ], [ 105.1077, -4.2239 ], [ 105.1109, -4.2037 ], [ 105.1, -4.205 ] ] ] } },
{ "type": "Feature", "properties": { "province": "LAMPUNG", "district": "PESAWARAN", "id": "LAMPUNG/PESAWARAN", "name": "PESAWARAN" }, "geometry": { "type": "MultiPolygon", "coordinates": [ [ [ [ 105.2913, -5.7982 ], [ 105.3082, -5.8144 ], [ 105.2853, -5.8381 ], [ 105.2283, -5.8299 ], [ 105.2791, -5.8128 ], [ 105.2914, -5.7874 ], [ 105.2913, -5.7982 ] ] ], [ [ [ 105.2189, -5.6629 ], [ 105.2402, -5.6678 ], [ 105.2156, -5.6899 ], [ 105.2048, -5.6728 ], [ 105.2189, -5.6629 ] ] ], [ [ [ 105.17, -5.774 ], [ 105.207, -5.7667 ], [ 105.2204, -5.7887 ], [ 105.2022, -5.7858 ], [ 105.1863, -5.8039 ], [ 105.1723, -5.8008 ], [ 105.1721, -5.781 ], [ 105.1367, -5.776 ], [ 105.1489, -5.6326 ], [ 105.138, -5.6227 ], [ 105.0694, -5.6384 ], [ 105.0501, -5.6108 ], [ 105.0299, -5.6101 ], [ 105.0219, -5.5921 ], [ 105.0399, -5.5817 ], [ 104.9907, -5.58 ], [ 104.9871, -5.5499 ], [ 104.9554, -5.5463 ], [ 104.9249, -5.5012 ], [ 104.9503, -5.4278 ], [ 104.9651, -5.4364 ], [ 104.9991, -5.4095 ], [ 104.9783, -5.3993 ], [ 105.0291, -5.3836 ], [ 105.0634, -5.3923 ], [ 105.0737, -5.3715 ], [ 105.0544, -5.3241 ], [ 105.0339, -5.3229 ], [ 105.0323, -5.2875 ], [ 105.0454, -5.2489 ], [ 105.0654, -5.2366 ], [ 105.0664, -5.2155 ], [ 105.0379, -5.2092 ], [ 105.0761, -5.16 ], [ 105.0838, -5.1242 ], [ 105.0864, -5.1436 ], [ 105.1, -5.137 ], [ 105.0947, -5.1653 ], [ 105.1471, -5.1567 ], [ 105.1796, -5.1208 ], [ 105.2404, -5.17 ], [ 105.1625, -5.2103 ], [ 105.1768, -5.2772 ], [ 105.1414, -5.2587 ], [ 105.1085, -5.3043 ], [ 105.1471, -5.3181 ], [ 105.1511, -5.3414 ], [ 105.1431, -5.3424 ], [ 105.1452, -5.3505 ], [ 105.1839, -5.3499 ], [ 105.2093, -5.3726 ], [ 105.2075, -5.3896 ], [ 105.1757, -5.4081 ], [ 105.2046, -5.4213 ], [ 105.2283, -5.4947 ], [ 105.2504, -5.4842 ], [ 105.2654, -5.5198 ], [ 105.255, -5.5258 ], [ 105.2491, -5.514 ], [ 105.243, -5.5165 ], [ 105.2447, -5.547 ], [ 105.2614, -5.5447 ], [ 105.2386, -5.565 ], [ 105.2442, -5.5879 ], [ 105.2036, -5.5766 ], [ 105.1672, -5.6007 ], [ 105.1881, -5.6483 ], [ 105.2087, -5.6462 ], [ 105.1807, -5.666 ], [ 105.1909, -5.68 ], [ 105.1808, -5.6846 ], [ 105.2187, -5.7195 ], [ 105.1804, -5.7212 ], [ 105.1542, -5.7467 ], [ 105.17, -5.774 ] ] ] ] } },
{ "type": "Feature", "properties": { "province": "LAMPUNG", "district": "PESISIR BARAT", "id": "LAMPUNG/PESISIR BARAT", "name": "PESISIR BARAT" }, "geometry": { "type": "MultiPolygon", "coordinates": [ [ [ [ 104.5011, -5.7421 ], [ 104.4828, -5.7912 ], [ 104.4156, -5.7055 ], [ 104.301, -5.6408 ], [ 104.3205, -5.6186 ], [ 104.3122, -5.5879 ], [ 104.214, -5.5256 ], [ 104.1894, -5.4888 ], [ 104.1207, -5.4574 ], [ 104.1084, -5.4291 ], [ 104.0294, -5.3628 ], [ 104.0285, -5.3353 ], [ 103.9922, -5.3097 ], [ 104.0074, -5.2818 ], [ 103.9705, -5.2496 ], [ 103.9844, -5.2327 ], [ 103.9704, -5.2496 ], [ 103.9048, -5.23 ], [ 103.9034, -5.2115 ], [ 103.9408, -5.1703 ], [ 103.9122, -5.1278 ], [ 103.8667, -5.1104 ], [ 103.8382, -5.0663 ], [ 103.7875, -5.0328 ], [ 103.7463, -5.0422 ], [ 103.7537, -4.9698 ], [ 103.7382, -4.9808 ], [ 103.6976, -4.9605 ], [ 103.6606, -4.9908 ], [ 103.6419, -4.9373 ], [ 103.7007, -4.9032 ], [ 103.7516, -4.9184 ], [ 103.7722, -4.9446 ], [ 103.7932, -4.9354 ], [ 103.7929, -4.9006 ], [ 103.8176, -4.8753 ], [ 103.8201, -4.9062 ], [ 103.8724, -4.9646 ], [ 103.8583, -4.9755 ], [ 103.8118, -4.967 ], [ 103.7825, -4.9978 ], [ 103.8066, -5.0213 ], [ 103.8548, -5.0285 ], [ 103.8812, -5.0688 ], [ 103.9094, -5.0814 ], [ 103.9988, -5.0879 ], [ 104.0236, -5.1301 ], [ 103.9968, -5.1564 ], [ 103.9952, -5.206 ], [ 104.0416, -5.2214 ], [ 104.0807, -5.2683 ], [ 104.153, -5.3025 ], [ 104.1219, -5.3611 ], [ 104.1525, -5.3928 ], [ 104.2326, -5.414 ], [ 104.2208, -5.4319 ], [ 104.2724, -5.4541 ], [ 104.3788, -5.5624 ], [ 104.423, -5.5866 ], [ 104.512, -5.7337 ], [ 104.5011, -5.7421 ] ] ], [ [ [ 103.8516, -5.1205 ], [ 103.8496, -5.1262 ], [ 103.8389, -5.1223 ], [ 103.8509, -5.1149 ], [ 103.8516, -5.1205 ] ] ] ] } },
{ "type": "Feature", "properties": { "province": "LAMPUNG", "district": "PRINGSEWU", "id": "LAMPUNG/PRINGSEWU", "name": "PRINGSEWU" }, "geometry": { "type": "Polygon", "coordinates": [ [ [ 104.9351, -5.5673 ], [ 104.8948, -5.5501 ], [ 104.8789, -5.5141 ], [ 104.9065, -5.4565 ], [ 104.8895, -5.4268 ], [ 104.9036, -5.4106 ], [ 104.858, -5.3777 ], [ 104.8578, -5.3437 ], [ 104.8165, -5.3204 ], [ 104.8012, -5.2634 ], [ 104.8451, -5.2681 ], [ 104.8437, -5.2303 ], [ 104.8681, -5.2248 ], [ 104.8841, -5.2512 ], [ 104.898, -5.2431 ], [ 104.9274, -5.2655 ], [ 105.0099, -5.2382 ], [ 105.0517, -5.2069 ], [ 105.0654, -5.2366 ], [ 105.0327, -5.2824 ], [ 105.0339, -5.3229 ], [ 105.0544, -5.3241 ], [ 105.0737, -5.3715 ], [ 105.0634, -5.3923 ], [ 104.9956, -5.3828 ], [ 104.9952, -5.3968 ], [ 104.9726, -5.4006 ], [ 104.996, -5.4054 ], [ 104.9903, -5.4186 ], [ 104.9503, -5.4278 ], [ 104.9249, -5.5012 ], [ 104.9454, -5.5328 ], [ 104.9452, -5.5739 ], [ 104.9351, -5.5673 ] ] ] } },
{ "type": "Feature", "properties": { "province": "LAMPUNG", "district": "TANGGAMUS", "id": "LAMPUNG/TANGGAMUS", "name": "TANGGAMUS" }, "geometry": { "type": "MultiPolygon", "coordinates": [ [ [ [ 104.701, -5.8649 ], [ 104.733, -5.9274 ], [ 104.6583, -5.9364 ], [ 104.6337, -5.8412 ], [ 104.6542, -5.8205 ], [ 104.6147, -5.7987 ], [ 104.5874, -5.7551 ], [ 104.613, -5.7492 ], [ 104.6115, -5.7173 ], [ 104.6292, -5.6945 ], [ 104.5706, -5.6256 ], [ 104.5326, -5.6202 ], [ 104.5396, -5.602 ], [ 104.5094, -5.5854 ], [ 104.4877, -5.5466 ], [ 104.4406, -5.523 ], [ 104.3852, -5.4264 ], [ 104.4101, -5.4193 ], [ 104.4394, -5.4345 ], [ 104.4655, -5.3874 ], [ 104.4963, -5.3966 ], [ 104.4971, -5.429 ], [ 104.5454, -5.4645 ], [ 104.5533, -5.4072 ], [ 104.6165, -5.4485 ], [ 104.639, -5.4139 ], [ 104.6618, -5.4586 ], [ 104.7111, -5.4318 ], [ 104.709, -5.4139 ], [ 104.6875, -5.4274 ], [ 104.6462, -5.3868 ], [ 104.5984, -5.3854 ], [ 104.596709883720933, -5.350917441860466 ], [ 104.5621, -5.3563 ], [ 104.4983, -5.2665 ], [ 104.3949, -5.2501 ], [ 104.4075, -5.2111 ], [ 104.4535, -5.204 ], [ 104.4725, -5.1839 ], [ 104.4956, -5.2008 ], [ 104.4828, -5.2267 ], [ 104.5452, -5.2718 ], [ 104.5777, -5.3255 ], [ 104.6009, -5.3055 ], [ 104.6156, -5.3377 ], [ 104.6443, -5.3289 ], [ 104.6379, -5.3018 ], [ 104.671, -5.2787 ], [ 104.6278, -5.2236 ], [ 104.6824, -5.1988 ], [ 104.7026, -5.2135 ], [ 104.7254, -5.2024 ], [ 104.7688, -5.2141 ], [ 104.7611, -5.2527 ], [ 104.8104, -5.3181 ], [ 104.8578, -5.3437 ], [ 104.8638, -5.3847 ], [ 104.9036, -5.4106 ], [ 104.8895, -5.4268 ], [ 104.9065, -5.4565 ], [ 104.8793, -5.4958 ], [ 104.8935, -5.5485 ], [ 105.0105, -5.6027 ], [ 105.0767, -5.6728 ], [ 105.0936, -5.6734 ], [ 105.0833, -5.7261 ], [ 105.1184, -5.7721 ], [ 105.1721, -5.781 ], [ 105.1604, -5.8083 ], [ 105.1277, -5.7987 ], [ 105.1168, -5.7754 ], [ 105.0887, -5.7953 ], [ 105.1084, -5.7727 ], [ 105.0895, -5.7747 ], [ 105.0937, -5.7564 ], [ 105.0635, -5.7644 ], [ 105.0542, -5.7439 ], [ 105.0288, -5.7526 ], [ 105.0269, -5.7278 ], [ 105.0124, -5.7328 ], [ 105.006, -5.7171 ], [ 104.9626, -5.7185 ], [ 104.9509, -5.6935 ], [ 104.9373, -5.7023 ], [ 104.906, -5.676 ], [ 104.9289, -5.6656 ], [ 104.8849, -5.6656 ], [ 104.8287, -5.6214 ], [ 104.7767, -5.6045 ], [ 104.7071, -5.5211 ], [ 104.6067, -5.4909 ], [ 104.5304, -5.5444 ], [ 104.648, -5.6994 ], [ 104.6448, -5.7427 ], [ 104.7105, -5.8311 ], [ 104.701, -5.8649 ] ] ], [ [ [ 104.8264, -5.8052 ], [ 104.8548, -5.8402 ], [ 104.8144, -5.8248 ], [ 104.7828, -5.7656 ], [ 104.8357, -5.7904 ], [ 104.8264, -5.8052 ] ] ] ] } },
{ "type": "Feature", "properties": { "province": "LAMPUNG", "district": "TULANG BAWANG", "id": "LAMPUNG/TULANG BAWANG", "name": "TULANG BAWANG" }, "geometry": { "type": "Polygon", "coordinates": [ [ [ 105.9032, -4.634 ], [ 105.9169, -4.6467 ], [ 105.8997, -4.673 ], [ 105.8685, -4.673 ], [ 105.8571, -4.6323 ], [ 105.8363, -4.6199 ], [ 105.8042, -4.6536 ], [ 105.7792, -4.6225 ], [ 105.7788, -4.6053 ], [ 105.8049, -4.5857 ], [ 105.7958, -4.5547 ], [ 105.7717, -4.5534 ], [ 105.7736, -4.5324 ], [ 105.7522, -4.5214 ], [ 105.7314, -4.5373 ], [ 105.7082, -4.528 ], [ 105.6824, -4.4853 ], [ 105.6461, -4.5089 ], [ 105.6433, -4.4811 ], [ 105.6269, -4.4884 ], [ 105.6208, -4.5178 ], [ 105.5892, -4.5145 ], [ 105.5813, -4.5353 ], [ 105.5714, -4.5192 ], [ 105.5343, -4.5206 ], [ 105.4922, -4.4826 ], [ 105.412, -4.5185 ], [ 105.3789, -4.5165 ], [ 105.2866, -4.6221 ], [ 105.214, -4.6379 ], [ 105.1609, -4.4964 ], [ 105.1666, -4.501 ], [ 105.1959, -4.4862 ], [ 105.1873, -4.4747 ], [ 105.2194, -4.4482 ], [ 105.2476, -4.4726 ], [ 105.2673, -4.445 ], [ 105.2401, -4.4123 ], [ 105.2436, -4.3897 ], [ 105.2002, -4.372 ], [ 105.2082, -4.3551 ], [ 105.2306, -4.3603 ], [ 105.2325, -4.3456 ], [ 105.2042, -4.349 ], [ 105.2003, -4.3018 ], [ 105.1594, -4.2973 ], [ 105.1585, -4.2739 ], [ 105.1904, -4.2696 ], [ 105.1904, -4.2343 ], [ 105.2137, -4.2282 ], [ 105.2269, -4.1834 ], [ 105.2779, -4.1893 ], [ 105.3121, -4.1591 ], [ 105.3649, -4.1625 ], [ 105.3659, -4.1297 ], [ 105.3955, -4.1212 ], [ 105.4253, -4.1191 ], [ 105.4238, -4.1615 ], [ 105.4677, -4.1599 ], [ 105.4683, -4.1347 ], [ 105.5045, -4.1311 ], [ 105.5045, -4.1614 ], [ 105.6017, -4.1928 ], [ 105.6183, -4.2204 ], [ 105.6539, -4.2173 ], [ 105.655, -4.1959 ], [ 105.7576, -4.194 ], [ 105.7516, -4.1545 ], [ 105.7702, -4.1199 ], [ 105.8083, -4.1235 ], [ 105.8272, -4.1891 ], [ 105.8253, -4.3431 ], [ 105.8588, -4.3779 ], [ 105.8526, -4.4068 ], [ 105.8916, -4.4404 ], [ 105.9131, -4.437 ], [ 105.8992, -4.489 ], [ 105.9053, -4.5505 ], [ 105.8845, -4.5901 ], [ 105.9032, -4.634 ] ] ] } },
{ "type": "Feature", "properties": { "province": "LAMPUNG", "district": "TULANG BAWANG BARAT", "id": "LAMPUNG/TULANG BAWANG BARAT", "name": "TULANG BAWANG BARAT" }, "geometry": { "type": "Polygon", "coordinates": [ [ [ 105.1376, -4.6851 ], [ 105.143, -4.7047 ], [ 105.127, -4.7273 ], [ 105.0693, -4.7086 ], [ 105.035, -4.6683 ], [ 104.9995, -4.6599 ], [ 104.9858, -4.5587 ], [ 104.9673, -4.5279 ], [ 104.9436, -4.5306 ], [ 104.9807, -4.4469 ], [ 105.0202, -4.47 ], [ 105.0641, -4.4648 ], [ 105.0564, -4.4062 ], [ 104.9862, -4.4036 ], [ 104.994, -4.2887 ], [ 105.0206, -4.2881 ], [ 105.047, -4.1555 ], [ 105.0734, -4.175 ], [ 105.0617, -4.2229 ], [ 105.1105, -4.2037 ], [ 105.1077, -4.2239 ], [ 105.1308, -4.211 ], [ 105.1441, -4.2225 ], [ 105.144, -4.2013 ], [ 105.2042, -4.1701 ], [ 105.2307, -4.1888 ], [ 105.2137, -4.2282 ], [ 105.1904, -4.2343 ], [ 105.1904, -4.2696 ], [ 105.1634, -4.2694 ], [ 105.1582, -4.2955 ], [ 105.2003, -4.3018 ], [ 105.2042, -4.349 ], [ 105.2311, -4.3435 ], [ 105.2306, -4.3603 ], [ 105.2082, -4.3551 ], [ 105.2002, -4.372 ], [ 105.2436, -4.3897 ], [ 105.2401, -4.4123 ], [ 105.2673, -4.445 ], [ 105.2476, -4.4726 ], [ 105.2194, -4.4482 ], [ 105.1873, -4.4747 ], [ 105.1959, -4.4862 ], [ 105.1609, -4.4964 ], [ 105.1757, -4.563 ], [ 105.2033, -4.5836 ], [ 105.2004, -4.613 ], [ 105.1778, -4.6187 ], [ 105.1824, -4.6389 ], [ 105.1376, -4.6851 ] ] ] } },
{ "type": "Feature", "properties": { "province": "LAMPUNG", "district": "WAY KANAN", "id": "LAMPUNG/WAY KANAN", "name": "WAY KANAN" }, "geometry": { "type": "MultiPolygon", "coordinates": [ [ [ [ 105.2756, -5.1609 ], [ 105.2761, -5.18 ], [ 105.2421, -5.1806 ], [ 105.2425, -5.1665 ], [ 105.2756, -5.1609 ] ] ], [ [ [ 104.915, -5.1032 ], [ 104.9327, -5.1314 ], [ 104.9068, -5.146 ], [ 104.8917, -5.1217 ], [ 104.915, -5.1032 ] ] ], [ [ [ 105.0981, -5.1004 ], [ 105.0914, -5.0882 ], [ 105.079, -5.0956 ], [ 105.0772, -5.0807 ], [ 105.1036, -5.0788 ], [ 105.0981, -5.1004 ] ] ], [ [ [ 105.0978, -4.8707 ], [ 105.0768, -4.8874 ], [ 105.0861, -4.8978 ], [ 105.0524, -4.9166 ], [ 105.0533, -4.8726 ], [ 105.0978, -4.8707 ] ] ], [ [ [ 104.5054, -4.8791 ], [ 104.5507, -4.8533 ], [ 104.526, -4.907 ], [ 104.4883, -4.8747 ], [ 104.455, -4.8949 ], [ 104.4103, -4.8419 ], [ 104.4438, -4.8032 ], [ 104.4366, -4.7654 ], [ 104.4566, -4.7296 ], [ 104.4356, -4.7286 ], [ 104.4209, -4.7521 ], [ 104.4298, -4.7832 ], [ 104.4043, -4.7521 ], [ 104.4106, -4.7107 ], [ 104.3502, -4.7207 ], [ 104.3491, -4.7347 ], [ 104.3364, -4.7195 ], [ 104.2957, -4.7161 ], [ 104.3153, -4.6912 ], [ 104.2879, -4.6987 ], [ 104.2951, -4.6463 ], [ 104.3343, -4.6054 ], [ 104.3135, -4.5226 ], [ 104.3333, -4.5003 ], [ 104.3358, -4.4235 ], [ 104.3841, -4.3475 ], [ 104.4469, -4.2999 ], [ 104.4721, -4.3112 ], [ 104.4836, -4.2913 ], [ 104.5911, -4.2432 ], [ 104.621, -4.2129 ], [ 104.6247, -4.2433 ], [ 104.6626, -4.2614 ], [ 104.7121, -4.2573 ], [ 104.7258, -4.3169 ], [ 104.7704, -4.3189 ], [ 104.767, -4.2883 ], [ 104.7907, -4.2884 ], [ 104.9899, -4.3311 ], [ 104.9862, -4.4036 ], [ 105.0564, -4.4062 ], [ 105.0636, -4.4654 ], [ 105.0202, -4.47 ], [ 104.9807, -4.4469 ], [ 104.9592, -4.4859 ], [ 104.8815, -4.4359 ], [ 104.7746, -4.4532 ], [ 104.7757, -4.4738 ], [ 104.7455, -4.4749 ], [ 104.7364, -4.5219 ], [ 104.7573, -4.5143 ], [ 104.7566, -4.5288 ], [ 104.7343, -4.5321 ], [ 104.7576, -4.5297 ], [ 104.7519, -4.5652 ], [ 104.6955, -4.5554 ], [ 104.6929, -4.6035 ], [ 104.6254, -4.6166 ], [ 104.6365, -4.637 ], [ 104.5969, -4.6627 ], [ 104.616, -4.6697 ], [ 104.6419, -4.6365 ], [ 104.6604, -4.6463 ], [ 104.6177, -4.7171 ], [ 104.6427, -4.7598 ], [ 104.6217, -4.7492 ], [ 104.6068, -4.7858 ], [ 104.6222, -4.7892 ], [ 104.6232, -4.8124 ], [ 104.6522, -4.7983 ], [ 104.6661, -4.8102 ], [ 104.6125, -4.8313 ], [ 104.5701, -4.8289 ], [ 104.5339, -4.8 ], [ 104.5211, -4.8199 ], [ 104.4985, -4.8193 ], [ 104.4969, -4.8476 ], [ 104.5312, -4.8202 ], [ 104.5195, -4.8546 ], [ 104.5026, -4.8599 ], [ 104.5054, -4.8791 ] ] ], [ [ [ 105.4865, -4.8509 ], [ 105.475, -4.8806 ], [ 105.4581, -4.8752 ], [ 105.4653, -4.8455 ], [ 105.4865, -4.8509 ] ] ], [ [ [ 104.8683, -4.8478 ], [ 104.8675, -4.8648 ], [ 104.8628, -4.8685 ], [ 104.8572, -4.851 ], [ 104.8683, -4.8478 ] ] ], [ [ [ 104.6695, -4.8385 ], [ 104.6868, -4.838 ], [ 104.6873, -4.8669 ], [ 104.6497, -4.881 ], [ 104.6572, -4.8656 ], [ 104.6391, -4.841 ], [ 104.6524, -4.8215 ], [ 104.6695, -4.8385 ] ] ], [ [ [ 104.8006, -5.0391 ], [ 104.7781, -5.0656 ], [ 104.7252, -5.0706 ], [ 104.7147, -5.0646 ], [ 104.7687, -5.0333 ], [ 104.7822, -5.0415 ], [ 104.7903, -5.0083 ], [ 104.8189, -5.0131 ], [ 104.8491, -4.9969 ], [ 104.8613, -5.007 ], [ 104.8344, -5.0142 ], [ 104.825, -5.0446 ], [ 104.8006, -5.0391 ] ] ], [ [ [ 105.2414, -4.9985 ], [ 105.2304, -5.0026 ], [ 105.2397, -5.0275 ], [ 105.2264, -5.0369 ], [ 105.2215, -5.0077 ], [ 105.2291, -4.9955 ], [ 105.2414, -4.9985 ] ] ], [ [ [ 104.7423, -4.9999 ], [ 104.733, -5.0023 ], [ 104.7422, -4.9999 ], [ 104.7423, -4.9999 ] ] ], [ [ [ 104.9209, -4.988 ], [ 104.9105, -4.988 ], [ 104.9195, -5.0026 ], [ 104.8957, -5.0095 ], [ 104.89, -4.9881 ], [ 104.9085, -4.9746 ], [ 104.9209, -4.988 ] ] ], [ [ [ 105.1228, -4.7659 ], [ 105.0979, -4.8136 ], [ 105.0595, -4.7824 ], [ 105.0858, -4.7559 ], [ 105.1228, -4.7659 ] ] ], [ [ [ 104.9423, -4.8009 ], [ 104.9179, -4.7918 ], [ 104.927, -4.7599 ], [ 104.942, -4.7671 ], [ 104.9423, -4.8009 ] ] ], [ [ [ 104.7582, -4.7403 ], [ 104.7621, -4.7629 ], [ 104.7333, -4.772 ], [ 104.7098, -4.7364 ], [ 104.7582, -4.7403 ] ] ], [ [ [ 105.7707, -4.6939 ], [ 105.7695, -4.7357 ], [ 105.7622, -4.7379 ], [ 105.7486, -4.6812 ], [ 105.7711, -4.6781 ], [ 105.7707, -4.6939 ] ] ], [ [ [ 104.9306, -4.6795 ], [ 104.9073, -4.704 ], [ 104.9007, -4.7014 ], [ 104.9247, -4.6743 ], [ 104.9306, -4.6795 ] ] ], [ [ [ 104.7652, -4.6793 ], [ 104.7832, -4.6835 ], [ 104.7627, -4.7055 ], [ 104.7387, -4.6707 ], [ 104.7652, -4.6793 ] ] ], [ [ [ 105.5223, -4.6523 ], [ 105.5351, -4.6819 ], [ 105.5071, -4.7025 ], [ 105.478, -4.6958 ], [ 105.4727, -4.6617 ], [ 105.5223, -4.6523 ] ] ], [ [ [ 104.8883, -4.2182 ], [ 104.9173, -4.2208 ], [ 104.9181, -4.2699 ], [ 104.8741, -4.2704 ], [ 104.8763, -4.2177 ], [ 104.8883, -4.2182 ] ] ] ] } },
{ "type": "Feature", "properties": { "province": "MALUKU", "district": "BURU", "id": "MALUKU/BURU", "name": "BURU" }, "geometry": { "type": "Polygon", "coordinates": [ [ [ 127.2478, -3.5993 ], [ 127.2387, -3.6336 ], [ 126.9019, -3.5188 ], [ 126.5098, -3.4355 ], [ 126.1331, -3.302 ], [ 126.1126, -3.1572 ], [ 126.2223, -3.1835 ], [ 126.2275, -3.1378 ], [ 126.2607, -3.1324 ], [ 126.2996, -3.0934 ], [ 126.3459, -3.1009 ], [ 126.406, -3.0806 ], [ 126.6732, -3.07 ], [ 126.711, -3.0561 ], [ 126.7999, -3.0623 ], [ 126.8674, -3.0957 ], [ 126.8885, -3.1263 ], [ 126.9112, -3.1239 ], [ 126.9069, -3.1376 ], [ 126.9879, -3.1398 ], [ 127.1063, -3.225 ], [ 127.1168, -3.2804 ], [ 127.0953, -3.2836 ], [ 127.0722, -3.2599 ], [ 127.0307, -3.265 ], [ 127.044, -3.3303 ], [ 127.0732, -3.3219 ], [ 127.0758, -3.3738 ], [ 127.1348, -3.379 ], [ 127.1638, -3.3354 ], [ 127.1822, -3.3559 ], [ 127.2586, -3.3731 ], [ 127.269, -3.3924 ], [ 127.2485, -3.4501 ], [ 127.2478, -3.5993 ] ] ] } },
{ "type": "Feature", "properties": { "province": "MALUKU", "district": "BURU SELATAN", "id": "MALUKU/BURU SELATAN", "name": "BURU SELATAN" }, "geometry": { "type": "MultiPolygon", "coordinates": [ [ [ [ 127.2124, -4.0149 ], [ 127.1766, -4.0289 ], [ 127.1676, -4.0019 ], [ 127.233, -3.9099 ], [ 127.3137, -3.8841 ], [ 127.3764, -3.9196 ], [ 127.3691, -3.957 ], [ 127.2124, -4.0149 ] ] ], [ [ [ 126.7681, -3.8315 ], [ 126.7412, -3.8574 ], [ 126.7217, -3.8457 ], [ 126.6836, -3.8601 ], [ 126.639, -3.8233 ], [ 126.62, -3.8278 ], [ 126.5625, -3.7928 ], [ 126.5148, -3.795 ], [ 126.5217, -3.782 ], [ 126.5009, -3.7846 ], [ 126.5014, -3.7583 ], [ 126.4721, -3.7388 ], [ 126.452, -3.7298 ], [ 126.4432, -3.7501 ], [ 126.3996, -3.7094 ], [ 126.3854, -3.7179 ], [ 126.3358, -3.68 ], [ 126.2805, -3.6642 ], [ 126.232, -3.6188 ], [ 126.183, -3.6142 ], [ 126.1512, -3.5259 ], [ 126.0736, -3.4778 ], [ 126.0383, -3.4259 ], [ 126.04, -3.398 ], [ 126.0097, -3.3666 ], [ 126.0178, -3.173 ], [ 126.1012, -3.1129 ], [ 126.1256, -3.1522 ], [ 126.1126, -3.1572 ], [ 126.1331, -3.302 ], [ 126.5098, -3.4355 ], [ 126.9019, -3.5188 ], [ 127.2387, -3.6336 ], [ 127.1996, -3.6735 ], [ 127.1363, -3.6612 ], [ 127.0503, -3.6895 ], [ 126.9552, -3.7705 ], [ 126.848, -3.7899 ], [ 126.7681, -3.8315 ] ] ], [ [ [ 125.9983, -3.2513 ], [ 125.9984, -3.226 ], [ 126.0068, -3.2165 ], [ 126.0066, -3.239 ], [ 125.9983, -3.2513 ] ] ] ] } },
{ "type": "Feature", "properties": { "province": "MALUKU", "district": "KEPULAUAN ARU", "id": "MALUKU/KEPULAUAN ARU", "name": "KEPULAUAN ARU" }, "geometry": { "type": "MultiPolygon", "coordinates": [ [ [ [ 134.2509, -6.8892 ], [ 134.213, -6.9077 ], [ 134.1973, -6.9417 ], [ 134.1686, -6.9155 ], [ 134.1824, -6.9132 ], [ 134.1495, -6.8525 ], [ 134.1882, -6.8501 ], [ 134.193, -6.8459 ], [ 134.1909, -6.833 ], [ 134.1811, -6.8262 ], [ 134.1842, -6.8488 ], [ 134.1505, -6.8468 ], [ 134.1474, -6.8511 ], [ 134.1528, -6.864 ], [ 134.1472, -6.866 ], [ 134.1238, -6.8456 ], [ 134.0913, -6.8476 ], [ 134.0511, -6.7744 ], [ 134.0818, -6.6948 ], [ 134.0978, -6.4939 ], [ 134.116, -6.4461 ], [ 134.1248, -6.4741 ], [ 134.146, -6.4848 ], [ 134.1323, -6.5114 ], [ 134.1491, -6.5329 ], [ 134.2003, -6.4849 ], [ 134.2133, -6.5141 ], [ 134.1852, -6.5324 ], [ 134.2081, -6.5201 ], [ 134.2296, -6.6053 ], [ 134.2574, -6.6399 ], [ 134.2867, -6.66 ], [ 134.2892, -6.6609 ], [ 134.303, -6.6604 ], [ 134.2361, -6.6104 ], [ 134.2516, -6.5785 ], [ 134.2358, -6.5944 ], [ 134.2124, -6.5351 ], [ 134.233, -6.5113 ], [ 134.2383, -6.4996 ], [ 134.2225, -6.5098 ], [ 134.1954, -6.4659 ], [ 134.2184, -6.4421 ], [ 134.1835, -6.4572 ], [ 134.2062, -6.4382 ], [ 134.2091, -6.4256 ], [ 134.1379, -6.4626 ], [ 134.1157, -6.4164 ], [ 134.1156, -6.3845 ], [ 134.1217, -6.3919 ], [ 134.1437, -6.3634 ], [ 134.164, -6.3669 ], [ 134.1703, -6.359 ], [ 134.1496, -6.3601 ], [ 134.143, -6.363 ], [ 134.1347, -6.3688 ], [ 134.1243, -6.3822 ], [ 134.1173, -6.3817 ], [ 134.1347, -6.3102 ], [ 134.1465, -6.3083 ], [ 134.1498, -6.3047 ], [ 134.1548, -6.3049 ], [ 134.1596, -6.3016 ], [ 134.1688, -6.2943 ], [ 134.134, -6.3042 ], [ 134.1051, -6.2019 ], [ 134.1294, -6.2189 ], [ 134.1314, -6.218 ], [ 134.1364, -6.2219 ], [ 134.1602, -6.2287 ], [ 134.1025, -6.1956 ], [ 134.0958, -6.1651 ], [ 134.1165, -6.1593 ], [ 134.1567, -6.2064 ], [ 134.2239, -6.2219 ], [ 134.2501, -6.2597 ], [ 134.2671, -6.2613 ], [ 134.2875, -6.2881 ], [ 134.2738, -6.3079 ], [ 134.3038, -6.2932 ], [ 134.2981, -6.3601 ], [ 134.3113, -6.3549 ], [ 134.3082, -6.3735 ], [ 134.3394, -6.3886 ], [ 134.3152, -6.4173 ], [ 134.3515, -6.3963 ], [ 134.3526, -6.378 ], [ 134.3687, -6.4034 ], [ 134.4049, -6.3976 ], [ 134.4509, -6.4537 ], [ 134.4686, -6.453 ], [ 134.4796, -6.4903 ], [ 134.5043, -6.5229 ], [ 134.4776, -6.5189 ], [ 134.4738, -6.5492 ], [ 134.4965, -6.548 ], [ 134.4894, -6.5648 ], [ 134.4719, -6.5638 ], [ 134.4642, -6.5662 ], [ 134.4552, -6.5717 ], [ 134.4456, -6.5702 ], [ 134.4394, -6.5729 ], [ 134.4551, -6.5722 ], [ 134.4719, -6.5644 ], [ 134.4839, -6.5816 ], [ 134.5315, -6.5836 ], [ 134.5237, -6.6097 ], [ 134.5028, -6.6152 ], [ 134.4939, -6.657 ], [ 134.4718, -6.6575 ], [ 134.4643, -6.6797 ], [ 134.4449, -6.668 ], [ 134.4521, -6.6528 ], [ 134.439, -6.6547 ], [ 134.4456, -6.6461 ], [ 134.444, -6.6398 ], [ 134.4003, -6.6738 ], [ 134.4314, -6.6573 ], [ 134.43, -6.6759 ], [ 134.4578, -6.6876 ], [ 134.4007, -6.732 ], [ 134.3827, -6.7227 ], [ 134.4019, -6.7556 ], [ 134.374, -6.7689 ], [ 134.3606, -6.8044 ], [ 134.3304, -6.8094 ], [ 134.3562, -6.8062 ], [ 134.3494, -6.8165 ], [ 134.3507, -6.8295 ], [ 134.3368, -6.8281 ], [ 134.3458, -6.8325 ], [ 134.3506, -6.8305 ], [ 134.3538, -6.8265 ], [ 134.3581, -6.8063 ], [ 134.3777, -6.8167 ], [ 134.3326, -6.8601 ], [ 134.2509, -6.8892 ] ] ], [ [ [ 134.7066, -6.72 ], [ 134.6735, -6.7821 ], [ 134.6232, -6.7574 ], [ 134.6275, -6.7103 ], [ 134.6661, -6.6759 ], [ 134.6868, -6.592 ], [ 134.7095, -6.5783 ], [ 134.7611, -6.6238 ], [ 134.7391, -6.6474 ], [ 134.7381, -6.7014 ], [ 134.7066, -6.72 ] ] ], [ [ [ 134.7755, -6.6027 ], [ 134.7965, -6.6313 ], [ 134.7874, -6.6406 ], [ 134.7623, -6.6333 ], [ 134.7628, -6.6218 ], [ 134.7555, -6.608 ], [ 134.7755, -6.6027 ] ] ], [ [ [ 134.8281, -6.4822 ], [ 134.8508, -6.4935 ], [ 134.8133, -6.5618 ], [ 134.7781, -6.5498 ], [ 134.7735, -6.5113 ], [ 134.8281, -6.4822 ] ] ], [ [ [ 134.7257, -6.4872 ], [ 134.7248, -6.4924 ], [ 134.7311, -6.4828 ], [ 134.7324, -6.4742 ], [ 134.7463, -6.4873 ], [ 134.7635, -6.5327 ], [ 134.7408, -6.5536 ], [ 134.7219, -6.5426 ], [ 134.683, -6.5635 ], [ 134.6679, -6.5572 ], [ 134.642, -6.4753 ], [ 134.6938, -6.4426 ], [ 134.7306, -6.4737 ], [ 134.7257, -6.4872 ] ] ], [ [ [ 134.5317, -6.5287 ], [ 134.5407, -6.5029 ], [ 134.5282, -6.4813 ], [ 134.5542, -6.4864 ], [ 134.5839, -6.4741 ], [ 134.5755, -6.5076 ], [ 134.5483, -6.5354 ], [ 134.5317, -6.5287 ] ] ], [ [ [ 134.8697, -6.1971 ], [ 134.8681, -6.2155 ], [ 134.8604, -6.2213 ], [ 134.8517, -6.2089 ], [ 134.8697, -6.1971 ] ] ], [ [ [ 134.6405, -6.4689 ], [ 134.6213, -6.4858 ], [ 134.6239, -6.5041 ], [ 134.5942, -6.5177 ], [ 134.5792, -6.5067 ], [ 134.5869, -6.4782 ], [ 134.6272, -6.4497 ], [ 134.6421, -6.4535 ], [ 134.6405, -6.4689 ] ] ], [ [ [ 134.5279, -6.481 ], [ 134.5094, -6.5165 ], [ 134.4713, -6.4555 ], [ 134.4836, -6.4539 ], [ 134.5148, -6.4074 ], [ 134.533, -6.3453 ], [ 134.5963, -6.3847 ], [ 134.612, -6.4316 ], [ 134.5967, -6.4619 ], [ 134.5748, -6.4485 ], [ 134.549, -6.4745 ], [ 134.5451, -6.4649 ], [ 134.5413, -6.4613 ], [ 134.5485, -6.4835 ], [ 134.5311, -6.4785 ], [ 134.5279, -6.481 ] ] ], [ [ [ 134.8694, -6.2821 ], [ 134.8791, -6.2983 ], [ 134.8614, -6.3236 ], [ 134.8616, -6.3352 ], [ 134.8656, -6.3461 ], [ 134.8629, -6.3256 ], [ 134.8808, -6.3008 ], [ 134.8796, -6.2871 ], [ 134.9086, -6.3213 ], [ 134.8448, -6.4765 ], [ 134.8019, -6.4497 ], [ 134.807, -6.4315 ], [ 134.8201, -6.435 ], [ 134.7974, -6.3901 ], [ 134.8444, -6.3279 ], [ 134.8517, -6.2829 ], [ 134.8694, -6.2821 ] ] ], [ [ [ 134.5122, -6.3171 ], [ 134.5333, -6.3389 ], [ 134.5172, -6.3977 ], [ 134.483, -6.4462 ], [ 134.4487, -6.4479 ], [ 134.4073, -6.3974 ], [ 134.3685, -6.3972 ], [ 134.3776, -6.3677 ], [ 134.3653, -6.3314 ], [ 134.389, -6.3122 ], [ 134.4039, -6.3312 ], [ 134.3962, -6.3117 ], [ 134.4211, -6.2855 ], [ 134.4594, -6.2742 ], [ 134.5122, -6.3171 ] ] ], [ [ [ 134.6381, -6.3503 ], [ 134.6315, -6.3589 ], [ 134.6211, -6.3382 ], [ 134.6229, -6.3733 ], [ 134.5677, -6.3444 ], [ 134.5693, -6.3557 ], [ 134.5457, -6.3495 ], [ 134.5449, -6.2907 ], [ 134.5969, -6.2542 ], [ 134.5804, -6.2361 ], [ 134.5302, -6.2257 ], [ 134.4412, -6.2685 ], [ 134.4, -6.2578 ], [ 134.3854, -6.2286 ], [ 134.3412, -6.2185 ], [ 134.2726, -6.1155 ], [ 134.2707, -6.0891 ], [ 134.291, -6.064 ], [ 134.2827, -6.0443 ], [ 134.3261, -6.0229 ], [ 134.347, -6.038 ], [ 134.338, -6.0583 ], [ 134.3782, -6.0219 ], [ 134.4004, -6.0501 ], [ 134.4445, -6.0681 ], [ 134.4006, -6.0232 ], [ 134.418, -6.0249 ], [ 134.4391, -6.0147 ], [ 134.4696, -5.9582 ], [ 134.5, -5.964 ], [ 134.5308, -5.9214 ], [ 134.5878, -5.9383 ], [ 134.5881, -5.9405 ], [ 134.5841, -5.9447 ], [ 134.5814, -5.9527 ], [ 134.5968, -5.9425 ], [ 134.5854, -5.9658 ], [ 134.5701, -5.974 ], [ 134.5687, -5.9814 ], [ 134.5882, -5.9658 ], [ 134.6081, -5.9425 ], [ 134.6208, -5.9606 ], [ 134.6155, -5.9444 ], [ 134.6314, -5.9365 ], [ 134.66, -5.9473 ], [ 134.6445, -5.9707 ], [ 134.6371, -5.9932 ], [ 134.6368, -6.0165 ], [ 134.6554, -5.9612 ], [ 134.7221, -6.0211 ], [ 134.7, -6.0324 ], [ 134.6926, -6.0529 ], [ 134.6827, -6.0534 ], [ 134.6931, -6.0535 ], [ 134.727, -6.023 ], [ 134.741, -6.0332 ], [ 134.7368, -6.0571 ], [ 134.755, -6.0476 ], [ 134.7735, -6.0757 ], [ 134.7636, -6.0862 ], [ 134.7828, -6.0948 ], [ 134.7551, -6.1216 ], [ 134.7618, -6.1388 ], [ 134.724, -6.1605 ], [ 134.7287, -6.1504 ], [ 134.7276, -6.1475 ], [ 134.7196, -6.1641 ], [ 134.7007, -6.144 ], [ 134.7122, -6.1745 ], [ 134.6756, -6.1888 ], [ 134.6944, -6.1938 ], [ 134.7672, -6.1591 ], [ 134.7648, -6.2059 ], [ 134.7417, -6.2383 ], [ 134.7517, -6.2449 ], [ 134.7427, -6.2609 ], [ 134.7384, -6.2598 ], [ 134.7317, -6.2616 ], [ 134.7308, -6.2628 ], [ 134.7269, -6.2636 ], [ 134.7259, -6.2645 ], [ 134.7414, -6.2675 ], [ 134.729, -6.3014 ], [ 134.6908, -6.2974 ], [ 134.7046, -6.3244 ], [ 134.6381, -6.3503 ] ] ], [ [ [ 134.2419, -6.1012 ], [ 134.2334, -6.1268 ], [ 134.2699, -6.1473 ], [ 134.2719, -6.1833 ], [ 134.2774, -6.1605 ], [ 134.29, -6.161 ], [ 134.3384, -6.2258 ], [ 134.3669, -6.2264 ], [ 134.3932, -6.2609 ], [ 134.4484, -6.2707 ], [ 134.3775, -6.3091 ], [ 134.3636, -6.3241 ], [ 134.3372, -6.3126 ], [ 134.3146, -6.2764 ], [ 134.2882, -6.2841 ], [ 134.2154, -6.1906 ], [ 134.1973, -6.204 ], [ 134.1677, -6.1981 ], [ 134.1625, -6.1777 ], [ 134.2022, -6.1445 ], [ 134.1998, -6.1275 ], [ 134.1768, -6.1194 ], [ 134.1512, -6.1502 ], [ 134.1396, -6.1435 ], [ 134.1135, -6.1074 ], [ 134.1253, -6.0343 ], [ 134.1513, -6.0038 ], [ 134.1621, -6.039 ], [ 134.2277, -6.0163 ], [ 134.2153, -6.095 ], [ 134.2419, -6.1012 ] ] ], [ [ [ 134.8888, -6.1383 ], [ 134.8867, -6.1595 ], [ 134.8759, -6.1613 ], [ 134.8734, -6.1507 ], [ 134.8888, -6.1383 ] ] ], [ [ [ 134.7805, -5.9075 ], [ 134.7769, -5.8959 ], [ 134.7881, -5.8941 ], [ 134.788, -5.9063 ], [ 134.7805, -5.9075 ] ] ], [ [ [ 134.7711, -5.8732 ], [ 134.7537, -5.9016 ], [ 134.7272, -5.8961 ], [ 134.7282, -5.8896 ], [ 134.7393, -5.8803 ], [ 134.7515, -5.8582 ], [ 134.7711, -5.8732 ] ] ], [ [ [ 134.7689, -5.8656 ], [ 134.7657, -5.8658 ], [ 134.759, -5.8598 ], [ 134.7522, -5.8572 ], [ 134.7527, -5.8525 ], [ 134.7693, -5.851 ], [ 134.7689, -5.8656 ] ] ], [ [ [ 134.7879, -5.8068 ], [ 134.7991, -5.8196 ], [ 134.7671, -5.8218 ], [ 134.7768, -5.8062 ], [ 134.7879, -5.8068 ] ] ], [ [ [ 134.2496, -5.7841 ], [ 134.2482, -5.8243 ], [ 134.1916, -5.8307 ], [ 134.1958, -5.7507 ], [ 134.2381, -5.7565 ], [ 134.2496, -5.7841 ] ] ], [ [ [ 134.8129, -5.7389 ], [ 134.8033, -5.7512 ], [ 134.7823, -5.7575 ], [ 134.7924, -5.7279 ], [ 134.8129, -5.7389 ] ] ], [ [ [ 134.3276, -5.5632 ], [ 134.3477, -5.5745 ], [ 134.3279, -5.6101 ], [ 134.2764, -5.6456 ], [ 134.246, -5.6293 ], [ 134.2515, -5.6104 ], [ 134.2822, -5.6077 ], [ 134.304, -5.5637 ], [ 134.3276, -5.5632 ] ] ], [ [ [ 134.6459, -5.5693 ], [ 134.6205, -5.5808 ], [ 134.5989, -5.5598 ], [ 134.5959, -5.5697 ], [ 134.5924, -5.5672 ], [ 134.5852, -5.5703 ], [ 134.581, -5.5667 ], [ 134.5711, -5.5695 ], [ 134.5716, -5.5631 ], [ 134.569, -5.5603 ], [ 134.553, -5.5574 ], [ 134.531, -5.5693 ], [ 134.5224, -5.5549 ], [ 134.5079, -5.5564 ], [ 134.5204, -5.5111 ], [ 134.5, -5.5017 ], [ 134.5062, -5.4894 ], [ 134.5298, -5.4896 ], [ 134.5365, -5.4789 ], [ 134.4919, -5.4867 ], [ 134.4988, -5.4209 ], [ 134.5598, -5.4499 ], [ 134.5554, -5.4348 ], [ 134.5699, -5.4414 ], [ 134.578, -5.4394 ], [ 134.5641, -5.4314 ], [ 134.5716, -5.4187 ], [ 134.5975, -5.4143 ], [ 134.6078, -5.4277 ], [ 134.6022, -5.4442 ], [ 134.6094, -5.4548 ], [ 134.6092, -5.4206 ], [ 134.6475, -5.4392 ], [ 134.6446, -5.4763 ], [ 134.662, -5.5109 ], [ 134.6645, -5.4814 ], [ 134.7066, -5.5196 ], [ 134.701, -5.5356 ], [ 134.6738, -5.5384 ], [ 134.6964, -5.5704 ], [ 134.6829, -5.5599 ], [ 134.6595, -5.5706 ], [ 134.6479, -5.5516 ], [ 134.6459, -5.5693 ] ] ], [ [ [ 134.4918, -5.4284 ], [ 134.4781, -5.4545 ], [ 134.4626, -5.4614 ], [ 134.4662, -5.4424 ], [ 134.4918, -5.4284 ] ] ], [ [ [ 134.6031, -5.3499 ], [ 134.5745, -5.3608 ], [ 134.5396, -5.4115 ], [ 134.5022, -5.386 ], [ 134.5322, -5.3508 ], [ 134.5503, -5.357 ], [ 134.5705, -5.3245 ], [ 134.6031, -5.3499 ] ] ], [ [ [ 134.7178, -5.7469 ], [ 134.7417, -5.7418 ], [ 134.7475, -5.7861 ], [ 134.7142, -5.8132 ], [ 134.6921, -5.797 ], [ 134.6915, -5.7774 ], [ 134.669, -5.7506 ], [ 134.6558, -5.7455 ], [ 134.668, -5.7248 ], [ 134.7178, -5.7469 ] ] ], [ [ [ 134.7096, -5.6138 ], [ 134.7297, -5.6131 ], [ 134.7413, -5.6332 ], [ 134.729, -5.6444 ], [ 134.7421, -5.6347 ], [ 134.7396, -5.6172 ], [ 134.7464, -5.6175 ], [ 134.768, -5.6683 ], [ 134.7314, -5.6723 ], [ 134.7347, -5.7052 ], [ 134.7166, -5.7415 ], [ 134.6396, -5.7118 ], [ 134.6105, -5.7188 ], [ 134.5755, -5.6496 ], [ 134.5473, -5.6494 ], [ 134.5295, -5.5761 ], [ 134.5695, -5.563 ], [ 134.5713, -5.5709 ], [ 134.5949, -5.5755 ], [ 134.6071, -5.5693 ], [ 134.6213, -5.5833 ], [ 134.639, -5.5826 ], [ 134.6405, -5.5931 ], [ 134.6518, -5.5761 ], [ 134.6632, -5.5983 ], [ 134.6867, -5.5816 ], [ 134.6901, -5.593 ], [ 134.6875, -5.5988 ], [ 134.6901, -5.6153 ], [ 134.6882, -5.5999 ], [ 134.6905, -5.5937 ], [ 134.69, -5.5864 ], [ 134.7185, -5.6024 ], [ 134.7096, -5.6138 ] ] ], [ [ [ 134.7507, -5.844 ], [ 134.7557, -5.8488 ], [ 134.7509, -5.8541 ], [ 134.751, -5.8568 ], [ 134.7462, -5.8606 ], [ 134.7415, -5.8749 ], [ 134.7404, -5.8748 ], [ 134.7387, -5.8808 ], [ 134.7092, -5.8898 ], [ 134.7063, -5.9098 ], [ 134.7494, -5.9401 ], [ 134.7296, -5.9378 ], [ 134.7427, -5.9632 ], [ 134.7334, -5.9792 ], [ 134.6992, -5.9717 ], [ 134.6688, -5.9235 ], [ 134.6561, -5.9349 ], [ 134.6281, -5.9181 ], [ 134.6522, -5.8956 ], [ 134.6463, -5.8686 ], [ 134.6713, -5.8513 ], [ 134.6726, -5.8463 ], [ 134.6982, -5.8422 ], [ 134.7058, -5.8317 ], [ 134.7507, -5.844 ] ] ], [ [ [ 134.3271, -5.9663 ], [ 134.3366, -5.9463 ], [ 134.2969, -5.9257 ], [ 134.2982, -5.8983 ], [ 134.3167, -5.9039 ], [ 134.3474, -5.8461 ], [ 134.3739, -5.8477 ], [ 134.3582, -5.8277 ], [ 134.3768, -5.8204 ], [ 134.3693, -5.8024 ], [ 134.4137, -5.7866 ], [ 134.442, -5.7987 ], [ 134.4197, -5.7807 ], [ 134.393, -5.7887 ], [ 134.3648, -5.7681 ], [ 134.3276, -5.7953 ], [ 134.3365, -5.7707 ], [ 134.325, -5.7573 ], [ 134.3069, -5.7654 ], [ 134.3116, -5.7533 ], [ 134.2918, -5.7572 ], [ 134.2885, -5.7444 ], [ 134.2607, -5.759 ], [ 134.2143, -5.709 ], [ 134.251, -5.6621 ], [ 134.3142, -5.704 ], [ 134.3203, -5.7166 ], [ 134.3144, -5.7197 ], [ 134.3154, -5.7256 ], [ 134.3222, -5.7153 ], [ 134.3438, -5.7273 ], [ 134.3641, -5.711 ], [ 134.3561, -5.6841 ], [ 134.4117, -5.6439 ], [ 134.4315, -5.5973 ], [ 134.4181, -5.594 ], [ 134.4445, -5.5784 ], [ 134.4513, -5.5323 ], [ 134.4732, -5.5638 ], [ 134.5043, -5.5316 ], [ 134.505, -5.5565 ], [ 134.5278, -5.5656 ], [ 134.5263, -5.5796 ], [ 134.5346, -5.6041 ], [ 134.5329, -5.6066 ], [ 134.5335, -5.6268 ], [ 134.5464, -5.6507 ], [ 134.5726, -5.6562 ], [ 134.5717, -5.6663 ], [ 134.5767, -5.6771 ], [ 134.5887, -5.6864 ], [ 134.5946, -5.7023 ], [ 134.616, -5.7256 ], [ 134.6363, -5.7129 ], [ 134.6501, -5.7281 ], [ 134.6603, -5.7269 ], [ 134.6546, -5.7379 ], [ 134.6541, -5.7471 ], [ 134.6673, -5.7519 ], [ 134.6755, -5.7713 ], [ 134.6889, -5.7764 ], [ 134.6902, -5.797 ], [ 134.699, -5.8067 ], [ 134.7132, -5.8158 ], [ 134.687, -5.8418 ], [ 134.6717, -5.8455 ], [ 134.6713, -5.85 ], [ 134.655, -5.8571 ], [ 134.6441, -5.869 ], [ 134.6036, -5.8575 ], [ 134.5378, -5.8833 ], [ 134.5056, -5.9465 ], [ 134.4685, -5.9563 ], [ 134.4303, -6.0182 ], [ 134.3229, -6.0069 ], [ 134.3017, -6.0195 ], [ 134.3271, -5.9663 ] ] ] ] } },
{ "type": "Feature", "properties": { "province": "MALUKU", "district": "KOTA AMBON", "id": "MALUKU/KOTA AMBON", "name": "KOTA AMBON" }, "geometry": { "type": "MultiPolygon", "coordinates": [ [ [ [ 128.0939, -3.7943 ], [ 128.0941, -3.7942 ], [ 128.0941, -3.7943 ], [ 128.0939, -3.7943 ] ] ], [ [ [ 128.0939, -3.7943 ], [ 128.0896, -3.7926 ], [ 128.0913, -3.7863 ], [ 128.1048, -3.7714 ], [ 128.1299, -3.756 ], [ 128.1549, -3.7072 ], [ 128.245, -3.6384 ], [ 128.2325, -3.6281 ], [ 128.1955, -3.6407 ], [ 128.2016, -3.6589 ], [ 128.1173, -3.686 ], [ 128.085, -3.7227 ], [ 128.034, -3.6842 ], [ 128.0394, -3.6484 ], [ 128.1436, -3.6236 ], [ 128.1888, -3.6293 ], [ 128.2174, -3.5801 ], [ 128.2501, -3.5779 ], [ 128.2705, -3.6005 ], [ 128.2575, -3.6312 ], [ 128.2962, -3.665 ], [ 128.2998, -3.6953 ], [ 128.2707, -3.705 ], [ 128.2648, -3.7298 ], [ 128.2414, -3.7436 ], [ 128.16, -3.7496 ], [ 128.1527, -3.7706 ], [ 128.116, -3.7815 ], [ 128.0939, -3.7943 ] ] ] ] } },
{ "type": "Feature", "properties": { "province": "MALUKU", "district": "KOTA TUAL", "id": "MALUKU/KOTA TUAL", "name": "KOTA TUAL" }, "geometry": { "type": "MultiPolygon", "coordinates": [ [ [ [ 132.1897, -5.7681 ], [ 132.171, -5.7338 ], [ 132.1963, -5.7174 ], [ 132.201, -5.7552 ], [ 132.1897, -5.7681 ] ] ], [ [ [ 131.9918, -5.3787 ], [ 131.9726, -5.3893 ], [ 131.9604, -5.3729 ], [ 131.9695, -5.3374 ], [ 132.0144, -5.3051 ], [ 132.0207, -5.3418 ], [ 131.9918, -5.3787 ] ] ], [ [ [ 132.0259, -5.1678 ], [ 132.0249, -5.1867 ], [ 132.0187, -5.1871 ], [ 132.0129, -5.1731 ], [ 132.0259, -5.1678 ] ] ], [ [ [ 132.7897, -5.6677 ], [ 132.7692, -5.6862 ], [ 132.7567, -5.6623 ], [ 132.7678, -5.6548 ], [ 132.7676, -5.6472 ], [ 132.7598, -5.6401 ], [ 132.7492, -5.6637 ], [ 132.7401, -5.6132 ], [ 132.7988, -5.5278 ], [ 132.7912, -5.5769 ], [ 132.8166, -5.5512 ], [ 132.7971, -5.6128 ], [ 132.8142, -5.6827 ], [ 132.7928, -5.6924 ], [ 132.7958, -5.6526 ], [ 132.7897, -5.6677 ] ] ], [ [ [ 132.2775, -5.586 ], [ 132.2829, -5.5988 ], [ 132.3071, -5.5933 ], [ 132.2999, -5.618 ], [ 132.3104, -5.6118 ], [ 132.3204, -5.6294 ], [ 132.2955, -5.6568 ], [ 132.286, -5.6051 ], [ 132.2558, -5.5894 ], [ 132.2775, -5.586 ] ] ], [ [ [ 132.0104, -5.5959 ], [ 131.9903, -5.5897 ], [ 132.0038, -5.5636 ], [ 132.0127, -5.5853 ], [ 132.0104, -5.5959 ] ] ], [ [ [ 132.3525, -5.5795 ], [ 132.3247, -5.5815 ], [ 132.3033, -5.5373 ], [ 132.3114, -5.5238 ], [ 132.3434, -5.5331 ], [ 132.3559, -5.5539 ], [ 132.3781, -5.5356 ], [ 132.3525, -5.5795 ] ] ], [ [ [ 132.7408, -5.541 ], [ 132.7507, -5.5517 ], [ 132.7314, -5.5639 ], [ 132.6852, -5.5507 ], [ 132.7408, -5.541 ] ] ] ] } },
{ "type": "Feature", "properties": { "province": "MALUKU", "district": "MALUKU BARAT DAYA", "id": "MALUKU/MALUKU BARAT DAYA", "name": "MALUKU BARAT DAYA" }, "geometry": { "type": "MultiPolygon", "coordinates": [ [ [ [ 128.1822, -8.2804 ], [ 128.0805, -8.2662 ], [ 128.0907, -8.2065 ], [ 128.212, -8.2077 ], [ 128.2309, -8.2716 ], [ 128.1822, -8.2804 ] ] ], [ [ [ 129.0327, -8.2206 ], [ 129.011, -8.2491 ], [ 128.9526, -8.2139 ], [ 128.9338, -8.2173 ], [ 128.9403, -8.2353 ], [ 128.8952, -8.2302 ], [ 128.8221, -8.1899 ], [ 128.8635, -8.1743 ], [ 128.9634, -8.1752 ], [ 129.0287, -8.2033 ], [ 129.0327, -8.2206 ] ] ], [ [ [ 127.6827, -8.2248 ], [ 127.6299, -8.2395 ], [ 127.5925, -8.215 ], [ 127.6816, -8.1545 ], [ 127.7451, -8.1839 ], [ 127.7353, -8.2138 ], [ 127.6827, -8.2248 ] ] ], [ [ [ 129.8276, -8.2119 ], [ 129.8042, -8.2097 ], [ 129.8302, -8.1583 ], [ 129.9169, -8.0979 ], [ 129.9123, -8.1279 ], [ 129.8276, -8.2119 ] ] ], [ [ [ 128.0469, -8.2276 ], [ 128.0418, -8.2593 ], [ 128.0035, -8.2622 ], [ 127.952, -8.2489 ], [ 127.9362, -8.2214 ], [ 127.814, -8.2032 ], [ 127.7826, -8.1824 ], [ 127.7753, -8.1405 ], [ 127.7513, -8.1149 ], [ 127.8038, -8.1053 ], [ 127.9342, -8.1458 ], [ 128.0868, -8.1398 ], [ 128.1184, -8.1558 ], [ 128.0469, -8.2276 ] ] ], [ [ [ 128.7615, -8.1659 ], [ 128.781, -8.1641 ], [ 128.7894, -8.1963 ], [ 128.75, -8.163 ], [ 128.7615, -8.1659 ] ] ], [ [ [ 128.697, -8.176 ], [ 128.7016, -8.1907 ], [ 128.6762, -8.1699 ], [ 128.6927, -8.1682 ], [ 128.697, -8.176 ] ] ], [ [ [ 127.2154, -8.0148 ], [ 127.2092, -8.0254 ], [ 127.1651, -8.0184 ], [ 127.1628, -7.9811 ], [ 127.1839, -7.953 ], [ 127.2158, -7.9602 ], [ 127.2188, -7.998 ], [ 127.1994, -8.0051 ], [ 127.2269, -8.013 ], [ 127.2154, -8.0148 ] ] ], [ [ [ 125.742, -7.9794 ], [ 125.7579, -8.0126 ], [ 125.7286, -8.0553 ], [ 125.7185, -7.9781 ], [ 125.7304, -7.9629 ], [ 125.742, -7.9794 ] ] ], [ [ [ 129.7889, -8.0492 ], [ 129.7247, -8.0542 ], [ 129.6695, -8.0168 ], [ 129.5776, -7.9069 ], [ 129.5917, -7.8283 ], [ 129.6764, -7.7922 ], [ 129.814, -7.8225 ], [ 129.8527, -7.8474 ], [ 129.8382, -7.8789 ], [ 129.8614, -7.9231 ], [ 129.8228, -7.9685 ], [ 129.7889, -8.0492 ] ] ], [ [ [ 129.5569, -7.9392 ], [ 129.5363, -7.9604 ], [ 129.5131, -7.9409 ], [ 129.5102, -7.8514 ], [ 129.5629, -7.9032 ], [ 129.5569, -7.9392 ] ] ], [ [ [ 125.8123, -7.9916 ], [ 125.7982, -8.0129 ], [ 125.7838, -8.0056 ], [ 125.8237, -7.914 ], [ 125.8041, -7.8598 ], [ 125.87, -7.8127 ], [ 125.8624, -7.7658 ], [ 125.9153, -7.7435 ], [ 125.9365, -7.6777 ], [ 125.974, -7.6536 ], [ 126.0352, -7.698 ], [ 126.1881, -7.7275 ], [ 126.2402, -7.6875 ], [ 126.3285, -7.6954 ], [ 126.3717, -7.6678 ], [ 126.3816, -7.6367 ], [ 126.4541, -7.6244 ], [ 126.4799, -7.5885 ], [ 126.5999, -7.5734 ], [ 126.6276, -7.5573 ], [ 126.6423, -7.565 ], [ 126.6439, -7.6057 ], [ 126.6895, -7.6214 ], [ 126.7266, -7.6663 ], [ 126.8162, -7.6574 ], [ 126.8102, -7.6798 ], [ 126.8438, -7.7347 ], [ 126.8188, -7.7555 ], [ 126.7241, -7.7419 ], [ 126.5543, -7.8224 ], [ 126.4694, -7.9743 ], [ 126.4254, -7.9308 ], [ 126.3711, -7.935 ], [ 126.3337, -7.915 ], [ 126.1738, -7.926 ], [ 126.1329, -7.8925 ], [ 126.0704, -7.8879 ], [ 125.9775, -7.9193 ], [ 125.945, -7.9141 ], [ 125.8645, -7.9745 ], [ 125.8123, -7.9916 ] ] ], [ [ [ 130.0856, -7.7858 ], [ 130.0739, -7.799 ], [ 130.0541, -7.7762 ], [ 130.0235, -7.7737 ], [ 130.0669, -7.7619 ], [ 130.0878, -7.7714 ], [ 130.0856, -7.7858 ] ] ], [ [ [ 130.0074, -7.7526 ], [ 129.9838, -7.7337 ], [ 129.9901, -7.7033 ], [ 130.0215, -7.7499 ], [ 130.0074, -7.7526 ] ] ], [ [ [ 127.4874, -7.5613 ], [ 127.4716, -7.5965 ], [ 127.4139, -7.6064 ], [ 127.393, -7.6581 ], [ 127.3496, -7.6593 ], [ 127.333, -7.6375 ], [ 127.3431, -7.6071 ], [ 127.3773, -7.5932 ], [ 127.3617, -7.5308 ], [ 127.3763, -7.4972 ], [ 127.3979, -7.5006 ], [ 127.3881, -7.5117 ], [ 127.399, -7.5165 ], [ 127.4141, -7.5017 ], [ 127.4593, -7.5339 ], [ 127.479, -7.5217 ], [ 127.4874, -7.5613 ] ] ], [ [ [ 129.6979, -7.5745 ], [ 129.6556, -7.5609 ], [ 129.6596, -7.5333 ], [ 129.6865, -7.5574 ], [ 129.7208, -7.5589 ], [ 129.6979, -7.5745 ] ] ], [ [ [ 128.653, -7.1427 ], [ 128.6717, -7.1679 ], [ 128.688, -7.1655 ], [ 128.6447, -7.2224 ], [ 128.5534, -7.1637 ], [ 128.5351, -7.1682 ], [ 128.517, -7.1409 ], [ 128.6046, -7.0655 ], [ 128.6523, -7.0992 ], [ 128.6962, -7.1084 ], [ 128.6879, -7.1365 ], [ 128.653, -7.1427 ] ] ] ] } },
{ "type": "Feature", "properties": { "province": "MALUKU", "district": "MALUKU TENGAH", "id": "MALUKU/MALUKU TENGAH", "name": "MALUKU TENGAH" }, "geometry": { "type": "MultiPolygon", "coordinates": [ [ [ [ 129.4588, -3.4386 ], [ 129.3729, -3.4118 ], [ 129.252, -3.4076 ], [ 129.0843, -3.3411 ], [ 128.9657, -3.3626 ], [ 128.9286, -3.3527 ], [ 128.91, -3.3284 ], [ 128.9291, -3.337 ], [ 128.9389, -3.3086 ], [ 128.9658, -3.2929 ], [ 128.9667, -3.2268 ], [ 128.8853, -3.2037 ], [ 128.8342, -3.2399 ], [ 128.7757, -3.0428 ], [ 128.7523, -3.032 ], [ 128.7418, -2.9615 ], [ 128.7533, -2.9674 ], [ 128.7636, -2.9389 ], [ 128.7536, -2.8509 ], [ 128.8059, -2.8676 ], [ 128.9163, -2.8523 ], [ 129.0328, -2.7962 ], [ 129.0527, -2.7953 ], [ 129.0783, -2.8551 ], [ 129.0638, -2.9045 ], [ 129.0831, -2.9392 ], [ 129.1313, -2.9689 ], [ 129.1574, -2.9481 ], [ 129.1958, -2.9599 ], [ 129.1736, -2.9354 ], [ 129.1864, -2.9216 ], [ 129.2048, -2.9297 ], [ 129.2033, -2.9449 ], [ 129.2193, -2.9536 ], [ 129.2099, -2.9421 ], [ 129.2233, -2.922 ], [ 129.3461, -2.8589 ], [ 129.377, -2.7893 ], [ 129.4699, -2.7841 ], [ 129.5192, -2.7988 ], [ 129.5287, -2.7727 ], [ 129.5476, -2.8002 ], [ 129.619, -2.803 ], [ 129.6371, -2.8271 ], [ 129.7088, -2.8344 ], [ 129.7852, -2.8646 ], [ 129.8137, -2.9131 ], [ 129.8788, -2.896 ], [ 129.8661, -2.9129 ], [ 129.8802, -2.9332 ], [ 129.8927, -2.9216 ], [ 129.8825, -2.9143 ], [ 129.9019, -2.9142 ], [ 129.9095, -2.9424 ], [ 130.0144, -2.9823 ], [ 129.9563, -3.1701 ], [ 129.9127, -3.1679 ], [ 129.8997, -3.2593 ], [ 129.8552, -3.336 ], [ 129.5245, -3.2979 ], [ 129.4975, -3.3271 ], [ 129.5597, -3.3964 ], [ 129.5673, -3.4492 ], [ 129.5373, -3.4718 ], [ 129.4588, -3.4386 ] ] ], [ [ [ 130.0444, -4.6032 ], [ 130.0315, -4.595 ], [ 130.037, -4.5795 ], [ 130.0479, -4.586 ], [ 130.0444, -4.6032 ] ] ], [ [ [ 129.6924, -4.5557 ], [ 129.6821, -4.5645 ], [ 129.6664, -4.5612 ], [ 129.6921, -4.5416 ], [ 129.6924, -4.5557 ] ] ], [ [ [ 129.9499, -4.5555 ], [ 129.9183, -4.5716 ], [ 129.8608, -4.5525 ], [ 129.9281, -4.5426 ], [ 129.9441, -4.5081 ], [ 129.9499, -4.5555 ] ] ], [ [ [ 129.7663, -4.5183 ], [ 129.7841, -4.5232 ], [ 129.7755, -4.5378 ], [ 129.7633, -4.521 ], [ 129.7663, -4.5183 ] ] ], [ [ [ 129.9044, -4.5299 ], [ 129.8962, -4.5289 ], [ 129.8929, -4.5028 ], [ 129.9069, -4.5067 ], [ 129.9087, -4.5223 ], [ 129.9044, -4.5299 ] ] ], [ [ [ 129.8808, -4.5108 ], [ 129.8939, -4.5232 ], [ 129.8901, -4.5357 ], [ 129.868, -4.5298 ], [ 129.8808, -4.5108 ] ] ], [ [ [ 127.9773, -3.78 ], [ 127.9416, -3.7726 ], [ 127.9168, -3.7179 ], [ 127.9214, -3.6918 ], [ 128.0263, -3.5922 ], [ 128.0869, -3.5808 ], [ 128.1704, -3.592 ], [ 128.2542, -3.4965 ], [ 128.3441, -3.5057 ], [ 128.3534, -3.5279 ], [ 128.3219, -3.5671 ], [ 128.3545, -3.5987 ], [ 128.3538, -3.6336 ], [ 128.2717, -3.6185 ], [ 128.2703, -3.5994 ], [ 128.2386, -3.573 ], [ 128.2121, -3.5791 ], [ 128.1888, -3.6293 ], [ 128.0453, -3.643 ], [ 128.0282, -3.6665 ], [ 128.034, -3.6842 ], [ 128.0828, -3.7127 ], [ 128.0385, -3.7342 ], [ 128.0062, -3.7744 ], [ 127.9773, -3.78 ] ] ], [ [ [ 128.7802, -3.6671 ], [ 128.7868, -3.695 ], [ 128.7664, -3.6935 ], [ 128.7578, -3.6494 ], [ 128.7727, -3.6393 ], [ 128.8061, -3.6488 ], [ 128.8114, -3.6753 ], [ 128.7876, -3.6936 ], [ 128.7802, -3.6671 ] ] ], [ [ [ 128.4109, -3.6351 ], [ 128.3989, -3.6297 ], [ 128.4187, -3.6028 ], [ 128.4104, -3.5874 ], [ 128.429, -3.5829 ], [ 128.4131, -3.5829 ], [ 128.4241, -3.566 ], [ 128.4132, -3.5374 ], [ 128.447, -3.5104 ], [ 128.4994, -3.5134 ], [ 128.5505, -3.5384 ], [ 128.5763, -3.5819 ], [ 128.5386, -3.6153 ], [ 128.5122, -3.606 ], [ 128.4979, -3.6242 ], [ 128.4657, -3.614 ], [ 128.4109, -3.6351 ] ] ], [ [ [ 128.6642, -3.5995 ], [ 128.6426, -3.6316 ], [ 128.6081, -3.5952 ], [ 128.6273, -3.5858 ], [ 128.5672, -3.544 ], [ 128.5557, -3.5093 ], [ 128.572, -3.4946 ], [ 128.6036, -3.4967 ], [ 128.6393, -3.5312 ], [ 128.6824, -3.5441 ], [ 128.6938, -3.494 ], [ 128.7156, -3.4981 ], [ 128.7303, -3.5126 ], [ 128.736, -3.6154 ], [ 128.727, -3.6225 ], [ 128.6972, -3.5892 ], [ 128.6555, -3.5732 ], [ 128.6642, -3.5995 ] ] ], [ [ [ 130.0442, -3.1816 ], [ 129.9563, -3.1701 ], [ 130.0195, -2.9919 ], [ 130.0465, -3.0053 ], [ 130.1102, -2.9966 ], [ 130.0957, -3.1926 ], [ 130.0847, -3.2085 ], [ 130.0442, -3.1816 ] ] ], [ [ [ 128.9952, -2.7319 ], [ 128.9898, -2.7412 ], [ 128.9784, -2.7488 ], [ 128.9827, -2.7287 ], [ 128.9952, -2.7319 ] ] ] ] } },
{ "type": "Feature", "properties": { "province": "MALUKU", "district": "MALUKU TENGGARA", "id": "MALUKU/MALUKU TENGGARA", "name": "MALUKU TENGGARA" }, "geometry": { "type": "MultiPolygon", "coordinates": [ [ [ [ 132.4812, -6.0235 ], [ 132.4552, -6.0384 ], [ 132.4429, -6.0116 ], [ 132.4693, -6.0181 ], [ 132.484, -5.9887 ], [ 132.4812, -6.0235 ] ] ], [ [ [ 132.5452, -5.8867 ], [ 132.5514, -5.9114 ], [ 132.5364, -5.9208 ], [ 132.528, -5.8948 ], [ 132.5452, -5.8867 ] ] ], [ [ [ 132.5637, -5.871 ], [ 132.539, -5.8575 ], [ 132.5365, -5.8395 ], [ 132.5554, -5.8415 ], [ 132.5637, -5.871 ] ] ], [ [ [ 132.6148, -5.8587 ], [ 132.5995, -5.849 ], [ 132.6091, -5.8337 ], [ 132.6223, -5.8476 ], [ 132.6148, -5.8587 ] ] ], [ [ [ 132.6832, -5.7437 ], [ 132.68, -5.7442 ], [ 132.6814, -5.74 ], [ 132.6829, -5.7413 ], [ 132.6832, -5.7437 ] ] ], [ [ [ 132.8736, -5.9598 ], [ 132.8656, -5.9731 ], [ 132.8688, -5.9026 ], [ 132.9031, -5.8908 ], [ 132.875, -5.8819 ], [ 132.877, -5.855 ], [ 132.8932, -5.8542 ], [ 132.8821, -5.8404 ], [ 132.9352, -5.7764 ], [ 132.9398, -5.684 ], [ 132.9713, -5.6397 ], [ 132.9779, -5.6568 ], [ 133.0009, -5.6475 ], [ 133.0674, -5.3846 ], [ 133.1099, -5.2784 ], [ 133.1235, -5.289 ], [ 133.1435, -5.2688 ], [ 133.1825, -5.3083 ], [ 133.1814, -5.3368 ], [ 133.1601, -5.3527 ], [ 133.1148, -5.5629 ], [ 133.0837, -5.619 ], [ 133.0211, -5.66 ], [ 132.9611, -5.739 ], [ 132.9429, -5.8242 ], [ 132.9606, -5.856 ], [ 132.9128, -5.9078 ], [ 132.8976, -5.9518 ], [ 132.8736, -5.9598 ] ] ], [ [ [ 132.758, -5.943 ], [ 132.7221, -5.9502 ], [ 132.7327, -5.8915 ], [ 132.7054, -5.9486 ], [ 132.7039, -5.9084 ], [ 132.6735, -5.9014 ], [ 132.681, -5.8465 ], [ 132.7081, -5.8108 ], [ 132.6987, -5.7568 ], [ 132.6801, -5.7247 ], [ 132.6488, -5.7122 ], [ 132.6519, -5.6737 ], [ 132.6346, -5.6751 ], [ 132.6396, -5.637 ], [ 132.6108, -5.5939 ], [ 132.6692, -5.6304 ], [ 132.7113, -5.5907 ], [ 132.7113, -5.6523 ], [ 132.7, -5.6506 ], [ 132.7032, -5.6276 ], [ 132.6936, -5.6567 ], [ 132.7191, -5.6612 ], [ 132.7229, -5.6451 ], [ 132.7421, -5.6436 ], [ 132.7384, -5.6921 ], [ 132.7635, -5.7467 ], [ 132.7601, -5.7187 ], [ 132.7788, -5.7281 ], [ 132.7721, -5.8135 ], [ 132.7813, -5.7777 ], [ 132.8044, -5.7881 ], [ 132.8154, -5.8499 ], [ 132.7979, -5.8667 ], [ 132.7831, -5.9396 ], [ 132.758, -5.943 ] ] ], [ [ [ 132.6972, -5.7819 ], [ 132.7028, -5.8106 ], [ 132.6889, -5.8129 ], [ 132.6697, -5.7841 ], [ 132.6757, -5.7441 ], [ 132.6972, -5.7819 ] ] ] ] } },
{ "type": "Feature", "properties": { "province": "MALUKU", "district": "MALUKU TENGGARA BARAT", "id": "MALUKU/MALUKU TENGGARA BARAT", "name": "MALUKU TENGGARA BARAT" }, "geometry": { "type": "MultiPolygon", "coordinates": [ [ [ [ 130.8018, -8.3394 ], [ 130.7584, -8.3322 ], [ 130.801, -8.2933 ], [ 130.8208, -8.2488 ], [ 130.875, -8.2156 ], [ 130.9238, -8.2084 ], [ 130.9362, -8.193 ], [ 130.9207, -8.1723 ], [ 130.9322, -8.1691 ], [ 130.9368, -8.1625 ], [ 130.9199, -8.1696 ], [ 130.9156, -8.1464 ], [ 130.938, -8.1216 ], [ 130.9451, -8.1362 ], [ 130.9987, -8.1391 ], [ 131.0123, -8.12 ], [ 130.9873, -8.1236 ], [ 130.9871, -8.1095 ], [ 131.0313, -8.0717 ], [ 131.0834, -8.107 ], [ 131.0682, -8.1549 ], [ 131.128, -8.1079 ], [ 131.169, -8.1113 ], [ 131.1453, -8.1502 ], [ 130.9897, -8.2287 ], [ 130.9642, -8.218 ], [ 130.8972, -8.2333 ], [ 130.8842, -8.2548 ], [ 130.8984, -8.2836 ], [ 130.8018, -8.3394 ] ] ], [ [ [ 131.2127, -8.046 ], [ 131.212, -8.0681 ], [ 131.1926, -8.0767 ], [ 131.2047, -8.0482 ], [ 131.2127, -8.046 ] ] ], [ [ [ 131.3311, -7.9834 ], [ 131.2952, -8.0228 ], [ 131.289, -7.9949 ], [ 131.309, -7.9552 ], [ 131.3007, -7.9048 ], [ 131.2286, -8.0024 ], [ 131.1874, -7.988 ], [ 131.106, -7.9905 ], [ 131.1215, -7.9033 ], [ 131.1041, -7.8688 ], [ 131.1021, -7.8882 ], [ 131.0845, -7.875 ], [ 131.0846, -7.8421 ], [ 131.1098, -7.8192 ], [ 131.1246, -7.8333 ], [ 131.1496, -7.8198 ], [ 131.1464, -7.7995 ], [ 131.1128, -7.7805 ], [ 131.1387, -7.7682 ], [ 131.1312, -7.7589 ], [ 131.147, -7.7436 ], [ 131.1149, -7.7523 ], [ 131.1081, -7.7014 ], [ 131.1322, -7.6763 ], [ 131.1703, -7.7205 ], [ 131.2437, -7.7228 ], [ 131.2361, -7.7068 ], [ 131.1839, -7.6974 ], [ 131.1575, -7.6668 ], [ 131.1991, -7.6387 ], [ 131.2373, -7.6553 ], [ 131.2873, -7.5832 ], [ 131.2945, -7.5289 ], [ 131.2659, -7.4852 ], [ 131.2633, -7.4495 ], [ 131.3197, -7.4141 ], [ 131.3428, -7.4403 ], [ 131.3532, -7.3906 ], [ 131.3807, -7.3892 ], [ 131.3656, -7.3668 ], [ 131.3908, -7.355 ], [ 131.3837, -7.3409 ], [ 131.4244, -7.3329 ], [ 131.4472, -7.3448 ], [ 131.4288, -7.3155 ], [ 131.4414, -7.2782 ], [ 131.4525, -7.2851 ], [ 131.4818, -7.23 ], [ 131.5351, -7.2235 ], [ 131.5167, -7.1757 ], [ 131.5308, -7.1397 ], [ 131.5723, -7.1442 ], [ 131.5825, -7.1215 ], [ 131.6063, -7.141 ], [ 131.615, -7.1227 ], [ 131.6494, -7.1143 ], [ 131.6553, -7.1419 ], [ 131.6367, -7.1692 ], [ 131.6471, -7.1748 ], [ 131.6775, -7.1681 ], [ 131.6758, -7.1495 ], [ 131.706, -7.1362 ], [ 131.6891, -7.1597 ], [ 131.7169, -7.1618 ], [ 131.7159, -7.1841 ], [ 131.7414, -7.2152 ], [ 131.6526, -7.2251 ], [ 131.6291, -7.2528 ], [ 131.6543, -7.3262 ], [ 131.6479, -7.3481 ], [ 131.676, -7.3624 ], [ 131.6737, -7.384 ], [ 131.6442, -7.3926 ], [ 131.6583, -7.3987 ], [ 131.6543, -7.4265 ], [ 131.6668, -7.4161 ], [ 131.6691, -7.4328 ], [ 131.6904, -7.4165 ], [ 131.7005, -7.4285 ], [ 131.6675, -7.4453 ], [ 131.6695, -7.49 ], [ 131.6494, -7.4949 ], [ 131.6644, -7.5096 ], [ 131.6209, -7.6416 ], [ 131.5844, -7.6585 ], [ 131.553, -7.7182 ], [ 131.4841, -7.7268 ], [ 131.4804, -7.7791 ], [ 131.4521, -7.7739 ], [ 131.4619, -7.8067 ], [ 131.433, -7.8107 ], [ 131.3646, -7.8669 ], [ 131.36, -7.8831 ], [ 131.379, -7.8913 ], [ 131.3444, -7.9033 ], [ 131.3272, -7.9286 ], [ 131.3536, -7.9281 ], [ 131.33, -7.9488 ], [ 131.342, -7.9739 ], [ 131.3311, -7.9834 ] ] ], [ [ [ 131.0296, -7.7017 ], [ 131.0444, -7.7196 ], [ 130.9706, -7.7342 ], [ 130.9729, -7.6766 ], [ 131.0456, -7.6515 ], [ 131.0468, -7.6709 ], [ 131.0627, -7.6431 ], [ 131.1243, -7.6342 ], [ 131.1045, -7.6904 ], [ 131.0584, -7.701 ], [ 131.0618, -7.6765 ], [ 131.0296, -7.7017 ] ] ], [ [ [ 131.1543, -7.3982 ], [ 131.1634, -7.4159 ], [ 131.131, -7.4405 ], [ 131.1281, -7.4607 ], [ 131.0864, -7.484 ], [ 131.0791, -7.4748 ], [ 131.0566, -7.5187 ], [ 131.0325, -7.5091 ], [ 131.0565, -7.4943 ], [ 131.0539, -7.4791 ], [ 130.9989, -7.5001 ], [ 130.9641, -7.4868 ], [ 130.9819, -7.425 ], [ 131.1543, -7.3982 ] ] ], [ [ [ 131.2592, -7.3527 ], [ 131.2662, -7.375 ], [ 131.2044, -7.3541 ], [ 131.2239, -7.3465 ], [ 131.2223, -7.3273 ], [ 131.2392, -7.3355 ], [ 131.2355, -7.3086 ], [ 131.2533, -7.2988 ], [ 131.2744, -7.3283 ], [ 131.2867, -7.3188 ], [ 131.2995, -7.3347 ], [ 131.2592, -7.3527 ] ] ], [ [ [ 131.9653, -7.2429 ], [ 131.9086, -7.2243 ], [ 131.8998, -7.1802 ], [ 131.8627, -7.1618 ], [ 131.7245, -7.1727 ], [ 131.7163, -7.1321 ], [ 131.7497, -7.1136 ], [ 131.9162, -7.1014 ], [ 131.9835, -7.2051 ], [ 131.9653, -7.2429 ] ] ], [ [ [ 131.4469, -7.1324 ], [ 131.4318, -7.1316 ], [ 131.4448, -7.0926 ], [ 131.454, -7.1006 ], [ 131.4469, -7.1324 ] ] ], [ [ [ 131.9573, -7.0489 ], [ 131.9072, -7.0745 ], [ 131.9127, -7.0452 ], [ 132.0027, -6.9818 ], [ 131.9573, -7.0489 ] ] ], [ [ [ 131.5131, -6.8705 ], [ 131.4833, -6.9192 ], [ 131.4586, -6.9157 ], [ 131.4739, -6.8697 ], [ 131.5131, -6.8705 ] ] ], [ [ [ 131.5269, -6.8024 ], [ 131.5138, -6.7625 ], [ 131.5635, -6.7031 ], [ 131.564, -6.678 ], [ 131.6194, -6.6777 ], [ 131.599, -6.7279 ], [ 131.5749, -6.7103 ], [ 131.5619, -6.724 ], [ 131.5644, -6.7621 ], [ 131.5915, -6.7567 ], [ 131.5822, -6.7758 ], [ 131.5269, -6.8024 ] ] ] ] } },
{ "type": "Feature", "properties": { "province": "MALUKU", "district": "SERAM BAGIAN BARAT", "id": "MALUKU/SERAM BAGIAN BARAT", "name": "SERAM BAGIAN BARAT" }, "geometry": { "type": "MultiPolygon", "coordinates": [ [ [ [ 127.6149, -3.3078 ], [ 127.6569, -3.3664 ], [ 127.6133, -3.3675 ], [ 127.5833, -3.3467 ], [ 127.5784, -3.3166 ], [ 127.5657, -3.34 ], [ 127.5062, -3.3305 ], [ 127.4872, -3.3006 ], [ 127.5264, -3.2802 ], [ 127.5236, -3.2596 ], [ 127.5609, -3.2662 ], [ 127.5699, -3.2551 ], [ 127.6149, -3.3078 ] ] ], [ [ [ 128.4404, -3.4488 ], [ 128.4052, -3.4286 ], [ 128.3953, -3.3947 ], [ 128.3335, -3.33 ], [ 128.296, -3.2338 ], [ 128.2696, -3.2039 ], [ 128.2489, -3.2079 ], [ 128.2531, -3.1976 ], [ 128.2212, -3.2177 ], [ 128.1925, -3.1987 ], [ 128.2028, -3.2181 ], [ 128.1816, -3.2313 ], [ 128.1603, -3.2001 ], [ 128.1708, -3.1866 ], [ 128.1579, -3.1877 ], [ 128.1592, -3.1595 ], [ 128.1729, -3.164 ], [ 128.1718, -3.1401 ], [ 128.2383, -3.1424 ], [ 128.2335, -3.0885 ], [ 128.2073, -3.0895 ], [ 128.1835, -3.0649 ], [ 128.1407, -3.0846 ], [ 128.1185, -3.069 ], [ 128.0871, -3.0206 ], [ 128.1227, -3.0008 ], [ 128.1196, -2.9742 ], [ 128.08, -2.9874 ], [ 128.0724, -2.97 ], [ 128.1346, -2.9361 ], [ 128.1291, -2.9051 ], [ 128.1647, -2.8833 ], [ 128.1638, -2.8633 ], [ 128.2917, -2.8622 ], [ 128.3209, -2.901 ], [ 128.3248, -2.8628 ], [ 128.3504, -2.8599 ], [ 128.3707, -2.9036 ], [ 128.3611, -2.8639 ], [ 128.4014, -2.8699 ], [ 128.436, -2.8596 ], [ 128.4354, -2.8473 ], [ 128.473, -2.8517 ], [ 128.5084, -2.834 ], [ 128.5302, -2.8374 ], [ 128.536, -2.8723 ], [ 128.5434, -2.8489 ], [ 128.6242, -2.8559 ], [ 128.6645, -2.8396 ], [ 128.7063, -2.8615 ], [ 128.7529, -2.8507 ], [ 128.7636, -2.9389 ], [ 128.7533, -2.9674 ], [ 128.7418, -2.9626 ], [ 128.7584, -3.0442 ], [ 128.71, -3.0492 ], [ 128.7987, -3.2575 ], [ 128.6754, -3.3652 ], [ 128.6705, -3.3912 ], [ 128.6987, -3.4115 ], [ 128.6765, -3.4324 ], [ 128.5951, -3.4263 ], [ 128.5057, -3.4598 ], [ 128.4404, -3.4488 ] ] ], [ [ [ 127.9619, -3.3853 ], [ 127.9818, -3.3916 ], [ 127.9609, -3.3886 ], [ 127.9778, -3.4021 ], [ 127.9626, -3.4474 ], [ 127.9262, -3.4759 ], [ 127.9016, -3.4721 ], [ 127.9432, -3.3518 ], [ 127.9233, -3.3022 ], [ 127.8885, -3.2715 ], [ 127.872, -3.1892 ], [ 127.8377, -3.1571 ], [ 127.8989, -3.1577 ], [ 127.9507, -3.1095 ], [ 128.0117, -3.1461 ], [ 128.0877, -3.1387 ], [ 128.0546, -3.3422 ], [ 128.016, -3.3815 ], [ 127.9619, -3.3853 ] ] ], [ [ [ 127.7943, -3.1906 ], [ 127.7894, -3.2568 ], [ 127.751, -3.2481 ], [ 127.7078, -3.2604 ], [ 127.638, -3.2258 ], [ 127.7338, -3.1555 ], [ 127.7724, -3.1568 ], [ 127.7943, -3.1906 ] ] ], [ [ [ 127.9491, -3.0131 ], [ 127.9145, -3.0386 ], [ 127.8288, -3.0344 ], [ 127.8687, -3.0045 ], [ 127.8779, -2.9612 ], [ 127.9247, -2.9349 ], [ 127.9414, -2.9408 ], [ 127.9131, -2.9199 ], [ 127.9245, -2.9113 ], [ 127.9907, -2.9239 ], [ 128.004, -2.94 ], [ 127.9491, -3.0131 ] ] ] ] } },
{ "type": "Feature", "properties": { "province": "MALUKU", "district": "SERAM BAGIAN TIMUR", "id": "MALUKU/SERAM BAGIAN TIMUR", "name": "SERAM BAGIAN TIMUR" }, "geometry": { "type": "MultiPolygon", "coordinates": [ [ [ [ 131.7498, -4.764 ], [ 131.7427, -4.785 ], [ 131.7282, -4.7001 ], [ 131.7666, -4.7367 ], [ 131.7498, -4.764 ] ] ], [ [ [ 131.6603, -4.5382 ], [ 131.6312, -4.4511 ], [ 131.6091, -4.4237 ], [ 131.6318, -4.4383 ], [ 131.6851, -4.5104 ], [ 131.6833, -4.5396 ], [ 131.6603, -4.5382 ] ] ], [ [ [ 131.6091, -4.4053 ], [ 131.5998, -4.4166 ], [ 131.5778, -4.3788 ], [ 131.5838, -4.3788 ], [ 131.6091, -4.4053 ] ] ], [ [ [ 131.3907, -4.1411 ], [ 131.4041, -4.1626 ], [ 131.3821, -4.176 ], [ 131.3714, -4.1474 ], [ 131.2851, -4.1073 ], [ 131.2747, -4.0771 ], [ 131.3024, -4.0744 ], [ 131.3907, -4.1411 ] ] ], [ [ [ 131.4447, -4.0668 ], [ 131.417, -4.069 ], [ 131.3634, -3.9639 ], [ 131.4181, -3.9481 ], [ 131.4447, -4.0668 ] ] ], [ [ [ 131.2406, -4.0322 ], [ 131.2465, -4.0556 ], [ 131.2165, -4.0311 ], [ 131.2021, -3.9937 ], [ 131.212, -3.9771 ], [ 131.2429, -3.992 ], [ 131.2406, -4.0322 ] ] ], [ [ [ 130.9232, -3.8963 ], [ 130.9101, -3.8937 ], [ 130.9334, -3.8673 ], [ 130.9355, -3.8798 ], [ 130.9588, -3.8806 ], [ 130.9232, -3.8963 ] ] ], [ [ [ 130.9018, -3.8776 ], [ 130.9022, -3.8838 ], [ 130.896, -3.8871 ], [ 130.8953, -3.8795 ], [ 130.9018, -3.8776 ] ] ], [ [ [ 130.8686, -3.8651 ], [ 130.867, -3.867 ], [ 130.8616, -3.8622 ], [ 130.8638, -3.8611 ], [ 130.8686, -3.8651 ] ] ], [ [ [ 130.8405, -3.7803 ], [ 130.831, -3.8377 ], [ 130.8629, -3.8719 ], [ 130.8441, -3.8833 ], [ 130.8229, -3.8535 ], [ 130.7759, -3.8517 ], [ 130.7676, -3.8318 ], [ 130.7528, -3.8388 ], [ 130.6189, -3.7956 ], [ 130.5704, -3.7276 ], [ 130.476, -3.7 ], [ 130.4432, -3.6507 ], [ 130.4035, -3.6281 ], [ 130.3512, -3.6205 ], [ 130.2953, -3.5861 ], [ 130.1355, -3.5336 ], [ 130.0995, -3.5009 ], [ 130.0154, -3.4827 ], [ 129.9709, -3.4266 ], [ 129.9583, -3.3583 ], [ 129.9186, -3.3375 ], [ 129.8576, -3.3342 ], [ 129.8997, -3.2593 ], [ 129.9127, -3.1679 ], [ 130.0442, -3.1815 ], [ 130.0847, -3.2085 ], [ 130.1058, -3.1399 ], [ 130.1102, -2.9955 ], [ 130.1562, -2.9862 ], [ 130.1936, -3.0109 ], [ 130.3127, -2.9691 ], [ 130.3857, -2.9892 ], [ 130.4876, -3.0955 ], [ 130.5481, -3.1061 ], [ 130.6051, -3.1511 ], [ 130.6382, -3.2818 ], [ 130.6396, -3.3576 ], [ 130.5894, -3.3812 ], [ 130.599, -3.4345 ], [ 130.6332, -3.4333 ], [ 130.6628, -3.4012 ], [ 130.6953, -3.3986 ], [ 130.6984, -3.4181 ], [ 130.7392, -3.4343 ], [ 130.7568, -3.4295 ], [ 130.7547, -3.4021 ], [ 130.7697, -3.4027 ], [ 130.8047, -3.4067 ], [ 130.8396, -3.4636 ], [ 130.8394, -3.4527 ], [ 130.8417, -3.4673 ], [ 130.8023, -3.4903 ], [ 130.8745, -3.5782 ], [ 130.8003, -3.6068 ], [ 130.8443, -3.5902 ], [ 130.8438, -3.6011 ], [ 130.8806, -3.6001 ], [ 130.8793, -3.6157 ], [ 130.8415, -3.6555 ], [ 130.8346, -3.6473 ], [ 130.7942, -3.7154 ], [ 130.8353, -3.7164 ], [ 130.8402, -3.7485 ], [ 130.8019, -3.7584 ], [ 130.8403, -3.7572 ], [ 130.8405, -3.7803 ] ] ], [ [ [ 130.799, -3.3331 ], [ 130.7659, -3.322 ], [ 130.7668, -3.3055 ], [ 130.7993, -3.3072 ], [ 130.799, -3.3331 ] ] ] ] } },
{ "type": "Feature", "properties": { "province": "MALUKU UTARA", "district": "HALMAHERA BARAT", "id": "MALUKU UTARA/HALMAHERA BARAT", "name": "HALMAHERA BARAT" }, "geometry": { "type": "MultiPolygon", "coordinates": [ [ [ [ 127.6492, 0.7744 ], [ 127.6376, 0.7688 ], [ 127.6183, 0.7902 ], [ 127.6382, 0.8173 ], [ 127.6288, 0.8611 ], [ 127.6135, 0.8539 ], [ 127.5662, 0.8741 ], [ 127.5635, 0.8648 ], [ 127.5572, 0.8634 ], [ 127.5486, 0.8806 ], [ 127.5433, 0.8615 ], [ 127.5257, 0.8585 ], [ 127.5463, 0.8808 ], [ 127.4918, 0.893 ], [ 127.5118, 0.9725 ], [ 127.4723, 1.0065 ], [ 127.4948, 1.0152 ], [ 127.4954, 1.0547 ], [ 127.4728, 1.0638 ], [ 127.4245, 1.0503 ], [ 127.4241, 1.0323 ], [ 127.4008, 1.0413 ], [ 127.4127, 1.0474 ], [ 127.3993, 1.0842 ], [ 127.4315, 1.1465 ], [ 127.3992, 1.1965 ], [ 127.528, 1.457 ], [ 127.5291, 1.5502 ], [ 127.5108, 1.5576 ], [ 127.554, 1.5972 ], [ 127.549, 1.6647 ], [ 127.5596, 1.6643 ], [ 127.5551, 1.6393 ], [ 127.5649, 1.6615 ], [ 127.5849, 1.6608 ], [ 127.5844, 1.69 ], [ 127.5505, 1.7112 ], [ 127.5761, 1.7245 ], [ 127.5763, 1.7611 ], [ 127.6466, 1.8247 ], [ 127.6543, 1.8767 ], [ 127.6635, 1.8683 ], [ 127.6937, 1.9314 ], [ 127.7374, 1.9611 ], [ 127.7542, 1.9461 ], [ 127.7636, 1.9615 ], [ 127.7891, 1.9111 ], [ 127.7598, 1.8847 ], [ 127.7646, 1.8649 ], [ 127.7442, 1.8568 ], [ 127.7031, 1.7147 ], [ 127.7324, 1.6251 ], [ 127.7297, 1.5396 ], [ 127.7029, 1.4731 ], [ 127.6705, 1.4639 ], [ 127.6802, 1.443 ], [ 127.6575, 1.4168 ], [ 127.6761, 1.377 ], [ 127.6539, 1.3276 ], [ 127.6357, 1.3216 ], [ 127.6345, 1.2746 ], [ 127.6495, 1.266 ], [ 127.6239, 1.2378 ], [ 127.6443, 1.1716 ], [ 127.6199, 1.1404 ], [ 127.6254, 1.1164 ], [ 127.6038, 1.1084 ], [ 127.6184, 1.0278 ], [ 127.5949, 0.967 ], [ 127.6056, 0.9158 ], [ 127.6325, 0.8783 ], [ 127.6758, 0.8308 ], [ 127.7094, 0.8212 ], [ 127.7352, 0.7735 ], [ 127.731, 0.759 ], [ 127.6983, 0.7559 ], [ 127.6492, 0.7744 ] ] ], [ [ [ 127.518, 0.8736 ], [ 127.5171, 0.8736 ], [ 127.5171, 0.8742 ], [ 127.5175, 0.8743 ], [ 127.518, 0.8736 ] ] ], [ [ [ 127.5028, 0.8831 ], [ 127.507, 0.8804 ], [ 127.5002, 0.866 ], [ 127.4988, 0.884 ], [ 127.5028, 0.8831 ] ] ], [ [ [ 127.527, 0.8719 ], [ 127.5251, 0.8733 ], [ 127.5258, 0.8762 ], [ 127.527, 0.8757 ], [ 127.527, 0.8719 ] ] ], [ [ [ 127.5243, 0.8786 ], [ 127.5219, 0.877 ], [ 127.5172, 0.8803 ], [ 127.5221, 0.8833 ], [ 127.5243, 0.8786 ] ] ], [ [ [ 127.5254, 1.7204 ], [ 127.535, 1.6889 ], [ 127.4952, 1.6675 ], [ 127.5115, 1.6855 ], [ 127.5254, 1.7204 ] ] ] ] } },
{ "type": "Feature", "properties": { "province": "MALUKU UTARA", "district": "HALMAHERA SELATAN", "id": "MALUKU UTARA/HALMAHERA SELATAN", "name": "HALMAHERA SELATAN" }, "geometry": { "type": "MultiPolygon", "coordinates": [ [ [ [ 127.6074, -1.8471 ], [ 127.5718, -1.8656 ], [ 127.582, -1.8285 ], [ 127.6432, -1.8237 ], [ 127.6351, -1.8469 ], [ 127.6074, -1.8471 ] ] ], [ [ [ 128.1668, -1.6441 ], [ 128.156, -1.6844 ], [ 128.087, -1.7224 ], [ 128.0242, -1.7273 ], [ 127.9813, -1.6995 ], [ 127.8895, -1.6829 ], [ 127.817, -1.7009 ], [ 127.7114, -1.6878 ], [ 127.6616, -1.7279 ], [ 127.6167, -1.7177 ], [ 127.5968, -1.7381 ], [ 127.4994, -1.725 ], [ 127.4228, -1.6589 ], [ 127.4094, -1.6627 ], [ 127.3915, -1.6175 ], [ 127.412, -1.568 ], [ 127.4064, -1.5248 ], [ 127.4324, -1.4952 ], [ 127.416, -1.4797 ], [ 127.4444, -1.4333 ], [ 127.4127, -1.418 ], [ 127.4406, -1.409 ], [ 127.4372, -1.4262 ], [ 127.5045, -1.453 ], [ 127.5134, -1.4171 ], [ 127.5813, -1.3635 ], [ 127.634, -1.3357 ], [ 127.6427, -1.3473 ], [ 127.6414, -1.3302 ], [ 127.6706, -1.3504 ], [ 127.6739, -1.3313 ], [ 127.7009, -1.3529 ], [ 127.7067, -1.3354 ], [ 127.7603, -1.3525 ], [ 127.7779, -1.3791 ], [ 127.7931, -1.3731 ], [ 127.7987, -1.41 ], [ 127.8397, -1.4254 ], [ 127.8352, -1.4349 ], [ 127.8782, -1.4393 ], [ 127.8927, -1.4257 ], [ 127.9783, -1.484 ], [ 127.9915, -1.5122 ], [ 128.0434, -1.5453 ], [ 127.9867, -1.5838 ], [ 128.0439, -1.5452 ], [ 128.0799, -1.5681 ], [ 128.0761, -1.5811 ], [ 128.1132, -1.561 ], [ 128.1637, -1.6122 ], [ 128.1668, -1.6441 ] ] ], [ [ [ 127.3632, -1.4258 ], [ 127.3275, -1.4543 ], [ 127.2808, -1.4146 ], [ 127.3194, -1.3921 ], [ 127.3219, -1.3646 ], [ 127.336, -1.388 ], [ 127.3459, -1.3648 ], [ 127.3524, -1.4035 ], [ 127.3882, -1.3874 ], [ 127.3996, -1.4007 ], [ 127.3632, -1.4258 ] ] ], [ [ [ 127.3982, -1.3125 ], [ 127.4106, -1.3123 ], [ 127.4349, -1.3178 ], [ 127.4181, -1.333 ], [ 127.3748, -1.3177 ], [ 127.3982, -1.3125 ] ] ], [ [ [ 128.3765, -1.0775 ], [ 128.4112, -1.0877 ], [ 128.4541, -1.1238 ], [ 128.4534, -1.1307 ], [ 128.4127, -1.0972 ], [ 128.3601, -1.1188 ], [ 128.3584, -1.094 ], [ 128.3437, -1.089 ], [ 128.3765, -1.0775 ] ] ], [ [ [ 128.2332, -1.0477 ], [ 128.2394, -1.0399 ], [ 128.2517, -1.0457 ], [ 128.2354, -1.0507 ], [ 128.2408, -1.0675 ], [ 128.2285, -1.0372 ], [ 128.2332, -1.0477 ] ] ], [ [ [ 128.4562, -0.9112 ], [ 128.3791, -0.8777 ], [ 128.3522, -0.8895 ], [ 128.3162, -0.864 ], [ 128.2995, -0.8816 ], [ 128.2653, -0.8687 ], [ 128.2257, -0.8393 ], [ 128.2406, -0.8211 ], [ 128.2836, -0.8326 ], [ 128.2298, -0.7795 ], [ 128.2471, -0.7706 ], [ 128.2433, -0.76 ], [ 128.2247, -0.7698 ], [ 128.2342, -0.7505 ], [ 128.2172, -0.7725 ], [ 128.0656, -0.718 ], [ 128.012, -0.6786 ], [ 127.887, -0.4167 ], [ 127.9523, -0.386 ], [ 127.9313, -0.3494 ], [ 127.8792, -0.3665 ], [ 127.8745, -0.3389 ], [ 127.9099, -0.3128 ], [ 127.8949, -0.2885 ], [ 127.8279, -0.349 ], [ 127.7506, -0.3202 ], [ 127.6869, -0.27 ], [ 127.6893, -0.2476 ], [ 127.6611, -0.2085 ], [ 127.6999, -0.0997 ], [ 127.6997, -0.01 ], [ 127.7402, 0.021 ], [ 127.7681, 0.0255 ], [ 127.7726, 0.0033 ], [ 127.8173, 0.0314 ], [ 127.7966, 0.0536 ], [ 127.7886, 0.1522 ], [ 127.8345, 0.1209 ], [ 127.8497, 0.136 ], [ 127.877, 0.1314 ], [ 127.8969, 0.1761 ], [ 127.9216, 0.1767 ], [ 127.9299, 0.1078 ], [ 127.9038, 0.1049 ], [ 127.8882, 0.0838 ], [ 127.8899, -0.0011 ], [ 127.9462, -0.111 ], [ 127.9818, -0.264 ], [ 128.0495, -0.4174 ], [ 128.1854, -0.6285 ], [ 128.2156, -0.6999 ], [ 128.4562, -0.9112 ] ] ], [ [ [ 128.3786, -0.9978 ], [ 128.4053, -0.9902 ], [ 128.4165, -1.0261 ], [ 128.3633, -1.0413 ], [ 128.3345, -1.0226 ], [ 128.339, -0.9737 ], [ 128.3082, -0.9661 ], [ 128.3082, -0.9446 ], [ 128.3342, -0.9433 ], [ 128.3324, -0.9646 ], [ 128.3786, -0.9978 ] ] ], [ [ [ 127.8169, -0.8531 ], [ 127.7321, -0.8712 ], [ 127.7533, -0.8616 ], [ 127.682, -0.8388 ], [ 127.6822, -0.8218 ], [ 127.6579, -0.8115 ], [ 127.6651, -0.7757 ], [ 127.6527, -0.7494 ], [ 127.63, -0.741 ], [ 127.6154, -0.7594 ], [ 127.6061, -0.7061 ], [ 127.6136, -0.7613 ], [ 127.5003, -0.8011 ], [ 127.4749, -0.8237 ], [ 127.4633, -0.8143 ], [ 127.4423, -0.7363 ], [ 127.4805, -0.6306 ], [ 127.4446, -0.6285 ], [ 127.4211, -0.6074 ], [ 127.4079, -0.621 ], [ 127.3985, -0.5976 ], [ 127.4394, -0.5535 ], [ 127.4393, -0.516 ], [ 127.36, -0.5759 ], [ 127.3623, -0.5578 ], [ 127.3062, -0.5138 ], [ 127.2912, -0.4711 ], [ 127.2952, -0.4375 ], [ 127.3187, -0.4287 ], [ 127.3383, -0.3843 ], [ 127.321, -0.33 ], [ 127.3387, -0.3386 ], [ 127.3723, -0.3168 ], [ 127.4126, -0.3585 ], [ 127.4263, -0.406 ], [ 127.4522, -0.419 ], [ 127.4792, -0.3875 ], [ 127.4848, -0.34 ], [ 127.514, -0.3261 ], [ 127.5206, -0.3016 ], [ 127.569, -0.3156 ], [ 127.5925, -0.3796 ], [ 127.6081, -0.3723 ], [ 127.6208, -0.406 ], [ 127.5374, -0.4189 ], [ 127.6396, -0.4104 ], [ 127.6927, -0.4565 ], [ 127.6637, -0.5174 ], [ 127.6002, -0.5772 ], [ 127.5976, -0.6195 ], [ 127.6465, -0.6381 ], [ 127.5808, -0.6789 ], [ 127.6466, -0.6382 ], [ 127.6483, -0.6828 ], [ 127.6717, -0.71 ], [ 127.7994, -0.6789 ], [ 127.8319, -0.7002 ], [ 127.8298, -0.7755 ], [ 127.832, -0.7002 ], [ 127.8636, -0.7095 ], [ 127.8768, -0.7593 ], [ 127.8939, -0.7584 ], [ 127.9062, -0.7841 ], [ 127.8804, -0.7747 ], [ 127.8973, -0.7992 ], [ 127.8797, -0.7955 ], [ 127.8703, -0.827 ], [ 127.8169, -0.8531 ] ] ], [ [ [ 127.3168, -0.7604 ], [ 127.3344, -0.7867 ], [ 127.2965, -0.7993 ], [ 127.2459, -0.7656 ], [ 127.2002, -0.7789 ], [ 127.1656, -0.7508 ], [ 127.1675, -0.7084 ], [ 127.191, -0.6925 ], [ 127.1878, -0.6781 ], [ 127.2129, -0.6712 ], [ 127.2169, -0.6372 ], [ 127.1947, -0.6144 ], [ 127.2443, -0.6026 ], [ 127.2705, -0.618 ], [ 127.2473, -0.6357 ], [ 127.3039, -0.6833 ], [ 127.2906, -0.7134 ], [ 127.3168, -0.7604 ] ] ], [ [ [ 127.6536, -1.2238 ], [ 127.6963, -1.2281 ], [ 127.6931, -1.2849 ], [ 127.6665, -1.2848 ], [ 127.6771, -1.2928 ], [ 127.5614, -1.2478 ], [ 127.4934, -1.2716 ], [ 127.4652, -1.2503 ], [ 127.4796, -1.2174 ], [ 127.5096, -1.2025 ], [ 127.5104, -1.1779 ], [ 127.5476, -1.171 ], [ 127.5989, -1.2104 ], [ 127.6536, -1.2238 ] ] ], [ [ [ 127.4398, -1.1806 ], [ 127.4435, -1.205 ], [ 127.4264, -1.2214 ], [ 127.3969, -1.1429 ], [ 127.4186, -1.1397 ], [ 127.4398, -1.1806 ] ] ], [ [ [ 127.4143, -0.6479 ], [ 127.3801, -0.6677 ], [ 127.3731, -0.6494 ], [ 127.3736, -0.6643 ], [ 127.3481, -0.6585 ], [ 127.3243, -0.6064 ], [ 127.3807, -0.6093 ], [ 127.4143, -0.6479 ] ] ], [ [ [ 127.3287, -0.6246 ], [ 127.3226, -0.6378 ], [ 127.3327, -0.6582 ], [ 127.309, -0.6248 ], [ 127.3287, -0.6246 ] ] ], [ [ [ 127.2351, -0.5373 ], [ 127.2413, -0.5495 ], [ 127.2507, -0.5514 ], [ 127.225, -0.5483 ], [ 127.2351, -0.5373 ] ] ], [ [ [ 127.2277, -0.5021 ], [ 127.217, -0.5181 ], [ 127.1638, -0.531 ], [ 127.128, -0.5187 ], [ 127.1368, -0.4995 ], [ 127.1113, -0.487 ], [ 127.1238, -0.4731 ], [ 127.1622, -0.4885 ], [ 127.1229, -0.4281 ], [ 127.1033, -0.4256 ], [ 127.1225, -0.4096 ], [ 127.1092, -0.3885 ], [ 127.1355, -0.3608 ], [ 127.13, -0.3341 ], [ 127.2261, -0.3464 ], [ 127.1306, -0.3326 ], [ 127.1396, -0.3113 ], [ 127.1151, -0.3032 ], [ 127.1093, -0.2831 ], [ 127.1505, -0.2566 ], [ 127.1755, -0.2643 ], [ 127.24, -0.2453 ], [ 127.2621, -0.2803 ], [ 127.3054, -0.2706 ], [ 127.3028, -0.2876 ], [ 127.2552, -0.2948 ], [ 127.2537, -0.3376 ], [ 127.268, -0.3361 ], [ 127.2806, -0.3647 ], [ 127.2454, -0.3762 ], [ 127.2806, -0.3648 ], [ 127.2871, -0.3992 ], [ 127.2633, -0.4064 ], [ 127.2788, -0.451 ], [ 127.2569, -0.4733 ], [ 127.2651, -0.4907 ], [ 127.2277, -0.5021 ] ] ], [ [ [ 127.2875, -0.4887 ], [ 127.2999, -0.4982 ], [ 127.2875, -0.5006 ], [ 127.2905, -0.5276 ], [ 127.2732, -0.5103 ], [ 127.2875, -0.4887 ] ] ], [ [ [ 127.7285, -0.4116 ], [ 127.7364, -0.4153 ], [ 127.7457, -0.4275 ], [ 127.7248, -0.4229 ], [ 127.7285, -0.4116 ] ] ], [ [ [ 127.433, -0.3509 ], [ 127.43, -0.3596 ], [ 127.4183, -0.3532 ], [ 127.432, -0.3499 ], [ 127.433, -0.3509 ] ] ], [ [ [ 127.4073, -0.3404 ], [ 127.4011, -0.3376 ], [ 127.3988, -0.331 ], [ 127.4056, -0.3194 ], [ 127.4073, -0.3404 ] ] ], [ [ [ 127.079, -0.2646 ], [ 127.0367, -0.293 ], [ 127.0209, -0.2626 ], [ 127.0312, -0.2554 ], [ 127.0431, -0.2748 ], [ 127.0432, -0.2411 ], [ 127.0611, -0.2283 ], [ 127.0886, -0.24 ], [ 127.079, -0.2646 ] ] ], [ [ [ 127.1307, -0.2265 ], [ 127.0922, -0.2544 ], [ 127.0915, -0.2145 ], [ 127.1092, -0.2134 ], [ 127.134, -0.1765 ], [ 127.1524, -0.1845 ], [ 127.1276, -0.2047 ], [ 127.1307, -0.2265 ] ] ], [ [ [ 127.225, -0.1364 ], [ 127.1982, -0.1168 ], [ 127.2305, -0.11 ], [ 127.2403, -0.0781 ], [ 127.2712, -0.0726 ], [ 127.2614, -0.126 ], [ 127.225, -0.1364 ] ] ], [ [ [ 127.4159, -0.079 ], [ 127.4105, -0.1043 ], [ 127.4027, -0.0716 ], [ 127.4167, -0.0162 ], [ 127.4295, -0.0436 ], [ 127.4159, -0.079 ] ] ], [ [ [ 127.4287, -0.0606 ], [ 127.435, -0.0634 ], [ 127.439, -0.0715 ], [ 127.4385, -0.0736 ], [ 127.4207, -0.0694 ], [ 127.4287, -0.0606 ] ] ], [ [ [ 127.1721, -0.0384 ], [ 127.175, -0.0371 ], [ 127.1916, -0.0456 ], [ 127.1748, -0.0416 ], [ 127.1717, -0.0387 ], [ 127.1721, -0.0359 ], [ 127.1721, -0.0384 ] ] ], [ [ [ 127.2519, -0.0246 ], [ 127.2497, -0.0324 ], [ 127.243, -0.0317 ], [ 127.243, -0.0276 ], [ 127.2519, -0.0246 ] ] ], [ [ [ 127.1751, -0.0124 ], [ 127.192, -0.013 ], [ 127.2027, -0.0246 ], [ 127.1643, -0.0163 ], [ 127.1751, -0.0124 ] ] ], [ [ [ 127.4277, 0.0091 ], [ 127.4283, -0.0076 ], [ 127.4215, -0.0115 ], [ 127.4168, -0.0025 ], [ 127.4277, 0.0091 ] ] ], [ [ [ 127.2259, 0.0365 ], [ 127.2303, 0.0261 ], [ 127.2265, 0.0211 ], [ 127.2167, 0.03 ], [ 127.2259, 0.0365 ] ] ], [ [ [ 127.1247, 0.1433 ], [ 127.135, 0.1365 ], [ 127.135, 0.1277 ], [ 127.1135, 0.132 ], [ 127.1247, 0.1433 ] ] ], [ [ [ 127.1553, 0.162 ], [ 127.1583, 0.1572 ], [ 127.1451, 0.1509 ], [ 127.1459, 0.1584 ], [ 127.1553, 0.162 ] ] ], [ [ [ 127.4364, 0.3097 ], [ 127.4221, 0.2827 ], [ 127.3935, 0.2751 ], [ 127.3433, 0.3297 ], [ 127.3736, 0.3623 ], [ 127.4162, 0.3749 ], [ 127.4427, 0.3374 ], [ 127.4364, 0.3097 ] ] ], [ [ [ 127.4648, -0.0178 ], [ 127.4669, -0.0414 ], [ 127.4322, -0.0055 ], [ 127.4427, 0.0073 ], [ 127.4309, 0.0217 ], [ 127.405, 0.0099 ], [ 127.4264, 0.139 ], [ 127.4592, 0.131 ], [ 127.4407, 0.102 ], [ 127.4478, 0.0686 ], [ 127.4668, 0.0725 ], [ 127.4648, -0.0178 ] ] ], [ [ [ 127.215, 0.1436 ], [ 127.2216, 0.1407 ], [ 127.22, 0.1326 ], [ 127.208, 0.1383 ], [ 127.215, 0.1436 ] ] ] ] } },
{ "type": "Feature", "properties": { "province": "MALUKU UTARA", "district": "HALMAHERA TENGAH", "id": "MALUKU UTARA/HALMAHERA TENGAH", "name": "HALMAHERA TENGAH" }, "geometry": { "type": "MultiPolygon", "coordinates": [ [ [ [ 129.5581, -0.1493 ], [ 129.5754, -0.199 ], [ 129.5369, -0.2135 ], [ 129.5077, -0.1763 ], [ 129.516, -0.1623 ], [ 129.4695, -0.1395 ], [ 129.4798, -0.1245 ], [ 129.4613, -0.0923 ], [ 129.4145, -0.0713 ], [ 129.3831, -0.0729 ], [ 129.3818, -0.0306 ], [ 129.3627, -0.0032 ], [ 129.3298, 0.0228 ], [ 129.2878, 0.0298 ], [ 129.28, 0.0482 ], [ 129.4014, -0.0132 ], [ 129.5581, -0.1493 ] ] ], [ [ [ 129.4225, -0.0788 ], [ 129.4222, -0.1019 ], [ 129.4279, -0.0877 ], [ 129.4355, -0.0999 ], [ 129.4324, -0.1181 ], [ 129.4106, -0.0923 ], [ 129.4225, -0.0788 ] ] ], [ [ [ 129.6304, -0.0312 ], [ 129.6537, -0.0478 ], [ 129.6537, -0.0708 ], [ 129.6255, -0.0314 ], [ 129.6152, -0.0405 ], [ 129.6353, -0.0557 ], [ 129.6196, -0.0654 ], [ 129.6295, -0.0701 ], [ 129.5972, -0.0561 ], [ 129.5836, -0.0104 ], [ 129.6032, -0.0044 ], [ 129.6304, -0.0312 ] ] ], [ [ [ 127.8756, 0.1308 ], [ 127.8497, 0.136 ], [ 127.8345, 0.1209 ], [ 127.7878, 0.1535 ], [ 127.8237, 0.2092 ], [ 127.7973, 0.2483 ], [ 127.8195, 0.2724 ], [ 127.7986, 0.3171 ], [ 127.8066, 0.3735 ], [ 127.775, 0.4131 ], [ 127.7686, 0.4539 ], [ 127.7797, 0.4858 ], [ 127.8011, 0.4815 ], [ 127.8067, 0.5265 ], [ 127.826, 0.5427 ], [ 127.8316, 0.5756 ], [ 127.7915, 0.6323 ], [ 127.808, 0.646 ], [ 127.8537, 0.6177 ], [ 127.8672, 0.6327 ], [ 127.948, 0.6283 ], [ 128.0017, 0.6566 ], [ 128.0634, 0.6402 ], [ 128.066, 0.616 ], [ 128.117, 0.5911 ], [ 128.2111, 0.6008 ], [ 128.2647, 0.5695 ], [ 128.2736, 0.5486 ], [ 128.3168, 0.5545 ], [ 128.3699, 0.5021 ], [ 128.375, 0.5123 ], [ 128.4837, 0.4898 ], [ 128.4888, 0.4723 ], [ 128.5043, 0.4771 ], [ 128.5097, 0.4429 ], [ 128.562, 0.4159 ], [ 128.6211, 0.4434 ], [ 128.6184, 0.4685 ], [ 128.6444, 0.5124 ], [ 128.6763, 0.5111 ], [ 128.6683, 0.4909 ], [ 128.6886, 0.4444 ], [ 128.6712, 0.3435 ], [ 128.8362, 0.2925 ], [ 128.9034, 0.2076 ], [ 128.8656, 0.2232 ], [ 128.8434, 0.2613 ], [ 128.5591, 0.3178 ], [ 128.458, 0.4036 ], [ 128.282, 0.3965 ], [ 128.284, 0.4185 ], [ 128.2781, 0.3996 ], [ 128.2403, 0.4246 ], [ 128.2311, 0.4111 ], [ 128.1788, 0.4289 ], [ 128.1798, 0.4569 ], [ 128.1114, 0.455 ], [ 128.0792, 0.4773 ], [ 128.0251, 0.4731 ], [ 128.0266, 0.4883 ], [ 128.0146, 0.4715 ], [ 127.978, 0.4711 ], [ 127.9771, 0.4832 ], [ 127.9298, 0.4654 ], [ 127.9016, 0.4331 ], [ 127.9062, 0.3645 ], [ 127.886, 0.3653 ], [ 127.8747, 0.2991 ], [ 127.8627, 0.2961 ], [ 127.8759, 0.289 ], [ 127.8791, 0.3019 ], [ 127.9211, 0.2736 ], [ 127.9219, 0.1782 ], [ 127.8969, 0.1761 ], [ 127.8946, 0.1477 ], [ 127.8756, 0.1308 ] ] ] ] } },
{ "type": "Feature", "properties": { "province": "MALUKU UTARA", "district": "HALMAHERA TIMUR", "id": "MALUKU UTARA/HALMAHERA TIMUR", "name": "HALMAHERA TIMUR" }, "geometry": { "type": "Polygon", "coordinates": [ [ [ 128.6189, 0.4698 ], [ 128.6205, 0.4428 ], [ 128.562, 0.4159 ], [ 128.5097, 0.4429 ], [ 128.5043, 0.4771 ], [ 128.4888, 0.4723 ], [ 128.4833, 0.49 ], [ 128.3585, 0.5106 ], [ 128.3168, 0.5545 ], [ 128.2736, 0.5486 ], [ 128.2647, 0.5695 ], [ 128.2111, 0.6008 ], [ 128.117, 0.5911 ], [ 128.066, 0.616 ], [ 128.0634, 0.6402 ], [ 128.0017, 0.6566 ], [ 127.948, 0.6283 ], [ 127.829, 0.6227 ], [ 127.8266, 0.6385 ], [ 127.7921, 0.6426 ], [ 127.7671, 0.7447 ], [ 127.7314, 0.7592 ], [ 127.691, 0.8667 ], [ 127.694, 0.8791 ], [ 127.7028, 0.8768 ], [ 127.7366, 0.8209 ], [ 127.7977, 0.7959 ], [ 127.8826, 0.8285 ], [ 127.8887, 0.8522 ], [ 127.9329, 0.8819 ], [ 127.9248, 0.9657 ], [ 127.9453, 0.9942 ], [ 127.9325, 1.0051 ], [ 127.9524, 1.0189 ], [ 127.9813, 1.0874 ], [ 128.0327, 1.1163 ], [ 128.1661, 1.1248 ], [ 128.1948, 1.1649 ], [ 128.2, 1.2056 ], [ 128.1797, 1.2428 ], [ 128.1464, 1.2545 ], [ 128.1005, 1.2386 ], [ 128.0865, 1.2533 ], [ 128.0939, 1.285 ], [ 128.1199, 1.2903 ], [ 128.1675, 1.3675 ], [ 128.2444, 1.42 ], [ 128.3443, 1.4595 ], [ 128.3698, 1.5007 ], [ 128.4673, 1.5507 ], [ 128.4937, 1.5495 ], [ 128.507, 1.5316 ], [ 128.5555, 1.5678 ], [ 128.6714, 1.5899 ], [ 128.7256, 1.5673 ], [ 128.7314, 1.534 ], [ 128.697, 1.5368 ], [ 128.684, 1.4632 ], [ 128.7218, 1.4084 ], [ 128.7586, 1.3937 ], [ 128.7421, 1.371 ], [ 128.7417, 1.31 ], [ 128.7103, 1.289 ], [ 128.7194, 1.2477 ], [ 128.6906, 1.1964 ], [ 128.6883, 1.0947 ], [ 128.7008, 1.0669 ], [ 128.611, 1.0428 ], [ 128.5334, 0.9708 ], [ 128.5046, 0.9715 ], [ 128.4417, 0.9296 ], [ 128.3347, 0.9119 ], [ 128.2798, 0.8662 ], [ 128.3118, 0.8158 ], [ 128.2494, 0.8414 ], [ 128.2514, 0.8253 ], [ 128.2058, 0.8077 ], [ 128.1983, 0.7896 ], [ 128.2384, 0.7353 ], [ 128.2601, 0.7385 ], [ 128.2953, 0.7014 ], [ 128.3244, 0.6515 ], [ 128.4345, 0.6322 ], [ 128.572, 0.5616 ], [ 128.6794, 0.5496 ], [ 128.6813, 0.5078 ], [ 128.6461, 0.5135 ], [ 128.6189, 0.4698 ] ] ] } },
{ "type": "Feature", "properties": { "province": "MALUKU UTARA", "district": "HALMAHERA UTARA", "id": "MALUKU UTARA/HALMAHERA UTARA", "name": "HALMAHERA UTARA" }, "geometry": { "type": "MultiPolygon", "coordinates": [ [ [ [ 127.6486, 0.9118 ], [ 127.6664, 0.8538 ], [ 127.6805, 0.8676 ], [ 127.6693, 0.8805 ], [ 127.694, 0.8791 ], [ 127.7094, 0.8212 ], [ 127.6758, 0.8308 ], [ 127.6325, 0.8783 ], [ 127.6056, 0.9158 ], [ 127.5949, 0.967 ], [ 127.6184, 1.0278 ], [ 127.6038, 1.1084 ], [ 127.6254, 1.1164 ], [ 127.6199, 1.1404 ], [ 127.6443, 1.1716 ], [ 127.6239, 1.2378 ], [ 127.6495, 1.266 ], [ 127.6345, 1.2746 ], [ 127.6357, 1.3216 ], [ 127.7053, 1.3615 ], [ 127.7294, 1.4377 ], [ 127.8111, 1.4977 ], [ 127.8166, 1.5434 ], [ 127.8725, 1.6445 ], [ 127.8574, 1.6665 ], [ 127.8184, 1.6673 ], [ 127.795, 1.7393 ], [ 127.7522, 1.8001 ], [ 127.7442, 1.8568 ], [ 127.7646, 1.8649 ], [ 127.7598, 1.8847 ], [ 127.7891, 1.9111 ], [ 127.7681, 1.9593 ], [ 127.7504, 1.9458 ], [ 127.7448, 1.9676 ], [ 127.8376, 2.0911 ], [ 127.9581, 2.1951 ], [ 127.9551, 2.2211 ], [ 127.9773, 2.2086 ], [ 127.9835, 2.1805 ], [ 128.0665, 2.1982 ], [ 128.0325, 2.1245 ], [ 127.9543, 2.0397 ], [ 127.9523, 1.9917 ], [ 127.8525, 1.9259 ], [ 127.8417, 1.8482 ], [ 127.8609, 1.8055 ], [ 127.8982, 1.7974 ], [ 127.929, 1.8117 ], [ 127.9598, 1.7663 ], [ 127.9917, 1.7624 ], [ 128.0121, 1.7371 ], [ 128.0216, 1.6897 ], [ 127.9953, 1.6732 ], [ 127.9998, 1.6238 ], [ 127.9871, 1.6174 ], [ 128.0374, 1.583 ], [ 128.0096, 1.4257 ], [ 128.0241, 1.4047 ], [ 127.9886, 1.3807 ], [ 127.9924, 1.336 ], [ 128.0104, 1.314 ], [ 127.9774, 1.3062 ], [ 127.9725, 1.2758 ], [ 127.9194, 1.2276 ], [ 127.8968, 1.179 ], [ 127.9034, 1.1502 ], [ 127.8804, 1.1537 ], [ 127.8759, 1.1513 ], [ 127.8747, 1.1496 ], [ 127.849, 1.1553 ], [ 127.8258, 1.1472 ], [ 127.7584, 1.0687 ], [ 127.6551, 1.0269 ], [ 127.6262, 0.9725 ], [ 127.6412, 0.935 ], [ 127.6311, 0.9223 ], [ 127.6486, 0.9118 ] ] ], [ [ [ 127.8823, 1.1521 ], [ 127.8803, 1.1478 ], [ 127.8763, 1.1508 ], [ 127.8805, 1.153 ], [ 127.8823, 1.1521 ] ] ], [ [ [ 128.0242, 1.2998 ], [ 128.0197, 1.2835 ], [ 128.0065, 1.2813 ], [ 128.0075, 1.2876 ], [ 128.0242, 1.2998 ] ] ], [ [ [ 128.0587, 1.572 ], [ 128.0674, 1.5647 ], [ 128.0528, 1.5552 ], [ 128.0493, 1.582 ], [ 128.0587, 1.572 ] ] ], [ [ [ 128.0727, 1.729 ], [ 128.0696, 1.7148 ], [ 128.0704, 1.7447 ], [ 128.0731, 1.7421 ], [ 128.0727, 1.729 ] ] ], [ [ [ 128.0262, 1.7324 ], [ 128.0282, 1.727 ], [ 128.0215, 1.7268 ], [ 128.0194, 1.7305 ], [ 128.0262, 1.7324 ] ] ], [ [ [ 128.0401, 1.7544 ], [ 128.05, 1.7527 ], [ 128.0563, 1.7418 ], [ 128.0358, 1.744 ], [ 128.0401, 1.7544 ] ] ], [ [ [ 128.0162, 1.776 ], [ 128.0085, 1.7712 ], [ 127.9935, 1.8027 ], [ 128.0062, 1.7907 ], [ 128.0162, 1.776 ] ] ], [ [ [ 127.7743, 2.1287 ], [ 127.786, 2.1218 ], [ 127.784, 2.1039 ], [ 127.7672, 2.1148 ], [ 127.7743, 2.1287 ] ] ], [ [ [ 127.7677, 2.1745 ], [ 127.7707, 2.152 ], [ 127.727, 2.1804 ], [ 127.72, 2.1939 ], [ 127.7589, 2.1904 ], [ 127.7677, 2.1745 ] ] ], [ [ [ 127.7663, 2.2106 ], [ 127.7723, 2.1995 ], [ 127.7548, 2.2043 ], [ 127.7639, 2.2121 ], [ 127.7663, 2.2106 ] ] ], [ [ [ 127.8017, 2.2237 ], [ 127.7726, 2.2201 ], [ 127.773, 2.2598 ], [ 127.7569, 2.2637 ], [ 127.7756, 2.2947 ], [ 127.7799, 2.275 ], [ 127.8254, 2.2697 ], [ 127.8229, 2.2407 ], [ 127.8017, 2.2237 ] ] ] ] } },
{ "type": "Feature", "properties": { "province": "MALUKU UTARA", "district": "KEPULAUAN SULA", "id": "MALUKU UTARA/KEPULAUAN SULA", "name": "KEPULAUAN SULA" }, "geometry": { "type": "MultiPolygon", "coordinates": [ [ [ [ 126.0734, -2.43 ], [ 126.0492, -2.4774 ], [ 125.9921, -2.4419 ], [ 125.9638, -2.3878 ], [ 125.957, -2.3223 ], [ 125.8803, -2.2126 ], [ 125.8873, -2.1752 ], [ 125.8579, -2.0602 ], [ 125.9105, -1.9745 ], [ 125.9443, -1.9801 ], [ 125.9923, -2.026 ], [ 125.958, -2.1606 ], [ 126.0734, -2.43 ] ] ], [ [ [ 125.7019, -1.929 ], [ 125.5785, -1.9289 ], [ 125.5163, -1.9491 ], [ 125.494, -1.9342 ], [ 125.4227, -1.9506 ], [ 125.4407, -1.9274 ], [ 125.4367, -1.8916 ], [ 125.3943, -1.874 ], [ 125.3957, -1.8373 ], [ 125.3892, -1.8671 ], [ 125.369, -1.8462 ], [ 125.3598, -1.8846 ], [ 125.3463, -1.8885 ], [ 125.3283, -1.8312 ], [ 125.3495, -1.8046 ], [ 125.3757, -1.8071 ], [ 125.3562, -1.7954 ], [ 125.3666, -1.7791 ], [ 125.4026, -1.7751 ], [ 125.425, -1.8095 ], [ 125.4497, -1.8003 ], [ 125.4574, -1.7776 ], [ 125.4805, -1.7784 ], [ 125.4736, -1.7996 ], [ 125.4892, -1.8195 ], [ 125.4976, -1.8067 ], [ 125.5, -1.8215 ], [ 125.5095, -1.8081 ], [ 125.5169, -1.8175 ], [ 125.5186, -1.8004 ], [ 125.5221, -1.8027 ], [ 125.5245, -1.8099 ], [ 125.5265, -1.8113 ], [ 125.5401, -1.786 ], [ 125.5419, -1.8101 ], [ 125.5891, -1.8047 ], [ 125.6389, -1.83 ], [ 125.6975, -1.8299 ], [ 125.7149, -1.8161 ], [ 125.724, -1.8287 ], [ 125.7802, -1.798 ], [ 125.8154, -1.8112 ], [ 125.914, -1.7931 ], [ 126.1967, -1.8048 ], [ 126.3052, -1.8286 ], [ 126.3124, -1.8157 ], [ 126.3528, -1.8151 ], [ 126.2457, -1.8795 ], [ 126.2061, -1.8671 ], [ 126.1385, -1.8914 ], [ 126.0892, -1.8789 ], [ 125.92, -1.9388 ], [ 125.8427, -1.8939 ], [ 125.7903, -1.9142 ], [ 125.7844, -1.9331 ], [ 125.7681, -1.9206 ], [ 125.7019, -1.929 ] ] ], [ [ [ 125.3844, -1.8787 ], [ 125.3873, -1.8918 ], [ 125.3722, -1.8897 ], [ 125.3739, -1.8826 ], [ 125.3844, -1.8787 ] ] ], [ [ [ 126.4572, -1.8007 ], [ 126.4789, -1.8058 ], [ 126.4635, -1.8191 ], [ 126.4867, -1.8203 ], [ 126.4797, -1.8331 ], [ 126.3501, -1.8263 ], [ 126.4572, -1.8007 ] ] ], [ [ [ 125.5413, -1.7556 ], [ 125.5521, -1.7779 ], [ 125.5078, -1.7783 ], [ 125.5216, -1.7606 ], [ 125.528, -1.7695 ], [ 125.5413, -1.7556 ] ] ] ] } },
{ "type": "Feature", "properties": { "province": "MALUKU UTARA", "district": "KOTA TERNATE", "id": "MALUKU UTARA/KOTA TERNATE", "name": "KOTA TERNATE" }, "geometry": { "type": "MultiPolygon", "coordinates": [ [ [ [ 127.3943, 0.4368 ], [ 127.3858, 0.4709 ], [ 127.4186, 0.4792 ], [ 127.4398, 0.4482 ], [ 127.4204, 0.4328 ], [ 127.3943, 0.4368 ] ] ], [ [ [ 127.3244, 0.7549 ], [ 127.2927, 0.7979 ], [ 127.3021, 0.841 ], [ 127.3275, 0.8676 ], [ 127.3859, 0.8339 ], [ 127.3912, 0.7894 ], [ 127.3706, 0.7602 ], [ 127.3244, 0.7549 ] ] ], [ [ [ 127.3245, 0.8841 ], [ 127.3028, 0.8976 ], [ 127.3143, 0.9134 ], [ 127.3299, 0.9008 ], [ 127.3245, 0.8841 ] ] ], [ [ [ 126.1464, 0.9644 ], [ 126.162, 0.9578 ], [ 126.1425, 0.9618 ], [ 126.1273, 0.9807 ], [ 126.1548, 0.977 ], [ 126.1464, 0.9644 ] ] ], [ [ [ 126.4002, 1.3129 ], [ 126.394, 1.28 ], [ 126.3579, 1.3188 ], [ 126.3596, 1.335 ], [ 126.381, 1.3531 ], [ 126.412, 1.3382 ], [ 126.4002, 1.3129 ] ] ] ] } },
{ "type": "Feature", "properties": { "province": "MALUKU UTARA", "district": "KOTA TIDORE KEPULAUAN", "id": "MALUKU UTARA/KOTA TIDORE KEPULAUAN", "name": "KOTA TIDORE KEPULAUAN" }, "geometry": { "type": "MultiPolygon", "coordinates": [ [ [ [ 127.816, 0.0338 ], [ 127.7857, 0.0054 ], [ 127.7701, 0.0041 ], [ 127.7681, 0.0255 ], [ 127.7481, 0.0235 ], [ 127.6995, -0.0101 ], [ 127.7218, 0.0724 ], [ 127.7122, 0.1026 ], [ 127.6846, 0.0984 ], [ 127.7019, 0.1255 ], [ 127.696, 0.1853 ], [ 127.7338, 0.3132 ], [ 127.7094, 0.353 ], [ 127.6613, 0.3422 ], [ 127.6214, 0.3606 ], [ 127.6225, 0.3957 ], [ 127.5786, 0.4148 ], [ 127.5619, 0.5159 ], [ 127.5272, 0.553 ], [ 127.5473, 0.7288 ], [ 127.5746, 0.7537 ], [ 127.5996, 0.7501 ], [ 127.5989, 0.7727 ], [ 127.6183, 0.7902 ], [ 127.6385, 0.7685 ], [ 127.6609, 0.7761 ], [ 127.6821, 0.7587 ], [ 127.7576, 0.7514 ], [ 127.7919, 0.6313 ], [ 127.8316, 0.5756 ], [ 127.806, 0.4901 ], [ 127.7797, 0.4858 ], [ 127.7686, 0.4543 ], [ 127.775, 0.4131 ], [ 127.8066, 0.3735 ], [ 127.7986, 0.3171 ], [ 127.8195, 0.2726 ], [ 127.7973, 0.2483 ], [ 127.8222, 0.2017 ], [ 127.7877, 0.1546 ], [ 127.7966, 0.0536 ], [ 127.816, 0.0338 ] ] ], [ [ [ 127.4011, 0.5676 ], [ 127.382, 0.5583 ], [ 127.3794, 0.5627 ], [ 127.3936, 0.5867 ], [ 127.4107, 0.581 ], [ 127.4011, 0.5676 ] ] ], [ [ [ 127.4087, 0.6227 ], [ 127.3783, 0.6305 ], [ 127.362, 0.6781 ], [ 127.3855, 0.7477 ], [ 127.4056, 0.759 ], [ 127.4485, 0.7459 ], [ 127.4605, 0.7156 ], [ 127.4477, 0.654 ], [ 127.4087, 0.6227 ] ] ], [ [ [ 127.4802, 0.7122 ], [ 127.4797, 0.7129 ], [ 127.4805, 0.7134 ], [ 127.4805, 0.7125 ], [ 127.4802, 0.7122 ] ] ], [ [ [ 127.3792, 0.7337 ], [ 127.3702, 0.7235 ], [ 127.3623, 0.732 ], [ 127.3677, 0.7413 ], [ 127.3792, 0.7337 ] ] ] ] } },
{ "type": "Feature", "properties": { "province": "MALUKU UTARA", "district": "PULAU MOROTAI", "id": "MALUKU UTARA/PULAU MOROTAI", "name": "PULAU MOROTAI" }, "geometry": { "type": "MultiPolygon", "coordinates": [ [ [ [ 128.2944, 2.0171 ], [ 128.2598, 1.9805 ], [ 128.2931, 2.055 ], [ 128.2789, 2.0876 ], [ 128.2534, 2.0936 ], [ 128.246, 2.1237 ], [ 128.2493, 2.2476 ], [ 128.2224, 2.2771 ], [ 128.1972, 2.2805 ], [ 128.2847, 2.3722 ], [ 128.2974, 2.4428 ], [ 128.3232, 2.4716 ], [ 128.4113, 2.5279 ], [ 128.462, 2.5961 ], [ 128.5261, 2.577 ], [ 128.5692, 2.6453 ], [ 128.6459, 2.5316 ], [ 128.6159, 2.4903 ], [ 128.6459, 2.5315 ], [ 128.6905, 2.4901 ], [ 128.6939, 2.4224 ], [ 128.6498, 2.3675 ], [ 128.6413, 2.3322 ], [ 128.6541, 2.3111 ], [ 128.6246, 2.2174 ], [ 128.5763, 2.1403 ], [ 128.5777, 2.1115 ], [ 128.5468, 2.1022 ], [ 128.5207, 2.0676 ], [ 128.3007, 2.036 ], [ 128.2944, 2.0171 ] ] ], [ [ [ 128.1849, 2.0928 ], [ 128.1936, 2.0902 ], [ 128.1959, 2.0733 ], [ 128.1916, 2.0864 ], [ 128.1849, 2.0928 ] ] ], [ [ [ 128.2259, 2.1405 ], [ 128.2323, 2.1326 ], [ 128.2245, 2.1266 ], [ 128.2216, 2.1388 ], [ 128.2259, 2.1405 ] ] ], [ [ [ 128.2118, 2.192 ], [ 128.2054, 2.2001 ], [ 128.2103, 2.2095 ], [ 128.2148, 2.201 ], [ 128.2118, 2.192 ] ] ], [ [ [ 128.1703, 2.2905 ], [ 128.1414, 2.2971 ], [ 128.1249, 2.3326 ], [ 128.166, 2.4127 ], [ 128.188, 2.3065 ], [ 128.1703, 2.2905 ] ] ] ] } },
{ "type": "Feature", "properties": { "province": "MALUKU UTARA", "district": "PULAU TALIABU", "id": "MALUKU UTARA/PULAU TALIABU", "name": "PULAU TALIABU" }, "geometry": { "type": "MultiPolygon", "coordinates": [ [ [ [ 124.4438, -2.0244 ], [ 124.395, -2.0279 ], [ 124.3937, -1.9732 ], [ 124.3358, -1.8872 ], [ 124.4438, -1.8792 ], [ 124.3401, -1.8775 ], [ 124.3482, -1.788 ], [ 124.3721, -1.7419 ], [ 124.3617, -1.7047 ], [ 124.4006, -1.6601 ], [ 124.4918, -1.6584 ], [ 124.53, -1.6298 ], [ 124.5263, -1.6655 ], [ 124.556, -1.6383 ], [ 124.6715, -1.6439 ], [ 124.7506, -1.6707 ], [ 124.7794, -1.6655 ], [ 124.8094, -1.687 ], [ 124.8059, -1.6731 ], [ 124.871, -1.68 ], [ 124.8983, -1.7087 ], [ 124.9586, -1.695 ], [ 124.9609, -1.7095 ], [ 125.0014, -1.715 ], [ 124.9999, -1.7274 ], [ 125.0213, -1.7183 ], [ 125.0156, -1.7522 ], [ 125.038, -1.7506 ], [ 125.0464, -1.7713 ], [ 125.0618, -1.743 ], [ 125.07, -1.7727 ], [ 125.0787, -1.7579 ], [ 125.1036, -1.7614 ], [ 125.1107, -1.7465 ], [ 125.0873, -1.7451 ], [ 125.1144, -1.7308 ], [ 125.1023, -1.7297 ], [ 125.1077, -1.6912 ], [ 125.1285, -1.6838 ], [ 125.1487, -1.7165 ], [ 125.1644, -1.695 ], [ 125.2042, -1.7246 ], [ 125.1868, -1.7869 ], [ 125.2136, -1.7924 ], [ 125.2292, -1.7654 ], [ 125.2217, -1.7363 ], [ 125.2428, -1.7229 ], [ 125.2972, -1.7373 ], [ 125.2728, -1.7969 ], [ 125.2992, -1.7787 ], [ 125.3228, -1.7877 ], [ 125.3151, -1.8466 ], [ 125.3273, -1.8841 ], [ 125.3148, -1.8935 ], [ 125.2322, -1.8719 ], [ 125.1888, -1.8852 ], [ 125.1283, -1.8763 ], [ 125.1019, -1.9 ], [ 125.0444, -1.887 ], [ 125.0136, -1.9006 ], [ 125.0213, -1.9281 ], [ 125.0082, -1.9436 ], [ 124.8908, -1.9266 ], [ 124.8617, -1.8916 ], [ 124.785, -1.9103 ], [ 124.6808, -1.9761 ], [ 124.545, -2.0106 ], [ 124.5671, -1.9952 ], [ 124.5212, -1.9809 ], [ 124.4822, -2.0249 ], [ 124.4438, -2.0244 ] ] ], [ [ [ 124.3335, -1.966 ], [ 124.3698, -1.9757 ], [ 124.3719, -2.0408 ], [ 124.3172, -2.0159 ], [ 124.3154, -1.9979 ], [ 124.305, -2.008 ], [ 124.3103, -1.976 ], [ 124.3335, -1.966 ] ] ], [ [ [ 124.3122, -1.7958 ], [ 124.3055, -1.8011 ], [ 124.3143, -1.7856 ], [ 124.3161, -1.7916 ], [ 124.3122, -1.7958 ] ] ] ] } },
{ "type": "Feature", "properties": { "province": "NUSA TENGGARA BARAT", "district": "BIMA", "id": "NUSA TENGGARA BARAT/BIMA", "name": "BIMA" }, "geometry": { "type": "MultiPolygon", "coordinates": [ [ [ [ 117.8429, -8.8667 ], [ 117.8312, -8.8735 ], [ 117.8158, -8.8626 ], [ 117.8304, -8.8533 ], [ 117.8429, -8.8667 ] ] ], [ [ [ 118.5884, -8.8414 ], [ 118.5193, -8.8785 ], [ 118.4771, -8.8833 ], [ 118.495, -8.7739 ], [ 118.5364, -8.6814 ], [ 118.4919, -8.5355 ], [ 118.514, -8.5106 ], [ 118.502, -8.4447 ], [ 118.5426, -8.3949 ], [ 118.483, -8.3317 ], [ 118.4477, -8.2623 ], [ 118.4952, -8.2432 ], [ 118.5135, -8.2609 ], [ 118.5844, -8.2664 ], [ 118.6575, -8.3001 ], [ 118.6906, -8.358 ], [ 118.6852, -8.3937 ], [ 118.698, -8.3971 ], [ 118.6833, -8.4115 ], [ 118.6865, -8.4598 ], [ 118.6644, -8.4883 ], [ 118.6711, -8.5196 ], [ 118.651, -8.551 ], [ 118.7136, -8.4966 ], [ 118.7532, -8.5195 ], [ 118.7823, -8.5067 ], [ 118.8015, -8.5326 ], [ 118.8421, -8.4967 ], [ 118.896, -8.4898 ], [ 118.8644, -8.4242 ], [ 118.8088, -8.4094 ], [ 118.8002, -8.4278 ], [ 118.7651, -8.4009 ], [ 118.7394, -8.4027 ], [ 118.7467, -8.3778 ], [ 118.7273, -8.3465 ], [ 118.7652, -8.3098 ], [ 118.8211, -8.2807 ], [ 119.0007, -8.3104 ], [ 118.9921, -8.3765 ], [ 119.0535, -8.464 ], [ 119.0349, -8.4666 ], [ 119.0517, -8.5145 ], [ 119.0138, -8.5337 ], [ 119.0256, -8.5519 ], [ 119.0151, -8.5754 ], [ 119.0265, -8.5781 ], [ 119.0128, -8.6014 ], [ 119.0342, -8.6154 ], [ 119.037, -8.643 ], [ 119.0788, -8.6511 ], [ 119.1304, -8.6288 ], [ 119.1092, -8.5961 ], [ 119.132, -8.6031 ], [ 119.1521, -8.5911 ], [ 119.1471, -8.5672 ], [ 119.1758, -8.5631 ], [ 119.1599, -8.5799 ], [ 119.1829, -8.5853 ], [ 119.1924, -8.61 ], [ 119.1725, -8.6111 ], [ 119.1827, -8.6336 ], [ 119.1708, -8.6248 ], [ 119.1503, -8.6376 ], [ 119.1717, -8.6474 ], [ 119.1564, -8.6586 ], [ 119.1758, -8.7008 ], [ 119.1479, -8.7107 ], [ 119.1724, -8.7238 ], [ 119.1339, -8.7375 ], [ 119.1332, -8.7528 ], [ 119.1052, -8.7262 ], [ 119.099, -8.7518 ], [ 119.0363, -8.7329 ], [ 118.9714, -8.7489 ], [ 118.9072, -8.6802 ], [ 118.8462, -8.7301 ], [ 118.8149, -8.7032 ], [ 118.7752, -8.7098 ], [ 118.7606, -8.6928 ], [ 118.72, -8.739 ], [ 118.6949, -8.739 ], [ 118.6963, -8.7523 ], [ 118.7231, -8.758 ], [ 118.7183, -8.7978 ], [ 118.6373, -8.8137 ], [ 118.5884, -8.8414 ] ] ], [ [ [ 118.889, -8.8397 ], [ 118.8646, -8.8464 ], [ 118.8507, -8.8336 ], [ 118.8363, -8.8458 ], [ 118.8057, -8.8188 ], [ 118.7834, -8.8202 ], [ 118.755, -8.7958 ], [ 118.7551, -8.7682 ], [ 118.8908, -8.7617 ], [ 118.9506, -8.7903 ], [ 118.9597, -8.8176 ], [ 118.9447, -8.8309 ], [ 118.889, -8.8397 ] ] ], [ [ [ 118.234, -8.5485 ], [ 118.2468, -8.5644 ], [ 118.2108, -8.5516 ], [ 118.2141, -8.5432 ], [ 118.234, -8.5485 ] ] ], [ [ [ 118.4541, -8.5227 ], [ 118.4419, -8.5475 ], [ 118.44, -8.4919 ], [ 118.448, -8.4918 ], [ 118.4541, -8.5227 ] ] ], [ [ [ 119.2749, -8.3967 ], [ 119.2828, -8.4192 ], [ 119.3212, -8.4013 ], [ 119.3353, -8.4308 ], [ 119.3191, -8.4281 ], [ 119.3206, -8.455 ], [ 119.3016, -8.4295 ], [ 119.2797, -8.4678 ], [ 119.2654, -8.4378 ], [ 119.2633, -8.4009 ], [ 119.2749, -8.3967 ] ] ], [ [ [ 118.3198, -8.3858 ], [ 118.3229, -8.4056 ], [ 118.2915, -8.4319 ], [ 118.2056, -8.4369 ], [ 118.0494, -8.3395 ], [ 118.0245, -8.2992 ], [ 117.9733, -8.273 ], [ 117.9198, -8.2133 ], [ 117.8512, -8.2134 ], [ 117.7655, -8.1435 ], [ 117.7795, -8.1265 ], [ 117.8291, -8.1294 ], [ 117.9238, -8.0801 ], [ 117.9597, -8.1071 ], [ 118.0069, -8.0939 ], [ 118.0442, -8.1077 ], [ 118.0812, -8.1005 ], [ 118.145, -8.1364 ], [ 118.1625, -8.2417 ], [ 118.218, -8.2841 ], [ 118.2314, -8.3298 ], [ 118.2571, -8.35 ], [ 118.2744, -8.3336 ], [ 118.2717, -8.3589 ], [ 118.3174, -8.3703 ], [ 118.3198, -8.3858 ] ] ], [ [ [ 119.0679, -8.1309 ], [ 119.1128, -8.1565 ], [ 119.1231, -8.1993 ], [ 119.0882, -8.2508 ], [ 119.0389, -8.2602 ], [ 119.0009, -8.231 ], [ 119.0001, -8.1791 ], [ 119.0354, -8.1372 ], [ 119.0679, -8.1309 ] ] ] ] } },
{ "type": "Feature", "properties": { "province": "NUSA TENGGARA BARAT", "district": "DOMPU", "id": "NUSA TENGGARA BARAT/DOMPU", "name": "DOMPU" }, "geometry": { "type": "MultiPolygon", "coordinates": [ [ [ [ 118.4922, -8.8147 ], [ 118.4676, -8.8894 ], [ 118.4123, -8.868 ], [ 118.3801, -8.83 ], [ 118.3717, -8.7797 ], [ 118.4072, -8.7591 ], [ 118.4331, -8.6737 ], [ 118.4179, -8.6582 ], [ 118.4223, -8.6259 ], [ 118.3955, -8.6076 ], [ 118.3802, -8.6216 ], [ 118.3855, -8.6539 ], [ 118.407, -8.6685 ], [ 118.3773, -8.6947 ], [ 118.3545, -8.6842 ], [ 118.333, -8.7129 ], [ 118.3129, -8.6935 ], [ 118.1886, -8.7059 ], [ 118.1758, -8.6548 ], [ 118.2038, -8.6728 ], [ 118.2404, -8.6501 ], [ 118.2485, -8.6665 ], [ 118.2575, -8.6512 ], [ 118.2703, -8.6575 ], [ 118.2646, -8.642 ], [ 118.2879, -8.6257 ], [ 118.2779, -8.5907 ], [ 118.2506, -8.5871 ], [ 118.2456, -8.5581 ], [ 118.2225, -8.5429 ], [ 118.1941, -8.5711 ], [ 118.1801, -8.5324 ], [ 118.1427, -8.514 ], [ 118.131, -8.4822 ], [ 118.1056, -8.4954 ], [ 118.0819, -8.4506 ], [ 117.9804, -8.4648 ], [ 117.8464, -8.3718 ], [ 117.8179, -8.3687 ], [ 117.7647, -8.2897 ], [ 117.714, -8.2417 ], [ 117.6917, -8.2383 ], [ 117.7103, -8.2193 ], [ 117.724, -8.1501 ], [ 117.7655, -8.1435 ], [ 117.8604, -8.2173 ], [ 117.9198, -8.2133 ], [ 117.9733, -8.273 ], [ 118.0245, -8.2992 ], [ 118.0494, -8.3395 ], [ 118.1852, -8.4177 ], [ 118.2238, -8.4782 ], [ 118.2386, -8.5505 ], [ 118.2671, -8.574 ], [ 118.2972, -8.5245 ], [ 118.25, -8.5481 ], [ 118.2564, -8.5177 ], [ 118.2052, -8.4367 ], [ 118.2594, -8.434 ], [ 118.2609, -8.4583 ], [ 118.2939, -8.4476 ], [ 118.3229, -8.4056 ], [ 118.3229, -8.3601 ], [ 118.3335, -8.3664 ], [ 118.3379, -8.3454 ], [ 118.3557, -8.3524 ], [ 118.3864, -8.3313 ], [ 118.388, -8.3047 ], [ 118.446, -8.2678 ], [ 118.5425, -8.3936 ], [ 118.5018, -8.4462 ], [ 118.514, -8.5106 ], [ 118.4919, -8.5355 ], [ 118.5364, -8.6814 ], [ 118.5134, -8.715 ], [ 118.4922, -8.8147 ] ] ], [ [ [ 118.9854, -8.5935 ], [ 118.9787, -8.6064 ], [ 118.9599, -8.6066 ], [ 118.9787, -8.593 ], [ 118.9854, -8.5935 ] ] ], [ [ [ 119.0243, -8.5841 ], [ 119.0368, -8.5958 ], [ 119.0343, -8.6156 ], [ 119.0128, -8.6015 ], [ 119.0243, -8.5841 ] ] ] ] } },
{ "type": "Feature", "properties": { "province": "NUSA TENGGARA BARAT", "district": "KOTA BIMA", "id": "NUSA TENGGARA BARAT/KOTA BIMA", "name": "KOTA BIMA" }, "geometry": { "type": "Polygon", "coordinates": [ [ [ 118.8251, -8.5096 ], [ 118.8015, -8.5326 ], [ 118.7823, -8.5067 ], [ 118.7532, -8.5195 ], [ 118.7128, -8.4964 ], [ 118.7248, -8.4361 ], [ 118.6982, -8.409 ], [ 118.7124, -8.4062 ], [ 118.7015, -8.3903 ], [ 118.7291, -8.349 ], [ 118.7467, -8.3778 ], [ 118.7394, -8.4027 ], [ 118.7651, -8.4009 ], [ 118.8002, -8.4278 ], [ 118.8088, -8.4094 ], [ 118.8637, -8.4239 ], [ 118.8857, -8.4509 ], [ 118.896, -8.4898 ], [ 118.8251, -8.5096 ] ] ] } },
{ "type": "Feature", "properties": { "province": "NUSA TENGGARA BARAT", "district": "KOTA MATARAM", "id": "NUSA TENGGARA BARAT/KOTA MATARAM", "name": "KOTA MATARAM" }, "geometry": { "type": "MultiPolygon", "coordinates": [ [ [ [ 116.1693, -8.594 ], [ 116.131, -8.6189 ], [ 116.074, -8.6253 ], [ 116.0692, -8.5509 ], [ 116.1427, -8.5656 ], [ 116.1693, -8.594 ] ] ], [ [ [ 116.1348, -8.474 ], [ 116.1153, -8.5488 ], [ 116.107, -8.5482 ], [ 116.1353, -8.4608 ], [ 116.1348, -8.474 ] ] ] ] } },
{ "type": "Feature", "properties": { "province": "NUSA TENGGARA BARAT", "district": "LOMBOK BARAT", "id": "NUSA TENGGARA BARAT/LOMBOK BARAT", "name": "LOMBOK BARAT" }, "geometry": { "type": "MultiPolygon", "coordinates": [ [ [ [ 116.2428, -8.8489 ], [ 116.2228, -8.8798 ], [ 116.1897, -8.87 ], [ 116.2094, -8.8366 ], [ 116.2428, -8.8489 ] ] ], [ [ [ 116.1067, -8.8173 ], [ 116.0917, -8.8443 ], [ 116.1014, -8.8698 ], [ 116.0826, -8.8739 ], [ 116.0784, -8.895 ], [ 116.0493, -8.8846 ], [ 116.0447, -8.87 ], [ 116.0736, -8.8598 ], [ 116.0543, -8.8513 ], [ 116.0129, -8.8631 ], [ 116.0279, -8.884 ], [ 116.0234, -8.9032 ], [ 116.0081, -8.9042 ], [ 115.9334, -8.8334 ], [ 115.9139, -8.8452 ], [ 115.8693, -8.8182 ], [ 115.8313, -8.8152 ], [ 115.821, -8.7522 ], [ 115.866, -8.7208 ], [ 115.882, -8.7635 ], [ 115.8974, -8.7455 ], [ 115.8943, -8.7606 ], [ 115.917, -8.7755 ], [ 115.9355, -8.7698 ], [ 115.9657, -8.7288 ], [ 116.0105, -8.7517 ], [ 116.0342, -8.7197 ], [ 116.0469, -8.7267 ], [ 116.039, -8.7637 ], [ 116.0648, -8.7711 ], [ 116.0595, -8.7511 ], [ 116.084, -8.7282 ], [ 116.0557, -8.7378 ], [ 116.0747, -8.623 ], [ 116.131, -8.6189 ], [ 116.171, -8.5933 ], [ 116.1427, -8.5656 ], [ 116.0694, -8.551 ], [ 116.0368, -8.4704 ], [ 116.1295, -8.4706 ], [ 116.1056, -8.5336 ], [ 116.1136, -8.5495 ], [ 116.1402, -8.4772 ], [ 116.1368, -8.5477 ], [ 116.1754, -8.4641 ], [ 116.2139, -8.4804 ], [ 116.2229, -8.4564 ], [ 116.2671, -8.4506 ], [ 116.2784, -8.44 ], [ 116.339, -8.4105 ], [ 116.3035, -8.4616 ], [ 116.3207, -8.5046 ], [ 116.2955, -8.5505 ], [ 116.2495, -8.5927 ], [ 116.1785, -8.6204 ], [ 116.1961, -8.6735 ], [ 116.1669, -8.673 ], [ 116.1728, -8.7282 ], [ 116.1339, -8.7074 ], [ 116.1416, -8.7662 ], [ 116.1067, -8.8173 ] ] ], [ [ [ 115.9303, -8.7321 ], [ 115.9253, -8.7388 ], [ 115.9354, -8.7618 ], [ 115.9134, -8.749 ], [ 115.9211, -8.7264 ], [ 115.9303, -8.7321 ] ] ], [ [ [ 116.0872, -8.5783 ], [ 116.0852, -8.5887 ], [ 116.0771, -8.5898 ], [ 116.0774, -8.579 ], [ 116.0872, -8.5783 ] ] ], [ [ [ 116.5846, -8.4239 ], [ 116.6119, -8.4457 ], [ 116.6021, -8.5055 ], [ 116.5708, -8.5038 ], [ 116.5608, -8.4358 ], [ 116.5846, -8.4239 ] ] ] ] } },
{ "type": "Feature", "properties": { "province": "NUSA TENGGARA BARAT", "district": "LOMBOK TENGAH", "id": "NUSA TENGGARA BARAT/LOMBOK TENGAH", "name": "LOMBOK TENGAH" }, "geometry": { "type": "MultiPolygon", "coordinates": [ [ [ [ 116.188, -8.8649 ], [ 116.165, -8.901 ], [ 116.1559, -8.8647 ], [ 116.1081, -8.8728 ], [ 116.092, -8.8463 ], [ 116.1416, -8.7662 ], [ 116.1339, -8.7074 ], [ 116.1745, -8.727 ], [ 116.1669, -8.673 ], [ 116.1961, -8.6735 ], [ 116.1785, -8.6204 ], [ 116.2495, -8.5927 ], [ 116.2955, -8.5505 ], [ 116.3207, -8.5046 ], [ 116.3035, -8.4616 ], [ 116.3203, -8.433 ], [ 116.339, -8.4105 ], [ 116.3824, -8.4101 ], [ 116.4063, -8.4345 ], [ 116.4068, -8.4597 ], [ 116.3797, -8.5279 ], [ 116.3813, -8.6668 ], [ 116.4287, -8.6911 ], [ 116.4463, -8.7229 ], [ 116.4346, -8.7568 ], [ 116.4477, -8.7835 ], [ 116.4175, -8.7764 ], [ 116.4149, -8.806 ], [ 116.395, -8.8183 ], [ 116.3965, -8.947 ], [ 116.3678, -8.9539 ], [ 116.3781, -8.9047 ], [ 116.3232, -8.9003 ], [ 116.3091, -8.8144 ], [ 116.2988, -8.8554 ], [ 116.321, -8.921 ], [ 116.2797, -8.8934 ], [ 116.2764, -8.9131 ], [ 116.2227, -8.9093 ], [ 116.223, -8.873 ], [ 116.2428, -8.8489 ], [ 116.2301, -8.8396 ], [ 116.2094, -8.8366 ], [ 116.188, -8.8649 ] ] ], [ [ [ 116.4154, -8.6231 ], [ 116.415, -8.6385 ], [ 116.3958, -8.6291 ], [ 116.4099, -8.6103 ], [ 116.4154, -8.6231 ] ] ], [ [ [ 116.1602, -8.4561 ], [ 116.1752, -8.4643 ], [ 116.1355, -8.5478 ], [ 116.1349, -8.4608 ], [ 116.1602, -8.4561 ] ] ] ] } },
{ "type": "Feature", "properties": { "province": "NUSA TENGGARA BARAT", "district": "LOMBOK TIMUR", "id": "NUSA TENGGARA BARAT/LOMBOK TIMUR", "name": "LOMBOK TIMUR" }, "geometry": { "type": "MultiPolygon", "coordinates": [ [ [ [ 116.4766, -8.9184 ], [ 116.4488, -8.9124 ], [ 116.4702, -8.8236 ], [ 116.4407, -8.8422 ], [ 116.4258, -8.8255 ], [ 116.4095, -8.8444 ], [ 116.4044, -8.8653 ], [ 116.4009, -8.8648 ], [ 116.395, -8.8183 ], [ 116.4149, -8.806 ], [ 116.4175, -8.7764 ], [ 116.4477, -8.7835 ], [ 116.4346, -8.7568 ], [ 116.4463, -8.7229 ], [ 116.4287, -8.6911 ], [ 116.3846, -8.6736 ], [ 116.3763, -8.6012 ], [ 116.3855, -8.4894 ], [ 116.4084, -8.4305 ], [ 116.4268, -8.4232 ], [ 116.4196, -8.3904 ], [ 116.4674, -8.3306 ], [ 116.4716, -8.2692 ], [ 116.494, -8.2455 ], [ 116.6516, -8.2888 ], [ 116.7183, -8.3474 ], [ 116.7249, -8.3828 ], [ 116.7115, -8.443 ], [ 116.6615, -8.4876 ], [ 116.6714, -8.5036 ], [ 116.6759, -8.4837 ], [ 116.6785, -8.4968 ], [ 116.6577, -8.5324 ], [ 116.6637, -8.5646 ], [ 116.6254, -8.6014 ], [ 116.5454, -8.7529 ], [ 116.4983, -8.8085 ], [ 116.4804, -8.8086 ], [ 116.5011, -8.8113 ], [ 116.4926, -8.848 ], [ 116.5036, -8.8589 ], [ 116.5145, -8.8318 ], [ 116.5291, -8.8404 ], [ 116.5244, -8.8255 ], [ 116.5414, -8.8327 ], [ 116.5415, -8.8684 ], [ 116.5486, -8.8503 ], [ 116.5664, -8.868 ], [ 116.5809, -8.8572 ], [ 116.5941, -8.8626 ], [ 116.5707, -8.8918 ], [ 116.5121, -8.9158 ], [ 116.5278, -8.8989 ], [ 116.5107, -8.8704 ], [ 116.4985, -8.9098 ], [ 116.4766, -8.9184 ] ] ], [ [ [ 116.179, -8.9118 ], [ 116.1614, -8.9066 ], [ 116.1828, -8.8665 ], [ 116.2228, -8.8798 ], [ 116.2219, -8.909 ], [ 116.179, -8.9118 ] ] ], [ [ [ 116.5324, -8.8147 ], [ 116.5345, -8.8168 ], [ 116.5315, -8.8196 ], [ 116.5294, -8.8159 ], [ 116.5324, -8.8147 ] ] ], [ [ [ 116.3612, -8.7439 ], [ 116.3493, -8.7599 ], [ 116.3394, -8.7532 ], [ 116.352, -8.7321 ], [ 116.3612, -8.7439 ] ] ], [ [ [ 116.3593, -8.391 ], [ 116.3529, -8.4106 ], [ 116.3337, -8.4105 ], [ 116.3135, -8.3567 ], [ 116.3593, -8.391 ] ] ], [ [ [ 116.1578, -8.344 ], [ 116.1671, -8.3692 ], [ 116.1659, -8.3753 ], [ 116.1475, -8.3495 ], [ 116.1578, -8.344 ] ] ], [ [ [ 116.4062, -8.2169 ], [ 116.389, -8.2494 ], [ 116.4008, -8.3369 ], [ 116.3883, -8.3944 ], [ 116.362, -8.3144 ], [ 116.3747, -8.2867 ], [ 116.3686, -8.2111 ], [ 116.4062, -8.2169 ] ] ] ] } },
{ "type": "Feature", "properties": { "province": "NUSA TENGGARA BARAT", "district": "LOMBOK UTARA", "id": "NUSA TENGGARA BARAT/LOMBOK UTARA", "name": "LOMBOK UTARA" }, "geometry": { "type": "MultiPolygon", "coordinates": [ [ [ [ 116.3091, -8.8144 ], [ 116.3229, -8.8806 ], [ 116.3143, -8.9015 ], [ 116.2988, -8.8554 ], [ 116.3091, -8.8144 ] ] ], [ [ [ 116.5656, -8.6616 ], [ 116.5668, -8.672 ], [ 116.5656, -8.6726 ], [ 116.5554, -8.6628 ], [ 116.5656, -8.6616 ] ] ], [ [ [ 116.0845, -8.466 ], [ 116.0366, -8.4702 ], [ 116.0417, -8.4215 ], [ 116.1028, -8.3925 ], [ 116.1013, -8.3611 ], [ 116.1198, -8.3703 ], [ 116.1475, -8.3495 ], [ 116.1669, -8.3748 ], [ 116.1578, -8.344 ], [ 116.1788, -8.3402 ], [ 116.1943, -8.3051 ], [ 116.2692, -8.245 ], [ 116.3687, -8.2108 ], [ 116.3747, -8.2867 ], [ 116.362, -8.3144 ], [ 116.3883, -8.3944 ], [ 116.4008, -8.3369 ], [ 116.389, -8.2494 ], [ 116.4062, -8.2166 ], [ 116.4942, -8.2454 ], [ 116.4699, -8.2735 ], [ 116.4674, -8.3306 ], [ 116.4512, -8.3549 ], [ 116.388, -8.4043 ], [ 116.4063, -8.4345 ], [ 116.3824, -8.4101 ], [ 116.3529, -8.4106 ], [ 116.3589, -8.3902 ], [ 116.3217, -8.3551 ], [ 116.3122, -8.3647 ], [ 116.3337, -8.4105 ], [ 116.2671, -8.4506 ], [ 116.2229, -8.4564 ], [ 116.2145, -8.4802 ], [ 116.1606, -8.4561 ], [ 116.1295, -8.4706 ], [ 116.0845, -8.466 ] ] ], [ [ [ 116.4198, -8.6557 ], [ 116.4347, -8.6712 ], [ 116.4131, -8.6779 ], [ 116.413, -8.6646 ], [ 116.4198, -8.6557 ] ] ], [ [ [ 116.0357, -8.3617 ], [ 116.0279, -8.3464 ], [ 116.0409, -8.339 ], [ 116.0445, -8.3526 ], [ 116.0357, -8.3617 ] ] ] ] } },
{ "type": "Feature", "properties": { "province": "NUSA TENGGARA BARAT", "district": "SUMBAWA", "id": "NUSA TENGGARA BARAT/SUMBAWA", "name": "SUMBAWA" }, "geometry": { "type": "MultiPolygon", "coordinates": [ [ [ [ 117.1356, -9.0694 ], [ 117.13, -9.0861 ], [ 117.0399, -9.0994 ], [ 117.0667, -9.0421 ], [ 117.0674, -8.9464 ], [ 117.0885, -8.9276 ], [ 117.0614, -8.8638 ], [ 117.0845, -8.8255 ], [ 117.0405, -8.7921 ], [ 117.0843, -8.7635 ], [ 117.0857, -8.6997 ], [ 116.876, -8.5399 ], [ 116.9187, -8.5451 ], [ 116.9873, -8.4791 ], [ 116.9982, -8.507 ], [ 117.0094, -8.5021 ], [ 117.0165, -8.4638 ], [ 117.0494, -8.4643 ], [ 117.0443, -8.4442 ], [ 117.0993, -8.4146 ], [ 117.0876, -8.3989 ], [ 117.1205, -8.3689 ], [ 117.1428, -8.3779 ], [ 117.1551, -8.3643 ], [ 117.2019, -8.4063 ], [ 117.2366, -8.3995 ], [ 117.3881, -8.4727 ], [ 117.408, -8.4677 ], [ 117.4356, -8.4108 ], [ 117.4278, -8.3958 ], [ 117.4725, -8.415 ], [ 117.5624, -8.4051 ], [ 117.5703, -8.5007 ], [ 117.5919, -8.504 ], [ 117.5744, -8.4417 ], [ 117.5999, -8.4268 ], [ 117.6349, -8.4654 ], [ 117.6318, -8.5613 ], [ 117.6885, -8.5776 ], [ 117.7372, -8.5637 ], [ 117.727, -8.5882 ], [ 117.7614, -8.5988 ], [ 117.7516, -8.6314 ], [ 117.7813, -8.632 ], [ 117.7491, -8.6446 ], [ 117.7698, -8.6563 ], [ 117.7729, -8.7117 ], [ 117.8047, -8.7273 ], [ 117.871, -8.6964 ], [ 117.9018, -8.7051 ], [ 117.8885, -8.7235 ], [ 117.905, -8.741 ], [ 117.9217, -8.7189 ], [ 117.949, -8.7307 ], [ 117.9484, -8.7443 ], [ 117.99, -8.7219 ], [ 118.0155, -8.7357 ], [ 118.0266, -8.7092 ], [ 118.0109, -8.7069 ], [ 118.0361, -8.6714 ], [ 118.1412, -8.6479 ], [ 118.1758, -8.6549 ], [ 118.1886, -8.7059 ], [ 118.3129, -8.6935 ], [ 118.3334, -8.7136 ], [ 118.3236, -8.7317 ], [ 118.287, -8.7407 ], [ 118.2839, -8.7692 ], [ 118.2215, -8.8068 ], [ 118.185, -8.8541 ], [ 118.127, -8.8779 ], [ 118.0703, -8.8412 ], [ 118.0068, -8.8546 ], [ 117.9808, -8.8948 ], [ 117.9352, -8.8991 ], [ 117.8857, -8.9434 ], [ 117.8378, -8.9316 ], [ 117.8095, -8.8988 ], [ 117.7675, -8.9339 ], [ 117.7338, -8.9161 ], [ 117.6803, -8.9222 ], [ 117.5952, -8.9814 ], [ 117.4106, -9.0494 ], [ 117.3596, -9.0557 ], [ 117.3456, -9.042 ], [ 117.324, -9.0556 ], [ 117.198, -9.0194 ], [ 117.1356, -9.0694 ] ] ], [ [ [ 117.9698, -8.6136 ], [ 117.9956, -8.6458 ], [ 118.0032, -8.6933 ], [ 117.9781, -8.6913 ], [ 117.995, -8.6626 ], [ 117.9898, -8.6479 ], [ 117.9549, -8.6665 ], [ 117.9793, -8.6393 ], [ 117.9502, -8.6138 ], [ 117.9698, -8.6136 ] ] ], [ [ [ 117.0121, -8.4655 ], [ 117.015, -8.4666 ], [ 117.0092, -8.4654 ], [ 117.0079, -8.4605 ], [ 117.0121, -8.4655 ] ] ], [ [ [ 116.9943, -8.4757 ], [ 116.9965, -8.4759 ], [ 116.9974, -8.4779 ], [ 116.9911, -8.4768 ], [ 116.9943, -8.4757 ] ] ], [ [ [ 116.9512, -8.42 ], [ 116.9597, -8.4301 ], [ 116.9475, -8.4386 ], [ 116.8394, -8.4463 ], [ 116.9512, -8.42 ] ] ], [ [ [ 117.0473, -8.3786 ], [ 117.0337, -8.4125 ], [ 116.9768, -8.4311 ], [ 116.9898, -8.4046 ], [ 117.0223, -8.4068 ], [ 117.0473, -8.3786 ] ] ], [ [ [ 117.4001, -8.1433 ], [ 117.3779, -8.1604 ], [ 117.3442, -8.1526 ], [ 117.3868, -8.1311 ], [ 117.4239, -8.1346 ], [ 117.4001, -8.1433 ] ] ], [ [ [ 117.6899, -8.1809 ], [ 117.6105, -8.2378 ], [ 117.5703, -8.3353 ], [ 117.5282, -8.3896 ], [ 117.4705, -8.3568 ], [ 117.5082, -8.2736 ], [ 117.4789, -8.2574 ], [ 117.4851, -8.183 ], [ 117.5587, -8.144 ], [ 117.6628, -8.1501 ], [ 117.6899, -8.1809 ] ] ] ] } },
{ "type": "Feature", "properties": { "province": "NUSA TENGGARA BARAT", "district": "SUMBAWA BARAT", "id": "NUSA TENGGARA BARAT/SUMBAWA BARAT", "name": "SUMBAWA BARAT" }, "geometry": { "type": "MultiPolygon", "coordinates": [ [ [ [ 117.0516, -9.0628 ], [ 117.0404, -9.1027 ], [ 117.0153, -9.1097 ], [ 116.9425, -9.0523 ], [ 116.8822, -9.0621 ], [ 116.8422, -9.0397 ], [ 116.7881, -9.0357 ], [ 116.7395, -8.997 ], [ 116.7284, -9.0058 ], [ 116.7367, -8.9777 ], [ 116.7187, -8.9752 ], [ 116.7156, -8.9658 ], [ 116.7518, -8.9237 ], [ 116.7252, -8.911 ], [ 116.7319, -8.8917 ], [ 116.7523, -8.8934 ], [ 116.7329, -8.8692 ], [ 116.7679, -8.8555 ], [ 116.7866, -8.8139 ], [ 116.8039, -8.8261 ], [ 116.8148, -8.8122 ], [ 116.804, -8.7772 ], [ 116.7904, -8.7653 ], [ 116.7815, -8.7748 ], [ 116.7826, -8.7493 ], [ 116.7632, -8.7366 ], [ 116.7859, -8.7208 ], [ 116.7737, -8.6747 ], [ 116.7462, -8.6627 ], [ 116.7641, -8.6536 ], [ 116.7885, -8.5896 ], [ 116.8248, -8.5723 ], [ 116.8319, -8.5368 ], [ 116.8486, -8.5478 ], [ 116.8881, -8.5269 ], [ 116.876, -8.5399 ], [ 116.8892, -8.5541 ], [ 117.0868, -8.702 ], [ 117.0843, -8.7635 ], [ 117.0405, -8.7921 ], [ 117.0853, -8.8346 ], [ 117.0614, -8.8625 ], [ 117.0885, -8.9276 ], [ 117.0674, -8.9464 ], [ 117.0667, -9.0421 ], [ 117.0516, -9.0628 ] ] ], [ [ [ 116.788, -8.5289 ], [ 116.7876, -8.5433 ], [ 116.769, -8.5592 ], [ 116.7697, -8.5423 ], [ 116.788, -8.5289 ] ] ] ] } },
{ "type": "Feature", "properties": { "province": "NUSA TENGGARA TIMUR", "district": "ALOR", "id": "NUSA TENGGARA TIMUR/ALOR", "name": "ALOR" }, "geometry": { "type": "MultiPolygon", "coordinates": [ [ [ [ 124.2909, -8.4703 ], [ 124.2939, -8.4825 ], [ 124.2769, -8.4912 ], [ 124.2712, -8.4733 ], [ 124.2909, -8.4703 ] ] ], [ [ [ 124.5686, -8.4352 ], [ 124.5397, -8.4416 ], [ 124.5254, -8.4225 ], [ 124.4943, -8.419 ], [ 124.4163, -8.4614 ], [ 124.4174, -8.4386 ], [ 124.3624, -8.4424 ], [ 124.3373, -8.42 ], [ 124.3415, -8.3915 ], [ 124.3988, -8.3264 ], [ 124.407, -8.2954 ], [ 124.4754, -8.2547 ], [ 124.5059, -8.2594 ], [ 124.5646, -8.2178 ], [ 124.504, -8.2207 ], [ 124.405, -8.2779 ], [ 124.4002, -8.2148 ], [ 124.477, -8.1281 ], [ 124.5999, -8.1216 ], [ 124.5914, -8.1839 ], [ 124.608, -8.197 ], [ 124.6676, -8.1618 ], [ 124.7484, -8.1464 ], [ 124.8614, -8.1669 ], [ 124.9198, -8.1632 ], [ 124.9586, -8.1396 ], [ 124.9974, -8.157 ], [ 125.0907, -8.145 ], [ 125.1372, -8.2239 ], [ 125.1283, -8.2821 ], [ 125.1409, -8.3192 ], [ 125.1093, -8.3437 ], [ 124.8909, -8.3626 ], [ 124.7738, -8.4053 ], [ 124.6577, -8.3905 ], [ 124.5686, -8.4352 ] ] ], [ [ [ 124.1067, -8.5443 ], [ 124.0557, -8.5442 ], [ 124.0655, -8.491 ], [ 124.0338, -8.4205 ], [ 123.9829, -8.4201 ], [ 123.9441, -8.4609 ], [ 123.9192, -8.4484 ], [ 123.9638, -8.3495 ], [ 124.0607, -8.2931 ], [ 124.085, -8.3136 ], [ 124.0857, -8.3591 ], [ 124.0964, -8.3576 ], [ 124.0909, -8.3739 ], [ 124.1108, -8.3894 ], [ 124.1189, -8.3726 ], [ 124.1031, -8.3623 ], [ 124.1659, -8.3121 ], [ 124.1849, -8.2738 ], [ 124.2021, -8.2745 ], [ 124.2519, -8.1917 ], [ 124.2801, -8.1749 ], [ 124.3195, -8.1802 ], [ 124.3292, -8.2127 ], [ 124.2989, -8.2676 ], [ 124.3014, -8.3307 ], [ 124.2495, -8.3587 ], [ 124.2135, -8.4086 ], [ 124.2124, -8.4596 ], [ 124.1961, -8.4818 ], [ 124.1733, -8.4864 ], [ 124.1413, -8.5384 ], [ 124.1067, -8.5443 ] ] ], [ [ [ 124.0952, -8.3646 ], [ 124.1006, -8.3669 ], [ 124.0976, -8.3749 ], [ 124.0969, -8.374 ], [ 124.0931, -8.3735 ], [ 124.0952, -8.3646 ] ] ], [ [ [ 123.955, -8.3493 ], [ 123.9303, -8.3825 ], [ 123.8997, -8.37 ], [ 123.9108, -8.3567 ], [ 123.955, -8.3493 ] ] ], [ [ [ 124.3738, -8.3011 ], [ 124.3623, -8.325 ], [ 124.3421, -8.3255 ], [ 124.3152, -8.2981 ], [ 124.3552, -8.275 ], [ 124.3738, -8.3011 ] ] ], [ [ [ 124.3786, -8.2195 ], [ 124.3616, -8.2221 ], [ 124.3696, -8.2003 ], [ 124.3783, -8.2096 ], [ 124.3786, -8.2195 ] ] ], [ [ [ 124.3795, -8.1826 ], [ 124.3681, -8.1812 ], [ 124.37, -8.1693 ], [ 124.383, -8.1749 ], [ 124.3795, -8.1826 ] ] ] ] } },
{ "type": "Feature", "properties": { "province": "NUSA TENGGARA TIMUR", "district": "BELU", "id": "NUSA TENGGARA TIMUR/BELU", "name": "BELU" }, "geometry": { "type": "Polygon", "coordinates": [ [ [ 124.9882, -9.3632 ], [ 124.9612, -9.3932 ], [ 124.8981, -9.3609 ], [ 124.8823, -9.3947 ], [ 124.8722, -9.3811 ], [ 124.8432, -9.3858 ], [ 124.8463, -9.356 ], [ 124.8153, -9.3411 ], [ 124.8403, -9.3319 ], [ 124.8548, -9.2849 ], [ 124.8092, -9.1683 ], [ 124.8269, -9.1455 ], [ 124.8038, -9.1381 ], [ 124.794, -9.0954 ], [ 124.7612, -9.0802 ], [ 124.7546, -9.0425 ], [ 124.7829, -9.0219 ], [ 124.7886, -9.0791 ], [ 124.8194, -9.0804 ], [ 124.7963, -9.0119 ], [ 124.8657, -9.0036 ], [ 124.878, -8.9803 ], [ 124.9453, -8.957 ], [ 124.9403, -9.0472 ], [ 125.0021, -9.0641 ], [ 125.0873, -9.0127 ], [ 125.1124, -8.9676 ], [ 125.1868, -9.029 ], [ 125.1706, -9.1228 ], [ 125.1931, -9.1582 ], [ 125.097, -9.2018 ], [ 125.0527, -9.1688 ], [ 125.0144, -9.1691 ], [ 124.9827, -9.1914 ], [ 124.9944, -9.29 ], [ 125.013988372093024, -9.302488372093023 ], [ 124.9882, -9.3302 ], [ 124.9882, -9.3632 ] ] ] } },
{ "type": "Feature", "properties": { "province": "NUSA TENGGARA TIMUR", "district": "ENDE", "id": "NUSA TENGGARA TIMUR/ENDE", "name": "ENDE" }, "geometry": { "type": "MultiPolygon", "coordinates": [ [ [ [ 121.5298, -8.8981 ], [ 121.5161, -8.907 ], [ 121.507, -8.8927 ], [ 121.5242, -8.8501 ], [ 121.5298, -8.8981 ] ] ], [ [ [ 121.6562, -8.8908 ], [ 121.644, -8.9059 ], [ 121.6269, -8.8988 ], [ 121.6413, -8.8401 ], [ 121.584, -8.8015 ], [ 121.4153, -8.7943 ], [ 121.4025, -8.7077 ], [ 121.4323, -8.6706 ], [ 121.5191, -8.6353 ], [ 121.5257, -8.5957 ], [ 121.538, -8.6017 ], [ 121.553, -8.5761 ], [ 121.5781, -8.5753 ], [ 121.5703, -8.5309 ], [ 121.6113, -8.559 ], [ 121.6026, -8.5069 ], [ 121.619, -8.4717 ], [ 121.6446, -8.4787 ], [ 121.6422, -8.499 ], [ 121.6658, -8.4939 ], [ 121.6802, -8.512 ], [ 121.7255, -8.4945 ], [ 121.8003, -8.5106 ], [ 121.8436, -8.482 ], [ 121.8751, -8.503 ], [ 121.9134, -8.4956 ], [ 121.9572, -8.4439 ], [ 121.9558, -8.4733 ], [ 121.9834, -8.4466 ], [ 122.0241, -8.4402 ], [ 122.0124, -8.5055 ], [ 121.9768, -8.5506 ], [ 121.9844, -8.6099 ], [ 121.9626, -8.6162 ], [ 121.9587, -8.6705 ], [ 121.9262, -8.7106 ], [ 121.9518, -8.7521 ], [ 121.9906, -8.7553 ], [ 121.9972, -8.8059 ], [ 121.861, -8.8353 ], [ 121.7759, -8.8833 ], [ 121.6769, -8.8466 ], [ 121.6612, -8.8555 ], [ 121.6562, -8.8908 ] ] ], [ [ [ 122.5972, -8.6142 ], [ 122.6116, -8.6268 ], [ 122.6188, -8.6553 ], [ 122.5927, -8.6574 ], [ 122.5585, -8.6145 ], [ 122.5647, -8.5825 ], [ 122.5972, -8.6142 ] ] ] ] } },
{ "type": "Feature", "properties": { "province": "NUSA TENGGARA TIMUR", "district": "FLORES TIMUR", "id": "NUSA TENGGARA TIMUR/FLORES TIMUR", "name": "FLORES TIMUR" }, "geometry": { "type": "MultiPolygon", "coordinates": [ [ [ [ 123.2466, -8.3866 ], [ 123.0891, -8.4046 ], [ 123.0755, -8.3877 ], [ 123.0662, -8.4121 ], [ 123.0534, -8.3983 ], [ 123.006, -8.4127 ], [ 122.9968, -8.4009 ], [ 123.0323, -8.3081 ], [ 123.142, -8.2338 ], [ 123.1818, -8.2405 ], [ 123.1963, -8.2247 ], [ 123.2181, -8.244 ], [ 123.2432, -8.2255 ], [ 123.276, -8.2505 ], [ 123.3338, -8.2643 ], [ 123.305, -8.2966 ], [ 123.2947, -8.3881 ], [ 123.2582, -8.3956 ], [ 123.2528, -8.3434 ], [ 123.2466, -8.3866 ] ] ], [ [ [ 122.7239, -8.6335 ], [ 122.6484, -8.6276 ], [ 122.6648, -8.5196 ], [ 122.6869, -8.4847 ], [ 122.6734, -8.4597 ], [ 122.6822, -8.3833 ], [ 122.7239, -8.3603 ], [ 122.7659, -8.3632 ], [ 122.8111, -8.2979 ], [ 122.8818, -8.2889 ], [ 122.9121, -8.2178 ], [ 122.9397, -8.1997 ], [ 122.9006, -8.1758 ], [ 122.8661, -8.1762 ], [ 122.8088, -8.1985 ], [ 122.7878, -8.2355 ], [ 122.7308, -8.2248 ], [ 122.7849, -8.1503 ], [ 122.7824, -8.1082 ], [ 122.831, -8.0963 ], [ 122.8443, -8.0702 ], [ 122.8666, -8.0634 ], [ 122.9722, -8.1329 ], [ 122.9568, -8.1963 ], [ 122.9796, -8.2151 ], [ 122.9832, -8.2514 ], [ 123.0183, -8.2811 ], [ 123.0207, -8.3154 ], [ 122.9634, -8.3519 ], [ 122.9195, -8.3283 ], [ 122.9673, -8.3144 ], [ 122.9265, -8.2948 ], [ 122.8784, -8.3844 ], [ 122.8876, -8.4486 ], [ 122.8602, -8.4527 ], [ 122.7831, -8.4229 ], [ 122.7902, -8.4843 ], [ 122.8321, -8.5178 ], [ 122.8445, -8.563 ], [ 122.8311, -8.5897 ], [ 122.7799, -8.6127 ], [ 122.7352, -8.6092 ], [ 122.7239, -8.6335 ] ] ], [ [ [ 122.9034, -8.609 ], [ 122.8863, -8.6094 ], [ 122.8703, -8.5844 ], [ 122.8825, -8.5286 ], [ 122.9458, -8.4929 ], [ 122.9767, -8.436 ], [ 123.0214, -8.4487 ], [ 123.1426, -8.423 ], [ 123.1681, -8.4357 ], [ 123.1484, -8.4616 ], [ 123.0786, -8.4888 ], [ 123.0219, -8.4765 ], [ 122.9761, -8.5149 ], [ 122.9364, -8.5957 ], [ 122.9034, -8.609 ] ] ], [ [ [ 123.5368, -8.2688 ], [ 123.5443, -8.2831 ], [ 123.5179, -8.2888 ], [ 123.5267, -8.2688 ], [ 123.5368, -8.2688 ] ] ], [ [ [ 123.6621, -8.2516 ], [ 123.6448, -8.2841 ], [ 123.6389, -8.2506 ], [ 123.6043, -8.2167 ], [ 123.6529, -8.2179 ], [ 123.6576, -8.2473 ], [ 123.6432, -8.2435 ], [ 123.6621, -8.2516 ] ] ] ] } },
{ "type": "Feature", "properties": { "province": "NUSA TENGGARA TIMUR", "district": "KOTA KUPANG", "id": "NUSA TENGGARA TIMUR/KOTA KUPANG", "name": "KOTA KUPANG" }, "geometry": { "type": "Polygon", "coordinates": [ [ [ 123.6317, -10.2715 ], [ 123.6136, -10.2929 ], [ 123.5855, -10.2889 ], [ 123.5708, -10.2465 ], [ 123.5785, -10.2244 ], [ 123.5283, -10.2099 ], [ 123.5282, -10.1858 ], [ 123.6727, -10.1297 ], [ 123.6828, -10.1513 ], [ 123.6594, -10.1573 ], [ 123.6814, -10.1754 ], [ 123.6509, -10.1885 ], [ 123.6688, -10.2262 ], [ 123.6395, -10.2178 ], [ 123.6205, -10.2312 ], [ 123.6391, -10.2443 ], [ 123.6317, -10.2715 ] ] ] } },
{ "type": "Feature", "properties": { "province": "NUSA TENGGARA TIMUR", "district": "KUPANG", "id": "NUSA TENGGARA TIMUR/KUPANG", "name": "KUPANG" }, "geometry": { "type": "MultiPolygon", "coordinates": [ [ [ [ 123.6398, -10.3546 ], [ 123.6114, -10.3701 ], [ 123.5459, -10.3277 ], [ 123.4687, -10.3603 ], [ 123.4554, -10.3497 ], [ 123.501, -10.2738 ], [ 123.4892, -10.2239 ], [ 123.5342, -10.2083 ], [ 123.5569, -10.2275 ], [ 123.5741, -10.2171 ], [ 123.5848, -10.2881 ], [ 123.6291, -10.2857 ], [ 123.6391, -10.2443 ], [ 123.6205, -10.2312 ], [ 123.6395, -10.2178 ], [ 123.6688, -10.2262 ], [ 123.6509, -10.1885 ], [ 123.6814, -10.1754 ], [ 123.6594, -10.1573 ], [ 123.6828, -10.1513 ], [ 123.6724, -10.126 ], [ 123.7414, -10.0986 ], [ 123.7688, -10.051 ], [ 123.7652, -10.0351 ], [ 123.6972, -10.0102 ], [ 123.6223, -10.0193 ], [ 123.6071, -10.0454 ], [ 123.5809, -10.018 ], [ 123.5836, -9.9164 ], [ 123.6214, -9.8903 ], [ 123.6417, -9.8946 ], [ 123.6688, -9.8504 ], [ 123.6656, -9.8014 ], [ 123.6424, -9.7739 ], [ 123.6814, -9.7434 ], [ 123.673, -9.6307 ], [ 123.7339, -9.5672 ], [ 123.7876, -9.5419 ], [ 123.795, -9.4909 ], [ 123.8156, -9.4985 ], [ 123.8707, -9.4753 ], [ 123.9007, -9.4291 ], [ 123.9355, -9.4205 ], [ 123.9806, -9.352 ], [ 124.0432, -9.3359 ], [ 124.0952, -9.4171 ], [ 124.1661, -9.4552 ], [ 124.1953, -9.5032 ], [ 124.1855, -9.5114 ], [ 124.1217, -9.4725 ], [ 124.1575, -9.5571 ], [ 124.12, -9.5529 ], [ 124.0784, -9.5861 ], [ 124.0895, -9.6201 ], [ 124.0536, -9.6522 ], [ 124.0924, -9.6973 ], [ 124.0875, -9.7359 ], [ 124.0673, -9.7587 ], [ 124.094, -9.8097 ], [ 124.0853, -9.9642 ], [ 124.1254, -9.9762 ], [ 124.1649, -10.0178 ], [ 124.1426, -10.0235 ], [ 124.2079, -10.0855 ], [ 124.206, -10.132 ], [ 124.2189, -10.1305 ], [ 124.2274, -10.1549 ], [ 124.1489, -10.1585 ], [ 124.1015, -10.1794 ], [ 124.0826, -10.2178 ], [ 124.033, -10.2472 ], [ 124.0185, -10.2734 ], [ 123.9624, -10.2768 ], [ 123.8613, -10.3342 ], [ 123.7225, -10.3648 ], [ 123.6398, -10.3546 ] ] ], [ [ [ 123.3493, -10.3054 ], [ 123.3216, -10.3389 ], [ 123.3009, -10.2712 ], [ 123.3678, -10.2039 ], [ 123.3963, -10.1342 ], [ 123.4536, -10.1151 ], [ 123.4689, -10.1618 ], [ 123.5005, -10.1577 ], [ 123.5055, -10.1782 ], [ 123.4613, -10.1956 ], [ 123.4285, -10.2303 ], [ 123.4172, -10.2289 ], [ 123.421, -10.2082 ], [ 123.3909, -10.2074 ], [ 123.4185, -10.2595 ], [ 123.4074, -10.2682 ], [ 123.4201, -10.2959 ], [ 123.3963, -10.29 ], [ 123.3912, -10.2924 ], [ 123.415, -10.3139 ], [ 123.4085, -10.3352 ], [ 123.3824, -10.3372 ], [ 123.3761, -10.3078 ], [ 123.3493, -10.3054 ] ] ] ] } },
{ "type": "Feature", "properties": { "province": "NUSA TENGGARA TIMUR", "district": "LEMBATA", "id": "NUSA TENGGARA TIMUR/LEMBATA", "name": "LEMBATA" }, "geometry": { "type": "MultiPolygon", "coordinates": [ [ [ [ 123.4104, -8.5781 ], [ 123.3877, -8.5816 ], [ 123.3187, -8.5233 ], [ 123.2919, -8.5469 ], [ 123.2429, -8.5373 ], [ 123.2222, -8.5502 ], [ 123.2266, -8.5316 ], [ 123.2073, -8.5153 ], [ 123.2907, -8.4621 ], [ 123.3393, -8.3959 ], [ 123.4323, -8.3656 ], [ 123.473, -8.335 ], [ 123.4157, -8.2887 ], [ 123.3472, -8.3042 ], [ 123.384, -8.2606 ], [ 123.4075, -8.2502 ], [ 123.4594, -8.2684 ], [ 123.4952, -8.2395 ], [ 123.5607, -8.2368 ], [ 123.5519, -8.2665 ], [ 123.5148, -8.2844 ], [ 123.5336, -8.2975 ], [ 123.4979, -8.336 ], [ 123.5004, -8.3575 ], [ 123.5179, -8.3489 ], [ 123.5539, -8.3657 ], [ 123.5994, -8.3265 ], [ 123.5761, -8.3106 ], [ 123.5752, -8.285 ], [ 123.6047, -8.2866 ], [ 123.5997, -8.3159 ], [ 123.6365, -8.2837 ], [ 123.6279, -8.2467 ], [ 123.6064, -8.2295 ], [ 123.6389, -8.2506 ], [ 123.6448, -8.2841 ], [ 123.6621, -8.2516 ], [ 123.6926, -8.2544 ], [ 123.7131, -8.2387 ], [ 123.6981, -8.2147 ], [ 123.7263, -8.2134 ], [ 123.7823, -8.1672 ], [ 123.8428, -8.1992 ], [ 123.8549, -8.2242 ], [ 123.8681, -8.2097 ], [ 123.9072, -8.2122 ], [ 123.9181, -8.2532 ], [ 123.8374, -8.2802 ], [ 123.7878, -8.2726 ], [ 123.7531, -8.2989 ], [ 123.6819, -8.4176 ], [ 123.6524, -8.4256 ], [ 123.6525, -8.4032 ], [ 123.6286, -8.4003 ], [ 123.5671, -8.4511 ], [ 123.5537, -8.4653 ], [ 123.5882, -8.526 ], [ 123.5492, -8.5667 ], [ 123.5188, -8.5593 ], [ 123.5065, -8.5164 ], [ 123.4901, -8.5128 ], [ 123.4475, -8.5314 ], [ 123.4104, -8.5781 ] ] ], [ [ [ 123.2582, -8.3956 ], [ 123.2424, -8.3927 ], [ 123.2528, -8.3434 ], [ 123.2521, -8.3748 ], [ 123.2582, -8.3956 ] ] ], [ [ [ 122.9673, -8.3144 ], [ 122.9402, -8.3119 ], [ 122.9149, -8.3253 ], [ 122.9265, -8.2948 ], [ 122.9673, -8.3144 ] ] ] ] } },
{ "type": "Feature", "properties": { "province": "NUSA TENGGARA TIMUR", "district": "MALAKA", "id": "NUSA TENGGARA TIMUR/MALAKA", "name": "MALAKA" }, "geometry": { "type": "Polygon", "coordinates": [ [ [ 124.8385, -9.75 ], [ 124.8094, -9.7906 ], [ 124.7981, -9.7479 ], [ 124.8208, -9.658 ], [ 124.7952, -9.6419 ], [ 124.7879, -9.5998 ], [ 124.7622, -9.5978 ], [ 124.7136, -9.6386 ], [ 124.6634, -9.627 ], [ 124.6453, -9.5849 ], [ 124.6979, -9.5859 ], [ 124.7048, -9.5607 ], [ 124.7568, -9.5601 ], [ 124.7384, -9.5097 ], [ 124.7212, -9.5035 ], [ 124.7816, -9.4702 ], [ 124.7877, -9.4188 ], [ 124.7686, -9.3975 ], [ 124.8029, -9.3807 ], [ 124.8044, -9.3471 ], [ 124.8448, -9.3539 ], [ 124.845, -9.3877 ], [ 124.8722, -9.3811 ], [ 124.8823, -9.3947 ], [ 124.8981, -9.3609 ], [ 124.9612, -9.3932 ], [ 124.9955, -9.3576 ], [ 124.9882, -9.3302 ], [ 125.0141, -9.3025 ], [ 125.0523, -9.331 ], [ 125.0505, -9.3598 ], [ 125.0801, -9.3924 ], [ 125.0879, -9.463 ], [ 125.0052, -9.5353 ], [ 124.9793, -9.6437 ], [ 124.8385, -9.75 ] ] ] } },
{ "type": "Feature", "properties": { "province": "NUSA TENGGARA TIMUR", "district": "MANGGARAI", "id": "NUSA TENGGARA TIMUR/MANGGARAI", "name": "MANGGARAI" }, "geometry": { "type": "MultiPolygon", "coordinates": [ [ [ [ 120.296, -8.8725 ], [ 120.3057, -8.9007 ], [ 120.2738, -8.9158 ], [ 120.2594, -8.9067 ], [ 120.2738, -8.8763 ], [ 120.296, -8.8725 ] ] ], [ [ [ 120.3099, -8.7371 ], [ 120.3324, -8.6899 ], [ 120.2817, -8.6516 ], [ 120.285, -8.5978 ], [ 120.3304, -8.5587 ], [ 120.3612, -8.5685 ], [ 120.3523, -8.5245 ], [ 120.3725, -8.5147 ], [ 120.399, -8.4475 ], [ 120.365, -8.4475 ], [ 120.36, -8.4657 ], [ 120.346, -8.4504 ], [ 120.355, -8.4269 ], [ 120.3063, -8.4514 ], [ 120.284, -8.4226 ], [ 120.2897, -8.2862 ], [ 120.388, -8.2881 ], [ 120.4082, -8.2804 ], [ 120.4286, -8.2409 ], [ 120.4515, -8.2852 ], [ 120.4937, -8.2937 ], [ 120.4781, -8.3821 ], [ 120.5135, -8.4089 ], [ 120.5464, -8.4937 ], [ 120.5104, -8.5652 ], [ 120.5239, -8.638 ], [ 120.492, -8.645 ], [ 120.4685, -8.6732 ], [ 120.5015, -8.7186 ], [ 120.5184, -8.8184 ], [ 120.4379, -8.8136 ], [ 120.3937, -8.8267 ], [ 120.3687, -8.8163 ], [ 120.3133, -8.8556 ], [ 120.2287, -8.8421 ], [ 120.2402, -8.8029 ], [ 120.2837, -8.7872 ], [ 120.273, -8.76 ], [ 120.3099, -8.7371 ] ] ] ] } },
{ "type": "Feature", "properties": { "province": "NUSA TENGGARA TIMUR", "district": "MANGGARAI BARAT", "id": "NUSA TENGGARA TIMUR/MANGGARAI BARAT", "name": "MANGGARAI BARAT" }, "geometry": { "type": "MultiPolygon", "coordinates": [ [ [ [ 120.2803, -8.7774 ], [ 120.2831, -8.7879 ], [ 120.24, -8.8031 ], [ 120.2283, -8.8415 ], [ 120.1486, -8.7847 ], [ 120.0164, -8.8193 ], [ 119.9445, -8.8206 ], [ 119.9229, -8.8435 ], [ 119.9099, -8.8389 ], [ 119.9192, -8.8659 ], [ 119.8895, -8.8589 ], [ 119.8902, -8.8127 ], [ 119.8626, -8.8138 ], [ 119.8442, -8.7969 ], [ 119.8327, -8.8062 ], [ 119.7962, -8.7417 ], [ 119.8075, -8.7334 ], [ 119.7957, -8.6915 ], [ 119.8113, -8.6684 ], [ 119.8046, -8.5718 ], [ 119.8677, -8.5242 ], [ 119.8794, -8.4984 ], [ 119.8573, -8.4302 ], [ 119.88, -8.427 ], [ 119.8773, -8.4429 ], [ 119.8902, -8.4431 ], [ 119.8774, -8.4591 ], [ 119.9075, -8.4756 ], [ 119.9618, -8.4506 ], [ 119.9694, -8.428 ], [ 119.9976, -8.4613 ], [ 120.0183, -8.4397 ], [ 119.9979, -8.4172 ], [ 120.0155, -8.413 ], [ 120.0192, -8.3841 ], [ 120.043, -8.3975 ], [ 120.0754, -8.3772 ], [ 120.0501, -8.4054 ], [ 120.0865, -8.3876 ], [ 120.0772, -8.4106 ], [ 120.0961, -8.4134 ], [ 120.0848, -8.4367 ], [ 120.1097, -8.4415 ], [ 120.1256, -8.4176 ], [ 120.1214, -8.3563 ], [ 120.1631, -8.3779 ], [ 120.2005, -8.3056 ], [ 120.2916, -8.2807 ], [ 120.284, -8.4226 ], [ 120.3063, -8.4514 ], [ 120.3525, -8.4258 ], [ 120.3571, -8.4638 ], [ 120.365, -8.4475 ], [ 120.3989, -8.4469 ], [ 120.3991, -8.461 ], [ 120.3725, -8.5147 ], [ 120.3523, -8.5245 ], [ 120.3612, -8.5685 ], [ 120.3304, -8.5587 ], [ 120.285, -8.5978 ], [ 120.2817, -8.6516 ], [ 120.3327, -8.693 ], [ 120.2936, -8.7564 ], [ 120.273, -8.76 ], [ 120.2803, -8.7774 ] ] ], [ [ [ 119.6348, -8.6053 ], [ 119.6628, -8.6124 ], [ 119.6585, -8.6569 ], [ 119.6736, -8.6878 ], [ 119.6774, -8.673 ], [ 119.6857, -8.6848 ], [ 119.7082, -8.6698 ], [ 119.6873, -8.6394 ], [ 119.7147, -8.6557 ], [ 119.7187, -8.6214 ], [ 119.7925, -8.6141 ], [ 119.805, -8.6253 ], [ 119.7991, -8.6569 ], [ 119.7575, -8.6654 ], [ 119.7449, -8.6986 ], [ 119.7256, -8.6994 ], [ 119.7109, -8.6794 ], [ 119.6899, -8.7231 ], [ 119.7236, -8.7405 ], [ 119.7335, -8.7568 ], [ 119.7166, -8.7638 ], [ 119.7334, -8.7668 ], [ 119.6937, -8.8105 ], [ 119.6755, -8.8088 ], [ 119.6575, -8.7728 ], [ 119.618, -8.7941 ], [ 119.6035, -8.7545 ], [ 119.6057, -8.7335 ], [ 119.6335, -8.7416 ], [ 119.6156, -8.7249 ], [ 119.637, -8.7248 ], [ 119.6175, -8.7077 ], [ 119.6612, -8.7013 ], [ 119.6526, -8.6688 ], [ 119.6389, -8.6889 ], [ 119.6241, -8.6818 ], [ 119.6419, -8.659 ], [ 119.6144, -8.6095 ], [ 119.6348, -8.6053 ] ] ], [ [ [ 119.457, -8.4285 ], [ 119.4737, -8.4526 ], [ 119.4705, -8.4801 ], [ 119.5084, -8.4941 ], [ 119.5263, -8.4824 ], [ 119.5349, -8.4974 ], [ 119.5522, -8.479 ], [ 119.5495, -8.4989 ], [ 119.571, -8.4893 ], [ 119.5697, -8.5326 ], [ 119.56, -8.5142 ], [ 119.5492, -8.5302 ], [ 119.5595, -8.5865 ], [ 119.5743, -8.5953 ], [ 119.5185, -8.6022 ], [ 119.5249, -8.5824 ], [ 119.5053, -8.5685 ], [ 119.4798, -8.6054 ], [ 119.4528, -8.6065 ], [ 119.4649, -8.6278 ], [ 119.4937, -8.6144 ], [ 119.4762, -8.6521 ], [ 119.456, -8.6484 ], [ 119.433, -8.6762 ], [ 119.4562, -8.7025 ], [ 119.4517, -8.745 ], [ 119.4714, -8.7372 ], [ 119.4438, -8.7512 ], [ 119.4063, -8.722 ], [ 119.377, -8.7377 ], [ 119.3713, -8.7174 ], [ 119.4043, -8.6884 ], [ 119.4098, -8.6469 ], [ 119.3977, -8.6223 ], [ 119.3733, -8.6306 ], [ 119.3885, -8.6011 ], [ 119.3737, -8.5852 ], [ 119.3905, -8.5589 ], [ 119.4234, -8.5516 ], [ 119.4212, -8.5295 ], [ 119.437, -8.5248 ], [ 119.4124, -8.5022 ], [ 119.4492, -8.4909 ], [ 119.4203, -8.4489 ], [ 119.4504, -8.4522 ], [ 119.457, -8.4285 ] ] ], [ [ [ 119.7273, -8.569 ], [ 119.7248, -8.5788 ], [ 119.7055, -8.5747 ], [ 119.7117, -8.5696 ], [ 119.7273, -8.569 ] ] ], [ [ [ 120.4248, -8.4959 ], [ 120.4214, -8.5186 ], [ 120.3994, -8.5074 ], [ 120.4077, -8.4913 ], [ 120.4248, -8.4959 ] ] ], [ [ [ 119.8579, -8.3796 ], [ 119.8775, -8.3799 ], [ 119.866, -8.4017 ], [ 119.8377, -8.3864 ], [ 119.8579, -8.3796 ] ] ], [ [ [ 120.0323, -8.3595 ], [ 120.0333, -8.3685 ], [ 120.0164, -8.3725 ], [ 120.0222, -8.3522 ], [ 120.0323, -8.3595 ] ] ] ] } },
{ "type": "Feature", "properties": { "province": "NUSA TENGGARA TIMUR", "district": "MANGGARAI TIMUR", "id": "NUSA TENGGARA TIMUR/MANGGARAI TIMUR", "name": "MANGGARAI TIMUR" }, "geometry": { "type": "MultiPolygon", "coordinates": [ [ [ [ 120.8548, -8.7372 ], [ 120.8454, -8.783 ], [ 120.8113, -8.8256 ], [ 120.8202, -8.8379 ], [ 120.789, -8.8405 ], [ 120.7854, -8.8732 ], [ 120.7539, -8.8929 ], [ 120.6468, -8.8674 ], [ 120.6317, -8.8554 ], [ 120.6356, -8.8523 ], [ 120.6401, -8.8466 ], [ 120.6416, -8.8436 ], [ 120.6442, -8.8325 ], [ 120.6317, -8.8551 ], [ 120.5958, -8.815 ], [ 120.5138, -8.8157 ], [ 120.5019, -8.7198 ], [ 120.4685, -8.6732 ], [ 120.492, -8.645 ], [ 120.5239, -8.638 ], [ 120.5104, -8.5652 ], [ 120.5464, -8.4937 ], [ 120.5135, -8.4089 ], [ 120.4781, -8.3821 ], [ 120.4928, -8.2927 ], [ 120.5301, -8.2723 ], [ 120.5586, -8.3004 ], [ 120.5918, -8.2968 ], [ 120.6009, -8.2553 ], [ 120.6555, -8.2889 ], [ 120.678, -8.3232 ], [ 120.7154, -8.3263 ], [ 120.7336, -8.3489 ], [ 120.7624, -8.3362 ], [ 120.8545, -8.3577 ], [ 120.8815, -8.3493 ], [ 120.8834, -8.372 ], [ 120.8936, -8.353 ], [ 120.9416, -8.3492 ], [ 120.9497, -8.3764 ], [ 120.9118, -8.4486 ], [ 120.9234, -8.4709 ], [ 120.8814, -8.478 ], [ 120.8451, -8.5161 ], [ 120.8743, -8.5634 ], [ 120.8605, -8.5732 ], [ 120.8914, -8.65 ], [ 120.875, -8.697 ], [ 120.8445, -8.7088 ], [ 120.8548, -8.7372 ] ] ], [ [ [ 121.4058, -8.6807 ], [ 121.3815, -8.6977 ], [ 121.3733, -8.7118 ], [ 121.3723, -8.6711 ], [ 121.4098, -8.662 ], [ 121.4058, -8.6807 ] ] ] ] } },
{ "type": "Feature", "properties": { "province": "NUSA TENGGARA TIMUR", "district": "NAGEKEO", "id": "NUSA TENGGARA TIMUR/NAGEKEO", "name": "NAGEKEO" }, "geometry": { "type": "Polygon", "coordinates": [ [ [ 121.3691, -8.8728 ], [ 121.3424, -8.9051 ], [ 121.3149, -8.911 ], [ 121.2691, -8.8864 ], [ 121.2571, -8.8976 ], [ 121.182, -8.8854 ], [ 121.1393, -8.898 ], [ 121.1153, -8.8753 ], [ 121.1397, -8.8406 ], [ 121.096, -8.7591 ], [ 121.1049, -8.7222 ], [ 121.1495, -8.6938 ], [ 121.1074, -8.6787 ], [ 121.1278, -8.6429 ], [ 121.1423, -8.5535 ], [ 121.1839, -8.512 ], [ 121.1616, -8.4779 ], [ 121.1798, -8.4594 ], [ 121.1732, -8.4407 ], [ 121.3078, -8.4816 ], [ 121.3438, -8.5472 ], [ 121.407, -8.5733 ], [ 121.4185, -8.5921 ], [ 121.4765, -8.5642 ], [ 121.5231, -8.6196 ], [ 121.4716, -8.663 ], [ 121.4323, -8.6706 ], [ 121.3968, -8.716 ], [ 121.4166, -8.7443 ], [ 121.4173, -8.7834 ], [ 121.3773, -8.7967 ], [ 121.3691, -8.8728 ] ] ] } },
{ "type": "Feature", "properties": { "province": "NUSA TENGGARA TIMUR", "district": "NGADA", "id": "NUSA TENGGARA TIMUR/NGADA", "name": "NGADA" }, "geometry": { "type": "Polygon", "coordinates": [ [ [ 121.1085, -8.8861 ], [ 121.1358, -8.903 ], [ 121.0574, -8.9477 ], [ 121.0013, -8.9561 ], [ 120.9311, -8.9329 ], [ 120.8693, -8.8836 ], [ 120.8485, -8.8339 ], [ 120.81, -8.8297 ], [ 120.8563, -8.7478 ], [ 120.8453, -8.7069 ], [ 120.875, -8.697 ], [ 120.8914, -8.6502 ], [ 120.8605, -8.5732 ], [ 120.8743, -8.5634 ], [ 120.8451, -8.5161 ], [ 120.8814, -8.478 ], [ 120.9234, -8.4709 ], [ 120.9126, -8.4436 ], [ 120.9564, -8.3701 ], [ 120.9464, -8.3433 ], [ 120.9846, -8.3499 ], [ 120.9634, -8.3703 ], [ 121.0101, -8.3919 ], [ 121.0236, -8.4141 ], [ 121.1428, -8.4245 ], [ 121.1798, -8.4551 ], [ 121.1616, -8.4779 ], [ 121.1839, -8.512 ], [ 121.1423, -8.5535 ], [ 121.1278, -8.6429 ], [ 121.1074, -8.6787 ], [ 121.1494, -8.6942 ], [ 121.1049, -8.7222 ], [ 121.096, -8.7591 ], [ 121.1401, -8.8431 ], [ 121.1111, -8.8748 ], [ 121.0795, -8.871 ], [ 121.0734, -8.892 ], [ 121.1085, -8.8861 ] ] ] } },
{ "type": "Feature", "properties": { "province": "NUSA TENGGARA TIMUR", "district": "ROTE NDAO", "id": "NUSA TENGGARA TIMUR/ROTE NDAO", "name": "ROTE NDAO" }, "geometry": { "type": "MultiPolygon", "coordinates": [ [ [ [ 122.8324, -10.9308 ], [ 122.81, -10.782 ], [ 122.8371, -10.7879 ], [ 122.8341, -10.7742 ], [ 122.8583, -10.7588 ], [ 122.9335, -10.7365 ], [ 122.9475, -10.7462 ], [ 123.0423, -10.7296 ], [ 123.1292, -10.6435 ], [ 123.149, -10.6528 ], [ 123.1779, -10.6374 ], [ 123.1949, -10.5938 ], [ 123.2604, -10.606 ], [ 123.3102, -10.5933 ], [ 123.3133, -10.5766 ], [ 123.2771, -10.5795 ], [ 123.2448, -10.6029 ], [ 123.2132, -10.5797 ], [ 123.2645, -10.5205 ], [ 123.3693, -10.4783 ], [ 123.3741, -10.4314 ], [ 123.4259, -10.4721 ], [ 123.3828, -10.4883 ], [ 123.3777, -10.5021 ], [ 123.3877, -10.4933 ], [ 123.3999, -10.5052 ], [ 123.3573, -10.5459 ], [ 123.3835, -10.5685 ], [ 123.3425, -10.5867 ], [ 123.4163, -10.6087 ], [ 123.4267, -10.6565 ], [ 123.3994, -10.6875 ], [ 123.3313, -10.6783 ], [ 123.3, -10.7203 ], [ 123.2542, -10.7334 ], [ 123.2368, -10.7535 ], [ 123.2449, -10.7771 ], [ 123.2233, -10.8292 ], [ 123.1988, -10.8164 ], [ 123.189, -10.8369 ], [ 123.1324, -10.8155 ], [ 123.0895, -10.8568 ], [ 123.0706, -10.8477 ], [ 123.058, -10.8637 ], [ 122.9687, -10.8702 ], [ 122.949, -10.8929 ], [ 122.9645, -10.9005 ], [ 122.9705, -10.9151 ], [ 122.9493, -10.904 ], [ 122.9111, -10.9249 ], [ 122.9114, -10.9111 ], [ 122.8998, -10.9213 ], [ 122.8892, -10.91 ], [ 122.862, -10.9177 ], [ 122.847, -10.9431 ], [ 122.8324, -10.9308 ] ] ], [ [ [ 122.7378, -10.8356 ], [ 122.7322, -10.8266 ], [ 122.749, -10.8271 ], [ 122.7483, -10.829 ], [ 122.7378, -10.8356 ] ] ], [ [ [ 122.6703, -10.811 ], [ 122.6862, -10.834 ], [ 122.6398, -10.8064 ], [ 122.6674, -10.7986 ], [ 122.6703, -10.811 ] ] ], [ [ [ 122.7715, -10.7862 ], [ 122.7549, -10.7888 ], [ 122.75, -10.7776 ], [ 122.7871, -10.7746 ], [ 122.7715, -10.7862 ] ] ], [ [ [ 123.4268, -10.4909 ], [ 123.4412, -10.4919 ], [ 123.439, -10.5108 ], [ 123.3828, -10.5606 ], [ 123.3805, -10.5465 ], [ 123.3748, -10.5437 ], [ 123.4052, -10.5181 ], [ 123.408, -10.4942 ], [ 123.4268, -10.4909 ] ] ] ] } },
{ "type": "Feature", "properties": { "province": "NUSA TENGGARA TIMUR", "district": "SABU RAIJUA", "id": "NUSA TENGGARA TIMUR/SABU RAIJUA", "name": "SABU RAIJUA" }, "geometry": { "type": "MultiPolygon", "coordinates": [ [ [ [ 121.632, -10.614 ], [ 121.5741, -10.6424 ], [ 121.5187, -10.6327 ], [ 121.5667, -10.5981 ], [ 121.6292, -10.5976 ], [ 121.632, -10.614 ] ] ], [ [ [ 121.8401, -10.6253 ], [ 121.795, -10.6068 ], [ 121.7493, -10.6151 ], [ 121.6842, -10.5778 ], [ 121.8333, -10.4989 ], [ 121.8453, -10.449 ], [ 121.8821, -10.4253 ], [ 121.9105, -10.4188 ], [ 122.0002, -10.4437 ], [ 122.0081, -10.4652 ], [ 121.9862, -10.5509 ], [ 121.9461, -10.5568 ], [ 121.8754, -10.6181 ], [ 121.8401, -10.6253 ] ] ] ] } },
{ "type": "Feature", "properties": { "province": "NUSA TENGGARA TIMUR", "district": "SIKKA", "id": "NUSA TENGGARA TIMUR/SIKKA", "name": "SIKKA" }, "geometry": { "type": "MultiPolygon", "coordinates": [ [ [ [ 122.0424, -8.7815 ], [ 121.9962, -8.8056 ], [ 121.9906, -8.7553 ], [ 121.9518, -8.7521 ], [ 121.9261, -8.7126 ], [ 121.9587, -8.6705 ], [ 121.9626, -8.6162 ], [ 121.9844, -8.6099 ], [ 121.9768, -8.5506 ], [ 121.9999, -8.5158 ], [ 122.0181, -8.5306 ], [ 122.0714, -8.5225 ], [ 122.0839, -8.543 ], [ 122.0882, -8.5275 ], [ 122.1045, -8.5289 ], [ 122.1594, -8.5558 ], [ 122.2214, -8.6201 ], [ 122.2915, -8.6422 ], [ 122.364, -8.6114 ], [ 122.4718, -8.6095 ], [ 122.5176, -8.5471 ], [ 122.518, -8.5264 ], [ 122.4789, -8.4936 ], [ 122.4913, -8.473 ], [ 122.5479, -8.4642 ], [ 122.5714, -8.4283 ], [ 122.5922, -8.4235 ], [ 122.5972, -8.3929 ], [ 122.6826, -8.3839 ], [ 122.6734, -8.4597 ], [ 122.6869, -8.4847 ], [ 122.6648, -8.5196 ], [ 122.6542, -8.6371 ], [ 122.6207, -8.6529 ], [ 122.5686, -8.5797 ], [ 122.5585, -8.6145 ], [ 122.5927, -8.6574 ], [ 122.5572, -8.6663 ], [ 122.5397, -8.7013 ], [ 122.51, -8.7182 ], [ 122.3689, -8.7528 ], [ 122.3348, -8.7392 ], [ 122.2833, -8.7547 ], [ 122.2378, -8.7421 ], [ 122.1965, -8.7501 ], [ 122.1751, -8.7298 ], [ 122.1148, -8.7297 ], [ 122.0424, -8.7815 ] ] ], [ [ [ 122.4149, -8.4356 ], [ 122.4151, -8.4769 ], [ 122.3894, -8.4977 ], [ 122.3348, -8.4646 ], [ 122.3451, -8.4285 ], [ 122.4078, -8.4479 ], [ 122.4149, -8.4356 ] ] ], [ [ [ 122.5121, -8.4132 ], [ 122.5193, -8.431 ], [ 122.5017, -8.4355 ], [ 122.498, -8.4213 ], [ 122.5121, -8.4132 ] ] ], [ [ [ 121.7462, -8.3259 ], [ 121.7282, -8.3533 ], [ 121.6775, -8.338 ], [ 121.6857, -8.3045 ], [ 121.707, -8.292 ], [ 121.7313, -8.2977 ], [ 121.7462, -8.3259 ] ] ], [ [ [ 122.2988, -8.3653 ], [ 122.2753, -8.3666 ], [ 122.3219, -8.3467 ], [ 122.3074, -8.3685 ], [ 122.2988, -8.3653 ] ] ], [ [ [ 122.1313, -8.1075 ], [ 122.1302, -8.1219 ], [ 122.1052, -8.1243 ], [ 122.1126, -8.1114 ], [ 122.1313, -8.1075 ] ] ] ] } },
{ "type": "Feature", "properties": { "province": "NUSA TENGGARA TIMUR", "district": "SUMBA BARAT", "id": "NUSA TENGGARA TIMUR/SUMBA BARAT", "name": "SUMBA BARAT" }, "geometry": { "type": "MultiPolygon", "coordinates": [ [ [ [ 124.2816, -9.8588 ], [ 124.2825, -9.8655 ], [ 124.2742, -9.8626 ], [ 124.2793, -9.8575 ], [ 124.2816, -9.8588 ] ] ], [ [ [ 119.4092, -9.7824 ], [ 119.3846, -9.7959 ], [ 119.3516, -9.7606 ], [ 119.3186, -9.7664 ], [ 119.301, -9.7443 ], [ 119.2187, -9.7377 ], [ 119.1853, -9.7589 ], [ 119.1446, -9.73 ], [ 119.1436, -9.7091 ], [ 119.1625, -9.663 ], [ 119.1873, -9.6488 ], [ 119.2341, -9.6899 ], [ 119.2947, -9.6793 ], [ 119.3334, -9.6184 ], [ 119.3664, -9.6157 ], [ 119.4136, -9.5624 ], [ 119.3756, -9.4809 ], [ 119.3783, -9.4189 ], [ 119.3908, -9.3831 ], [ 119.4123, -9.3735 ], [ 119.4755, -9.5278 ], [ 119.4477, -9.5468 ], [ 119.4718, -9.5483 ], [ 119.4947, -9.5268 ], [ 119.5186, -9.5361 ], [ 119.5131, -9.5682 ], [ 119.4806, -9.6055 ], [ 119.4877, -9.6552 ], [ 119.4694, -9.6769 ], [ 119.5324, -9.6889 ], [ 119.5062, -9.7382 ], [ 119.543, -9.7527 ], [ 119.5269, -9.7666 ], [ 119.4577, -9.7416 ], [ 119.4173, -9.7611 ], [ 119.4092, -9.7824 ] ] ] ] } },
{ "type": "Feature", "properties": { "province": "NUSA TENGGARA TIMUR", "district": "SUMBA BARAT DAYA", "id": "NUSA TENGGARA TIMUR/SUMBA BARAT DAYA", "name": "SUMBA BARAT DAYA" }, "geometry": { "type": "Polygon", "coordinates": [ [ [ 119.0914, -9.7154 ], [ 119.0262, -9.6751 ], [ 118.986, -9.6075 ], [ 118.9279, -9.5576 ], [ 118.9645, -9.482 ], [ 119.0306, -9.4321 ], [ 119.1013, -9.4215 ], [ 119.1781, -9.3748 ], [ 119.2199, -9.391 ], [ 119.2985, -9.3571 ], [ 119.3908, -9.3831 ], [ 119.3771, -9.5026 ], [ 119.4136, -9.5624 ], [ 119.3666, -9.6155 ], [ 119.3334, -9.6184 ], [ 119.2855, -9.6831 ], [ 119.2341, -9.6899 ], [ 119.1873, -9.6488 ], [ 119.1543, -9.6779 ], [ 119.1446, -9.73 ], [ 119.0914, -9.7154 ] ] ] } },
{ "type": "Feature", "properties": { "province": "NUSA TENGGARA TIMUR", "district": "SUMBA TENGAH", "id": "NUSA TENGGARA TIMUR/SUMBA TENGAH", "name": "SUMBA TENGAH" }, "geometry": { "type": "Polygon", "coordinates": [ [ [ 119.7253, -9.6902 ], [ 119.7497, -9.7352 ], [ 119.7216, -9.8442 ], [ 119.6749, -9.8286 ], [ 119.69, -9.8166 ], [ 119.6711, -9.7809 ], [ 119.6535, -9.7763 ], [ 119.6211, -9.8009 ], [ 119.6241, -9.7655 ], [ 119.5949, -9.7791 ], [ 119.5833, -9.7619 ], [ 119.5532, -9.766 ], [ 119.5403, -9.7419 ], [ 119.5069, -9.7411 ], [ 119.5344, -9.6912 ], [ 119.4694, -9.6765 ], [ 119.4877, -9.6552 ], [ 119.4806, -9.6055 ], [ 119.5131, -9.5682 ], [ 119.5186, -9.5361 ], [ 119.4755, -9.5278 ], [ 119.4593, -9.5053 ], [ 119.416, -9.3737 ], [ 119.4724, -9.358 ], [ 119.532, -9.3778 ], [ 119.627, -9.3452 ], [ 119.6864, -9.3824 ], [ 119.794, -9.3995 ], [ 119.8648, -9.3435 ], [ 119.8765, -9.3714 ], [ 119.9088, -9.3827 ], [ 119.8965, -9.4319 ], [ 119.9259, -9.4849 ], [ 119.9091, -9.513 ], [ 119.8866, -9.513 ], [ 119.8699, -9.5544 ], [ 119.8413, -9.5777 ], [ 119.8437, -9.6638 ], [ 119.7463, -9.6702 ], [ 119.7253, -9.6902 ] ] ] } },
{ "type": "Feature", "properties": { "province": "NUSA TENGGARA TIMUR", "district": "SUMBA TIMUR", "id": "NUSA TENGGARA TIMUR/SUMBA TIMUR", "name": "SUMBA TIMUR" }, "geometry": { "type": "MultiPolygon", "coordinates": [ [ [ [ 120.2126, -10.3046 ], [ 120.2004, -10.3228 ], [ 120.1709, -10.3174 ], [ 120.1803, -10.3124 ], [ 120.2126, -10.3046 ] ] ], [ [ [ 120.4539, -10.317 ], [ 120.3475, -10.2486 ], [ 120.2184, -10.2541 ], [ 120.1796, -10.2292 ], [ 120.1648, -10.2402 ], [ 120.1113, -10.1785 ], [ 120.0826, -10.1775 ], [ 120.0457, -10.1255 ], [ 120.0081, -10.1241 ], [ 120.0188, -10.0795 ], [ 119.9955, -10.0385 ], [ 119.9472, -9.9997 ], [ 119.9499, -9.9744 ], [ 119.9061, -9.9741 ], [ 119.9052, -9.9504 ], [ 119.8827, -9.9583 ], [ 119.8629, -9.9223 ], [ 119.7838, -9.9224 ], [ 119.6744, -9.8319 ], [ 119.732, -9.8405 ], [ 119.7497, -9.7342 ], [ 119.7278, -9.7155 ], [ 119.7263, -9.6872 ], [ 119.7463, -9.6702 ], [ 119.8423, -9.6659 ], [ 119.8413, -9.5777 ], [ 119.8699, -9.5544 ], [ 119.8866, -9.513 ], [ 119.9091, -9.513 ], [ 119.9259, -9.4849 ], [ 119.8965, -9.4319 ], [ 119.9092, -9.3834 ], [ 119.8765, -9.3714 ], [ 119.8645, -9.3443 ], [ 119.928, -9.2787 ], [ 120.0845, -9.4698 ], [ 120.1283, -9.4854 ], [ 120.1849, -9.4682 ], [ 120.211, -9.4911 ], [ 120.2447, -9.642 ], [ 120.2989, -9.6419 ], [ 120.3166, -9.6755 ], [ 120.3643, -9.6442 ], [ 120.3891, -9.6484 ], [ 120.3885, -9.6376 ], [ 120.4669, -9.6158 ], [ 120.5041, -9.6857 ], [ 120.5449, -9.6887 ], [ 120.5976, -9.7322 ], [ 120.6776, -9.8987 ], [ 120.7847, -9.9487 ], [ 120.844, -10.0239 ], [ 120.8385, -10.097 ], [ 120.7575, -10.1541 ], [ 120.7392, -10.1902 ], [ 120.6144, -10.2527 ], [ 120.5243, -10.2432 ], [ 120.4853, -10.2633 ], [ 120.4539, -10.317 ] ] ], [ [ [ 119.8677, -9.9424 ], [ 119.8676, -9.9425 ], [ 119.8669, -9.9422 ], [ 119.867, -9.942 ], [ 119.8677, -9.9424 ] ] ], [ [ [ 119.4804, -9.5253 ], [ 119.4933, -9.5271 ], [ 119.4795, -9.5438 ], [ 119.4477, -9.5468 ], [ 119.4804, -9.5253 ] ] ] ] } },
{ "type": "Feature", "properties": { "province": "NUSA TENGGARA TIMUR", "district": "TIMOR TENGAH SELATAN", "id": "NUSA TENGGARA TIMUR/TIMOR TENGAH SELATAN", "name": "TIMOR TENGAH SELATAN" }, "geometry": { "type": "MultiPolygon", "coordinates": [ [ [ [ 124.4692, -10.1245 ], [ 124.3921, -10.1704 ], [ 124.2199, -10.1629 ], [ 124.2259, -10.1447 ], [ 124.2063, -10.1326 ], [ 124.2152, -10.1184 ], [ 124.199, -10.1001 ], [ 124.2085, -10.0865 ], [ 124.1426, -10.0235 ], [ 124.1649, -10.0178 ], [ 124.1254, -9.9762 ], [ 124.0856, -9.965 ], [ 124.094, -9.8097 ], [ 124.0673, -9.7587 ], [ 124.0875, -9.7359 ], [ 124.0924, -9.6973 ], [ 124.0535, -9.6475 ], [ 124.0895, -9.6201 ], [ 124.0792, -9.5854 ], [ 124.12, -9.5529 ], [ 124.1575, -9.5571 ], [ 124.1218, -9.4724 ], [ 124.1855, -9.5114 ], [ 124.1899, -9.4832 ], [ 124.2018, -9.485 ], [ 124.2385, -9.5257 ], [ 124.2148, -9.5382 ], [ 124.2271, -9.5605 ], [ 124.2364, -9.5432 ], [ 124.3086, -9.5718 ], [ 124.3181, -9.5925 ], [ 124.4243, -9.5943 ], [ 124.4489, -9.6187 ], [ 124.461, -9.6135 ], [ 124.4575, -9.6346 ], [ 124.5171, -9.663 ], [ 124.5819, -9.6163 ], [ 124.613, -9.6474 ], [ 124.6338, -9.5861 ], [ 124.6453, -9.5849 ], [ 124.6634, -9.627 ], [ 124.7069, -9.6376 ], [ 124.7647, -9.5969 ], [ 124.8003, -9.6179 ], [ 124.7929, -9.6378 ], [ 124.821, -9.6606 ], [ 124.7981, -9.7479 ], [ 124.8098, -9.7914 ], [ 124.7552, -9.8752 ], [ 124.6726, -9.9202 ], [ 124.5887, -9.9999 ], [ 124.5483, -10.0106 ], [ 124.5108, -10.0887 ], [ 124.4692, -10.1245 ] ] ], [ [ [ 119.4238, -9.6199 ], [ 119.4206, -9.633 ], [ 119.416, -9.6332 ], [ 119.4115, -9.6188 ], [ 119.4238, -9.6199 ] ] ] ] } },
{ "type": "Feature", "properties": { "province": "NUSA TENGGARA TIMUR", "district": "TIMOR TENGAH UTARA", "id": "NUSA TENGGARA TIMUR/TIMOR TENGAH UTARA", "name": "TIMOR TENGAH UTARA" }, "geometry": { "type": "MultiPolygon", "coordinates": [ [ [ [ 124.5062, -9.6543 ], [ 124.4575, -9.6346 ], [ 124.461, -9.6135 ], [ 124.4489, -9.6187 ], [ 124.4243, -9.5943 ], [ 124.3181, -9.5925 ], [ 124.3086, -9.5718 ], [ 124.2364, -9.5432 ], [ 124.2267, -9.5603 ], [ 124.2148, -9.5382 ], [ 124.2386, -9.5261 ], [ 124.2239, -9.5062 ], [ 124.0932, -9.4093 ], [ 124.12, -9.4067 ], [ 124.15, -9.4273 ], [ 124.1682, -9.3944 ], [ 124.2173, -9.3656 ], [ 124.2716, -9.4124 ], [ 124.287, -9.4512 ], [ 124.2781, -9.5029 ], [ 124.3548, -9.4852 ], [ 124.365, -9.4589 ], [ 124.3498, -9.4237 ], [ 124.374, -9.412 ], [ 124.3799, -9.3569 ], [ 124.4383, -9.3339 ], [ 124.4625, -9.2998 ], [ 124.4545, -9.2658 ], [ 124.4829, -9.1978 ], [ 124.4761, -9.1744 ], [ 124.5307, -9.1864 ], [ 124.6143, -9.1542 ], [ 124.6702, -9.1181 ], [ 124.6974, -9.0536 ], [ 124.7289, -9.059 ], [ 124.7546, -9.0425 ], [ 124.7612, -9.0802 ], [ 124.794, -9.0954 ], [ 124.8038, -9.1381 ], [ 124.8269, -9.1455 ], [ 124.8092, -9.1683 ], [ 124.8548, -9.2849 ], [ 124.8398, -9.3326 ], [ 124.8044, -9.3471 ], [ 124.8029, -9.3807 ], [ 124.7686, -9.3975 ], [ 124.7877, -9.4188 ], [ 124.7813, -9.4707 ], [ 124.7212, -9.5035 ], [ 124.7384, -9.5097 ], [ 124.757, -9.5597 ], [ 124.7048, -9.5607 ], [ 124.6979, -9.5859 ], [ 124.6338, -9.5861 ], [ 124.6155, -9.6134 ], [ 124.5776, -9.6183 ], [ 124.5302, -9.6607 ], [ 124.5062, -9.6543 ] ] ], [ [ [ 124.8194, -9.0804 ], [ 124.7886, -9.0791 ], [ 124.7854, -9.0191 ], [ 124.7974, -9.0224 ], [ 124.8194, -9.0804 ] ] ] ] } },
{ "type": "Feature", "properties": { "province": "PAPUA", "district": "ASMAT", "id": "PAPUA/ASMAT", "name": "ASMAT" }, "geometry": { "type": "Polygon", "coordinates": [ [ [ 138.7464, -6.5146 ], [ 138.6822, -6.5143 ], [ 138.6414, -6.5668 ], [ 138.4282, -6.3572 ], [ 138.4314, -6.3226 ], [ 138.3833, -6.1989 ], [ 138.395, -6.1694 ], [ 138.3617, -6.1122 ], [ 138.3901, -6.1109 ], [ 138.3616, -6.1121 ], [ 138.3106, -5.9931 ], [ 138.2529, -5.919 ], [ 138.2521, -5.8756 ], [ 138.2791, -5.859 ], [ 138.2781, -5.8414 ], [ 138.1746, -5.8193 ], [ 138.1564, -5.7756 ], [ 138.1755, -5.7426 ], [ 138.1669, -5.7214 ], [ 138.1303, -5.7197 ], [ 138.091, -5.7462 ], [ 138.0652, -5.7226 ], [ 138.0435, -5.6116 ], [ 138.0842, -5.5253 ], [ 138.0069, -5.4981 ], [ 137.8739, -5.3571 ], [ 137.8098, -5.3796 ], [ 137.7684, -5.3594 ], [ 137.7325, -5.3706 ], [ 137.7211, -5.3471 ], [ 137.7434, -5.2974 ], [ 137.6814, -5.2383 ], [ 137.683, -5.2199 ], [ 137.6391, -5.2144 ], [ 137.5504, -5.169 ], [ 137.5597, -5.1439 ], [ 137.6297, -5.1299 ], [ 137.6022, -5.0871 ], [ 137.6332, -5.0745 ], [ 137.6534, -5.0408 ], [ 137.7634, -4.9901 ], [ 137.8151, -4.9443 ], [ 137.8136, -4.8941 ], [ 137.6513, -4.7908 ], [ 137.5775, -4.6521 ], [ 137.9662, -4.5984 ], [ 138.643, -4.7397 ], [ 138.9498, -4.7265 ], [ 139.0296, -4.7374 ], [ 139.3042, -4.9383 ], [ 139.6444, -5.0411 ], [ 139.259, -5.5474 ], [ 138.9431, -5.7228 ], [ 138.9241, -6.4202 ], [ 138.8512, -6.4809 ], [ 138.781, -6.4807 ], [ 138.7464, -6.5146 ] ] ] } },
{ "type": "Feature", "properties": { "province": "PAPUA", "district": "BIAK NUMFOR", "id": "PAPUA/BIAK NUMFOR", "name": "BIAK NUMFOR" }, "geometry": { "type": "MultiPolygon", "coordinates": [ [ [ [ 136.1468, -1.199 ], [ 136.0754, -1.1861 ], [ 136.0382, -1.1486 ], [ 136.0013, -1.1423 ], [ 135.9416, -1.1416 ], [ 135.9063, -1.1779 ], [ 135.8739, -1.1731 ], [ 135.8118, -1.1152 ], [ 135.8023, -1.0924 ], [ 135.8205, -1.0853 ], [ 135.8255, -1.0318 ], [ 135.7876, -0.9655 ], [ 135.7669, -0.8928 ], [ 135.7748, -0.876 ], [ 135.7413, -0.8101 ], [ 135.7087, -0.8032 ], [ 135.8035, -0.7408 ], [ 135.8036, -0.6868 ], [ 135.8656, -0.7067 ], [ 135.9244, -0.7899 ], [ 135.9418, -0.7875 ], [ 136.0293, -0.8371 ], [ 136.0356, -0.8592 ], [ 136.051, -0.8563 ], [ 136.04, -0.8957 ], [ 136.0604, -0.8871 ], [ 136.0912, -0.9168 ], [ 136.0991, -0.9606 ], [ 136.1522, -0.9963 ], [ 136.1725, -1.0442 ], [ 136.2574, -1.0175 ], [ 136.2904, -1.0303 ], [ 136.2963, -1.055 ], [ 136.3237, -1.0741 ], [ 136.3604, -1.0634 ], [ 136.3863, -1.0733 ], [ 136.3141, -1.1408 ], [ 136.1468, -1.199 ] ] ], [ [ [ 136.6057, -1.322 ], [ 136.6006, -1.3197 ], [ 136.6033, -1.3027 ], [ 136.6074, -1.3078 ], [ 136.6057, -1.322 ] ] ], [ [ [ 136.4122, -1.2805 ], [ 136.4107, -1.2889 ], [ 136.4134, -1.3094 ], [ 136.4099, -1.2866 ], [ 136.4104, -1.2826 ], [ 136.4148, -1.271 ], [ 136.4223, -1.268 ], [ 136.4122, -1.2805 ] ] ], [ [ [ 136.5933, -1.2699 ], [ 136.6107, -1.276 ], [ 136.6042, -1.3021 ], [ 136.5905, -1.2804 ], [ 136.5933, -1.2699 ] ] ], [ [ [ 136.6174, -1.2408 ], [ 136.6045, -1.2549 ], [ 136.5949, -1.2365 ], [ 136.6084, -1.2291 ], [ 136.6174, -1.2408 ] ] ], [ [ [ 136.214, -1.2499 ], [ 136.201, -1.2586 ], [ 136.188, -1.247 ], [ 136.2307, -1.2316 ], [ 136.214, -1.2499 ] ] ], [ [ [ 136.3784, -1.2513 ], [ 136.3782, -1.2606 ], [ 136.3674, -1.2476 ], [ 136.3778, -1.2492 ], [ 136.3784, -1.2513 ] ] ], [ [ [ 136.5205, -1.2278 ], [ 136.5369, -1.2344 ], [ 136.539, -1.2425 ], [ 136.5026, -1.2394 ], [ 136.5205, -1.2278 ] ] ], [ [ [ 136.3196, -1.2317 ], [ 136.3013, -1.2446 ], [ 136.292, -1.235 ], [ 136.3234, -1.2175 ], [ 136.3442, -1.2355 ], [ 136.3196, -1.2317 ] ] ], [ [ [ 136.4483, -1.2121 ], [ 136.4507, -1.2211 ], [ 136.4479, -1.2403 ], [ 136.43, -1.2127 ], [ 136.4431, -1.1992 ], [ 136.4483, -1.2121 ] ] ], [ [ [ 136.6073, -1.2243 ], [ 136.59, -1.2272 ], [ 136.5776, -1.196 ], [ 136.6061, -1.1947 ], [ 136.6073, -1.2243 ] ] ], [ [ [ 136.6109, -1.1673 ], [ 136.5929, -1.1633 ], [ 136.6006, -1.1349 ], [ 136.619, -1.1471 ], [ 136.6109, -1.1673 ] ] ], [ [ [ 134.9132, -1.1352 ], [ 134.8571, -1.1372 ], [ 134.8358, -1.1047 ], [ 134.8442, -1.087 ], [ 134.8268, -1.085 ], [ 134.7952, -1.0329 ], [ 134.7931, -1.0029 ], [ 134.8103, -0.9821 ], [ 134.7926, -0.9811 ], [ 134.8435, -0.9316 ], [ 134.9012, -0.9413 ], [ 134.9445, -0.9705 ], [ 134.9415, -1.0398 ], [ 134.9211, -1.0518 ], [ 134.9241, -1.0752 ], [ 134.961, -1.0482 ], [ 134.9591, -1.0201 ], [ 134.9817, -1.0142 ], [ 134.9746, -1.0929 ], [ 134.9523, -1.1276 ], [ 134.9132, -1.1352 ] ] ] ] } },
{ "type": "Feature", "properties": { "province": "PAPUA", "district": "BOVEN DIGOEL", "id": "PAPUA/BOVEN DIGOEL", "name": "BOVEN DIGOEL" }, "geometry": { "type": "Polygon", "coordinates": [ [ [ 140.324, -7.0479 ], [ 140.0578, -7.2661 ], [ 140.0724, -6.4331 ], [ 139.7881, -6.4176 ], [ 139.8544, -6.3243 ], [ 139.8586, -6.2869 ], [ 139.8247, -6.2579 ], [ 139.8254, -6.2067 ], [ 139.8697, -6.1915 ], [ 139.7274, -5.7165 ], [ 139.7266, -5.4384 ], [ 139.705, -5.2354 ], [ 139.6444, -5.0411 ], [ 140.0981, -5.1604 ], [ 141.0, -5.2947 ], [ 141.0, -6.3203 ], [ 140.9582, -6.3258 ], [ 140.9596, -6.3549 ], [ 140.977, -6.3651 ], [ 140.9454, -6.3695 ], [ 140.9408, -6.384 ], [ 140.9812, -6.3897 ], [ 140.9413, -6.4113 ], [ 140.9514, -6.4345 ], [ 140.9265, -6.4162 ], [ 140.9154, -6.4265 ], [ 140.9382, -6.4451 ], [ 140.9238, -6.4673 ], [ 140.9596, -6.4863 ], [ 140.9191, -6.5048 ], [ 140.9208, -6.5502 ], [ 140.9365, -6.5595 ], [ 140.8894, -6.5606 ], [ 140.8896, -6.5756 ], [ 140.9102, -6.5723 ], [ 140.8902, -6.6043 ], [ 140.8841, -6.5917 ], [ 140.8412, -6.6099 ], [ 140.8483, -6.6182 ], [ 140.324, -7.0479 ] ] ] } },
{ "type": "Feature", "properties": { "province": "PAPUA", "district": "DEIYAI", "id": "PAPUA/DEIYAI", "name": "DEIYAI" }, "geometry": { "type": "Polygon", "coordinates": [ [ [ 136.4634, -4.3095 ], [ 136.4276, -4.3192 ], [ 136.425, -4.2937 ], [ 136.3422, -4.2964 ], [ 136.3286, -4.2721 ], [ 136.2683, -4.2591 ], [ 136.2491, -4.2958 ], [ 136.1744, -4.2388 ], [ 136.0946, -4.2543 ], [ 136.0876, -4.1383 ], [ 136.1029, -4.0513 ], [ 136.1514, -4.0184 ], [ 136.1926, -4.0278 ], [ 136.2273, -3.9922 ], [ 136.647, -4.0257 ], [ 136.6785, -4.0414 ], [ 136.6938, -4.1078 ], [ 136.7307, -4.1265 ], [ 136.703, -4.1894 ], [ 136.6706, -4.2176 ], [ 136.489, -4.2128 ], [ 136.5367, -4.2948 ], [ 136.523, -4.3099 ], [ 136.4634, -4.3095 ] ] ] } },
{ "type": "Feature", "properties": { "province": "PAPUA", "district": "DOGIYAI", "id": "PAPUA/DOGIYAI", "name": "DOGIYAI" }, "geometry": { "type": "MultiPolygon", "coordinates": [ [ [ [ 135.9046, -4.2314 ], [ 135.746, -4.2135 ], [ 135.6869, -4.1905 ], [ 135.6178, -4.2189 ], [ 135.4413, -4.1925 ], [ 135.3982, -4.1608 ], [ 135.3665, -4.1576 ], [ 135.3386, -4.178 ], [ 135.2985, -4.156 ], [ 135.0659, -4.1491 ], [ 135.0473, -4.0453 ], [ 135.2029, -3.8199 ], [ 135.3773, -3.8663 ], [ 135.4619, -3.8671 ], [ 135.5479, -3.9323 ], [ 135.5794, -3.9344 ], [ 135.6002, -3.9072 ], [ 135.692, -3.8656 ], [ 135.8661, -3.8405 ], [ 135.885, -3.7831 ], [ 135.9923, -3.7677 ], [ 136.0209, -3.735 ], [ 136.0565, -3.7227 ], [ 136.0819, -3.7353 ], [ 136.1906, -3.9291 ], [ 136.2273, -3.9519 ], [ 136.2273, -3.9922 ], [ 136.1926, -4.0278 ], [ 136.1608, -4.0175 ], [ 136.122, -4.0317 ], [ 136.0941, -4.0654 ], [ 136.0946, -4.2543 ], [ 136.0711, -4.2761 ], [ 136.0502, -4.2589 ], [ 135.9845, -4.256 ], [ 135.9572, -4.2279 ], [ 135.9046, -4.2314 ] ] ], [ [ [ 137.101, -2.9381 ], [ 137.1244, -2.9557 ], [ 137.3579, -2.8773 ], [ 137.3641, -2.9319 ], [ 137.3843, -2.9453 ], [ 137.3695, -2.9488 ], [ 137.3805, -2.9659 ], [ 137.1525, -3.078 ], [ 137.0269, -3.0853 ], [ 136.9977, -3.0722 ], [ 137.0031, -3.0028 ], [ 136.9437, -2.9601 ], [ 136.9671, -2.8987 ], [ 136.9651, -2.8452 ], [ 137.0009, -2.8577 ], [ 137.0229, -2.8031 ], [ 137.0707, -2.8097 ], [ 137.0845, -2.8377 ], [ 137.0927, -2.8047 ], [ 137.1289, -2.8054 ], [ 137.1257, -2.7896 ], [ 137.1475, -2.7772 ], [ 137.1483, -2.797 ], [ 137.2021, -2.818 ], [ 137.2669, -2.7963 ], [ 137.2755, -2.8366 ], [ 137.3372, -2.8566 ], [ 137.101, -2.9381 ] ] ] ] } },
{ "type": "Feature", "properties": { "province": "PAPUA", "district": "INTAN JAYA", "id": "PAPUA/INTAN JAYA", "name": "INTAN JAYA" }, "geometry": { "type": "Polygon", "coordinates": [ [ [ 137.1364, -3.9074 ], [ 136.7267, -3.905 ], [ 136.7267, -3.8431 ], [ 136.6127, -3.729 ], [ 136.5391, -3.7254 ], [ 136.4923, -3.7592 ], [ 136.4756, -3.7453 ], [ 136.5036, -3.6781 ], [ 136.5377, -3.6605 ], [ 136.3444, -3.3774 ], [ 136.392, -3.3522 ], [ 136.3938, -3.2923 ], [ 136.356, -3.1865 ], [ 136.3208, -3.1642 ], [ 136.3144, -3.1327 ], [ 136.3359, -3.0985 ], [ 136.3355, -3.0527 ], [ 136.2975, -2.9851 ], [ 136.3221, -2.9415 ], [ 136.3036, -2.9351 ], [ 136.3008, -2.911 ], [ 136.3254, -2.9131 ], [ 136.3516, -2.9419 ], [ 136.3395, -3.0057 ], [ 136.365, -3.0421 ], [ 136.4349, -3.0853 ], [ 136.4454, -3.1776 ], [ 136.4869, -3.2268 ], [ 136.5372, -3.2269 ], [ 136.5688, -3.2507 ], [ 136.6255, -3.2372 ], [ 136.6465, -3.2579 ], [ 136.7315, -3.2823 ], [ 136.7884, -3.2657 ], [ 136.8275, -3.2818 ], [ 136.8816, -3.2414 ], [ 136.9156, -3.3087 ], [ 136.9497, -3.3363 ], [ 136.9562, -3.4126 ], [ 136.9789, -3.4174 ], [ 136.9838, -3.4856 ], [ 137.0244, -3.5018 ], [ 137.0244, -3.5521 ], [ 137.0795, -3.5911 ], [ 137.1444, -3.5976 ], [ 137.1056, -3.7514 ], [ 137.1264, -3.8179 ], [ 137.189, -3.909 ], [ 137.1364, -3.9074 ] ] ] } },
{ "type": "Feature", "properties": { "province": "PAPUA", "district": "JAYAPURA", "id": "PAPUA/JAYAPURA", "name": "JAYAPURA" }, "geometry": { "type": "Polygon", "coordinates": [ [ [ 140.3421, -3.6886 ], [ 140.3654, -3.6833 ], [ 140.3579, -3.7108 ], [ 140.3875, -3.7296 ], [ 140.3203, -3.7531 ], [ 140.315, -3.7394 ], [ 140.09, -3.6831 ], [ 140.0655, -3.6483 ], [ 140.0434, -3.6717 ], [ 140.0192, -3.6361 ], [ 139.983, -3.6561 ], [ 139.9581, -3.639 ], [ 139.9652, -3.61 ], [ 139.8907, -3.6213 ], [ 139.8623, -3.5831 ], [ 139.8015, -3.5844 ], [ 139.804, -3.5645 ], [ 139.7657, -3.5582 ], [ 139.7523, -3.5673 ], [ 139.7177, -3.5206 ], [ 139.7032, -3.5411 ], [ 139.6761, -3.5291 ], [ 139.6738, -3.5542 ], [ 139.6605, -3.5276 ], [ 139.6252, -3.5549 ], [ 139.5866, -3.5386 ], [ 139.6132, -3.514 ], [ 139.6085, -3.498 ], [ 139.5511, -3.5369 ], [ 139.5059, -3.5189 ], [ 139.4954, -3.4875 ], [ 139.4726, -3.517 ], [ 139.467, -3.4949 ], [ 139.4857, -3.4717 ], [ 139.4407, -3.437 ], [ 139.4757, -3.4123 ], [ 139.4697, -3.3988 ], [ 139.4953, -3.3684 ], [ 139.5127, -3.3071 ], [ 139.4758, -3.1756 ], [ 139.5158, -3.1328 ], [ 139.4926, -3.096 ], [ 139.4227, -2.4706 ], [ 139.7467, -2.4023 ], [ 139.9836, -2.4299 ], [ 140.001, -2.3605 ], [ 140.0698, -2.3563 ], [ 140.0831, -2.33 ], [ 140.1112, -2.3192 ], [ 140.1377, -2.348 ], [ 140.1514, -2.3234 ], [ 140.1525, -2.37 ], [ 140.1893, -2.3803 ], [ 140.2079, -2.4078 ], [ 140.2324, -2.4218 ], [ 140.229, -2.4052 ], [ 140.2531, -2.4005 ], [ 140.2648, -2.4231 ], [ 140.2956, -2.4258 ], [ 140.3, -2.4435 ], [ 140.3369, -2.4489 ], [ 140.3356, -2.4649 ], [ 140.3544, -2.4459 ], [ 140.3674, -2.4612 ], [ 140.3732, -2.4497 ], [ 140.3758, -2.4301 ], [ 140.3564, -2.403 ], [ 140.3456, -2.4081 ], [ 140.3483, -2.3953 ], [ 140.4874, -2.4281 ], [ 140.4983, -2.4441 ], [ 140.5249, -2.4279 ], [ 140.5437, -2.4486 ], [ 140.5582, -2.4396 ], [ 140.597, -2.4551 ], [ 140.6132, -2.4396 ], [ 140.6342, -2.4683 ], [ 140.6499, -2.4669 ], [ 140.6141, -2.6123 ], [ 140.6322, -2.7161 ], [ 140.6249, -2.7695 ], [ 140.5741, -2.7586 ], [ 140.5245, -2.7797 ], [ 140.4766, -2.7509 ], [ 140.4467, -2.7796 ], [ 140.3879, -2.7703 ], [ 140.3603, -2.8049 ], [ 140.3568, -3.1257 ], [ 140.3678, -3.157 ], [ 140.3206, -3.1877 ], [ 140.3375, -3.2091 ], [ 140.306, -3.3084 ], [ 140.3513, -3.3383 ], [ 140.3438, -3.3596 ], [ 140.3643, -3.3528 ], [ 140.3707, -3.3683 ], [ 140.3484, -3.4017 ], [ 140.3664, -3.4535 ], [ 140.3372, -3.4868 ], [ 140.3793, -3.5144 ], [ 140.3745, -3.5333 ], [ 140.3622, -3.5289 ], [ 140.3859, -3.5545 ], [ 140.3741, -3.5696 ], [ 140.397, -3.631 ], [ 140.3421, -3.6886 ] ] ] } },
{ "type": "Feature", "properties": { "province": "PAPUA", "district": "JAYAWIJAYA", "id": "PAPUA/JAYAWIJAYA", "name": "JAYAWIJAYA" }, "geometry": { "type": "Polygon", "coordinates": [ [ [ 138.6679, -4.4791 ], [ 138.6234, -4.4855 ], [ 138.5939, -4.3789 ], [ 138.6286, -4.2878 ], [ 138.7263, -4.1733 ], [ 138.64, -4.1382 ], [ 138.5995, -4.1409 ], [ 138.6773, -3.9687 ], [ 138.728, -3.9118 ], [ 138.7084, -3.8876 ], [ 138.7154, -3.8631 ], [ 138.7601, -3.873 ], [ 138.7178, -3.8489 ], [ 138.6018, -3.8456 ], [ 138.6113, -3.7843 ], [ 138.7136, -3.7877 ], [ 138.7843, -3.8232 ], [ 138.8049, -3.7596 ], [ 138.9068, -3.7976 ], [ 138.8945, -3.8596 ], [ 138.919, -3.8998 ], [ 138.9778, -3.9225 ], [ 139.0252, -4.0434 ], [ 139.2473, -4.0124 ], [ 139.3489, -4.0889 ], [ 139.3624, -4.1139 ], [ 139.3511, -4.1187 ], [ 139.0479, -4.1929 ], [ 138.7092, -4.3285 ], [ 138.7202, -4.4716 ], [ 138.6679, -4.4791 ] ] ] } },
{ "type": "Feature", "properties": { "province": "PAPUA", "district": "KEEROM", "id": "PAPUA/KEEROM", "name": "KEEROM" }, "geometry": { "type": "Polygon", "coordinates": [ [ [ 141.0, -3.863 ], [ 140.9996, -3.9312 ], [ 140.9829, -3.9153 ], [ 140.943, -3.914 ], [ 140.9174, -3.9221 ], [ 140.9163, -3.9464 ], [ 140.8861, -3.9305 ], [ 140.755, -3.9355 ], [ 140.7306, -3.912 ], [ 140.6788, -3.9068 ], [ 140.6109, -3.9473 ], [ 140.5872, -3.9373 ], [ 140.5935, -3.9256 ], [ 140.5254, -3.918 ], [ 140.517, -3.905 ], [ 140.4976, -3.9049 ], [ 140.508, -3.9281 ], [ 140.4884, -3.9294 ], [ 140.4553, -3.893 ], [ 140.4461, -3.9102 ], [ 140.4057, -3.9159 ], [ 140.431, -3.856 ], [ 140.4167, -3.8467 ], [ 140.4205, -3.8181 ], [ 140.3996, -3.8146 ], [ 140.4176, -3.8027 ], [ 140.3978, -3.7703 ], [ 140.4042, -3.7387 ], [ 140.3582, -3.7113 ], [ 140.3654, -3.6833 ], [ 140.3421, -3.6886 ], [ 140.397, -3.631 ], [ 140.3741, -3.5696 ], [ 140.3859, -3.5545 ], [ 140.3622, -3.5289 ], [ 140.3745, -3.5333 ], [ 140.3793, -3.5144 ], [ 140.3372, -3.4868 ], [ 140.3664, -3.4535 ], [ 140.3484, -3.4017 ], [ 140.3707, -3.3683 ], [ 140.3643, -3.3528 ], [ 140.3438, -3.3596 ], [ 140.3513, -3.3383 ], [ 140.306, -3.3084 ], [ 140.3375, -3.2091 ], [ 140.3206, -3.1877 ], [ 140.3678, -3.157 ], [ 140.3568, -3.1257 ], [ 140.3603, -2.8049 ], [ 140.3879, -2.7703 ], [ 140.4467, -2.7796 ], [ 140.4771, -2.7509 ], [ 140.5239, -2.7796 ], [ 140.5741, -2.7586 ], [ 140.6133, -2.776 ], [ 140.6327, -2.7592 ], [ 140.6246, -2.7163 ], [ 140.664, -2.7256 ], [ 140.7299, -2.7072 ], [ 140.8245, -2.7342 ], [ 141.0, -2.8289 ], [ 141.0, -3.863 ] ] ] } },
{ "type": "Feature", "properties": { "province": "PAPUA", "district": "KEPULAUAN YAPEN", "id": "PAPUA/KEPULAUAN YAPEN", "name": "KEPULAUAN YAPEN" }, "geometry": { "type": "MultiPolygon", "coordinates": [ [ [ [ 136.39, -1.9749 ], [ 136.3919, -1.976 ], [ 136.3918, -1.9768 ], [ 136.3885, -1.9753 ], [ 136.39, -1.9749 ] ] ], [ [ [ 136.3221, -1.9639 ], [ 136.3186, -1.9624 ], [ 136.3186, -1.96 ], [ 136.3218, -1.9622 ], [ 136.3221, -1.9639 ] ] ], [ [ [ 136.3778, -1.9626 ], [ 136.3749, -1.9596 ], [ 136.3764, -1.9567 ], [ 136.3794, -1.9586 ], [ 136.3778, -1.9626 ] ] ], [ [ [ 136.3583, -1.9547 ], [ 136.3309, -1.9355 ], [ 136.3426, -1.9326 ], [ 136.328, -1.9044 ], [ 136.3415, -1.92 ], [ 136.3578, -1.9054 ], [ 136.3554, -1.9383 ], [ 136.3689, -1.9421 ], [ 136.3583, -1.9547 ] ] ], [ [ [ 136.362, -1.9587 ], [ 136.3611, -1.9584 ], [ 136.3615, -1.9571 ], [ 136.3623, -1.9573 ], [ 136.362, -1.9587 ] ] ], [ [ [ 136.3156, -1.9493 ], [ 136.3176, -1.9547 ], [ 136.317, -1.9558 ], [ 136.3117, -1.9496 ], [ 136.3156, -1.9493 ] ] ], [ [ [ 136.3051, -1.9397 ], [ 136.311, -1.9412 ], [ 136.3123, -1.9473 ], [ 136.31, -1.9474 ], [ 136.3051, -1.9397 ] ] ], [ [ [ 136.2916, -1.9151 ], [ 136.293, -1.9397 ], [ 136.2791, -1.8966 ], [ 136.2822, -1.8854 ], [ 136.2916, -1.9151 ] ] ], [ [ [ 136.3974, -1.9038 ], [ 136.4078, -1.9136 ], [ 136.3861, -1.9186 ], [ 136.3827, -1.9136 ], [ 136.3974, -1.9038 ] ] ], [ [ [ 136.2301, -1.9047 ], [ 136.1979, -1.855 ], [ 136.1898, -1.8751 ], [ 136.1849, -1.8723 ], [ 136.1911, -1.8675 ], [ 136.1898, -1.8659 ], [ 136.1917, -1.8659 ], [ 136.1945, -1.8626 ], [ 136.1942, -1.8598 ], [ 136.1724, -1.8745 ], [ 136.1454, -1.8532 ], [ 136.0716, -1.8498 ], [ 136.0261, -1.8195 ], [ 135.9783, -1.8169 ], [ 135.9115, -1.7547 ], [ 135.8994, -1.7881 ], [ 135.8692, -1.7404 ], [ 135.8515, -1.7425 ], [ 135.8723, -1.7573 ], [ 135.8648, -1.7681 ], [ 135.8459, -1.7463 ], [ 135.8317, -1.7617 ], [ 135.8213, -1.7349 ], [ 135.7625, -1.7487 ], [ 135.7897, -1.7197 ], [ 135.7611, -1.7067 ], [ 135.752, -1.7215 ], [ 135.7323, -1.688 ], [ 135.673, -1.7066 ], [ 135.6664, -1.6922 ], [ 135.6463, -1.6942 ], [ 135.6513, -1.684 ], [ 135.6285, -1.6967 ], [ 135.6077, -1.6811 ], [ 135.5783, -1.6873 ], [ 135.5538, -1.6625 ], [ 135.5187, -1.6866 ], [ 135.5219, -1.6605 ], [ 135.5136, -1.6866 ], [ 135.4742, -1.6803 ], [ 135.4677, -1.6389 ], [ 135.4489, -1.6429 ], [ 135.4437, -1.6128 ], [ 135.4104, -1.6018 ], [ 135.5806, -1.6106 ], [ 135.6252, -1.626 ], [ 135.6888, -1.62 ], [ 135.6926, -1.6346 ], [ 135.786, -1.6264 ], [ 135.8473, -1.6387 ], [ 135.8358, -1.6582 ], [ 135.8506, -1.6628 ], [ 135.899, -1.6352 ], [ 135.9691, -1.6547 ], [ 135.9818, -1.6459 ], [ 135.9862, -1.6583 ], [ 135.9894, -1.6469 ], [ 136.0523, -1.6596 ], [ 136.2033, -1.6484 ], [ 136.3686, -1.7171 ], [ 136.4098, -1.7201 ], [ 136.4462, -1.6982 ], [ 136.5851, -1.7292 ], [ 136.7888, -1.7401 ], [ 136.9038, -1.7922 ], [ 136.8492, -1.8274 ], [ 136.8014, -1.8128 ], [ 136.7581, -1.8264 ], [ 136.7182, -1.816 ], [ 136.6971, -1.8238 ], [ 136.7068, -1.8434 ], [ 136.6877, -1.8339 ], [ 136.6282, -1.8731 ], [ 136.6186, -1.8624 ], [ 136.5357, -1.8695 ], [ 136.5029, -1.8495 ], [ 136.5481, -1.8893 ], [ 136.5367, -1.8993 ], [ 136.4987, -1.8796 ], [ 136.4672, -1.8952 ], [ 136.4118, -1.8733 ], [ 136.3983, -1.8882 ], [ 136.3429, -1.8604 ], [ 136.2756, -1.8828 ], [ 136.2633, -1.9127 ], [ 136.2495, -1.8859 ], [ 136.2301, -1.9047 ] ] ], [ [ [ 136.3301, -1.8922 ], [ 136.3342, -1.9019 ], [ 136.325, -1.9019 ], [ 136.325, -1.8925 ], [ 136.3301, -1.8922 ] ] ], [ [ [ 136.3641, -1.8871 ], [ 136.3728, -1.8983 ], [ 136.3586, -1.9037 ], [ 136.3604, -1.8876 ], [ 136.3641, -1.8871 ] ] ], [ [ [ 137.0504, -1.8521 ], [ 137.0484, -1.8703 ], [ 136.9504, -1.8365 ], [ 137.0235, -1.8307 ], [ 137.0504, -1.8521 ] ] ], [ [ [ 135.2557, -1.5284 ], [ 135.2056, -1.528 ], [ 135.1783, -1.5109 ], [ 135.1757, -1.5242 ], [ 135.0914, -1.5009 ], [ 135.1171, -1.4632 ], [ 135.155, -1.4905 ], [ 135.2157, -1.4744 ], [ 135.2063, -1.4994 ], [ 135.2217, -1.508 ], [ 135.2456, -1.4843 ], [ 135.2532, -1.5218 ], [ 135.2615, -1.4788 ], [ 135.2712, -1.4908 ], [ 135.2976, -1.4748 ], [ 135.3109, -1.496 ], [ 135.337, -1.482 ], [ 135.3254, -1.5095 ], [ 135.2557, -1.5284 ] ] ] ] } },
{ "type": "Feature", "properties": { "province": "PAPUA", "district": "KOTA JAYAPURA", "id": "PAPUA/KOTA JAYAPURA", "name": "KOTA JAYAPURA" }, "geometry": { "type": "MultiPolygon", "coordinates": [ [ [ [ 140.9152, -2.6235 ], [ 140.9259, -2.6108 ], [ 141.0, -2.6043 ], [ 141.0, -2.8289 ], [ 140.8245, -2.7342 ], [ 140.717, -2.7061 ], [ 140.6334, -2.7225 ], [ 140.6141, -2.6125 ], [ 140.6249, -2.5316 ], [ 140.6528, -2.4762 ], [ 140.694, -2.4782 ], [ 140.721, -2.491 ], [ 140.7483, -2.5343 ], [ 140.7309, -2.5182 ], [ 140.7066, -2.5388 ], [ 140.7201, -2.5567 ], [ 140.7157, -2.5939 ], [ 140.7031, -2.5707 ], [ 140.6944, -2.574 ], [ 140.6861, -2.6134 ], [ 140.7076, -2.618 ], [ 140.7, -2.6258 ], [ 140.7378, -2.6273 ], [ 140.7109, -2.5953 ], [ 140.7615, -2.6284 ], [ 140.7865, -2.6211 ], [ 140.789, -2.5955 ], [ 140.9152, -2.6235 ] ] ], [ [ [ 140.7214, -2.5445 ], [ 140.7254, -2.5452 ], [ 140.7263, -2.5467 ], [ 140.7195, -2.5446 ], [ 140.7214, -2.5445 ] ] ] ] } },
{ "type": "Feature", "properties": { "province": "PAPUA", "district": "LANNY JAYA", "id": "PAPUA/LANNY JAYA", "name": "LANNY JAYA" }, "geometry": { "type": "Polygon", "coordinates": [ [ [ 138.5812, -4.1831 ], [ 138.2941, -4.1884 ], [ 138.2374, -4.1548 ], [ 138.1256, -4.1341 ], [ 137.8657, -4.155 ], [ 137.816, -4.1315 ], [ 137.6784, -4.1723 ], [ 137.715, -4.0573 ], [ 137.7356, -4.0352 ], [ 137.8135, -3.9793 ], [ 137.9371, -3.9617 ], [ 137.952, -3.8668 ], [ 137.9782, -3.8514 ], [ 138.0503, -3.8337 ], [ 138.1856, -3.8381 ], [ 138.2695, -3.8131 ], [ 138.3046, -3.7729 ], [ 138.3933, -3.7831 ], [ 138.4064, -3.7534 ], [ 138.505, -3.7255 ], [ 138.6094, -3.7226 ], [ 138.6018, -3.8456 ], [ 138.7178, -3.8489 ], [ 138.7084, -3.8876 ], [ 138.728, -3.9118 ], [ 138.6773, -3.9687 ], [ 138.5812, -4.1831 ] ] ] } },
{ "type": "Feature", "properties": { "province": "PAPUA", "district": "MAMBERAMO RAYA", "id": "PAPUA/MAMBERAMO RAYA", "name": "MAMBERAMO RAYA" }, "geometry": { "type": "Polygon", "coordinates": [ [ [ 139.0196, -3.2842 ], [ 139.0484, -3.2923 ], [ 139.0721, -3.2749 ], [ 139.0983, -3.2955 ], [ 139.0836, -3.311 ], [ 139.0836, -3.2877 ], [ 139.0673, -3.2965 ], [ 139.0762, -3.336 ], [ 139.048, -3.3929 ], [ 139.0053, -3.3817 ], [ 138.8841, -3.4293 ], [ 138.8549, -3.4179 ], [ 138.7301, -3.2858 ], [ 138.5627, -3.3375 ], [ 138.4069, -3.3299 ], [ 138.3805, -3.3184 ], [ 138.3272, -3.1944 ], [ 138.2153, -3.2077 ], [ 138.173, -3.2356 ], [ 138.1617, -3.2781 ], [ 138.1458, -3.2863 ], [ 138.0154, -3.2352 ], [ 138.0099, -3.1554 ], [ 137.9531, -3.1274 ], [ 137.6177, -3.1121 ], [ 137.5581, -3.0515 ], [ 137.521, -3.0584 ], [ 137.4369, -3.0402 ], [ 137.4208, -3.0137 ], [ 137.4328, -3.007 ], [ 137.37, -2.9499 ], [ 137.3843, -2.9453 ], [ 137.3641, -2.9319 ], [ 137.3579, -2.8773 ], [ 137.1244, -2.9557 ], [ 137.101, -2.9381 ], [ 137.3372, -2.8566 ], [ 137.2755, -2.8366 ], [ 137.2721, -2.7772 ], [ 137.2492, -2.7611 ], [ 137.2873, -2.7191 ], [ 137.2608, -2.6857 ], [ 137.2608, -2.6061 ], [ 137.2404, -2.5757 ], [ 137.1931, -2.5637 ], [ 137.0363, -2.4601 ], [ 137.0293, -2.4167 ], [ 136.9643, -2.4252 ], [ 136.9481, -2.3968 ], [ 136.9132, -2.3854 ], [ 136.91, -2.3614 ], [ 136.938, -2.3477 ], [ 136.9151, -2.3319 ], [ 136.9265, -2.3006 ], [ 136.9029, -2.2942 ], [ 136.9139, -2.2854 ], [ 136.9023, -2.2648 ], [ 136.8916, -2.2713 ], [ 136.8738, -2.2314 ], [ 136.8387, -2.2194 ], [ 136.8073, -2.1757 ], [ 136.8367, -2.1728 ], [ 136.8377, -2.1964 ], [ 136.8745, -2.1756 ], [ 136.9086, -2.1797 ], [ 136.9444, -2.1402 ], [ 136.9423, -2.1217 ], [ 136.9769, -2.1327 ], [ 137.058, -2.0984 ], [ 137.1023, -2.111 ], [ 137.1545, -2.1031 ], [ 137.2305, -2.0519 ], [ 137.1897, -2.0005 ], [ 137.2164, -1.9825 ], [ 137.1915, -1.9447 ], [ 137.1561, -1.9318 ], [ 137.1436, -1.8983 ], [ 137.0892, -1.8516 ], [ 137.0975, -1.8002 ], [ 137.1245, -1.7757 ], [ 137.2036, -1.7468 ], [ 137.2416, -1.7514 ], [ 137.2467, -1.7358 ], [ 137.4018, -1.6556 ], [ 137.4767, -1.5976 ], [ 137.6814, -1.5049 ], [ 137.7399, -1.4974 ], [ 137.7436, -1.4769 ], [ 137.7769, -1.482 ], [ 137.838, -1.4619 ], [ 137.9018, -1.4719 ], [ 137.9319, -1.458 ], [ 137.9691, -1.5307 ], [ 137.9905, -1.5319 ], [ 138.033, -1.5782 ], [ 138.0934, -1.6132 ], [ 138.1704, -1.6309 ], [ 138.1794, -1.6807 ], [ 138.1636, -1.6819 ], [ 138.1603, -1.7019 ], [ 138.1744, -1.7445 ], [ 138.1311, -1.8537 ], [ 138.137, -1.9401 ], [ 138.2394, -1.9938 ], [ 138.0932, -2.0835 ], [ 138.1732, -2.1275 ], [ 138.2288, -2.1789 ], [ 138.3538, -2.1945 ], [ 138.326, -2.2753 ], [ 138.3625, -2.1746 ], [ 138.3726, -2.1897 ], [ 138.3817, -2.1768 ], [ 138.3966, -2.1915 ], [ 138.4007, -2.179 ], [ 138.4176, -2.2081 ], [ 138.4207, -2.1974 ], [ 138.4441, -2.2042 ], [ 138.4408, -2.2148 ], [ 138.473, -2.221 ], [ 138.5332, -2.2675 ], [ 138.6079, -2.265 ], [ 138.7242, -2.4225 ], [ 138.7273, -2.4571 ], [ 138.6212, -2.6459 ], [ 139.1115, -2.9028 ], [ 139.1026, -2.9245 ], [ 139.138, -2.9415 ], [ 139.1364, -2.9916 ], [ 139.1171, -2.9906 ], [ 139.1231, -3.0308 ], [ 139.0169, -3.1468 ], [ 139.0214, -3.1861 ], [ 139.0011, -3.1935 ], [ 139.0196, -3.2842 ] ] ] } },
{ "type": "Feature", "properties": { "province": "PAPUA", "district": "MAMBERAMO TENGAH", "id": "PAPUA/MAMBERAMO TENGAH", "name": "MAMBERAMO TENGAH" }, "geometry": { "type": "Polygon", "coordinates": [ [ [ 139.0265, -3.9049 ], [ 138.9778, -3.9225 ], [ 138.919, -3.8998 ], [ 138.8945, -3.8596 ], [ 138.9068, -3.7976 ], [ 138.8049, -3.7596 ], [ 138.7843, -3.8232 ], [ 138.7136, -3.7877 ], [ 138.6113, -3.7843 ], [ 138.6094, -3.7226 ], [ 138.696, -3.7032 ], [ 138.7593, -3.6424 ], [ 138.757, -3.5047 ], [ 138.7925, -3.3471 ], [ 138.8549, -3.4179 ], [ 138.8841, -3.4293 ], [ 139.0053, -3.3817 ], [ 139.048, -3.3929 ], [ 139.0762, -3.336 ], [ 139.1001, -3.3287 ], [ 139.1121, -3.3885 ], [ 139.1276, -3.3554 ], [ 139.1404, -3.3617 ], [ 139.1382, -3.4192 ], [ 139.1818, -3.4233 ], [ 139.1946, -3.4478 ], [ 139.2658, -3.4164 ], [ 139.2554, -3.4547 ], [ 139.2709, -3.4397 ], [ 139.2793, -3.4676 ], [ 139.3068, -3.4708 ], [ 139.3284, -3.446 ], [ 139.3379, -3.4849 ], [ 139.3801, -3.4638 ], [ 139.3615, -3.4491 ], [ 139.3741, -3.4345 ], [ 139.4572, -3.4596 ], [ 139.4151, -3.5647 ], [ 139.3356, -3.6563 ], [ 139.3297, -3.6852 ], [ 139.2766, -3.6697 ], [ 139.2761, -3.7476 ], [ 139.2444, -3.761 ], [ 139.1496, -3.7439 ], [ 139.0639, -3.7849 ], [ 139.044, -3.7784 ], [ 139.034, -3.8418 ], [ 139.0479, -3.8971 ], [ 139.0265, -3.9049 ] ] ] } },
{ "type": "Feature", "properties": { "province": "PAPUA", "district": "MAPPI", "id": "PAPUA/MAPPI", "name": "MAPPI" }, "geometry": { "type": "Polygon", "coordinates": [ [ [ 140.0609, -7.0915 ], [ 140.0578, -7.2661 ], [ 139.8287, -7.4539 ], [ 138.6673, -7.2142 ], [ 138.6774, -7.1956 ], [ 138.8325, -7.2065 ], [ 138.8554, -7.1805 ], [ 138.8538, -7.1583 ], [ 138.7669, -7.1208 ], [ 138.6161, -7.0128 ], [ 138.5609, -6.9347 ], [ 138.5806, -6.9005 ], [ 138.6266, -6.8765 ], [ 138.6667, -6.883 ], [ 138.6766, -6.8672 ], [ 138.6728, -6.8325 ], [ 138.6106, -6.7554 ], [ 138.6163, -6.7361 ], [ 138.6735, -6.7243 ], [ 138.666, -6.6549 ], [ 138.6953, -6.6128 ], [ 138.6414, -6.5668 ], [ 138.672, -6.5207 ], [ 138.6999, -6.508 ], [ 138.7464, -6.5146 ], [ 138.7918, -6.4782 ], [ 138.8508, -6.4811 ], [ 138.9241, -6.4202 ], [ 138.9431, -5.7228 ], [ 139.259, -5.5474 ], [ 139.6444, -5.0411 ], [ 139.705, -5.2354 ], [ 139.7266, -5.4384 ], [ 139.7274, -5.7165 ], [ 139.8697, -6.1915 ], [ 139.8254, -6.2067 ], [ 139.8247, -6.2579 ], [ 139.8586, -6.2869 ], [ 139.8544, -6.3243 ], [ 139.7881, -6.4176 ], [ 140.0724, -6.4331 ], [ 140.0609, -7.0915 ] ] ] } },
{ "type": "Feature", "properties": { "province": "PAPUA", "district": "MERAUKE", "id": "PAPUA/MERAUKE", "name": "MERAUKE" }, "geometry": { "type": "MultiPolygon", "coordinates": [ [ [ [ 141.0191, -8.7871 ], [ 141.019, -9.1204 ], [ 140.8998, -9.0897 ], [ 140.8368, -9.0333 ], [ 140.7672, -8.9477 ], [ 140.6023, -8.7972 ], [ 140.5293, -8.6876 ], [ 140.4984, -8.6105 ], [ 140.39, -8.5235 ], [ 140.3555, -8.4748 ], [ 140.2608, -8.4097 ], [ 140.2273, -8.3562 ], [ 140.1712, -8.338 ], [ 140.0158, -8.2205 ], [ 139.9725, -8.1722 ], [ 139.9414, -8.102 ], [ 139.7129, -8.0981 ], [ 139.5844, -8.1299 ], [ 139.5796, -8.1445 ], [ 139.4566, -8.1935 ], [ 139.3398, -8.2059 ], [ 139.2782, -8.1768 ], [ 139.2278, -8.0983 ], [ 139.2081, -8.0972 ], [ 139.0671, -8.1361 ], [ 139.0681, -8.153 ], [ 138.9704, -8.2045 ], [ 138.9931, -8.2284 ], [ 138.9206, -8.2761 ], [ 138.8555, -8.1847 ], [ 138.836, -8.1132 ], [ 138.8621, -8.0897 ], [ 138.9241, -8.0768 ], [ 138.9377, -8.0498 ], [ 138.9272, -8.0604 ], [ 138.9032, -8.0304 ], [ 138.9225, -7.9765 ], [ 138.9133, -7.92 ], [ 139.0179, -7.8541 ], [ 139.0433, -7.862 ], [ 139.0473, -7.8607 ], [ 139.0185, -7.8528 ], [ 139.0146, -7.7654 ], [ 139.0562, -7.6894 ], [ 139.0641, -7.6914 ], [ 139.0679, -7.6829 ], [ 139.0713, -7.6852 ], [ 139.0754, -7.6851 ], [ 139.0675, -7.6823 ], [ 139.0634, -7.6907 ], [ 139.0563, -7.6877 ], [ 139.0624, -7.6423 ], [ 139.1065, -7.601 ], [ 139.1162, -7.6123 ], [ 139.1083, -7.6202 ], [ 139.1073, -7.6302 ], [ 139.1086, -7.6319 ], [ 139.1048, -7.6292 ], [ 139.1019, -7.6327 ], [ 139.1141, -7.6467 ], [ 139.1017, -7.6469 ], [ 139.0907, -7.6522 ], [ 139.0855, -7.6658 ], [ 139.0931, -7.6719 ], [ 139.0975, -7.6712 ], [ 139.102, -7.6477 ], [ 139.1247, -7.6595 ], [ 139.1124, -7.649 ], [ 139.1168, -7.648 ], [ 139.119, -7.6415 ], [ 139.1255, -7.6423 ], [ 139.1308, -7.6396 ], [ 139.1186, -7.641 ], [ 139.1158, -7.6476 ], [ 139.1102, -7.6206 ], [ 139.1314, -7.6284 ], [ 139.1401, -7.6096 ], [ 139.1188, -7.6153 ], [ 139.1103, -7.5719 ], [ 139.1128, -7.5766 ], [ 139.1238, -7.5846 ], [ 139.1128, -7.5698 ], [ 139.1255, -7.5649 ], [ 139.1324, -7.5586 ], [ 139.1349, -7.563 ], [ 139.1438, -7.5681 ], [ 139.1425, -7.572 ], [ 139.1369, -7.5719 ], [ 139.1337, -7.5767 ], [ 139.1332, -7.5802 ], [ 139.137, -7.5883 ], [ 139.1394, -7.5895 ], [ 139.1533, -7.5882 ], [ 139.1529, -7.5943 ], [ 139.155, -7.6006 ], [ 139.1571, -7.6042 ], [ 139.1581, -7.6049 ], [ 139.1611, -7.6055 ], [ 139.1618, -7.61 ], [ 139.1634, -7.611 ], [ 139.1541, -7.5882 ], [ 139.1344, -7.581 ], [ 139.1444, -7.5708 ], [ 139.1451, -7.5637 ], [ 139.1431, -7.5601 ], [ 139.1438, -7.5595 ], [ 139.1443, -7.5618 ], [ 139.1462, -7.5619 ], [ 139.1448, -7.5615 ], [ 139.1443, -7.5593 ], [ 139.1433, -7.5591 ], [ 139.1419, -7.5657 ], [ 139.134, -7.5609 ], [ 139.1358, -7.5372 ], [ 139.1454, -7.5352 ], [ 139.1513, -7.5303 ], [ 139.1474, -7.5138 ], [ 139.1555, -7.5198 ], [ 139.1591, -7.5193 ], [ 139.1738, -7.5052 ], [ 139.1797, -7.4932 ], [ 139.1785, -7.4818 ], [ 139.214, -7.4792 ], [ 139.1824, -7.4745 ], [ 139.1551, -7.5153 ], [ 139.144, -7.501 ], [ 139.1499, -7.5291 ], [ 139.1347, -7.5355 ], [ 139.1329, -7.5553 ], [ 139.1101, -7.5685 ], [ 139.0854, -7.5278 ], [ 139.0926, -7.5118 ], [ 139.0844, -7.5131 ], [ 139.0829, -7.523 ], [ 139.0857, -7.5293 ], [ 139.0347, -7.5148 ], [ 139.0362, -7.5095 ], [ 139.0326, -7.5067 ], [ 139.0357, -7.5071 ], [ 139.0369, -7.5044 ], [ 139.0364, -7.5038 ], [ 139.032, -7.5067 ], [ 139.0325, -7.5151 ], [ 138.9658, -7.52 ], [ 138.9069, -7.3651 ], [ 138.8323, -7.3024 ], [ 138.8422, -7.2962 ], [ 138.8429, -7.2914 ], [ 138.8424, -7.2875 ], [ 138.8517, -7.2987 ], [ 138.853, -7.2973 ], [ 138.8553, -7.29 ], [ 138.842, -7.287 ], [ 138.8307, -7.3027 ], [ 138.813, -7.2978 ], [ 138.7682, -7.2599 ], [ 138.6673, -7.2142 ], [ 139.8287, -7.4539 ], [ 140.8483, -6.6182 ], [ 140.8743, -6.6202 ], [ 140.8546, -6.6433 ], [ 140.8731, -6.653 ], [ 140.8593, -6.6625 ], [ 140.8667, -6.6808 ], [ 140.8449, -6.6822 ], [ 140.8452, -6.7188 ], [ 140.8999, -6.7534 ], [ 140.8695, -6.7929 ], [ 140.8873, -6.8132 ], [ 140.9161, -6.8155 ], [ 140.896, -6.8445 ], [ 140.9159, -6.8737 ], [ 140.9407, -6.8741 ], [ 140.953, -6.8576 ], [ 140.9384, -6.891 ], [ 140.9548, -6.9119 ], [ 140.9669, -6.8915 ], [ 140.9895, -6.9048 ], [ 141.0194, -6.8899 ], [ 141.0191, -8.7871 ] ] ], [ [ [ 137.7016, -8.419 ], [ 137.6603, -8.4476 ], [ 137.6403, -8.4233 ], [ 137.684, -8.236 ], [ 137.7666, -8.0704 ], [ 137.8157, -8.0383 ], [ 137.8001, -8.0004 ], [ 137.8687, -7.8528 ], [ 137.9268, -7.7625 ], [ 137.9695, -7.7329 ], [ 138.0323, -7.6191 ], [ 138.1944, -7.4847 ], [ 138.3858, -7.4102 ], [ 138.625, -7.3682 ], [ 138.7451, -7.3706 ], [ 138.844, -7.4159 ], [ 138.9259, -7.5345 ], [ 138.9011, -7.5249 ], [ 138.901, -7.5401 ], [ 138.9046, -7.5485 ], [ 138.8804, -7.5503 ], [ 138.8661, -7.5686 ], [ 138.8659, -7.5705 ], [ 138.8723, -7.5819 ], [ 138.8815, -7.5503 ], [ 138.8883, -7.5557 ], [ 138.8975, -7.5572 ], [ 138.9023, -7.5566 ], [ 138.9054, -7.56 ], [ 138.9026, -7.5642 ], [ 138.9064, -7.5705 ], [ 138.907, -7.5708 ], [ 138.9088, -7.5697 ], [ 138.9093, -7.567 ], [ 138.9115, -7.5689 ], [ 138.9089, -7.5666 ], [ 138.9069, -7.5702 ], [ 138.906, -7.5597 ], [ 138.9022, -7.5558 ], [ 138.8978, -7.5563 ], [ 138.9059, -7.5476 ], [ 138.9016, -7.5259 ], [ 138.9857, -7.5574 ], [ 138.9827, -7.5648 ], [ 138.9836, -7.5699 ], [ 138.985, -7.571 ], [ 138.987, -7.5577 ], [ 139.02, -7.5575 ], [ 139.0873, -7.5733 ], [ 139.03, -7.6508 ], [ 139.0263, -7.6982 ], [ 139.0053, -7.7242 ], [ 139.0014, -7.7219 ], [ 139.0007, -7.7253 ], [ 138.9957, -7.7194 ], [ 138.9924, -7.7208 ], [ 138.9892, -7.7252 ], [ 138.9882, -7.7242 ], [ 138.99, -7.7215 ], [ 138.9899, -7.7193 ], [ 138.989, -7.7183 ], [ 138.9799, -7.7202 ], [ 138.9966, -7.7293 ], [ 139.0046, -7.7251 ], [ 138.9905, -7.7608 ], [ 138.9943, -7.8497 ], [ 138.9095, -7.8898 ], [ 138.9086, -7.8865 ], [ 138.9131, -7.8861 ], [ 138.914, -7.8847 ], [ 138.9137, -7.8834 ], [ 138.9059, -7.8824 ], [ 138.9013, -7.883 ], [ 138.8986, -7.8698 ], [ 138.8933, -7.8683 ], [ 138.8939, -7.8781 ], [ 138.9012, -7.8836 ], [ 138.9135, -7.8849 ], [ 138.9087, -7.8856 ], [ 138.8979, -7.9013 ], [ 138.896, -7.8956 ], [ 138.8945, -7.8949 ], [ 138.8931, -7.8955 ], [ 138.8902, -7.9028 ], [ 138.8916, -7.9084 ], [ 138.8778, -7.8974 ], [ 138.8529, -7.895 ], [ 138.8913, -7.9089 ], [ 138.8929, -7.9079 ], [ 138.8914, -7.9004 ], [ 138.896, -7.8972 ], [ 138.8903, -7.9256 ], [ 138.8894, -7.9239 ], [ 138.8868, -7.9233 ], [ 138.8861, -7.9213 ], [ 138.8834, -7.9218 ], [ 138.8834, -7.9199 ], [ 138.8826, -7.9196 ], [ 138.8812, -7.9202 ], [ 138.8816, -7.9231 ], [ 138.8725, -7.9254 ], [ 138.8715, -7.9265 ], [ 138.8908, -7.9261 ], [ 138.902, -7.9929 ], [ 138.8823, -8.0166 ], [ 138.874, -7.9889 ], [ 138.8454, -7.9858 ], [ 138.8423, -8.0015 ], [ 138.8892, -8.0239 ], [ 138.9127, -8.0763 ], [ 138.8336, -8.0685 ], [ 138.8112, -8.0899 ], [ 138.801, -8.1365 ], [ 138.736, -8.1537 ], [ 138.7173, -8.1468 ], [ 138.7251, -8.1381 ], [ 138.725, -8.1374 ], [ 138.7241, -8.1369 ], [ 138.6816, -8.1465 ], [ 138.6842, -8.1382 ], [ 138.6792, -8.1368 ], [ 138.6813, -8.1318 ], [ 138.6785, -8.1132 ], [ 138.6727, -8.0997 ], [ 138.671, -8.0989 ], [ 138.678, -8.1421 ], [ 138.6827, -8.1479 ], [ 138.6496, -8.2097 ], [ 138.6151, -8.2495 ], [ 138.5347, -8.305 ], [ 138.5108, -8.3061 ], [ 138.4914, -8.3465 ], [ 138.446, -8.3818 ], [ 138.3033, -8.4249 ], [ 138.2653, -8.4194 ], [ 138.2627, -8.3905 ], [ 138.2227, -8.3784 ], [ 138.0766, -8.3874 ], [ 137.8745, -8.3722 ], [ 137.7016, -8.419 ] ] ], [ [ [ 138.8189, -8.1505 ], [ 138.8116, -8.1524 ], [ 138.8096, -8.1603 ], [ 138.823, -8.149 ], [ 138.8462, -8.1989 ], [ 138.8331, -8.2065 ], [ 138.8449, -8.2117 ], [ 138.8449, -8.2609 ], [ 138.8705, -8.2835 ], [ 138.852, -8.3049 ], [ 138.8467, -8.3054 ], [ 138.8426, -8.3023 ], [ 138.8363, -8.3018 ], [ 138.8524, -8.3167 ], [ 138.8394, -8.3844 ], [ 138.727, -8.3851 ], [ 138.56, -8.3485 ], [ 138.5528, -8.3327 ], [ 138.5862, -8.2902 ], [ 138.6636, -8.235 ], [ 138.679, -8.1701 ], [ 138.7628, -8.1578 ], [ 138.7624, -8.1601 ], [ 138.7724, -8.1716 ], [ 138.7701, -8.1524 ], [ 138.8147, -8.1379 ], [ 138.8189, -8.1505 ] ] ] ] } },
{ "type": "Feature", "properties": { "province": "PAPUA", "district": "MIMIKA", "id": "PAPUA/MIMIKA", "name": "MIMIKA" }, "geometry": { "type": "Polygon", "coordinates": [ [ [ 137.6018, -5.1014 ], [ 137.6297, -5.1299 ], [ 137.4971, -5.1458 ], [ 137.444, -5.0973 ], [ 137.4198, -5.1253 ], [ 137.3065, -5.0128 ], [ 137.2815, -5.0238 ], [ 137.2154, -4.9808 ], [ 137.1802, -5.0079 ], [ 137.1228, -4.962 ], [ 137.0912, -4.9732 ], [ 137.0578, -4.9392 ], [ 137.0585, -4.9185 ], [ 136.9762, -4.939 ], [ 136.9247, -4.8964 ], [ 136.9253, -4.8564 ], [ 136.8303, -4.9134 ], [ 136.7905, -4.8883 ], [ 136.7884, -4.8645 ], [ 136.7422, -4.8721 ], [ 136.6961, -4.8408 ], [ 136.6431, -4.8332 ], [ 136.5407, -4.7879 ], [ 136.4874, -4.7391 ], [ 136.4437, -4.7391 ], [ 136.3544, -4.6744 ], [ 136.3111, -4.6588 ], [ 136.2949, -4.6737 ], [ 136.2083, -4.659 ], [ 136.1114, -4.6213 ], [ 135.9236, -4.4914 ], [ 135.7889, -4.484 ], [ 135.7185, -4.4973 ], [ 135.4091, -4.433 ], [ 135.1988, -4.4632 ], [ 135.0627, -4.3874 ], [ 135.0646, -4.3737 ], [ 135.0405, -4.3755 ], [ 135.022, -4.3447 ], [ 134.9552, -4.3231 ], [ 134.9117, -4.2666 ], [ 134.8699, -4.2517 ], [ 135.0473, -4.0453 ], [ 135.0659, -4.1491 ], [ 135.2985, -4.156 ], [ 135.3355, -4.1779 ], [ 135.3645, -4.1578 ], [ 135.3982, -4.1608 ], [ 135.4413, -4.1925 ], [ 135.6178, -4.2189 ], [ 135.6869, -4.1905 ], [ 135.8135, -4.2256 ], [ 135.9572, -4.2279 ], [ 135.9845, -4.256 ], [ 136.0502, -4.2589 ], [ 136.0708, -4.2761 ], [ 136.0946, -4.2543 ], [ 136.1744, -4.2388 ], [ 136.2491, -4.2958 ], [ 136.271, -4.2594 ], [ 136.3286, -4.2721 ], [ 136.3422, -4.2964 ], [ 136.425, -4.2937 ], [ 136.4276, -4.3192 ], [ 136.523, -4.3099 ], [ 136.5365, -4.2953 ], [ 136.489, -4.2128 ], [ 136.6706, -4.2176 ], [ 136.703, -4.1894 ], [ 136.7307, -4.1265 ], [ 136.8241, -4.1382 ], [ 136.9719, -4.1254 ], [ 137.1245, -4.0207 ], [ 137.2914, -4.032 ], [ 137.3205, -4.161 ], [ 137.6784, -4.1723 ], [ 137.7401, -4.1445 ], [ 137.8, -4.1332 ], [ 137.816, -4.1315 ], [ 137.8657, -4.155 ], [ 138.0179, -4.1362 ], [ 137.9872, -4.2862 ], [ 137.6743, -4.2731 ], [ 137.6711, -4.3567 ], [ 137.6479, -4.355 ], [ 137.6286, -4.3319 ], [ 137.494, -4.3232 ], [ 137.4741, -4.3464 ], [ 137.4981, -4.3771 ], [ 137.4854, -4.4007 ], [ 137.491, -4.4413 ], [ 137.6033, -4.4686 ], [ 137.6385, -4.5071 ], [ 137.5686, -4.6152 ], [ 137.6513, -4.7908 ], [ 137.8136, -4.8941 ], [ 137.8151, -4.9443 ], [ 137.7915, -4.9709 ], [ 137.6534, -5.0408 ], [ 137.6018, -5.1014 ] ] ] } },
{ "type": "Feature", "properties": { "province": "PAPUA", "district": "NABIRE", "id": "PAPUA/NABIRE", "name": "NABIRE" }, "geometry": { "type": "MultiPolygon", "coordinates": [ [ [ [ 136.0789, -3.4997 ], [ 135.9606, -3.5648 ], [ 136.0009, -3.6289 ], [ 136.0157, -3.6913 ], [ 136.0565, -3.7227 ], [ 136.0209, -3.735 ], [ 135.9923, -3.7677 ], [ 135.885, -3.7831 ], [ 135.8661, -3.8405 ], [ 135.692, -3.8656 ], [ 135.5708, -3.9351 ], [ 135.4619, -3.8671 ], [ 135.3773, -3.8663 ], [ 135.2028, -3.8199 ], [ 135.258, -3.7519 ], [ 134.6359, -3.5426 ], [ 134.7268, -3.4086 ], [ 134.7259, -3.3638 ], [ 134.7035, -3.3455 ], [ 134.5988, -2.4893 ], [ 134.6338, -2.48 ], [ 134.6522, -2.534 ], [ 134.6614, -2.8248 ], [ 134.6912, -2.8962 ], [ 134.6769, -2.9205 ], [ 134.6946, -2.9451 ], [ 134.689, -2.9668 ], [ 134.7691, -2.9907 ], [ 134.7775, -2.9409 ], [ 134.7977, -2.9509 ], [ 134.8186, -2.9398 ], [ 134.8045, -2.9113 ], [ 134.8317, -2.9131 ], [ 134.8305, -2.8778 ], [ 134.8412, -2.8938 ], [ 134.8525, -2.8856 ], [ 134.8497, -2.9539 ], [ 134.8315, -2.9683 ], [ 134.8529, -3.0016 ], [ 134.8129, -3.0223 ], [ 134.8103, -3.0629 ], [ 134.8189, -3.0672 ], [ 134.8288, -3.0929 ], [ 134.813, -3.0818 ], [ 134.8151, -3.1194 ], [ 134.8, -3.1314 ], [ 134.8316, -3.1251 ], [ 134.8622, -3.1588 ], [ 134.8511, -3.2065 ], [ 134.8613, -3.2272 ], [ 134.8725, -3.2062 ], [ 134.8751, -3.2252 ], [ 134.8603, -3.2491 ], [ 134.9345, -3.2717 ], [ 134.9168, -3.2442 ], [ 134.9556, -3.2449 ], [ 134.9497, -3.2233 ], [ 134.9603, -3.2252 ], [ 134.9634, -3.2476 ], [ 134.9452, -3.2843 ], [ 134.972, -3.3156 ], [ 135.0105, -3.3391 ], [ 135.0698, -3.3346 ], [ 135.1128, -3.3818 ], [ 135.1664, -3.3708 ], [ 135.3362, -3.3961 ], [ 135.4131, -3.3674 ], [ 135.4507, -3.3787 ], [ 135.504, -3.3561 ], [ 135.558, -3.3005 ], [ 135.566, -3.2673 ], [ 135.5541, -3.2628 ], [ 135.5836, -3.2356 ], [ 135.5963, -3.1944 ], [ 135.7566, -3.1103 ], [ 135.7678, -3.0878 ], [ 135.7297, -3.0749 ], [ 135.7335, -3.0647 ], [ 135.796, -3.0522 ], [ 135.8268, -3.0136 ], [ 135.9216, -2.9645 ], [ 135.9349, -2.9047 ], [ 135.9253, -2.8839 ], [ 135.9106, -2.8945 ], [ 135.9058, -2.8682 ], [ 135.9456, -2.8311 ], [ 135.9613, -2.7972 ], [ 135.9481, -2.7793 ], [ 136.0128, -2.7178 ], [ 136.0183, -2.7467 ], [ 136.0439, -2.7426 ], [ 136.0562, -2.7665 ], [ 136.1356, -2.7521 ], [ 136.13, -2.7722 ], [ 136.1461, -2.7748 ], [ 136.1379, -2.7866 ], [ 136.1443, -2.7977 ], [ 136.1459, -2.7834 ], [ 136.1628, -2.7996 ], [ 136.1828, -2.7937 ], [ 136.1825, -2.8096 ], [ 136.1893, -2.7977 ], [ 136.2173, -2.806 ], [ 136.2294, -2.8414 ], [ 136.2533, -2.8418 ], [ 136.2444, -2.8447 ], [ 136.2402, -2.859 ], [ 136.2662, -2.8498 ], [ 136.2661, -2.8864 ], [ 136.281, -2.8698 ], [ 136.281, -2.8854 ], [ 136.2945, -2.8798 ], [ 136.289, -2.9107 ], [ 136.3218, -2.9404 ], [ 136.2971, -2.9739 ], [ 136.3355, -3.0527 ], [ 136.3359, -3.0985 ], [ 136.3145, -3.1348 ], [ 136.3208, -3.1642 ], [ 136.356, -3.1865 ], [ 136.3772, -3.2301 ], [ 136.392, -3.3522 ], [ 136.0789, -3.4997 ] ] ], [ [ [ 135.613, -3.0701 ], [ 135.626, -3.0779 ], [ 135.6196, -3.0973 ], [ 135.6128, -3.0958 ], [ 135.613, -3.0701 ] ] ], [ [ [ 135.5912, -3.0799 ], [ 135.581, -3.0929 ], [ 135.572, -3.0904 ], [ 135.5902, -3.0719 ], [ 135.5912, -3.0799 ] ] ], [ [ [ 135.7719, -2.9359 ], [ 135.8068, -2.9424 ], [ 135.7449, -2.9605 ], [ 135.7567, -2.9653 ], [ 135.7315, -2.9827 ], [ 135.7098, -2.9729 ], [ 135.7304, -2.9412 ], [ 135.7719, -2.9359 ] ] ], [ [ [ 135.6993, -2.9366 ], [ 135.6727, -2.9428 ], [ 135.7373, -2.9141 ], [ 135.7329, -2.9211 ], [ 135.6993, -2.9366 ] ] ] ] } },
{ "type": "Feature", "properties": { "province": "PAPUA", "district": "NDUGA", "id": "PAPUA/NDUGA", "name": "NDUGA" }, "geometry": { "type": "Polygon", "coordinates": [ [ [ 138.869, -4.7277 ], [ 138.643, -4.7397 ], [ 137.9662, -4.5984 ], [ 137.5775, -4.6521 ], [ 137.5789, -4.5842 ], [ 137.6385, -4.5071 ], [ 137.6033, -4.4686 ], [ 137.491, -4.4413 ], [ 137.4854, -4.4007 ], [ 137.4981, -4.3771 ], [ 137.4741, -4.3464 ], [ 137.494, -4.3232 ], [ 137.6286, -4.3319 ], [ 137.6479, -4.355 ], [ 137.6711, -4.3567 ], [ 137.6743, -4.2731 ], [ 137.9872, -4.2862 ], [ 138.019, -4.1797 ], [ 138.0179, -4.1347 ], [ 138.1612, -4.1357 ], [ 138.2374, -4.1548 ], [ 138.2941, -4.1884 ], [ 138.5427, -4.1911 ], [ 138.5453, -4.221 ], [ 138.5995, -4.1409 ], [ 138.6804, -4.149 ], [ 138.7263, -4.1733 ], [ 138.6286, -4.2878 ], [ 138.5939, -4.3789 ], [ 138.6007, -4.4367 ], [ 138.6234, -4.4855 ], [ 138.7202, -4.4716 ], [ 138.7092, -4.3285 ], [ 138.8391, -4.2666 ], [ 138.849, -4.4995 ], [ 138.8337, -4.5567 ], [ 138.8572, -4.5995 ], [ 138.869, -4.7277 ] ] ] } },
{ "type": "Feature", "properties": { "province": "PAPUA", "district": "PANIAI", "id": "PAPUA/PANIAI", "name": "PANIAI" }, "geometry": { "type": "Polygon", "coordinates": [ [ [ 136.7605, -4.1303 ], [ 136.6938, -4.1078 ], [ 136.6785, -4.0414 ], [ 136.647, -4.0257 ], [ 136.2273, -3.9922 ], [ 136.2273, -3.9519 ], [ 136.1906, -3.9291 ], [ 136.0819, -3.7353 ], [ 136.0157, -3.6913 ], [ 135.9627, -3.5598 ], [ 136.3444, -3.3774 ], [ 136.5377, -3.6605 ], [ 136.5036, -3.6781 ], [ 136.4712, -3.7299 ], [ 136.4923, -3.7592 ], [ 136.5391, -3.7254 ], [ 136.6127, -3.729 ], [ 136.7267, -3.8431 ], [ 136.7267, -3.905 ], [ 137.1904, -3.9117 ], [ 137.204, -4.0237 ], [ 137.1245, -4.0207 ], [ 136.9719, -4.1254 ], [ 136.7605, -4.1303 ] ] ] } },
{ "type": "Feature", "properties": { "province": "PAPUA", "district": "PEGUNUNGAN BINTANG", "id": "PAPUA/PEGUNUNGAN BINTANG", "name": "PEGUNUNGAN BINTANG" }, "geometry": { "type": "Polygon", "coordinates": [ [ [ 140.9167, -5.2814 ], [ 140.1471, -5.169 ], [ 140.1528, -5.066 ], [ 140.1327, -5.0504 ], [ 140.0754, -5.0545 ], [ 140.1659, -4.9794 ], [ 140.2512, -4.9521 ], [ 140.2529, -4.9359 ], [ 140.2108, -4.6866 ], [ 140.1042, -4.6291 ], [ 139.9841, -4.509 ], [ 139.9569, -4.456 ], [ 139.9936, -4.2765 ], [ 139.9798, -4.0849 ], [ 140.037, -4.0226 ], [ 140.093, -4.0153 ], [ 140.034, -3.9875 ], [ 140.0586, -3.942 ], [ 140.0978, -3.9495 ], [ 140.1039, -3.9098 ], [ 140.1328, -3.8949 ], [ 140.1629, -3.9203 ], [ 140.1328, -3.8497 ], [ 140.1615, -3.823 ], [ 140.1346, -3.7712 ], [ 140.1612, -3.7645 ], [ 140.1325, -3.7503 ], [ 140.1412, -3.7356 ], [ 140.1225, -3.7149 ], [ 140.1343, -3.6958 ], [ 140.315, -3.7394 ], [ 140.3203, -3.7531 ], [ 140.3998, -3.7347 ], [ 140.4086, -3.7564 ], [ 140.3978, -3.7703 ], [ 140.4176, -3.8027 ], [ 140.3996, -3.8146 ], [ 140.4205, -3.8181 ], [ 140.4167, -3.8467 ], [ 140.4308, -3.8505 ], [ 140.4181, -3.899 ], [ 140.4047, -3.8963 ], [ 140.4109, -3.918 ], [ 140.4461, -3.9102 ], [ 140.4553, -3.893 ], [ 140.4884, -3.9294 ], [ 140.508, -3.9281 ], [ 140.4976, -3.9049 ], [ 140.517, -3.905 ], [ 140.5254, -3.918 ], [ 140.5935, -3.9256 ], [ 140.5872, -3.9373 ], [ 140.6109, -3.9473 ], [ 140.6788, -3.9068 ], [ 140.7306, -3.912 ], [ 140.755, -3.9355 ], [ 140.7689, -3.9258 ], [ 140.7887, -3.9404 ], [ 140.8861, -3.9305 ], [ 140.9163, -3.9464 ], [ 140.9174, -3.9221 ], [ 140.939, -3.9148 ], [ 140.9979, -3.9247 ], [ 140.9997, -5.2947 ], [ 140.9167, -5.2814 ] ] ] } },
{ "type": "Feature", "properties": { "province": "PAPUA", "district": "PUNCAK", "id": "PAPUA/PUNCAK", "name": "PUNCAK" }, "geometry": { "type": "Polygon", "coordinates": [ [ [ 137.7047, -4.0852 ], [ 137.6784, -4.1723 ], [ 137.3205, -4.161 ], [ 137.2914, -4.032 ], [ 137.204, -4.0237 ], [ 137.1904, -3.9117 ], [ 137.1148, -3.7888 ], [ 137.109, -3.7206 ], [ 137.1444, -3.5976 ], [ 137.0795, -3.5911 ], [ 137.0244, -3.5521 ], [ 137.0244, -3.5018 ], [ 136.9838, -3.4856 ], [ 136.9789, -3.4174 ], [ 136.9562, -3.4126 ], [ 136.9497, -3.3363 ], [ 136.9156, -3.3087 ], [ 136.8816, -3.2414 ], [ 136.8976, -3.1936 ], [ 136.9049, -3.2046 ], [ 136.925, -3.1861 ], [ 136.9669, -3.1978 ], [ 136.9891, -3.1743 ], [ 137.0079, -3.1758 ], [ 137.0051, -3.1894 ], [ 137.0419, -3.1827 ], [ 137.0443, -3.1679 ], [ 137.0717, -3.1795 ], [ 137.1271, -3.1227 ], [ 137.1343, -3.1352 ], [ 137.1819, -3.1218 ], [ 137.1871, -3.1064 ], [ 137.1517, -3.0777 ], [ 137.3833, -2.9639 ], [ 137.4328, -3.007 ], [ 137.4208, -3.0137 ], [ 137.4369, -3.0402 ], [ 137.5815, -3.0656 ], [ 137.6177, -3.1121 ], [ 137.3852, -3.3071 ], [ 137.4411, -3.3559 ], [ 137.4958, -3.4863 ], [ 137.5715, -3.5283 ], [ 137.6156, -3.5767 ], [ 137.6536, -3.6023 ], [ 137.7455, -3.6104 ], [ 137.8179, -3.6945 ], [ 137.8431, -3.7021 ], [ 137.8871, -3.6852 ], [ 137.899, -3.7993 ], [ 137.952, -3.8668 ], [ 137.9371, -3.9617 ], [ 137.8135, -3.9793 ], [ 137.7576, -4.0131 ], [ 137.7047, -4.0852 ] ] ] } },
{ "type": "Feature", "properties": { "province": "PAPUA", "district": "PUNCAK JAYA", "id": "PAPUA/PUNCAK JAYA", "name": "PUNCAK JAYA" }, "geometry": { "type": "Polygon", "coordinates": [ [ [ 137.9767, -3.8523 ], [ 137.952, -3.8668 ], [ 137.913, -3.8294 ], [ 137.8914, -3.7713 ], [ 137.8871, -3.6852 ], [ 137.8431, -3.7021 ], [ 137.8179, -3.6945 ], [ 137.7455, -3.6104 ], [ 137.6536, -3.6023 ], [ 137.6156, -3.5767 ], [ 137.5715, -3.5283 ], [ 137.4958, -3.4863 ], [ 137.4411, -3.3559 ], [ 137.3852, -3.3071 ], [ 137.6177, -3.1121 ], [ 137.8825, -3.1168 ], [ 137.9531, -3.1274 ], [ 138.0099, -3.1554 ], [ 138.0098, -3.2245 ], [ 138.0359, -3.2663 ], [ 138.0145, -3.3556 ], [ 138.0366, -3.4859 ], [ 138.0681, -3.4972 ], [ 138.0849, -3.5407 ], [ 138.1681, -3.6002 ], [ 138.245, -3.6289 ], [ 138.3046, -3.7729 ], [ 138.2695, -3.8131 ], [ 138.1856, -3.8381 ], [ 138.0503, -3.8337 ], [ 137.9767, -3.8523 ] ] ] } },
{ "type": "Feature", "properties": { "province": "PAPUA", "district": "SARMI", "id": "PAPUA/SARMI", "name": "SARMI" }, "geometry": { "type": "MultiPolygon", "coordinates": [ [ [ [ 139.3607, -2.1462 ], [ 139.8035, -2.3765 ], [ 140.0038, -2.3692 ], [ 139.9841, -2.3918 ], [ 139.9836, -2.4299 ], [ 139.7467, -2.4023 ], [ 139.4227, -2.4706 ], [ 139.4926, -3.096 ], [ 139.5158, -3.1328 ], [ 139.4771, -3.1683 ], [ 139.4756, -3.1878 ], [ 139.4931, -3.2039 ], [ 139.4862, -3.2478 ], [ 139.5127, -3.3071 ], [ 139.4953, -3.3684 ], [ 139.4697, -3.3988 ], [ 139.4757, -3.4123 ], [ 139.4434, -3.4289 ], [ 139.4613, -3.4584 ], [ 139.4364, -3.463 ], [ 139.426, -3.4463 ], [ 139.3661, -3.4362 ], [ 139.3801, -3.4638 ], [ 139.3379, -3.4849 ], [ 139.3284, -3.446 ], [ 139.3068, -3.4708 ], [ 139.2793, -3.4676 ], [ 139.2709, -3.4397 ], [ 139.2554, -3.4547 ], [ 139.2658, -3.4164 ], [ 139.1946, -3.4478 ], [ 139.1818, -3.4233 ], [ 139.1462, -3.4268 ], [ 139.1479, -3.3691 ], [ 139.1276, -3.3554 ], [ 139.1121, -3.3885 ], [ 139.1001, -3.3287 ], [ 139.0762, -3.336 ], [ 139.0673, -3.2965 ], [ 139.0836, -3.2877 ], [ 139.0836, -3.311 ], [ 139.0975, -3.308 ], [ 139.0888, -3.2806 ], [ 139.0588, -3.2765 ], [ 139.0382, -3.2937 ], [ 139.0196, -3.2842 ], [ 139.0146, -3.2313 ], [ 139.0035, -3.2313 ], [ 139.0011, -3.1935 ], [ 139.0214, -3.1861 ], [ 139.0169, -3.1468 ], [ 139.0335, -3.1412 ], [ 139.0259, -3.1311 ], [ 139.0261, -3.1265 ], [ 139.0393, -3.1299 ], [ 139.0605, -3.0888 ], [ 139.0925, -3.0738 ], [ 139.1231, -3.0308 ], [ 139.1171, -2.9906 ], [ 139.1398, -2.9819 ], [ 139.1326, -2.9374 ], [ 139.1723, -2.8068 ], [ 139.1325, -2.9373 ], [ 139.114, -2.9326 ], [ 139.1026, -2.9245 ], [ 139.1115, -2.9028 ], [ 138.6212, -2.6459 ], [ 138.7273, -2.4571 ], [ 138.7242, -2.4225 ], [ 138.6201, -2.2755 ], [ 138.5988, -2.2619 ], [ 138.5332, -2.2675 ], [ 138.473, -2.221 ], [ 138.4408, -2.2148 ], [ 138.4441, -2.2042 ], [ 138.4207, -2.1974 ], [ 138.4176, -2.2081 ], [ 138.4007, -2.179 ], [ 138.3966, -2.1915 ], [ 138.3817, -2.1768 ], [ 138.3726, -2.1897 ], [ 138.3625, -2.1746 ], [ 138.3538, -2.1945 ], [ 138.2288, -2.1789 ], [ 138.1732, -2.1275 ], [ 138.0932, -2.0835 ], [ 138.2394, -1.9938 ], [ 138.137, -1.9401 ], [ 138.1311, -1.8537 ], [ 138.1744, -1.7445 ], [ 138.1603, -1.7019 ], [ 138.1636, -1.6819 ], [ 138.1794, -1.6807 ], [ 138.1681, -1.6346 ], [ 138.373, -1.7202 ], [ 138.6555, -1.7886 ], [ 138.7381, -1.8535 ], [ 138.7513, -1.8466 ], [ 138.7484, -1.8667 ], [ 138.791, -1.9215 ], [ 138.8619, -1.9647 ], [ 138.9054, -1.9542 ], [ 139.0164, -1.9896 ], [ 138.9388, -2.045 ], [ 138.9507, -2.0706 ], [ 139.0657, -2.0125 ], [ 139.125, -2.0305 ], [ 139.126, -2.0579 ], [ 139.1449, -2.07 ], [ 139.1491, -2.0517 ], [ 139.2493, -2.1097 ], [ 139.3607, -2.1462 ] ] ], [ [ [ 138.801, -1.6638 ], [ 138.8053, -1.6792 ], [ 138.7974, -1.7068 ], [ 138.79, -1.6726 ], [ 138.801, -1.6638 ] ] ], [ [ [ 138.7323, -1.5916 ], [ 138.7458, -1.607 ], [ 138.748, -1.6247 ], [ 138.7093, -1.6054 ], [ 138.716, -1.5806 ], [ 138.7323, -1.5916 ] ] ] ] } },
{ "type": "Feature", "properties": { "province": "PAPUA", "district": "SUPIORI", "id": "PAPUA/SUPIORI", "name": "SUPIORI" }, "geometry": { "type": "MultiPolygon", "coordinates": [ [ [ [ 135.5006, -0.9423 ], [ 135.5131, -0.9622 ], [ 135.5089, -0.9679 ], [ 135.4936, -0.9648 ], [ 135.4903, -0.929 ], [ 135.5006, -0.9423 ] ] ], [ [ [ 135.4475, -0.8827 ], [ 135.4453, -0.8764 ], [ 135.4459, -0.8728 ], [ 135.4482, -0.8813 ], [ 135.4475, -0.8827 ] ] ], [ [ [ 135.6462, -0.8839 ], [ 135.468, -0.7448 ], [ 135.4973, -0.8107 ], [ 135.5024, -0.7894 ], [ 135.516, -0.7923 ], [ 135.5257, -0.8315 ], [ 135.5438, -0.842 ], [ 135.5418, -0.87 ], [ 135.5137, -0.8531 ], [ 135.5103, -0.8274 ], [ 135.4833, -0.8152 ], [ 135.4902, -0.8052 ], [ 135.3937, -0.7229 ], [ 135.3636, -0.6304 ], [ 135.3918, -0.6203 ], [ 135.4117, -0.6512 ], [ 135.4472, -0.6414 ], [ 135.4436, -0.6592 ], [ 135.4632, -0.6462 ], [ 135.5348, -0.6745 ], [ 135.5507, -0.657 ], [ 135.5905, -0.6637 ], [ 135.5951, -0.7028 ], [ 135.6195, -0.6699 ], [ 135.6303, -0.6835 ], [ 135.6196, -0.6699 ], [ 135.6442, -0.6629 ], [ 135.6777, -0.6877 ], [ 135.6852, -0.7198 ], [ 135.7187, -0.7087 ], [ 135.7487, -0.7406 ], [ 135.8036, -0.6868 ], [ 135.8035, -0.7408 ], [ 135.7388, -0.7945 ], [ 135.7087, -0.8032 ], [ 135.7234, -0.7935 ], [ 135.7262, -0.774 ], [ 135.6462, -0.8839 ] ] ], [ [ [ 135.5299, -0.8086 ], [ 135.5263, -0.8087 ], [ 135.5254, -0.8076 ], [ 135.5294, -0.806 ], [ 135.5299, -0.8086 ] ] ], [ [ [ 134.3318, 0.9095 ], [ 134.3229, 0.9071 ], [ 134.3377, 0.9302 ], [ 134.3412, 0.9182 ], [ 134.3318, 0.9095 ] ] ] ] } },
{ "type": "Feature", "properties": { "province": "PAPUA", "district": "TOLIKARA", "id": "PAPUA/TOLIKARA", "name": "TOLIKARA" }, "geometry": { "type": "Polygon", "coordinates": [ [ [ 138.3991, -3.7699 ], [ 138.3933, -3.7831 ], [ 138.3046, -3.7729 ], [ 138.2363, -3.6167 ], [ 138.1681, -3.6002 ], [ 138.0849, -3.5407 ], [ 138.0681, -3.4972 ], [ 138.0366, -3.4859 ], [ 138.0145, -3.3556 ], [ 138.0322, -3.2424 ], [ 138.0579, -3.2416 ], [ 138.0761, -3.2626 ], [ 138.1104, -3.2626 ], [ 138.1458, -3.2863 ], [ 138.1617, -3.2781 ], [ 138.173, -3.2356 ], [ 138.2153, -3.2077 ], [ 138.3272, -3.1944 ], [ 138.3805, -3.3184 ], [ 138.4069, -3.3299 ], [ 138.5627, -3.3375 ], [ 138.7301, -3.2858 ], [ 138.7925, -3.3471 ], [ 138.757, -3.5047 ], [ 138.7593, -3.6424 ], [ 138.6522, -3.7225 ], [ 138.505, -3.7255 ], [ 138.4064, -3.7534 ], [ 138.3991, -3.7699 ] ] ] } },
{ "type": "Feature", "properties": { "province": "PAPUA", "district": "WAROPEN", "id": "PAPUA/WAROPEN", "name": "WAROPEN" }, "geometry": { "type": "MultiPolygon", "coordinates": [ [ [ [ 136.8537, -3.2557 ], [ 136.8275, -3.2818 ], [ 136.7884, -3.2657 ], [ 136.7315, -3.2823 ], [ 136.6465, -3.2579 ], [ 136.6255, -3.2372 ], [ 136.5688, -3.2507 ], [ 136.5372, -3.2269 ], [ 136.4869, -3.2268 ], [ 136.4454, -3.1776 ], [ 136.4349, -3.0853 ], [ 136.365, -3.0421 ], [ 136.3395, -3.0057 ], [ 136.3516, -2.9419 ], [ 136.3254, -2.9131 ], [ 136.2924, -2.9146 ], [ 136.2839, -2.8712 ], [ 136.2661, -2.8864 ], [ 136.2662, -2.8498 ], [ 136.2425, -2.8609 ], [ 136.2533, -2.8418 ], [ 136.2294, -2.8414 ], [ 136.2043, -2.8004 ], [ 136.1825, -2.8096 ], [ 136.1828, -2.7937 ], [ 136.1628, -2.7996 ], [ 136.1459, -2.7834 ], [ 136.1443, -2.7977 ], [ 136.1356, -2.7521 ], [ 136.0624, -2.7672 ], [ 136.0439, -2.7426 ], [ 136.0177, -2.7459 ], [ 136.0091, -2.7085 ], [ 136.0198, -2.6915 ], [ 136.0378, -2.6953 ], [ 136.0582, -2.6682 ], [ 136.1122, -2.6675 ], [ 136.2244, -2.6135 ], [ 136.2669, -2.5463 ], [ 136.2829, -2.4775 ], [ 136.2921, -2.4846 ], [ 136.2782, -2.4687 ], [ 136.2959, -2.4112 ], [ 136.3423, -2.373 ], [ 136.3395, -2.2637 ], [ 136.4061, -2.2119 ], [ 136.4576, -2.2138 ], [ 136.5177, -2.1909 ], [ 136.5442, -2.2234 ], [ 136.588, -2.1901 ], [ 136.5759, -2.2189 ], [ 136.5902, -2.2484 ], [ 136.6733, -2.2612 ], [ 136.7117, -2.2279 ], [ 136.7413, -2.2471 ], [ 136.7416, -2.2575 ], [ 136.7451, -2.2545 ], [ 136.75, -2.2714 ], [ 136.7534, -2.2775 ], [ 136.7576, -2.2788 ], [ 136.7487, -2.2643 ], [ 136.7595, -2.2564 ], [ 136.7697, -2.2652 ], [ 136.7708, -2.263 ], [ 136.7552, -2.2378 ], [ 136.7933, -2.2109 ], [ 136.8136, -2.2212 ], [ 136.807, -2.1763 ], [ 136.8387, -2.2194 ], [ 136.8738, -2.2314 ], [ 136.8916, -2.2713 ], [ 136.9023, -2.2648 ], [ 136.9139, -2.2854 ], [ 136.9029, -2.2942 ], [ 136.9265, -2.3006 ], [ 136.9151, -2.3319 ], [ 136.938, -2.3477 ], [ 136.91, -2.3614 ], [ 136.9132, -2.3854 ], [ 136.9481, -2.3968 ], [ 136.9643, -2.4252 ], [ 137.0293, -2.4167 ], [ 137.0363, -2.4601 ], [ 137.1931, -2.5637 ], [ 137.2404, -2.5757 ], [ 137.2608, -2.6061 ], [ 137.2608, -2.6857 ], [ 137.2873, -2.7191 ], [ 137.2492, -2.7611 ], [ 137.2718, -2.7931 ], [ 137.2021, -2.818 ], [ 137.1483, -2.797 ], [ 137.1475, -2.7772 ], [ 137.1257, -2.7896 ], [ 137.1289, -2.8054 ], [ 137.0927, -2.8047 ], [ 137.0845, -2.8377 ], [ 137.0825, -2.8241 ], [ 137.0667, -2.8067 ], [ 137.0229, -2.8031 ], [ 137.0009, -2.8577 ], [ 136.9651, -2.8452 ], [ 136.9671, -2.8987 ], [ 136.9437, -2.9601 ], [ 137.0031, -3.0028 ], [ 136.9977, -3.0722 ], [ 137.0269, -3.0853 ], [ 137.1525, -3.078 ], [ 137.1871, -3.1064 ], [ 137.1819, -3.1218 ], [ 137.1343, -3.1352 ], [ 137.1271, -3.1227 ], [ 137.0717, -3.1795 ], [ 137.0443, -3.1679 ], [ 137.0419, -3.1827 ], [ 137.0051, -3.1894 ], [ 137.0079, -3.1758 ], [ 136.9891, -3.1743 ], [ 136.9669, -3.1978 ], [ 136.925, -3.1861 ], [ 136.9049, -3.2046 ], [ 136.9015, -3.1928 ], [ 136.8946, -3.1907 ], [ 136.8983, -3.2192 ], [ 136.8537, -3.2557 ] ] ], [ [ [ 136.2697, -2.2229 ], [ 136.2568, -2.2326 ], [ 136.249, -2.2302 ], [ 136.2583, -2.2157 ], [ 136.2697, -2.2229 ] ] ] ] } },
{ "type": "Feature", "properties": { "province": "PAPUA", "district": "YAHUKIMO", "id": "PAPUA/YAHUKIMO", "name": "YAHUKIMO" }, "geometry": { "type": "Polygon", "coordinates": [ [ [ 140.0754, -5.0545 ], [ 140.1327, -5.0504 ], [ 140.1528, -5.066 ], [ 140.1471, -5.169 ], [ 139.5114, -5.0063 ], [ 139.3042, -4.9383 ], [ 139.0296, -4.7374 ], [ 138.869, -4.7277 ], [ 138.8572, -4.5995 ], [ 138.8337, -4.5567 ], [ 138.849, -4.4995 ], [ 138.8391, -4.2666 ], [ 139.0479, -4.1929 ], [ 139.6319, -4.037 ], [ 139.6847, -4.0 ], [ 139.8943, -3.6201 ], [ 139.9652, -3.61 ], [ 139.9593, -3.6408 ], [ 139.9906, -3.6573 ], [ 140.0192, -3.6361 ], [ 140.0434, -3.6717 ], [ 140.0655, -3.6483 ], [ 140.088, -3.6822 ], [ 140.1345, -3.696 ], [ 140.1225, -3.7149 ], [ 140.1412, -3.7356 ], [ 140.1325, -3.7503 ], [ 140.1612, -3.7645 ], [ 140.1346, -3.7712 ], [ 140.1614, -3.824 ], [ 140.1328, -3.8488 ], [ 140.1441, -3.8935 ], [ 140.1039, -3.9098 ], [ 140.0978, -3.9495 ], [ 140.0586, -3.942 ], [ 140.0344, -3.9856 ], [ 140.093, -4.0153 ], [ 140.037, -4.0226 ], [ 139.9798, -4.0849 ], [ 139.9936, -4.2765 ], [ 139.9569, -4.456 ], [ 139.9841, -4.509 ], [ 140.1042, -4.6291 ], [ 140.2108, -4.6866 ], [ 140.2529, -4.9359 ], [ 140.2512, -4.9521 ], [ 140.1659, -4.9794 ], [ 140.0754, -5.0545 ] ] ] } },
{ "type": "Feature", "properties": { "province": "PAPUA", "district": "YALIMO", "id": "PAPUA/YALIMO", "name": "YALIMO" }, "geometry": { "type": "MultiPolygon", "coordinates": [ [ [ [ 139.3731, -4.1119 ], [ 139.2473, -4.0124 ], [ 139.0252, -4.0434 ], [ 138.9778, -3.9225 ], [ 139.0479, -3.8971 ], [ 139.034, -3.8418 ], [ 139.044, -3.7784 ], [ 139.0639, -3.7849 ], [ 139.1496, -3.7439 ], [ 139.2444, -3.761 ], [ 139.2761, -3.7476 ], [ 139.2766, -3.6697 ], [ 139.3297, -3.6852 ], [ 139.3356, -3.6563 ], [ 139.3915, -3.6063 ], [ 139.4664, -3.4569 ], [ 139.4871, -3.4755 ], [ 139.467, -3.4949 ], [ 139.4743, -3.5189 ], [ 139.4954, -3.4875 ], [ 139.5059, -3.5189 ], [ 139.5511, -3.5369 ], [ 139.602, -3.4964 ], [ 139.6151, -3.5084 ], [ 139.5855, -3.5325 ], [ 139.5958, -3.5501 ], [ 139.6317, -3.5538 ], [ 139.6605, -3.5276 ], [ 139.6738, -3.5542 ], [ 139.6761, -3.5291 ], [ 139.7032, -3.5411 ], [ 139.7177, -3.5206 ], [ 139.7523, -3.5673 ], [ 139.804, -3.5645 ], [ 139.8015, -3.5844 ], [ 139.8672, -3.5865 ], [ 139.8932, -3.6224 ], [ 139.6847, -4.0 ], [ 139.5655, -4.063 ], [ 139.3731, -4.1119 ] ] ], [ [ [ 139.1491, -2.0517 ], [ 139.1449, -2.07 ], [ 139.1259, -2.0577 ], [ 139.1352, -2.0417 ], [ 139.1491, -2.0517 ] ] ], [ [ [ 139.0657, -2.0125 ], [ 138.9507, -2.0706 ], [ 138.9388, -2.045 ], [ 139.0178, -1.9882 ], [ 139.0657, -2.0125 ] ] ], [ [ [ 139.0247, -1.9342 ], [ 139.0182, -1.9489 ], [ 139.0008, -1.9377 ], [ 139.0082, -1.9335 ], [ 139.0247, -1.9342 ] ] ] ] } },
{ "type": "Feature", "properties": { "province": "PAPUA BARAT", "district": "FAKFAK", "id": "PAPUA BARAT/FAKFAK", "name": "FAKFAK" }, "geometry": { "type": "MultiPolygon", "coordinates": [ [ [ [ 132.7647, -3.4729 ], [ 132.7668, -3.4843 ], [ 132.7523, -3.4862 ], [ 132.7573, -3.4583 ], [ 132.7647, -3.4729 ] ] ], [ [ [ 132.6869, -3.4426 ], [ 132.7244, -3.4828 ], [ 132.7148, -3.5161 ], [ 132.6813, -3.4972 ], [ 132.6833, -3.4568 ], [ 132.6388, -3.4353 ], [ 132.634, -3.4092 ], [ 132.6661, -3.4103 ], [ 132.6869, -3.4426 ] ] ], [ [ [ 132.7689, -3.5163 ], [ 132.7671, -3.5369 ], [ 132.7612, -3.5406 ], [ 132.7555, -3.5039 ], [ 132.7689, -3.5163 ] ] ], [ [ [ 133.3419, -3.314 ], [ 133.1234, -3.5883 ], [ 132.8259, -3.8916 ], [ 132.7839, -3.8339 ], [ 132.7877, -3.7964 ], [ 132.7363, -3.6926 ], [ 132.731, -3.6425 ], [ 132.7538, -3.6327 ], [ 132.8961, -3.6507 ], [ 132.9099, -3.5848 ], [ 132.9456, -3.5614 ], [ 132.9126, -3.5535 ], [ 132.9272, -3.5424 ], [ 132.9052, -3.5376 ], [ 132.8883, -3.4915 ], [ 132.902, -3.4701 ], [ 132.8585, -3.4831 ], [ 132.8201, -3.4539 ], [ 132.8038, -3.3653 ], [ 132.8459, -3.3044 ], [ 132.8133, -3.2988 ], [ 132.8132, -3.2684 ], [ 132.7901, -3.2685 ], [ 132.8, -3.2778 ], [ 132.7894, -3.2822 ], [ 132.7761, -3.2635 ], [ 132.7322, -3.2858 ], [ 132.7332, -3.3416 ], [ 132.6664, -3.321 ], [ 132.6421, -3.2711 ], [ 132.5988, -3.2349 ], [ 132.6416, -3.2238 ], [ 132.6407, -3.1883 ], [ 132.5589, -3.157 ], [ 132.5556, -3.137 ], [ 132.5771, -3.1374 ], [ 132.5618, -3.113 ], [ 132.4225, -2.9969 ], [ 132.3519, -2.9689 ], [ 132.3521, -2.9393 ], [ 132.3439, -2.9524 ], [ 132.3149, -2.9382 ], [ 132.3144, -2.9232 ], [ 132.3092, -2.9358 ], [ 132.2867, -2.9205 ], [ 132.2709, -2.934 ], [ 132.2073, -2.9114 ], [ 132.2024, -2.9335 ], [ 132.1844, -2.9223 ], [ 132.1458, -2.946 ], [ 132.1051, -2.9321 ], [ 132.1188, -2.954 ], [ 132.0866, -2.9631 ], [ 132.0593, -2.8905 ], [ 132.047, -2.9271 ], [ 132.0316, -2.9014 ], [ 132.0022, -2.8991 ], [ 132.0016, -2.8785 ], [ 132.0317, -2.8758 ], [ 132.0228, -2.8541 ], [ 132.0392, -2.8398 ], [ 132.0084, -2.8363 ], [ 132.0058, -2.8202 ], [ 132.0686, -2.7913 ], [ 132.0399, -2.7722 ], [ 132.0038, -2.7814 ], [ 131.9996, -2.7584 ], [ 132.0514, -2.7317 ], [ 132.0672, -2.7515 ], [ 132.0735, -2.7277 ], [ 132.0982, -2.7487 ], [ 132.1112, -2.7196 ], [ 132.1228, -2.7272 ], [ 132.1374, -2.7104 ], [ 132.1462, -2.7238 ], [ 132.2079, -2.7027 ], [ 132.1352, -2.6883 ], [ 132.1134, -2.6971 ], [ 132.143, -2.6664 ], [ 132.323, -2.6613 ], [ 132.3951, -2.6896 ], [ 132.4402, -2.6796 ], [ 132.4206, -2.7003 ], [ 132.4584, -2.7157 ], [ 132.4356, -2.74 ], [ 132.4692, -2.7116 ], [ 132.4965, -2.7111 ], [ 132.4713, -2.6935 ], [ 132.4884, -2.6834 ], [ 132.5889, -2.6954 ], [ 132.6418, -2.7284 ], [ 132.6967, -2.7918 ], [ 132.7441, -2.8062 ], [ 132.7922, -2.7861 ], [ 132.8895, -2.694 ], [ 133.0407, -2.515 ], [ 133.383, -2.792 ], [ 133.4997, -2.8568 ], [ 133.6783, -3.0043 ], [ 133.5145, -3.1413 ], [ 133.3419, -3.314 ] ] ], [ [ [ 132.4495, -3.1029 ], [ 132.5041, -3.1176 ], [ 132.5463, -3.1539 ], [ 132.4787, -3.1368 ], [ 132.4495, -3.1029 ] ] ], [ [ [ 132.1843, -2.9762 ], [ 132.2515, -2.9722 ], [ 132.3215, -2.9961 ], [ 132.1852, -2.9835 ], [ 132.1718, -2.9721 ], [ 132.1843, -2.9762 ] ] ], [ [ [ 132.0758, -2.7024 ], [ 132.056, -2.7024 ], [ 132.054, -2.6945 ], [ 132.0827, -2.6826 ], [ 132.0758, -2.7024 ] ] ], [ [ [ 132.5456, -2.6537 ], [ 132.5483, -2.6435 ], [ 132.5754, -2.6504 ], [ 132.5653, -2.6563 ], [ 132.5456, -2.6537 ] ] ], [ [ [ 132.4827, -2.6335 ], [ 132.5019, -2.6327 ], [ 132.5115, -2.6502 ], [ 132.4638, -2.6685 ], [ 132.4585, -2.6352 ], [ 132.4827, -2.6335 ] ] ] ] } },
{ "type": "Feature", "properties": { "province": "PAPUA BARAT", "district": "KAIMANA", "id": "PAPUA BARAT/KAIMANA", "name": "KAIMANA" }, "geometry": { "type": "MultiPolygon", "coordinates": [ [ [ [ 133.2214, -4.1118 ], [ 133.2856, -4.1862 ], [ 133.3421, -4.2045 ], [ 133.3469, -4.2353 ], [ 133.3279, -4.2543 ], [ 133.2765, -4.2567 ], [ 133.2611, -4.2166 ], [ 133.1999, -4.1821 ], [ 133.1991, -4.1024 ], [ 133.2214, -4.1118 ] ] ], [ [ [ 134.7995, -4.2364 ], [ 134.7194, -4.1983 ], [ 134.7063, -4.1378 ], [ 134.6485, -4.1347 ], [ 134.622, -4.1183 ], [ 134.6521, -4.0743 ], [ 134.7189, -4.0564 ], [ 134.6819, -4.0534 ], [ 134.6652, -4.0363 ], [ 134.6576, -3.9799 ], [ 134.7614, -3.9304 ], [ 134.8565, -3.9481 ], [ 134.8643, -3.9792 ], [ 134.9459, -3.9788 ], [ 134.9688, -3.9552 ], [ 134.9594, -3.9442 ], [ 134.9099, -3.9597 ], [ 134.9074, -3.9446 ], [ 134.931, -3.9315 ], [ 134.885, -3.9294 ], [ 134.8737, -3.9475 ], [ 134.7661, -3.9135 ], [ 134.7361, -3.9361 ], [ 134.6727, -3.9172 ], [ 134.625, -3.9498 ], [ 134.6055, -3.9962 ], [ 134.5736, -3.9971 ], [ 134.5462, -4.0327 ], [ 134.5111, -4.0414 ], [ 134.496, -4.025 ], [ 134.5039, -4.0136 ], [ 134.4512, -3.9821 ], [ 134.4753, -3.9821 ], [ 134.4772, -3.9657 ], [ 134.4405, -3.9167 ], [ 134.4034, -3.9183 ], [ 134.3352, -3.8775 ], [ 134.3211, -3.8831 ], [ 134.3623, -3.9151 ], [ 134.346, -3.911 ], [ 134.3532, -3.964 ], [ 134.3235, -3.9633 ], [ 134.2715, -3.9324 ], [ 134.3352, -4.0184 ], [ 134.3176, -4.0428 ], [ 134.2929, -4.0434 ], [ 134.2813, -4.0048 ], [ 134.2447, -3.9683 ], [ 134.2432, -3.9806 ], [ 134.2152, -3.9705 ], [ 134.1655, -3.9238 ], [ 134.1688, -3.8925 ], [ 134.1611, -3.9046 ], [ 134.1044, -3.8982 ], [ 134.1946, -3.8311 ], [ 134.1819, -3.828 ], [ 134.1775, -3.777 ], [ 134.1613, -3.7818 ], [ 134.145, -3.7473 ], [ 134.0762, -3.6999 ], [ 134.0594, -3.6691 ], [ 134.097, -3.5867 ], [ 134.0849, -3.5685 ], [ 134.0668, -3.5656 ], [ 134.0648, -3.5408 ], [ 134.0535, -3.5314 ], [ 134.063, -3.4973 ], [ 134.052, -3.5314 ], [ 134.0648, -3.5664 ], [ 134.0952, -3.5869 ], [ 134.0405, -3.587 ], [ 133.9962, -3.6804 ], [ 133.9771, -3.6913 ], [ 134.0369, -3.7906 ], [ 133.9895, -3.8247 ], [ 133.9672, -3.8628 ], [ 133.9165, -3.7846 ], [ 133.9213, -3.7557 ], [ 133.9462, -3.7763 ], [ 133.9191, -3.7479 ], [ 133.9093, -3.7009 ], [ 133.8468, -3.6384 ], [ 133.8399, -3.5595 ], [ 133.7771, -3.6205 ], [ 133.7903, -3.6146 ], [ 133.8209, -3.7297 ], [ 133.7552, -3.6496 ], [ 133.6956, -3.6747 ], [ 133.7064, -3.59 ], [ 133.6283, -3.4822 ], [ 133.6422, -3.4525 ], [ 133.6691, -3.4493 ], [ 133.7029, -3.4099 ], [ 133.6731, -3.3231 ], [ 133.6754, -3.2313 ], [ 133.709, -3.2128 ], [ 133.7058, -3.1743 ], [ 133.7785, -3.1749 ], [ 133.7784, -3.1189 ], [ 133.8107, -3.1207 ], [ 133.8353, -3.0934 ], [ 133.8422, -3.0249 ], [ 133.9023, -3.0871 ], [ 133.8955, -3.0951 ], [ 133.8964, -3.1133 ], [ 133.8974, -3.1013 ], [ 133.9227, -3.1047 ], [ 133.8976, -3.1001 ], [ 133.9039, -3.0872 ], [ 133.9519, -3.0801 ], [ 133.9543, -3.0742 ], [ 133.9633, -3.0715 ], [ 133.9707, -3.0623 ], [ 133.954, -3.0728 ], [ 133.9506, -3.079 ], [ 133.8971, -3.0765 ], [ 133.8682, -3.0285 ], [ 133.8618, -2.9673 ], [ 133.8789, -2.9529 ], [ 133.8007, -3.0142 ], [ 133.7994, -3.0304 ], [ 133.7686, -3.023 ], [ 133.6992, -3.0273 ], [ 133.758, -3.0327 ], [ 133.7301, -3.0438 ], [ 133.6731, -3.1255 ], [ 133.6578, -3.1228 ], [ 133.6778, -3.2127 ], [ 133.656, -3.236 ], [ 133.6712, -3.3437 ], [ 133.6427, -3.4151 ], [ 133.569, -3.4325 ], [ 133.5489, -3.411 ], [ 133.5596, -3.4335 ], [ 133.5463, -3.4427 ], [ 133.4667, -3.4069 ], [ 133.5558, -3.4603 ], [ 133.6022, -3.5313 ], [ 133.5873, -3.5744 ], [ 133.496, -3.6218 ], [ 133.5086, -3.5913 ], [ 133.497, -3.572 ], [ 133.5127, -3.5646 ], [ 133.5033, -3.5479 ], [ 133.5146, -3.5315 ], [ 133.4992, -3.5415 ], [ 133.5092, -3.5605 ], [ 133.4953, -3.5646 ], [ 133.4916, -3.5577 ], [ 133.4589, -3.5466 ], [ 133.4351, -3.5116 ], [ 133.3985, -3.5073 ], [ 133.4486, -3.5453 ], [ 133.3905, -3.54 ], [ 133.3542, -3.5491 ], [ 133.3437, -3.5385 ], [ 133.2847, -3.5322 ], [ 133.3513, -3.5528 ], [ 133.455, -3.5484 ], [ 133.4892, -3.5614 ], [ 133.5003, -3.5869 ], [ 133.4799, -3.6067 ], [ 133.4955, -3.6279 ], [ 133.4598, -3.6744 ], [ 133.4139, -3.7003 ], [ 133.3993, -3.7403 ], [ 133.4176, -3.7986 ], [ 133.4582, -3.8253 ], [ 133.4653, -3.8615 ], [ 133.3908, -3.8805 ], [ 133.3323, -3.8584 ], [ 133.3333, -3.8425 ], [ 133.3258, -3.8673 ], [ 133.3943, -3.8864 ], [ 133.4193, -3.8824 ], [ 133.3336, -4.0015 ], [ 133.2314, -3.9984 ], [ 133.1397, -4.0791 ], [ 133.0012, -4.0608 ], [ 132.9642, -4.0804 ], [ 132.9435, -4.1235 ], [ 132.8666, -4.0917 ], [ 132.8771, -4.0568 ], [ 132.8493, -4.0198 ], [ 132.8487, -3.9682 ], [ 132.823, -3.9648 ], [ 132.8121, -3.9395 ], [ 132.8207, -3.9221 ], [ 132.8528, -3.9634 ], [ 132.8259, -3.8916 ], [ 133.1234, -3.5883 ], [ 133.3548, -3.2988 ], [ 133.6211, -3.0502 ], [ 133.6783, -3.0043 ], [ 133.7696, -3.0056 ], [ 133.8652, -2.9554 ], [ 134.1333, -2.84 ], [ 134.1726, -2.8523 ], [ 134.2335, -3.0432 ], [ 134.3231, -3.1848 ], [ 134.2243, -3.35 ], [ 134.2514, -3.4022 ], [ 134.413, -3.4741 ], [ 135.258, -3.7519 ], [ 135.0021, -4.1058 ], [ 134.8703, -4.2512 ], [ 134.8138, -4.2533 ], [ 134.7995, -4.2364 ] ] ], [ [ [ 134.1009, -3.9143 ], [ 134.1681, -3.9754 ], [ 134.1813, -4.008 ], [ 134.2043, -4.0127 ], [ 134.2051, -4.0284 ], [ 134.0855, -3.9813 ], [ 134.0518, -3.9232 ], [ 134.1009, -3.9143 ] ] ], [ [ [ 133.889, -3.7307 ], [ 133.9293, -3.8462 ], [ 133.926, -3.8786 ], [ 133.8726, -3.7479 ], [ 133.8745, -3.7215 ], [ 133.889, -3.7307 ] ] ], [ [ [ 133.6323, -3.4296 ], [ 133.6249, -3.4567 ], [ 133.6015, -3.4345 ], [ 133.6159, -3.4222 ], [ 133.6323, -3.4296 ] ] ], [ [ [ 133.7907, -3.0783 ], [ 133.7995, -3.0894 ], [ 133.798, -3.1137 ], [ 133.7674, -3.0797 ], [ 133.7741, -3.0549 ], [ 133.7907, -3.0783 ] ] ] ] } },
{ "type": "Feature", "properties": { "province": "PAPUA BARAT", "district": "KOTA SORONG", "id": "PAPUA BARAT/KOTA SORONG", "name": "KOTA SORONG" }, "geometry": { "type": "MultiPolygon", "coordinates": [ [ [ [ 131.4297, -0.9305 ], [ 131.4331, -0.9441 ], [ 131.4068, -0.9556 ], [ 131.27, -0.9338 ], [ 131.2717, -0.9177 ], [ 131.3007, -0.9176 ], [ 131.242, -0.8765 ], [ 131.2476, -0.8514 ], [ 131.2248, -0.8222 ], [ 131.3988, -0.7768 ], [ 131.4086, -0.8165 ], [ 131.3884, -0.826 ], [ 131.3975, -0.8577 ], [ 131.4223, -0.8731 ], [ 131.4297, -0.9305 ] ] ], [ [ [ 131.2567, -0.9241 ], [ 131.2635, -0.9321 ], [ 131.2624, -0.9355 ], [ 131.2518, -0.933 ], [ 131.2567, -0.9241 ] ] ], [ [ [ 131.2297, -0.9033 ], [ 131.2337, -0.9086 ], [ 131.232, -0.9132 ], [ 131.2273, -0.9063 ], [ 131.2297, -0.9033 ] ] ], [ [ [ 131.2059, -0.8826 ], [ 131.2045, -0.8952 ], [ 131.1851, -0.8978 ], [ 131.1968, -0.8854 ], [ 131.2059, -0.8826 ] ] ], [ [ [ 131.2144, -0.834 ], [ 131.2215, -0.8408 ], [ 131.2213, -0.8424 ], [ 131.2069, -0.838 ], [ 131.2144, -0.834 ] ] ] ] } },
{ "type": "Feature", "properties": { "province": "PAPUA BARAT", "district": "MANOKWARI", "id": "PAPUA BARAT/MANOKWARI", "name": "MANOKWARI" }, "geometry": { "type": "MultiPolygon", "coordinates": [ [ [ [ 134.1859, -1.1919 ], [ 134.087, -1.2883 ], [ 134.0502, -1.2086 ], [ 134.0714, -1.1814 ], [ 134.0182, -1.1341 ], [ 134.0095, -1.0776 ], [ 133.9306, -1.1355 ], [ 133.9251, -1.1656 ], [ 133.893, -1.146 ], [ 133.8935, -1.1181 ], [ 133.8693, -1.1018 ], [ 133.9378, -1.0457 ], [ 133.958, -1.0673 ], [ 133.9908, -1.0386 ], [ 133.9507, -1.0341 ], [ 133.9367, -1.0107 ], [ 133.9251, -1.0321 ], [ 133.8852, -1.0042 ], [ 133.8691, -1.0081 ], [ 133.892, -1.0225 ], [ 133.8903, -1.061 ], [ 133.8259, -1.0634 ], [ 133.8247, -0.9471 ], [ 133.4701, -0.8838 ], [ 133.4706, -0.8501 ], [ 133.533, -0.8733 ], [ 133.5381, -0.8471 ], [ 133.5257, -0.7966 ], [ 133.4837, -0.7736 ], [ 133.5086, -0.7443 ], [ 133.5683, -0.7379 ], [ 133.5713, -0.72 ], [ 133.7196, -0.7507 ], [ 133.74, -0.7183 ], [ 133.7953, -0.7249 ], [ 133.813, -0.7475 ], [ 133.8767, -0.7138 ], [ 133.9327, -0.7331 ], [ 133.946, -0.7139 ], [ 133.9734, -0.7198 ], [ 134.0099, -0.778 ], [ 134.0826, -0.8135 ], [ 134.1367, -0.8639 ], [ 134.1209, -0.8803 ], [ 134.0893, -0.8788 ], [ 134.0689, -0.8585 ], [ 134.0692, -0.8758 ], [ 134.0502, -0.8692 ], [ 134.0442, -0.9248 ], [ 134.0208, -0.9291 ], [ 134.0099, -0.955 ], [ 134.0709, -1.0211 ], [ 134.0735, -1.0692 ], [ 134.1057, -1.1264 ], [ 134.1859, -1.1919 ] ] ], [ [ [ 134.2035, -1.2241 ], [ 134.1852, -1.2376 ], [ 134.1754, -1.2334 ], [ 134.1937, -1.1999 ], [ 134.2035, -1.2241 ] ] ], [ [ [ 134.0988, -0.8885 ], [ 134.1121, -0.9136 ], [ 134.1066, -0.9229 ], [ 134.0902, -0.8962 ], [ 134.0988, -0.8885 ] ] ] ] } },
{ "type": "Feature", "properties": { "province": "PAPUA BARAT", "district": "MANOKWARI SELATAN", "id": "PAPUA BARAT/MANOKWARI SELATAN", "name": "MANOKWARI SELATAN" }, "geometry": { "type": "Polygon", "coordinates": [ [ [ 133.9656, -2.014 ], [ 133.8822, -2.0226 ], [ 133.8417, -1.8697 ], [ 133.8393, -1.7783 ], [ 133.8792, -1.7793 ], [ 133.8916, -1.7346 ], [ 133.8887, -1.6578 ], [ 133.8663, -1.5967 ], [ 133.6523, -1.5881 ], [ 133.6629, -1.3641 ], [ 133.7407, -1.3899 ], [ 133.8794, -1.5162 ], [ 133.9896, -1.422 ], [ 134.0403, -1.4411 ], [ 134.0617, -1.3857 ], [ 134.1073, -1.3328 ], [ 134.087, -1.2883 ], [ 134.1859, -1.1919 ], [ 134.1754, -1.2334 ], [ 134.2035, -1.2241 ], [ 134.2793, -1.3476 ], [ 134.2467, -1.3526 ], [ 134.2152, -1.4 ], [ 134.1987, -1.4538 ], [ 134.2115, -1.4996 ], [ 134.1989, -1.548 ], [ 134.121, -1.6363 ], [ 134.0705, -1.6533 ], [ 134.0898, -1.718 ], [ 134.0081, -1.734 ], [ 134.0038, -1.7714 ], [ 133.9647, -1.7761 ], [ 133.9694, -1.8854 ], [ 134.0031, -1.8861 ], [ 134.0188, -2.0049 ], [ 133.9656, -2.014 ] ] ] } },
{ "type": "Feature", "properties": { "province": "PAPUA BARAT", "district": "MAYBRAT", "id": "PAPUA BARAT/MAYBRAT", "name": "MAYBRAT" }, "geometry": { "type": "Polygon", "coordinates": [ [ [ 132.533, -1.6869 ], [ 132.4967, -1.7814 ], [ 132.4385, -1.7039 ], [ 132.4136, -1.6276 ], [ 132.3218, -1.5427 ], [ 132.3055, -1.5476 ], [ 132.3107, -1.5063 ], [ 132.2891, -1.469 ], [ 132.2367, -1.4341 ], [ 132.2022, -1.4443 ], [ 132.1015, -1.4283 ], [ 132.1212, -1.3618 ], [ 132.0134, -1.3034 ], [ 132.013, -1.2418 ], [ 132.0725, -1.2256 ], [ 132.0699, -1.1696 ], [ 132.0254, -1.0677 ], [ 132.4528, -1.0884 ], [ 132.4872, -1.0944 ], [ 132.5057, -1.1265 ], [ 132.7088, -1.1605 ], [ 132.7199, -1.219 ], [ 132.5999, -1.4146 ], [ 132.5681, -1.5941 ], [ 132.533, -1.6869 ] ] ] } },
{ "type": "Feature", "properties": { "province": "PAPUA BARAT", "district": "PEGUNUNGAN ARFAK", "id": "PAPUA BARAT/PEGUNUNGAN ARFAK", "name": "PEGUNUNGAN ARFAK" }, "geometry": { "type": "Polygon", "coordinates": [ [ [ 134.0966, -1.3085 ], [ 134.1073, -1.3328 ], [ 134.0617, -1.3857 ], [ 134.0403, -1.4411 ], [ 133.9896, -1.422 ], [ 133.8794, -1.5162 ], [ 133.7207, -1.3781 ], [ 133.3344, -1.2754 ], [ 133.3673, -1.1947 ], [ 133.4566, -1.0684 ], [ 133.4692, -1.0185 ], [ 133.5167, -0.9986 ], [ 133.4881, -0.8874 ], [ 133.8247, -0.9471 ], [ 133.8259, -1.0634 ], [ 133.8903, -1.061 ], [ 133.892, -1.0225 ], [ 133.8691, -1.0081 ], [ 133.8852, -1.0042 ], [ 133.9251, -1.0321 ], [ 133.9367, -1.0107 ], [ 133.9507, -1.0341 ], [ 133.9908, -1.0386 ], [ 133.958, -1.0673 ], [ 133.9378, -1.0457 ], [ 133.8693, -1.1018 ], [ 133.8935, -1.1181 ], [ 133.893, -1.146 ], [ 133.9251, -1.1656 ], [ 133.9306, -1.1355 ], [ 134.0095, -1.0776 ], [ 134.0182, -1.1341 ], [ 134.0714, -1.1814 ], [ 134.0509, -1.2131 ], [ 134.0966, -1.3085 ] ] ] } },
{ "type": "Feature", "properties": { "province": "PAPUA BARAT", "district": "RAJA AMPAT", "id": "PAPUA BARAT/RAJA AMPAT", "name": "RAJA AMPAT" }, "geometry": { "type": "MultiPolygon", "coordinates": [ [ [ [ 130.4015, -2.2116 ], [ 130.4267, -2.2114 ], [ 130.4757, -2.2267 ], [ 130.3976, -2.2194 ], [ 130.4015, -2.2116 ] ] ], [ [ [ 130.2349, -2.1835 ], [ 130.2551, -2.1902 ], [ 130.2953, -2.1951 ], [ 130.2614, -2.1967 ], [ 130.2702, -2.2149 ], [ 130.2473, -2.2154 ], [ 130.2187, -2.1996 ], [ 130.2435, -2.1951 ], [ 130.2158, -2.1866 ], [ 130.2349, -2.1835 ] ] ], [ [ [ 130.4685, -2.0085 ], [ 130.3633, -2.0384 ], [ 130.3927, -2.0148 ], [ 130.3227, -1.9814 ], [ 130.3431, -1.9518 ], [ 130.3048, -2.0001 ], [ 130.2882, -1.9986 ], [ 130.293, -2.0119 ], [ 130.2479, -2.0095 ], [ 130.2716, -2.0296 ], [ 130.2537, -2.0535 ], [ 130.1171, -2.0611 ], [ 130.0908, -2.0465 ], [ 130.1083, -2.037 ], [ 130.0878, -2.0306 ], [ 130.0933, -2.0171 ], [ 130.0096, -2.024 ], [ 130.018, -2.0085 ], [ 129.9841, -2.0181 ], [ 129.9788, -2.0025 ], [ 129.9603, -2.016 ], [ 129.9415, -1.9931 ], [ 129.8573, -1.9707 ], [ 129.8039, -1.9295 ], [ 129.8492, -1.8747 ], [ 129.828, -1.8214 ], [ 129.8972, -1.7769 ], [ 130.1212, -1.7076 ], [ 130.2541, -1.7235 ], [ 130.2699, -1.6921 ], [ 130.3456, -1.664 ], [ 130.3783, -1.6822 ], [ 130.3459, -1.724 ], [ 130.4162, -1.7734 ], [ 130.4542, -1.8302 ], [ 130.4371, -1.8325 ], [ 130.4283, -1.8565 ], [ 130.4094, -1.8531 ], [ 130.4068, -1.8906 ], [ 130.3357, -1.9195 ], [ 130.3647, -1.93 ], [ 130.3573, -1.9484 ], [ 130.4321, -1.9511 ], [ 130.4188, -1.9807 ], [ 130.445, -1.9544 ], [ 130.423, -1.9874 ], [ 130.4085, -1.971 ], [ 130.3828, -1.9801 ], [ 130.4143, -2.009 ], [ 130.4685, -2.0085 ] ] ], [ [ [ 130.2607, -1.451 ], [ 130.2675, -1.4594 ], [ 130.2325, -1.4778 ], [ 130.2048, -1.4759 ], [ 130.2607, -1.451 ] ] ], [ [ [ 130.1483, -1.4363 ], [ 130.1433, -1.4334 ], [ 130.1512, -1.427 ], [ 130.1525, -1.4337 ], [ 130.1483, -1.4363 ] ] ], [ [ [ 130.3139, -1.4221 ], [ 130.3243, -1.4236 ], [ 130.3264, -1.4279 ], [ 130.3131, -1.4268 ], [ 130.3139, -1.4221 ] ] ], [ [ [ 129.9036, -1.1975 ], [ 129.83, -1.2381 ], [ 129.8192, -1.2322 ], [ 129.8284, -1.2194 ], [ 129.8639, -1.1995 ], [ 129.8715, -1.2122 ], [ 129.8978, -1.1844 ], [ 129.7611, -1.2068 ], [ 129.7563, -1.1631 ], [ 129.8657, -1.1311 ], [ 129.8945, -1.1489 ], [ 129.978, -1.1593 ], [ 129.932, -1.204 ], [ 129.9306, -1.1757 ], [ 129.9036, -1.1975 ] ] ], [ [ [ 129.7473, -1.1411 ], [ 129.7109, -1.1881 ], [ 129.6924, -1.1793 ], [ 129.6958, -1.1665 ], [ 129.6742, -1.1654 ], [ 129.7473, -1.1411 ] ] ], [ [ [ 131.0633, -1.0517 ], [ 131.0669, -1.0991 ], [ 131.0313, -1.1955 ], [ 130.9592, -1.1744 ], [ 130.9181, -1.2014 ], [ 130.8478, -1.2059 ], [ 130.7801, -1.1661 ], [ 130.7342, -1.187 ], [ 130.7363, -1.1635 ], [ 130.6788, -1.1106 ], [ 130.6924, -1.0944 ], [ 130.7172, -1.0967 ], [ 130.7075, -1.0876 ], [ 130.7181, -1.0779 ], [ 130.6768, -1.0142 ], [ 130.6433, -0.9928 ], [ 130.6343, -0.9618 ], [ 130.7403, -0.9303 ], [ 130.7882, -0.9315 ], [ 130.8322, -0.897 ], [ 130.858, -0.9054 ], [ 130.9209, -0.8907 ], [ 130.9359, -0.9425 ], [ 131.0304, -0.9124 ], [ 131.0561, -0.9615 ], [ 131.0787, -0.9685 ], [ 131.0599, -1.0001 ], [ 131.0833, -1.01 ], [ 131.0633, -1.0517 ] ] ], [ [ [ 131.1294, -1.0631 ], [ 131.1205, -1.0744 ], [ 131.0976, -1.0634 ], [ 131.105, -1.0809 ], [ 131.0763, -1.0762 ], [ 131.0937, -1.0001 ], [ 131.1446, -0.9977 ], [ 131.1472, -1.0159 ], [ 131.117, -1.0438 ], [ 131.136, -1.0436 ], [ 131.1294, -1.0631 ] ] ], [ [ [ 131.1306, -0.916 ], [ 131.118, -0.9256 ], [ 131.1135, -0.9291 ], [ 131.115, -0.9212 ], [ 131.1306, -0.916 ] ] ], [ [ [ 130.1281, -0.7514 ], [ 130.1322, -0.7351 ], [ 130.1503, -0.731 ], [ 130.1535, -0.7411 ], [ 130.1281, -0.7514 ] ] ], [ [ [ 130.2895, -0.6622 ], [ 130.2656, -0.6669 ], [ 130.273, -0.6527 ], [ 130.3144, -0.6515 ], [ 130.2895, -0.6622 ] ] ], [ [ [ 130.7093, -0.8887 ], [ 130.5088, -0.92 ], [ 130.5177, -0.8978 ], [ 130.4871, -0.9083 ], [ 130.468, -0.8979 ], [ 130.4709, -0.9201 ], [ 130.4552, -0.9003 ], [ 130.3889, -0.9264 ], [ 130.4106, -0.8975 ], [ 130.4608, -0.8905 ], [ 130.4649, -0.8805 ], [ 130.4325, -0.8644 ], [ 130.455, -0.8546 ], [ 130.4508, -0.8075 ], [ 130.4762, -0.82 ], [ 130.4784, -0.7918 ], [ 130.5023, -0.7982 ], [ 130.4792, -0.8203 ], [ 130.4848, -0.8327 ], [ 130.5427, -0.8409 ], [ 130.5645, -0.8223 ], [ 130.5666, -0.7941 ], [ 130.5865, -0.8111 ], [ 130.5824, -0.833 ], [ 130.6315, -0.7923 ], [ 130.6466, -0.8046 ], [ 130.6384, -0.8165 ], [ 130.6617, -0.8285 ], [ 130.6862, -0.8198 ], [ 130.6709, -0.7992 ], [ 130.7121, -0.8129 ], [ 130.7017, -0.8281 ], [ 130.7138, -0.831 ], [ 130.7192, -0.8156 ], [ 130.7665, -0.819 ], [ 130.7846, -0.8017 ], [ 130.7883, -0.8201 ], [ 130.7987, -0.8088 ], [ 130.8134, -0.8227 ], [ 130.8499, -0.7965 ], [ 130.8629, -0.8044 ], [ 130.8442, -0.7802 ], [ 130.8508, -0.7661 ], [ 130.8673, -0.7656 ], [ 130.8676, -0.7792 ], [ 130.8931, -0.7638 ], [ 130.896, -0.7781 ], [ 130.9245, -0.7827 ], [ 130.9155, -0.7986 ], [ 130.8891, -0.7917 ], [ 130.8557, -0.8121 ], [ 130.8705, -0.8296 ], [ 130.8968, -0.8303 ], [ 130.89, -0.8388 ], [ 130.8689, -0.8476 ], [ 130.8641, -0.834 ], [ 130.8345, -0.8645 ], [ 130.7093, -0.8887 ] ] ], [ [ [ 130.6291, -0.5899 ], [ 130.6028, -0.5944 ], [ 130.5507, -0.6231 ], [ 130.6007, -0.59 ], [ 130.6491, -0.5877 ], [ 130.6291, -0.5899 ] ] ], [ [ [ 130.6753, -0.5751 ], [ 130.6712, -0.5774 ], [ 130.6605, -0.5756 ], [ 130.6864, -0.5678 ], [ 130.6753, -0.5751 ] ] ], [ [ [ 130.6792, -0.4737 ], [ 130.6591, -0.5179 ], [ 130.5864, -0.5454 ], [ 130.5713, -0.5451 ], [ 130.5921, -0.5332 ], [ 130.5898, -0.5002 ], [ 130.6112, -0.4923 ], [ 130.574, -0.4713 ], [ 130.541, -0.5209 ], [ 130.5281, -0.5125 ], [ 130.4633, -0.5316 ], [ 130.4509, -0.5195 ], [ 130.5081, -0.4968 ], [ 130.4618, -0.4924 ], [ 130.4552, -0.4654 ], [ 130.4855, -0.4653 ], [ 130.4706, -0.4484 ], [ 130.5045, -0.4496 ], [ 130.5127, -0.4774 ], [ 130.5643, -0.4728 ], [ 130.6121, -0.4303 ], [ 130.6074, -0.4045 ], [ 130.6912, -0.4488 ], [ 130.6792, -0.4737 ] ] ], [ [ [ 130.6897, -0.4824 ], [ 130.6864, -0.4816 ], [ 130.6944, -0.481 ], [ 130.6925, -0.482 ], [ 130.6897, -0.4824 ] ] ], [ [ [ 130.806, -0.4868 ], [ 130.8025, -0.4773 ], [ 130.8162, -0.4729 ], [ 130.8173, -0.4786 ], [ 130.806, -0.4868 ] ] ], [ [ [ 129.8907, -0.4074 ], [ 129.9192, -0.4196 ], [ 129.9151, -0.4533 ], [ 129.9004, -0.448 ], [ 129.9029, -0.478 ], [ 129.8692, -0.5074 ], [ 129.8416, -0.461 ], [ 129.8443, -0.4369 ], [ 129.8907, -0.4074 ] ] ], [ [ [ 130.8542, -0.4286 ], [ 130.7899, -0.4513 ], [ 130.7236, -0.4463 ], [ 130.7002, -0.4151 ], [ 130.6961, -0.3672 ], [ 130.6691, -0.3443 ], [ 130.7018, -0.3302 ], [ 130.6748, -0.2953 ], [ 130.5684, -0.3253 ], [ 130.5764, -0.3365 ], [ 130.5538, -0.374 ], [ 130.5802, -0.3675 ], [ 130.5851, -0.3868 ], [ 130.5578, -0.4339 ], [ 130.5376, -0.4369 ], [ 130.5511, -0.3989 ], [ 130.537, -0.3912 ], [ 130.538, -0.3129 ], [ 130.5163, -0.3153 ], [ 130.5094, -0.3011 ], [ 130.5175, -0.2513 ], [ 130.4564, -0.2633 ], [ 130.4398, -0.292 ], [ 130.4214, -0.2891 ], [ 130.4344, -0.2833 ], [ 130.4226, -0.2638 ], [ 130.3671, -0.2656 ], [ 130.3826, -0.2793 ], [ 130.3752, -0.2836 ], [ 130.3331, -0.2587 ], [ 130.3076, -0.2775 ], [ 130.3094, -0.256 ], [ 130.2796, -0.2302 ], [ 130.242, -0.2289 ], [ 130.2085, -0.2114 ], [ 130.3292, -0.2216 ], [ 130.3568, -0.2041 ], [ 130.3646, -0.2422 ], [ 130.4404, -0.1977 ], [ 130.4173, -0.1782 ], [ 130.3665, -0.1837 ], [ 130.4152, -0.1655 ], [ 130.4166, -0.1366 ], [ 130.3953, -0.1277 ], [ 130.4087, -0.1628 ], [ 130.3734, -0.1601 ], [ 130.3723, -0.1722 ], [ 130.3582, -0.1394 ], [ 130.3526, -0.1607 ], [ 130.3228, -0.1421 ], [ 130.3438, -0.1925 ], [ 130.2928, -0.1777 ], [ 130.2937, -0.1513 ], [ 130.2694, -0.142 ], [ 130.2825, -0.0937 ], [ 130.33, -0.1121 ], [ 130.34, -0.0786 ], [ 130.3494, -0.1343 ], [ 130.3709, -0.1163 ], [ 130.3511, -0.09 ], [ 130.3695, -0.0833 ], [ 130.3576, -0.0745 ], [ 130.3924, -0.0758 ], [ 130.3872, -0.1094 ], [ 130.4009, -0.1141 ], [ 130.4066, -0.0995 ], [ 130.4221, -0.1033 ], [ 130.4143, -0.0864 ], [ 130.426, -0.0728 ], [ 130.4338, -0.0972 ], [ 130.447, -0.079 ], [ 130.5125, -0.0662 ], [ 130.4957, -0.0457 ], [ 130.5401, -0.0744 ], [ 130.5354, -0.0552 ], [ 130.5679, -0.0712 ], [ 130.5569, -0.0342 ], [ 130.5753, -0.0584 ], [ 130.5813, -0.0412 ], [ 130.6252, -0.0623 ], [ 130.7236, -0.0277 ], [ 130.7047, -0.0602 ], [ 130.7637, -0.0546 ], [ 130.7811, -0.0445 ], [ 130.7361, -0.0265 ], [ 130.7918, -0.008 ], [ 130.9503, -0.0393 ], [ 130.9634, -0.0657 ], [ 130.9813, -0.0593 ], [ 130.9749, -0.0399 ], [ 131.0032, -0.0491 ], [ 131.0475, -0.0284 ], [ 131.0503, -0.0561 ], [ 131.0291, -0.063 ], [ 131.0544, -0.0707 ], [ 130.9968, -0.226 ], [ 131.012, -0.2324 ], [ 131.026, -0.2348 ], [ 131.0499, -0.1986 ], [ 131.0791, -0.0675 ], [ 131.1489, -0.0847 ], [ 131.1889, -0.1168 ], [ 131.1904, -0.1345 ], [ 131.2348, -0.151 ], [ 131.2531, -0.1405 ], [ 131.3066, -0.1875 ], [ 131.293, -0.2472 ], [ 131.3369, -0.2981 ], [ 131.3051, -0.3071 ], [ 131.276, -0.3497 ], [ 131.2443, -0.3462 ], [ 131.2491, -0.3852 ], [ 131.1971, -0.377 ], [ 131.1914, -0.3506 ], [ 131.1001, -0.3296 ], [ 131.0993, -0.3143 ], [ 131.0528, -0.3502 ], [ 131.0323, -0.3461 ], [ 131.0223, -0.3672 ], [ 130.9887, -0.3436 ], [ 130.9855, -0.3695 ], [ 130.9403, -0.3522 ], [ 130.9166, -0.3077 ], [ 130.9036, -0.3092 ], [ 130.8987, -0.1888 ], [ 130.8168, -0.1409 ], [ 130.8549, -0.2432 ], [ 130.794, -0.2479 ], [ 130.7743, -0.1728 ], [ 130.8135, -0.1404 ], [ 130.7143, -0.0723 ], [ 130.7036, -0.096 ], [ 130.6807, -0.0992 ], [ 130.6949, -0.0777 ], [ 130.6599, -0.076 ], [ 130.6309, -0.0949 ], [ 130.6109, -0.0796 ], [ 130.5998, -0.0918 ], [ 130.6147, -0.1056 ], [ 130.6493, -0.1037 ], [ 130.613, -0.1219 ], [ 130.6287, -0.1427 ], [ 130.6151, -0.1336 ], [ 130.614, -0.1469 ], [ 130.6525, -0.1551 ], [ 130.7156, -0.2386 ], [ 130.676, -0.2772 ], [ 130.7032, -0.306 ], [ 130.7392, -0.3352 ], [ 130.775, -0.2981 ], [ 130.8059, -0.3198 ], [ 130.8214, -0.2961 ], [ 130.8472, -0.3183 ], [ 130.9036, -0.3205 ], [ 130.8989, -0.3416 ], [ 130.8666, -0.3521 ], [ 130.9324, -0.3917 ], [ 130.8756, -0.43 ], [ 130.8542, -0.4286 ] ] ], [ [ [ 130.2947, -0.3706 ], [ 130.2826, -0.3803 ], [ 130.2776, -0.3712 ], [ 130.2804, -0.3678 ], [ 130.2947, -0.3706 ] ] ], [ [ [ 130.3799, -0.3183 ], [ 130.3826, -0.3223 ], [ 130.3704, -0.3282 ], [ 130.3723, -0.3175 ], [ 130.3799, -0.3183 ] ] ], [ [ [ 130.3545, -0.3152 ], [ 130.3496, -0.3218 ], [ 130.3427, -0.3153 ], [ 130.3521, -0.3142 ], [ 130.3545, -0.3152 ] ] ], [ [ [ 130.2233, -0.2915 ], [ 130.233, -0.305 ], [ 130.2221, -0.3222 ], [ 130.191, -0.3082 ], [ 130.1958, -0.2841 ], [ 130.2192, -0.2794 ], [ 130.2233, -0.2915 ] ] ], [ [ [ 130.6879, -0.1335 ], [ 130.6881, -0.1413 ], [ 130.662, -0.1463 ], [ 130.6682, -0.1362 ], [ 130.6879, -0.1335 ] ] ], [ [ [ 130.9481, -0.0289 ], [ 130.9499, -0.024 ], [ 130.9531, -0.0261 ], [ 130.9525, -0.0285 ], [ 130.9481, -0.0289 ] ] ], [ [ [ 130.9297, -0.0087 ], [ 130.9174, -0.0093 ], [ 130.9254, 0.0166 ], [ 130.9616, 0.0158 ], [ 130.9297, -0.0087 ] ] ], [ [ [ 131.0768, 0.3709 ], [ 131.0648, 0.3525 ], [ 131.047, 0.3617 ], [ 131.0559, 0.3757 ], [ 131.0315, 0.3829 ], [ 131.0487, 0.3997 ], [ 131.0768, 0.3709 ] ] ], [ [ [ 131.1422, 0.3868 ], [ 131.1324, 0.3944 ], [ 131.1353, 0.4137 ], [ 131.1461, 0.3982 ], [ 131.1422, 0.3868 ] ] ], [ [ [ 131.1608, 0.5145 ], [ 131.1827, 0.4885 ], [ 131.1806, 0.482 ], [ 131.149, 0.5014 ], [ 131.1476, 0.5202 ], [ 131.1608, 0.5145 ] ] ], [ [ [ 131.2225, 0.5562 ], [ 131.1914, 0.5648 ], [ 131.1792, 0.5763 ], [ 131.2179, 0.5705 ], [ 131.2225, 0.5562 ] ] ] ] } },
{ "type": "Feature", "properties": { "province": "PAPUA BARAT", "district": "SORONG", "id": "PAPUA BARAT/SORONG", "name": "SORONG" }, "geometry": { "type": "MultiPolygon", "coordinates": [ [ [ [ 131.7253, -1.4758 ], [ 131.6609, -1.5609 ], [ 131.4869, -1.4862 ], [ 131.4437, -1.5151 ], [ 131.3796, -1.4593 ], [ 131.4293, -1.4232 ], [ 131.402, -1.4316 ], [ 131.3755, -1.4125 ], [ 131.354, -1.3642 ], [ 131.3128, -1.4119 ], [ 131.339, -1.4543 ], [ 131.3219, -1.4858 ], [ 131.2114, -1.5365 ], [ 131.1878, -1.4909 ], [ 131.1747, -1.4816 ], [ 131.1637, -1.4687 ], [ 131.1621, -1.4676 ], [ 131.0931, -1.4489 ], [ 130.9933, -1.4646 ], [ 130.9337, -1.44 ], [ 130.9955, -1.3862 ], [ 131.0524, -1.2584 ], [ 131.0835, -1.2401 ], [ 131.1255, -1.2483 ], [ 131.1737, -1.2295 ], [ 131.2328, -1.1027 ], [ 131.2413, -1.0387 ], [ 131.2767, -0.9935 ], [ 131.2649, -0.9804 ], [ 131.2767, -0.9776 ], [ 131.27, -0.9338 ], [ 131.4049, -0.9555 ], [ 131.4331, -0.9441 ], [ 131.4223, -0.8731 ], [ 131.3975, -0.8577 ], [ 131.3882, -0.8249 ], [ 131.4084, -0.8172 ], [ 131.3973, -0.8015 ], [ 131.4126, -0.7652 ], [ 131.533, -0.7355 ], [ 131.5419, -0.7505 ], [ 131.5126, -0.7702 ], [ 131.5186, -0.7748 ], [ 131.6155, -0.7411 ], [ 131.763, -0.7216 ], [ 131.8033, -0.7472 ], [ 131.7927, -0.7628 ], [ 131.8366, -0.7618 ], [ 131.8771, -0.7456 ], [ 131.8552, -0.6901 ], [ 131.8897, -0.6699 ], [ 131.9085, -0.6872 ], [ 131.9507, -0.6777 ], [ 131.9767, -0.7052 ], [ 132.0337, -0.7237 ], [ 132.0336, -0.7807 ], [ 132.0593, -0.7775 ], [ 132.1794, -0.8795 ], [ 132.1437, -0.9001 ], [ 132.1373, -0.9243 ], [ 132.1533, -0.9356 ], [ 132.125, -0.9911 ], [ 131.9379, -1.0612 ], [ 131.8758, -1.052 ], [ 131.884, -1.0749 ], [ 131.8011, -1.1358 ], [ 131.8501, -1.1809 ], [ 131.8964, -1.2632 ], [ 131.8886, -1.3177 ], [ 131.8463, -1.3522 ], [ 131.8308, -1.3482 ], [ 131.8245, -1.3923 ], [ 131.8446, -1.4367 ], [ 131.8731, -1.4399 ], [ 131.8596, -1.4881 ], [ 131.8128, -1.5111 ], [ 131.7664, -1.4992 ], [ 131.739, -1.453 ], [ 131.7577, -1.4089 ], [ 131.7253, -1.4758 ] ] ], [ [ [ 130.9586, -1.3602 ], [ 130.9493, -1.317 ], [ 130.9306, -1.3316 ], [ 130.9042, -1.3248 ], [ 130.7994, -1.2596 ], [ 130.7663, -1.2594 ], [ 130.7572, -1.2492 ], [ 130.7806, -1.1662 ], [ 130.8478, -1.2059 ], [ 130.9181, -1.2014 ], [ 130.9592, -1.1744 ], [ 131.0285, -1.2003 ], [ 131.0396, -1.2571 ], [ 131.0184, -1.2645 ], [ 130.9794, -1.3553 ], [ 130.9586, -1.3602 ] ] ], [ [ [ 131.018, -1.3111 ], [ 131.0108, -1.2997 ], [ 131.0178, -1.2955 ], [ 131.0246, -1.2982 ], [ 131.018, -1.3111 ] ] ], [ [ [ 131.9237, -0.6623 ], [ 131.9175, -0.6646 ], [ 131.9008, -0.6577 ], [ 131.9117, -0.6476 ], [ 131.9237, -0.6623 ] ] ] ] } },
{ "type": "Feature", "properties": { "province": "PAPUA BARAT", "district": "SORONG SELATAN", "id": "PAPUA BARAT/SORONG SELATAN", "name": "SORONG SELATAN" }, "geometry": { "type": "Polygon", "coordinates": [ [ [ 132.3882, -2.2586 ], [ 132.3059, -2.2745 ], [ 132.2234, -2.1772 ], [ 132.1815, -2.1468 ], [ 132.1443, -2.1472 ], [ 132.0661, -2.0923 ], [ 132.0488, -2.0621 ], [ 132.0399, -2.073 ], [ 132.0437, -2.0523 ], [ 132.096, -2.0198 ], [ 132.0417, -2.0233 ], [ 131.971, -1.9684 ], [ 131.9913, -1.9276 ], [ 131.9596, -1.9222 ], [ 131.9259, -1.8681 ], [ 131.9608, -1.84 ], [ 131.9616, -1.8277 ], [ 131.9501, -1.8447 ], [ 131.9243, -1.8139 ], [ 132.0412, -1.7171 ], [ 132.0102, -1.6989 ], [ 132.0004, -1.6704 ], [ 131.9833, -1.7025 ], [ 131.9102, -1.7191 ], [ 131.8844, -1.637 ], [ 131.9047, -1.5951 ], [ 131.9543, -1.565 ], [ 131.9556, -1.5566 ], [ 131.8456, -1.5838 ], [ 131.8074, -1.6151 ], [ 131.7693, -1.5724 ], [ 131.728, -1.5851 ], [ 131.67, -1.5475 ], [ 131.7577, -1.4089 ], [ 131.739, -1.453 ], [ 131.7664, -1.4992 ], [ 131.8128, -1.5111 ], [ 131.8596, -1.4881 ], [ 131.8827, -1.4076 ], [ 131.8516, -1.4151 ], [ 131.8446, -1.4367 ], [ 131.8248, -1.3981 ], [ 131.8308, -1.3482 ], [ 131.8463, -1.3522 ], [ 131.8852, -1.3228 ], [ 131.8964, -1.2632 ], [ 131.8501, -1.1809 ], [ 131.8011, -1.1358 ], [ 131.884, -1.0749 ], [ 131.8758, -1.052 ], [ 132.0254, -1.0677 ], [ 132.0699, -1.1696 ], [ 132.0725, -1.2256 ], [ 132.013, -1.2418 ], [ 132.0134, -1.3034 ], [ 132.1212, -1.3618 ], [ 132.1015, -1.4283 ], [ 132.2022, -1.4443 ], [ 132.2367, -1.4341 ], [ 132.2891, -1.469 ], [ 132.3107, -1.5063 ], [ 132.3055, -1.5476 ], [ 132.3218, -1.5427 ], [ 132.4136, -1.6276 ], [ 132.4385, -1.7039 ], [ 132.4931, -1.7647 ], [ 132.473, -1.9744 ], [ 132.4844, -2.0579 ], [ 132.5416, -2.1899 ], [ 132.3882, -2.2586 ] ] ] } },
{ "type": "Feature", "properties": { "province": "PAPUA BARAT", "district": "TAMBRAUW", "id": "PAPUA BARAT/TAMBRAUW", "name": "TAMBRAUW" }, "geometry": { "type": "MultiPolygon", "coordinates": [ [ [ [ 133.3524, -1.2293 ], [ 133.3344, -1.2754 ], [ 132.7319, -1.1687 ], [ 132.676, -1.1455 ], [ 132.5057, -1.1265 ], [ 132.4872, -1.0944 ], [ 132.4528, -1.0884 ], [ 131.9379, -1.0612 ], [ 132.125, -0.9911 ], [ 132.1533, -0.9356 ], [ 132.1373, -0.9243 ], [ 132.1437, -0.9001 ], [ 132.1794, -0.8795 ], [ 132.0593, -0.7775 ], [ 132.0336, -0.7807 ], [ 132.0337, -0.7237 ], [ 131.9767, -0.7052 ], [ 131.9507, -0.6777 ], [ 131.9085, -0.6872 ], [ 131.8919, -0.6641 ], [ 131.9224, -0.6637 ], [ 131.9136, -0.6249 ], [ 131.9835, -0.5649 ], [ 132.0591, -0.5364 ], [ 132.0786, -0.4829 ], [ 132.1622, -0.425 ], [ 132.2442, -0.4005 ], [ 132.2575, -0.3795 ], [ 132.3408, -0.3784 ], [ 132.4092, -0.3447 ], [ 132.6914, -0.3664 ], [ 132.7099, -0.3569 ], [ 132.7137, -0.3738 ], [ 132.8801, -0.4478 ], [ 132.962, -0.4405 ], [ 132.9619, -0.4745 ], [ 133.0024, -0.4816 ], [ 133.0162, -0.5295 ], [ 133.0246, -0.5132 ], [ 133.0815, -0.5172 ], [ 133.0961, -0.5455 ], [ 133.1516, -0.5462 ], [ 133.1628, -0.5722 ], [ 133.2259, -0.6003 ], [ 133.3215, -0.6986 ], [ 133.3895, -0.7397 ], [ 133.5083, -0.7435 ], [ 133.4828, -0.7767 ], [ 133.5257, -0.7966 ], [ 133.533, -0.8733 ], [ 133.4706, -0.8501 ], [ 133.4697, -0.8756 ], [ 133.4881, -0.8874 ], [ 133.5167, -0.9986 ], [ 133.4692, -1.0185 ], [ 133.4558, -1.0699 ], [ 133.3524, -1.2293 ] ] ], [ [ [ 133.9165, -1.2338 ], [ 133.895, -1.2383 ], [ 133.8779, -1.2091 ], [ 133.9127, -1.19 ], [ 133.8923, -1.1531 ], [ 133.9264, -1.1843 ], [ 133.9526, -1.1739 ], [ 133.9463, -1.2112 ], [ 133.9165, -1.2338 ] ] ], [ [ [ 131.8366, -0.7618 ], [ 131.7927, -0.7628 ], [ 131.8155, -0.7321 ], [ 131.8112, -0.7152 ], [ 131.851, -0.6951 ], [ 131.8771, -0.7456 ], [ 131.8366, -0.7618 ] ] ] ] } },
{ "type": "Feature", "properties": { "province": "PAPUA BARAT", "district": "TELUK BINTUNI", "id": "PAPUA BARAT/TELUK BINTUNI", "name": "TELUK BINTUNI" }, "geometry": { "type": "MultiPolygon", "coordinates": [ [ [ [ 133.825, -2.9751 ], [ 133.752, -3.0094 ], [ 133.6783, -3.0043 ], [ 133.4997, -2.8568 ], [ 133.383, -2.792 ], [ 133.1958, -2.6442 ], [ 133.0401, -2.5134 ], [ 133.047, -2.4989 ], [ 133.1291, -2.4383 ], [ 133.1955, -2.432 ], [ 133.2231, -2.4131 ], [ 133.3203, -2.4516 ], [ 133.3848, -2.5141 ], [ 133.3875, -2.5476 ], [ 133.4123, -2.547 ], [ 133.431, -2.5067 ], [ 133.4479, -2.5033 ], [ 133.4573, -2.5265 ], [ 133.4321, -2.5305 ], [ 133.4595, -2.5337 ], [ 133.4586, -2.5546 ], [ 133.4325, -2.543 ], [ 133.4161, -2.545 ], [ 133.4681, -2.558 ], [ 133.4843, -2.507 ], [ 133.5223, -2.5795 ], [ 133.5465, -2.5496 ], [ 133.5883, -2.5687 ], [ 133.6445, -2.5344 ], [ 133.6981, -2.5686 ], [ 133.7075, -2.5028 ], [ 133.8017, -2.5104 ], [ 133.7923, -2.4771 ], [ 133.756, -2.4709 ], [ 133.746, -2.4266 ], [ 133.8372, -2.4119 ], [ 133.8775, -2.3861 ], [ 134.0009, -2.3932 ], [ 133.8924, -2.3749 ], [ 133.8616, -2.3356 ], [ 133.8664, -2.317 ], [ 133.9431, -2.3051 ], [ 133.96, -2.2489 ], [ 134.0514, -2.2524 ], [ 134.076, -2.5745 ], [ 134.1726, -2.8523 ], [ 134.1333, -2.84 ], [ 133.825, -2.9751 ] ] ], [ [ [ 132.7189, -2.2986 ], [ 132.6354, -2.2765 ], [ 132.5947, -2.1912 ], [ 132.5416, -2.1899 ], [ 132.4844, -2.0579 ], [ 132.4713, -1.9126 ], [ 132.4872, -1.8051 ], [ 132.5681, -1.5941 ], [ 132.5999, -1.4146 ], [ 132.7199, -1.219 ], [ 132.7088, -1.1605 ], [ 133.2932, -1.2661 ], [ 133.6629, -1.3631 ], [ 133.6523, -1.5881 ], [ 133.8663, -1.5967 ], [ 133.8688, -1.6916 ], [ 133.8359, -1.807 ], [ 133.8748, -2.0034 ], [ 133.8822, -2.0226 ], [ 134.0202, -2.0046 ], [ 134.0358, -2.1046 ], [ 134.0381, -2.1247 ], [ 133.956, -2.1331 ], [ 133.9624, -2.1675 ], [ 133.9523, -2.1675 ], [ 133.9441, -2.1696 ], [ 133.9371, -2.2385 ], [ 133.9487, -2.2478 ], [ 133.7795, -2.2398 ], [ 133.8645, -2.2023 ], [ 133.8889, -2.1484 ], [ 133.9145, -2.1434 ], [ 133.94, -2.1115 ], [ 133.9353, -2.0898 ], [ 133.8883, -2.1092 ], [ 133.8579, -2.0973 ], [ 133.8344, -2.1358 ], [ 133.7737, -2.1677 ], [ 133.7312, -2.1562 ], [ 133.7067, -2.1993 ], [ 133.635, -2.1985 ], [ 133.6379, -2.2329 ], [ 133.6233, -2.2168 ], [ 133.5915, -2.2223 ], [ 133.6, -2.1764 ], [ 133.5728, -2.2206 ], [ 133.5318, -2.2374 ], [ 133.4339, -2.2269 ], [ 133.4136, -2.2072 ], [ 133.3145, -2.2144 ], [ 133.2862, -2.1923 ], [ 133.2309, -2.215 ], [ 133.224, -2.1992 ], [ 133.1798, -2.194 ], [ 133.0979, -2.2331 ], [ 133.0393, -2.2365 ], [ 132.9678, -2.2924 ], [ 132.9012, -2.2783 ], [ 132.8383, -2.2402 ], [ 132.7649, -2.2567 ], [ 132.7189, -2.2986 ] ] ], [ [ [ 133.4879, -2.4016 ], [ 133.5313, -2.4353 ], [ 133.576, -2.4443 ], [ 133.5938, -2.4887 ], [ 133.5644, -2.5096 ], [ 133.494, -2.4682 ], [ 133.487, -2.4322 ], [ 133.458, -2.4108 ], [ 133.4879, -2.4016 ] ] ], [ [ [ 133.76, -2.1831 ], [ 133.779, -2.1807 ], [ 133.7608, -2.2066 ], [ 133.705, -2.2415 ], [ 133.6862, -2.2317 ], [ 133.7234, -2.2067 ], [ 133.7338, -2.1769 ], [ 133.76, -2.1831 ] ] ] ] } },
{ "type": "Feature", "properties": { "province": "PAPUA BARAT", "district": "TELUK WONDAMA", "id": "PAPUA BARAT/TELUK WONDAMA", "name": "TELUK WONDAMA" }, "geometry": { "type": "MultiPolygon", "coordinates": [ [ [ [ 134.6692, -3.0622 ], [ 134.7035, -3.3455 ], [ 134.7259, -3.3638 ], [ 134.7268, -3.4086 ], [ 134.6359, -3.5426 ], [ 134.413, -3.4741 ], [ 134.2514, -3.4022 ], [ 134.2243, -3.35 ], [ 134.3231, -3.1848 ], [ 134.2335, -3.0432 ], [ 134.129, -2.7052 ], [ 134.0806, -2.5947 ], [ 134.0514, -2.2524 ], [ 133.96, -2.2489 ], [ 133.9535, -2.2177 ], [ 133.9625, -2.1238 ], [ 134.0381, -2.1247 ], [ 134.0031, -1.8861 ], [ 133.9694, -1.8854 ], [ 133.9647, -1.7761 ], [ 134.0038, -1.7714 ], [ 134.0081, -1.734 ], [ 134.0898, -1.718 ], [ 134.1017, -1.8621 ], [ 134.1216, -1.8643 ], [ 134.1345, -1.9568 ], [ 134.1537, -1.966 ], [ 134.1384, -1.9664 ], [ 134.1317, -2.0309 ], [ 134.1042, -2.0529 ], [ 134.1215, -2.1659 ], [ 134.1454, -2.1587 ], [ 134.1396, -2.2415 ], [ 134.1574, -2.2474 ], [ 134.1764, -2.3554 ], [ 134.2045, -2.3826 ], [ 134.2156, -2.4238 ], [ 134.2448, -2.4429 ], [ 134.2624, -2.4356 ], [ 134.2766, -2.469 ], [ 134.2649, -2.481 ], [ 134.3195, -2.5092 ], [ 134.287, -2.5222 ], [ 134.312, -2.519 ], [ 134.3216, -2.5323 ], [ 134.3113, -2.5368 ], [ 134.3408, -2.5551 ], [ 134.3417, -2.5787 ], [ 134.3202, -2.591 ], [ 134.3351, -2.5883 ], [ 134.3605, -2.6211 ], [ 134.3509, -2.6297 ], [ 134.3755, -2.6475 ], [ 134.3677, -2.6697 ], [ 134.4084, -2.723 ], [ 134.4074, -2.7704 ], [ 134.4565, -2.8146 ], [ 134.4439, -2.8496 ], [ 134.4556, -2.8671 ], [ 134.4948, -2.8673 ], [ 134.4881, -2.8522 ], [ 134.5107, -2.8429 ], [ 134.521, -2.7974 ], [ 134.5027, -2.7587 ], [ 134.4935, -2.6626 ], [ 134.4741, -2.6462 ], [ 134.4596, -2.594 ], [ 134.4595, -2.5521 ], [ 134.5119, -2.4861 ], [ 134.5676, -2.4876 ], [ 134.5129, -2.4775 ], [ 134.5511, -2.4749 ], [ 134.5307, -2.452 ], [ 134.5666, -2.4591 ], [ 134.5988, -2.4891 ], [ 134.6692, -3.0622 ] ] ], [ [ [ 134.3833, -2.5312 ], [ 134.3957, -2.5412 ], [ 134.3872, -2.5791 ], [ 134.3702, -2.5509 ], [ 134.3721, -2.5262 ], [ 134.3833, -2.5312 ] ] ], [ [ [ 134.5601, -2.4076 ], [ 134.577, -2.4223 ], [ 134.5642, -2.4436 ], [ 134.5314, -2.4306 ], [ 134.5615, -2.4178 ], [ 134.5128, -2.4033 ], [ 134.5073, -2.3892 ], [ 134.5205, -2.3859 ], [ 134.504, -2.3768 ], [ 134.5598, -2.3696 ], [ 134.5684, -2.3433 ], [ 134.5512, -2.3334 ], [ 134.5651, -2.2836 ], [ 134.5885, -2.3938 ], [ 134.5601, -2.4076 ] ] ], [ [ [ 134.3089, -2.5006 ], [ 134.3034, -2.4977 ], [ 134.305, -2.4823 ], [ 134.3086, -2.4956 ], [ 134.3089, -2.5006 ] ] ], [ [ [ 134.4717, -2.3287 ], [ 134.4639, -2.3139 ], [ 134.489, -2.2995 ], [ 134.491, -2.3074 ], [ 134.4717, -2.3287 ] ] ], [ [ [ 134.387, -2.0928 ], [ 134.3485, -2.1671 ], [ 134.3351, -2.1086 ], [ 134.3101, -2.0963 ], [ 134.3267, -2.0931 ], [ 134.3175, -2.0718 ], [ 134.3757, -1.9919 ], [ 134.4047, -2.0001 ], [ 134.4129, -2.0425 ], [ 134.387, -2.0928 ] ] ], [ [ [ 134.173, -1.9122 ], [ 134.1673, -1.9507 ], [ 134.1505, -1.907 ], [ 134.1353, -1.9084 ], [ 134.1475, -1.9011 ], [ 134.1481, -1.8291 ], [ 134.18, -1.796 ], [ 134.2023, -1.7382 ], [ 134.2264, -1.7354 ], [ 134.2376, -1.7571 ], [ 134.215, -1.7967 ], [ 134.2071, -1.7817 ], [ 134.1952, -1.7934 ], [ 134.1967, -1.8267 ], [ 134.2048, -1.8095 ], [ 134.2148, -1.8295 ], [ 134.1926, -1.9021 ], [ 134.1902, -1.8838 ], [ 134.173, -1.9122 ] ] ] ] } },
{ "type": "Feature", "properties": { "province": "RIAU", "district": "BENGKALIS", "id": "RIAU/BENGKALIS", "name": "BENGKALIS" }, "geometry": { "type": "MultiPolygon", "coordinates": [ [ [ [ 102.0183, 1.0202 ], [ 101.969, 0.9605 ], [ 101.8406, 0.9469 ], [ 101.8784, 1.0143 ], [ 101.8739, 1.1 ], [ 101.8139, 1.1689 ], [ 101.7119, 1.1971 ], [ 101.5394, 0.9254 ], [ 101.4335, 1.0161 ], [ 101.3398, 1.0282 ], [ 101.2824, 1.0604 ], [ 101.2304, 1.0069 ], [ 100.9326, 1.2485 ], [ 100.9475, 1.3512 ], [ 101.0138, 1.3513 ], [ 101.1671, 1.4409 ], [ 101.241, 1.4656 ], [ 101.3173, 1.4748 ], [ 101.4222, 1.4311 ], [ 101.4222, 1.4583 ], [ 101.4755, 1.4564 ], [ 101.4812, 1.482 ], [ 101.5149, 1.4817 ], [ 101.5788, 1.54 ], [ 101.6262, 1.5174 ], [ 101.69, 1.5158 ], [ 101.726, 1.672 ], [ 101.7422, 1.6683 ], [ 102.0053, 1.4584 ], [ 102.1588, 1.3618 ], [ 102.1497, 1.2685 ], [ 102.162, 1.1908 ], [ 102.1319, 1.1769 ], [ 102.0183, 1.0202 ] ] ], [ [ [ 102.5043, 1.3075 ], [ 102.5011, 1.2505 ], [ 102.3975, 1.3236 ], [ 102.2931, 1.4295 ], [ 102.1941, 1.4354 ], [ 102.1101, 1.464 ], [ 102.0314, 1.5328 ], [ 102.0015, 1.5979 ], [ 102.0647, 1.6047 ], [ 102.4614, 1.5181 ], [ 102.4967, 1.468 ], [ 102.4793, 1.4413 ], [ 102.4955, 1.4318 ], [ 102.5043, 1.3075 ] ] ], [ [ [ 101.7625, 1.903 ], [ 101.7317, 1.7626 ], [ 101.6092, 1.6881 ], [ 101.4533, 1.7263 ], [ 101.3831, 1.9107 ], [ 101.3978, 2.0051 ], [ 101.4325, 2.0476 ], [ 101.4775, 2.0643 ], [ 101.5183, 2.0287 ], [ 101.5562, 2.047 ], [ 101.5669, 2.0388 ], [ 101.5888, 2.0889 ], [ 101.6552, 2.1249 ], [ 101.7108, 2.0898 ], [ 101.7215, 2.0445 ], [ 101.7397, 2.0402 ], [ 101.7783, 1.985 ], [ 101.7855, 1.9395 ], [ 101.768, 1.9315 ], [ 101.7778, 1.9265 ], [ 101.7625, 1.903 ] ] ] ] } },
{ "type": "Feature", "properties": { "province": "RIAU", "district": "INDRAGIRI HILIR", "id": "RIAU/INDRAGIRI HILIR", "name": "INDRAGIRI HILIR" }, "geometry": { "type": "MultiPolygon", "coordinates": [ [ [ [ 102.8511, -0.9397 ], [ 102.7754, -1.0089 ], [ 102.7818, -1.0331 ], [ 102.7581, -1.0277 ], [ 102.7332, -1.0757 ], [ 102.6857, -1.0845 ], [ 102.6698, -1.1114 ], [ 102.6468, -1.1223 ], [ 102.6168, -1.0946 ], [ 102.5562, -1.0958 ], [ 102.576, -0.8891 ], [ 102.6386, -0.8059 ], [ 102.6393, -0.7162 ], [ 102.6671, -0.6721 ], [ 102.6633, -0.605 ], [ 102.6873, -0.5394 ], [ 102.6912, -0.4691 ], [ 102.7074, -0.4773 ], [ 102.7201, -0.4621 ], [ 102.717, 0.1053 ], [ 102.8355, 0.1381 ], [ 103.0039, 0.2909 ], [ 103.1449, 0.3404 ], [ 103.2636, 0.4522 ], [ 103.3369, 0.4853 ], [ 103.3573, 0.5374 ], [ 103.4071, 0.527 ], [ 103.5345, 0.4397 ], [ 103.6139, 0.3466 ], [ 103.6786, 0.3261 ], [ 103.7151, 0.2967 ], [ 103.757, 0.219 ], [ 103.7704, 0.1406 ], [ 103.6322, 0.1135 ], [ 103.7711, 0.1365 ], [ 103.8141, -0.0058 ], [ 103.6905, -0.0231 ], [ 103.6157, -0.006 ], [ 103.5704, -0.0356 ], [ 103.5956, -0.0357 ], [ 103.5833, -0.061 ], [ 103.5359, -0.0802 ], [ 103.5042, -0.0784 ], [ 103.4687, -0.041 ], [ 103.4637, -0.058 ], [ 103.4779, -0.0557 ], [ 103.4889, -0.0867 ], [ 103.4711, -0.12 ], [ 103.4975, -0.134 ], [ 103.4948, -0.1579 ], [ 103.3968, -0.2275 ], [ 103.319, -0.2437 ], [ 103.2774, -0.2362 ], [ 103.2268, -0.2714 ], [ 103.2318, -0.284 ], [ 103.2448, -0.288 ], [ 103.2448, -0.3454 ], [ 103.314, -0.3643 ], [ 103.3067, -0.3786 ], [ 103.3066, -0.3849 ], [ 103.3216, -0.3989 ], [ 103.334, -0.4047 ], [ 103.3241, -0.4386 ], [ 103.3704, -0.4352 ], [ 103.3904, -0.5159 ], [ 103.4289, -0.5312 ], [ 103.437, -0.5528 ], [ 103.4183, -0.6002 ], [ 103.3349, -0.6388 ], [ 103.3015, -0.621 ], [ 103.2923, -0.6571 ], [ 103.3173, -0.6609 ], [ 103.2266, -0.6852 ], [ 103.2878, -0.7056 ], [ 103.3758, -0.6951 ], [ 103.4286, -0.7075 ], [ 103.4367, -0.717 ], [ 103.4195, -0.7301 ], [ 103.4415, -0.737 ], [ 103.4397, -0.7712 ], [ 103.3572, -0.8067 ], [ 103.3452, -0.7929 ], [ 103.1403, -0.7494 ], [ 103.0122, -0.7553 ], [ 102.9281, -0.8675 ], [ 102.8511, -0.9397 ] ] ], [ [ [ 103.4163, -0.6755 ], [ 103.355, -0.6683 ], [ 103.2793, -0.6863 ], [ 103.2802, -0.6735 ], [ 103.3162, -0.6664 ], [ 103.3392, -0.6418 ], [ 103.4006, -0.6474 ], [ 103.4203, -0.6604 ], [ 103.4163, -0.6755 ] ] ], [ [ [ 103.5326, -0.3958 ], [ 103.5759, -0.3957 ], [ 103.6014, -0.4139 ], [ 103.6044, -0.4326 ], [ 103.565, -0.4825 ], [ 103.5248, -0.5124 ], [ 103.4678, -0.5028 ], [ 103.42, -0.5211 ], [ 103.3951, -0.5106 ], [ 103.3764, -0.4371 ], [ 103.3666, -0.4298 ], [ 103.3298, -0.435 ], [ 103.336, -0.4033 ], [ 103.3079, -0.3825 ], [ 103.3308, -0.3567 ], [ 103.3927, -0.3787 ], [ 103.4702, -0.3813 ], [ 103.5128, -0.369 ], [ 103.5326, -0.3958 ] ] ], [ [ [ 103.7858, -0.3418 ], [ 103.694, -0.3547 ], [ 103.6054, -0.3957 ], [ 103.5379, -0.3877 ], [ 103.5125, -0.3602 ], [ 103.4651, -0.3733 ], [ 103.4511, -0.3586 ], [ 103.4919, -0.2743 ], [ 103.5323, -0.2224 ], [ 103.5546, -0.2161 ], [ 103.637, -0.2266 ], [ 103.6652, -0.2537 ], [ 103.7099, -0.2567 ], [ 103.7858, -0.3418 ] ] ], [ [ [ 103.3648, -0.2869 ], [ 103.3809, -0.2967 ], [ 103.4038, -0.2932 ], [ 103.4214, -0.3031 ], [ 103.438, -0.3019 ], [ 103.4593, -0.3132 ], [ 103.4522, -0.3405 ], [ 103.4264, -0.3582 ], [ 103.3644, -0.3575 ], [ 103.2331, -0.2776 ], [ 103.2768, -0.2436 ], [ 103.3432, -0.251 ], [ 103.3445, -0.2848 ], [ 103.3648, -0.2869 ] ] ], [ [ [ 103.5194, -0.2049 ], [ 103.4606, -0.3097 ], [ 103.4393, -0.2996 ], [ 103.4229, -0.3011 ], [ 103.4053, -0.2917 ], [ 103.3792, -0.2946 ], [ 103.3616, -0.2835 ], [ 103.3456, -0.2847 ], [ 103.3445, -0.2508 ], [ 103.5194, -0.2049 ] ] ], [ [ [ 103.5818, -0.0774 ], [ 103.5854, -0.102 ], [ 103.5066, -0.119 ], [ 103.5273, -0.0879 ], [ 103.5818, -0.0774 ] ] ] ] } },
{ "type": "Feature", "properties": { "province": "RIAU", "district": "INDRAGIRI HULU", "id": "RIAU/INDRAGIRI HULU", "name": "INDRAGIRI HULU" }, "geometry": { "type": "Polygon", "coordinates": [ [ [ 102.6387, -0.792 ], [ 102.634, -0.8171 ], [ 102.578, -0.8817 ], [ 102.5524, -1.0905 ], [ 102.4765, -1.0769 ], [ 102.4425, -1.0254 ], [ 102.3824, -1.0267 ], [ 102.3862, -0.9934 ], [ 102.3263, -0.9633 ], [ 102.3068, -0.9174 ], [ 102.2543, -0.9215 ], [ 102.2036, -0.9485 ], [ 102.165, -0.8987 ], [ 102.1393, -0.8994 ], [ 102.1171, -0.921 ], [ 102.0078, -0.8786 ], [ 101.9777, -0.8828 ], [ 101.9591, -0.9097 ], [ 101.9292, -0.9065 ], [ 101.9147, -0.8831 ], [ 101.8512, -0.9223 ], [ 101.8397, -0.8802 ], [ 101.7827, -0.8425 ], [ 101.7768, -0.7975 ], [ 101.8057, -0.6602 ], [ 101.9063, -0.5381 ], [ 101.8926, -0.3957 ], [ 101.9608, -0.4065 ], [ 102.0474, -0.312 ], [ 102.1259, -0.2697 ], [ 102.1431, -0.2701 ], [ 102.1381, -0.3637 ], [ 102.1446, -0.3811 ], [ 102.163, -0.3819 ], [ 102.1752, -0.3331 ], [ 102.1895, -0.3285 ], [ 102.1893, -0.286 ], [ 102.1692, -0.2591 ], [ 102.1948, -0.1796 ], [ 102.2331, -0.1659 ], [ 102.3681, -0.1788 ], [ 102.4072, -0.1664 ], [ 102.4755, -0.0978 ], [ 102.4963, 0.0122 ], [ 102.5184, 0.0534 ], [ 102.5189, -0.3348 ], [ 102.5185, 0.0534 ], [ 102.5807, 0.0983 ], [ 102.717, 0.1053 ], [ 102.7201, -0.4621 ], [ 102.7074, -0.4773 ], [ 102.6912, -0.4691 ], [ 102.6873, -0.5394 ], [ 102.6633, -0.605 ], [ 102.6671, -0.6721 ], [ 102.6393, -0.7162 ], [ 102.6387, -0.792 ] ] ] } },
{ "type": "Feature", "properties": { "province": "RIAU", "district": "KAMPAR", "id": "RIAU/KAMPAR", "name": "KAMPAR" }, "geometry": { "type": "Polygon", "coordinates": [ [ [ 101.469, -0.1294 ], [ 101.4512, -0.1273 ], [ 101.4099, -0.0739 ], [ 101.3682, -0.1488 ], [ 101.2722, -0.0045 ], [ 101.1938, -0.1184 ], [ 101.2019, -0.1832 ], [ 101.1769, -0.2341 ], [ 101.158, -0.2362 ], [ 101.1665, -0.2606 ], [ 101.1418, -0.2895 ], [ 101.143, -0.3336 ], [ 101.118, -0.3878 ], [ 101.0474, -0.377 ], [ 101.0247, -0.3395 ], [ 100.979, -0.3129 ], [ 100.8446, -0.3395 ], [ 100.8375, -0.2893 ], [ 100.806, -0.2715 ], [ 100.8015, -0.2431 ], [ 100.7631, -0.2123 ], [ 100.7682, -0.1615 ], [ 100.7427, -0.0633 ], [ 100.7753, -0.0143 ], [ 100.8145, -0.0403 ], [ 100.8477, 0.0 ], [ 100.8502, 0.0533 ], [ 100.8325, 0.0669 ], [ 100.8011, 0.0495 ], [ 100.7744, 0.1021 ], [ 100.7878, 0.128 ], [ 100.8407, 0.1456 ], [ 100.8413, 0.226 ], [ 100.8004, 0.2579 ], [ 100.7648, 0.2369 ], [ 100.7015, 0.246 ], [ 100.6762, 0.1862 ], [ 100.5375, 0.31 ], [ 100.5341, 0.3406 ], [ 100.499, 0.3645 ], [ 100.4824, 0.4011 ], [ 100.4353, 0.4175 ], [ 100.4773, 0.4511 ], [ 100.5121, 0.4578 ], [ 100.5717, 0.5322 ], [ 100.7351, 0.3808 ], [ 100.7727, 0.3898 ], [ 100.8105, 0.3532 ], [ 100.8389, 0.3754 ], [ 100.8408, 0.4666 ], [ 100.8086, 0.5294 ], [ 100.7932, 0.5449 ], [ 100.7716, 0.5282 ], [ 100.6768, 0.5895 ], [ 100.594, 0.7001 ], [ 100.6566, 0.7459 ], [ 100.7004, 0.8108 ], [ 100.6914, 0.8216 ], [ 100.7715, 0.8653 ], [ 100.9069, 1.0299 ], [ 101.3057, 0.8008 ], [ 101.3348, 0.7974 ], [ 101.3143, 0.6972 ], [ 101.3815, 0.6584 ], [ 101.3261, 0.5986 ], [ 101.3748, 0.5542 ], [ 101.3497, 0.4906 ], [ 101.3629, 0.432 ], [ 101.4474, 0.417 ], [ 101.4536, 0.4427 ], [ 101.477, 0.456 ], [ 101.5671, 0.4252 ], [ 101.5739, 0.4547 ], [ 101.6142, 0.3946 ], [ 101.6874, 0.3831 ], [ 101.6588, 0.3218 ], [ 101.6817, 0.2708 ], [ 101.5805, 0.268 ], [ 101.5743, 0.2539 ], [ 101.5652, 0.2184 ], [ 101.5914, 0.1885 ], [ 101.5686, 0.0519 ], [ 101.534, 0.0296 ], [ 101.5147, -0.0376 ], [ 101.5228, -0.1172 ], [ 101.4831, -0.1007 ], [ 101.469, -0.1294 ] ] ] } },
{ "type": "Feature", "properties": { "province": "RIAU", "district": "KEPULAUAN MERANTI", "id": "RIAU/KEPULAUAN MERANTI", "name": "KEPULAUAN MERANTI" }, "geometry": { "type": "MultiPolygon", "coordinates": [ [ [ [ 103.0503, 0.7562 ], [ 103.0489, 0.719 ], [ 103.0202, 0.6855 ], [ 102.992, 0.6908 ], [ 102.9275, 0.7693 ], [ 102.8608, 0.7926 ], [ 102.6552, 0.789 ], [ 102.5611, 0.7686 ], [ 102.4372, 0.8252 ], [ 102.4084, 0.8862 ], [ 102.4405, 0.9355 ], [ 102.4878, 0.9309 ], [ 102.5887, 1.0011 ], [ 102.6354, 0.9886 ], [ 102.7377, 1.0221 ], [ 102.7499, 0.9975 ], [ 102.7744, 1.0055 ], [ 102.797, 0.9803 ], [ 102.8813, 0.9508 ], [ 102.9441, 0.8879 ], [ 103.0449, 0.8262 ], [ 103.0503, 0.7562 ] ] ], [ [ [ 103.0908, 0.7172 ], [ 103.0756, 0.7381 ], [ 103.0809, 0.7784 ], [ 103.1055, 0.7986 ], [ 103.1156, 0.7385 ], [ 103.0908, 0.7172 ] ] ], [ [ [ 103.0986, 0.8272 ], [ 102.9554, 0.9054 ], [ 102.8849, 0.9666 ], [ 102.8058, 0.9918 ], [ 102.7906, 1.0252 ], [ 102.8165, 1.033 ], [ 102.8201, 1.0495 ], [ 102.7781, 1.0194 ], [ 102.7318, 1.0395 ], [ 102.6436, 1.0069 ], [ 102.6228, 1.019 ], [ 102.6564, 1.0345 ], [ 102.6877, 1.1179 ], [ 102.7475, 1.1576 ], [ 102.8329, 1.1449 ], [ 102.9722, 1.0962 ], [ 103.1601, 0.8857 ], [ 103.1464, 0.8405 ], [ 103.0986, 0.8272 ] ] ], [ [ [ 102.4281, 0.9396 ], [ 102.418, 0.9208 ], [ 102.3795, 0.9156 ], [ 102.2759, 1.0054 ], [ 102.2364, 1.1018 ], [ 102.246, 1.1946 ], [ 102.2058, 1.2769 ], [ 102.229, 1.3472 ], [ 102.2133, 1.414 ], [ 102.292, 1.412 ], [ 102.485, 1.2382 ], [ 102.4855, 1.1988 ], [ 102.4386, 1.0706 ], [ 102.4833, 0.9465 ], [ 102.4281, 0.9396 ] ] ], [ [ [ 102.5163, 0.9537 ], [ 102.4997, 0.9454 ], [ 102.4597, 1.0651 ], [ 102.4841, 1.128 ], [ 102.5396, 1.1269 ], [ 102.6145, 1.0471 ], [ 102.6082, 1.0053 ], [ 102.5874, 1.0014 ], [ 102.5163, 0.9537 ] ] ] ] } },
{ "type": "Feature", "properties": { "province": "RIAU", "district": "KOTA DUMAI", "id": "RIAU/KOTA DUMAI", "name": "KOTA DUMAI" }, "geometry": { "type": "Polygon", "coordinates": [ [ [ 101.4222, 1.4583 ], [ 101.4222, 1.4311 ], [ 101.3174, 1.4747 ], [ 101.333, 1.4964 ], [ 101.2696, 1.6549 ], [ 101.0602, 1.9551 ], [ 101.0093, 2.1236 ], [ 101.0252, 2.1847 ], [ 101.0545, 2.2674 ], [ 101.0618, 2.2753 ], [ 101.0813, 2.2131 ], [ 101.305, 2.0411 ], [ 101.3638, 1.8316 ], [ 101.3575, 1.7782 ], [ 101.4005, 1.7068 ], [ 101.4814, 1.6828 ], [ 101.513, 1.6529 ], [ 101.5617, 1.6371 ], [ 101.726, 1.672 ], [ 101.69, 1.5158 ], [ 101.6262, 1.5174 ], [ 101.5788, 1.54 ], [ 101.5149, 1.4817 ], [ 101.4812, 1.482 ], [ 101.4755, 1.4564 ], [ 101.4222, 1.4583 ] ] ] } },
{ "type": "Feature", "properties": { "province": "RIAU", "district": "KOTA PEKANBARU", "id": "RIAU/KOTA PEKANBARU", "name": "KOTA PEKANBARU" }, "geometry": { "type": "Polygon", "coordinates": [ [ [ 101.5821, 0.5069 ], [ 101.5886, 0.4741 ], [ 101.5691, 0.4687 ], [ 101.5671, 0.4252 ], [ 101.477, 0.456 ], [ 101.4536, 0.4427 ], [ 101.4474, 0.417 ], [ 101.3629, 0.432 ], [ 101.3497, 0.4906 ], [ 101.3748, 0.5542 ], [ 101.3279, 0.606 ], [ 101.375, 0.6444 ], [ 101.3973, 0.6924 ], [ 101.4891, 0.6513 ], [ 101.5403, 0.658 ], [ 101.5914, 0.6066 ], [ 101.5785, 0.5971 ], [ 101.5759, 0.5481 ], [ 101.5929, 0.5319 ], [ 101.5821, 0.5069 ] ] ] } },
{ "type": "Feature", "properties": { "province": "RIAU", "district": "KUANTAN SINGINGI", "id": "RIAU/KUANTAN SINGINGI", "name": "KUANTAN SINGINGI" }, "geometry": { "type": "Polygon", "coordinates": [ [ [ 101.8557, -0.968 ], [ 101.8418, -0.9831 ], [ 101.7987, -0.9684 ], [ 101.7557, -0.9749 ], [ 101.6931, -0.9438 ], [ 101.7126, -0.8686 ], [ 101.6886, -0.8702 ], [ 101.6694, -0.8353 ], [ 101.6166, -0.8244 ], [ 101.5582, -0.8345 ], [ 101.5, -0.8093 ], [ 101.3074, -0.6293 ], [ 101.2496, -0.6255 ], [ 101.1679, -0.5396 ], [ 101.1097, -0.5021 ], [ 101.0713, -0.5031 ], [ 101.0253, -0.3947 ], [ 101.0429, -0.3823 ], [ 101.041, -0.3627 ], [ 101.0474, -0.377 ], [ 101.1189, -0.3865 ], [ 101.143, -0.3336 ], [ 101.1418, -0.2895 ], [ 101.1665, -0.2606 ], [ 101.158, -0.2362 ], [ 101.1769, -0.2341 ], [ 101.2019, -0.1832 ], [ 101.1938, -0.1184 ], [ 101.2722, -0.0045 ], [ 101.3682, -0.1488 ], [ 101.4099, -0.0739 ], [ 101.4512, -0.1273 ], [ 101.4701, -0.1289 ], [ 101.4831, -0.1007 ], [ 101.5289, -0.1184 ], [ 101.6117, -0.2357 ], [ 101.6608, -0.2393 ], [ 101.667, -0.2542 ], [ 101.7126, -0.2653 ], [ 101.733, -0.3109 ], [ 101.7547, -0.3123 ], [ 101.7477, -0.3521 ], [ 101.8046, -0.3807 ], [ 101.8303, -0.3776 ], [ 101.8494, -0.4044 ], [ 101.8926, -0.3957 ], [ 101.9063, -0.5381 ], [ 101.8057, -0.6602 ], [ 101.7768, -0.7959 ], [ 101.7827, -0.8425 ], [ 101.8397, -0.8802 ], [ 101.8503, -0.9219 ], [ 101.9147, -0.8831 ], [ 101.9279, -0.9052 ], [ 101.9072, -0.9506 ], [ 101.8557, -0.968 ] ] ] } },
{ "type": "Feature", "properties": { "province": "RIAU", "district": "PELALAWAN", "id": "RIAU/PELALAWAN", "name": "PELALAWAN" }, "geometry": { "type": "MultiPolygon", "coordinates": [ [ [ [ 102.0932, -0.2786 ], [ 101.9608, -0.4065 ], [ 101.8789, -0.3919 ], [ 101.8494, -0.4044 ], [ 101.8303, -0.3776 ], [ 101.8046, -0.3807 ], [ 101.7477, -0.3521 ], [ 101.7547, -0.3123 ], [ 101.733, -0.3109 ], [ 101.7126, -0.2653 ], [ 101.667, -0.2542 ], [ 101.6608, -0.2393 ], [ 101.611, -0.2351 ], [ 101.5229, -0.1176 ], [ 101.5147, -0.0376 ], [ 101.534, 0.0296 ], [ 101.5686, 0.0519 ], [ 101.5914, 0.1885 ], [ 101.5652, 0.2184 ], [ 101.5743, 0.2539 ], [ 101.5805, 0.268 ], [ 101.6827, 0.2757 ], [ 101.6588, 0.3218 ], [ 101.6874, 0.3831 ], [ 101.6142, 0.3946 ], [ 101.5906, 0.4236 ], [ 101.5691, 0.4687 ], [ 101.5886, 0.4741 ], [ 101.5889, 0.5279 ], [ 101.6646, 0.5374 ], [ 101.6717, 0.4078 ], [ 101.6922, 0.4194 ], [ 101.6975, 0.4458 ], [ 101.7179, 0.4499 ], [ 101.7943, 0.4075 ], [ 101.8443, 0.4496 ], [ 101.8417, 0.4951 ], [ 101.8863, 0.4712 ], [ 101.8781, 0.4493 ], [ 101.9147, 0.4599 ], [ 101.9198, 0.5209 ], [ 101.9734, 0.5502 ], [ 101.9775, 0.5719 ], [ 102.8482, 0.6667 ], [ 102.8798, 0.7112 ], [ 102.9082, 0.7192 ], [ 103.1056, 0.5087 ], [ 103.1214, 0.463 ], [ 102.9548, 0.3807 ], [ 102.9, 0.336 ], [ 102.7942, 0.2935 ], [ 102.859, 0.1531 ], [ 102.7819, 0.1171 ], [ 102.5656, 0.0932 ], [ 102.5034, 0.0299 ], [ 102.4797, -0.0889 ], [ 102.4329, -0.1474 ], [ 102.3681, -0.1788 ], [ 102.2137, -0.1692 ], [ 102.1906, -0.1863 ], [ 102.1652, -0.2636 ], [ 102.0932, -0.2786 ] ] ], [ [ [ 103.0957, 0.3204 ], [ 103.0196, 0.2986 ], [ 103.0081, 0.3324 ], [ 103.0705, 0.3767 ], [ 103.1675, 0.4072 ], [ 103.2119, 0.4835 ], [ 103.3028, 0.5118 ], [ 103.3315, 0.5473 ], [ 103.3573, 0.5374 ], [ 103.3369, 0.4853 ], [ 103.2636, 0.4522 ], [ 103.1449, 0.3404 ], [ 103.0957, 0.3204 ] ] ], [ [ [ 103.2286, 0.5233 ], [ 103.1655, 0.4996 ], [ 103.1383, 0.5535 ], [ 103.1495, 0.6667 ], [ 103.1912, 0.7004 ], [ 103.2507, 0.6853 ], [ 103.3021, 0.6015 ], [ 103.2849, 0.5284 ], [ 103.2286, 0.5233 ] ] ] ] } },
{ "type": "Feature", "properties": { "province": "RIAU", "district": "ROKAN HILIR", "id": "RIAU/ROKAN HILIR", "name": "ROKAN HILIR" }, "geometry": { "type": "MultiPolygon", "coordinates": [ [ [ [ 100.8032, 1.2688 ], [ 100.786, 1.2433 ], [ 100.7059, 1.2445 ], [ 100.6643, 1.2906 ], [ 100.6282, 1.2313 ], [ 100.6072, 1.2242 ], [ 100.459, 1.327 ], [ 100.4584, 1.3432 ], [ 100.4119, 1.3827 ], [ 100.3336, 1.4334 ], [ 100.3443, 1.4372 ], [ 100.2794, 1.4662 ], [ 100.2859, 1.4789 ], [ 100.3218, 1.4775 ], [ 100.3237, 1.4595 ], [ 100.3882, 1.4555 ], [ 100.4131, 1.465 ], [ 100.4258, 1.502 ], [ 100.404, 1.5859 ], [ 100.407, 1.6728 ], [ 100.3203, 1.6805 ], [ 100.3523, 1.7378 ], [ 100.3537, 1.7822 ], [ 100.2962, 1.7912 ], [ 100.2777, 1.8135 ], [ 100.2815, 1.8651 ], [ 100.3144, 1.9096 ], [ 100.3155, 2.0524 ], [ 100.3636, 2.1689 ], [ 100.3651, 2.2108 ], [ 100.3008, 2.3401 ], [ 100.2955, 2.4282 ], [ 100.3235, 2.5475 ], [ 100.387, 2.3089 ], [ 100.4819, 2.2134 ], [ 100.4734, 2.2018 ], [ 100.4872, 2.2079 ], [ 100.5348, 2.1801 ], [ 100.5428, 2.1503 ], [ 100.5579, 2.1599 ], [ 100.5852, 2.1344 ], [ 100.6831, 2.1215 ], [ 100.7778, 2.0825 ], [ 100.8744, 1.9826 ], [ 100.886, 1.9241 ], [ 100.9004, 1.9343 ], [ 100.8849, 2.035 ], [ 100.8536, 2.0819 ], [ 100.7934, 2.1158 ], [ 100.7679, 2.2241 ], [ 100.8005, 2.2608 ], [ 100.8673, 2.2442 ], [ 100.8631, 2.3007 ], [ 100.9458, 2.3045 ], [ 101.0602, 2.2812 ], [ 101.0093, 2.1236 ], [ 101.0602, 1.9551 ], [ 101.2696, 1.6549 ], [ 101.333, 1.4963 ], [ 101.3174, 1.4747 ], [ 101.1685, 1.4416 ], [ 101.0128, 1.351 ], [ 100.9475, 1.3512 ], [ 100.9534, 1.4045 ], [ 100.9319, 1.3979 ], [ 100.8294, 1.3234 ], [ 100.8032, 1.2688 ] ] ], [ [ [ 100.6634, 2.1984 ], [ 100.6848, 2.1595 ], [ 100.6422, 2.1868 ], [ 100.6321, 2.2321 ], [ 100.6634, 2.1984 ] ] ], [ [ [ 100.7861, 2.1221 ], [ 100.7414, 2.1412 ], [ 100.7192, 2.1776 ], [ 100.7088, 2.2153 ], [ 100.7343, 2.2568 ], [ 100.7515, 2.2543 ], [ 100.7861, 2.1221 ] ] ], [ [ [ 100.5627, 2.8832 ], [ 100.5665, 2.8805 ], [ 100.566, 2.8763 ], [ 100.5615, 2.8822 ], [ 100.5627, 2.8832 ] ] ] ] } },
{ "type": "Feature", "properties": { "province": "RIAU", "district": "ROKAN HULU", "id": "RIAU/ROKAN HULU", "name": "ROKAN HULU" }, "geometry": { "type": "Polygon", "coordinates": [ [ [ 100.8413, 0.4329 ], [ 100.8389, 0.3754 ], [ 100.8055, 0.3535 ], [ 100.7727, 0.3898 ], [ 100.7425, 0.3778 ], [ 100.7205, 0.3905 ], [ 100.5717, 0.5322 ], [ 100.5121, 0.4578 ], [ 100.4745, 0.4494 ], [ 100.4479, 0.4188 ], [ 100.4198, 0.4239 ], [ 100.3758, 0.3893 ], [ 100.3442, 0.3845 ], [ 100.2745, 0.4136 ], [ 100.2412, 0.4922 ], [ 100.2158, 0.5143 ], [ 100.2372, 0.5426 ], [ 100.1765, 0.5739 ], [ 100.1868, 0.6266 ], [ 100.2408, 0.6793 ], [ 100.2399, 0.7332 ], [ 100.2072, 0.7378 ], [ 100.1193, 0.83 ], [ 100.1239, 0.8469 ], [ 100.1379, 0.8442 ], [ 100.1284, 0.9368 ], [ 100.1479, 0.9658 ], [ 100.1395, 0.9842 ], [ 100.1666, 0.9984 ], [ 100.1402, 1.0294 ], [ 100.1402, 1.0608 ], [ 100.1235, 1.063 ], [ 100.1223, 1.091 ], [ 100.1418, 1.1172 ], [ 100.184, 1.1243 ], [ 100.1354, 1.1683 ], [ 100.12, 1.2551 ], [ 100.0746, 1.2759 ], [ 100.0275, 1.3293 ], [ 100.0411, 1.3916 ], [ 100.2005, 1.3987 ], [ 100.3336, 1.4334 ], [ 100.4119, 1.3827 ], [ 100.4584, 1.3432 ], [ 100.459, 1.327 ], [ 100.6167, 1.2226 ], [ 100.6643, 1.2906 ], [ 100.7, 1.2462 ], [ 100.786, 1.2433 ], [ 100.8296, 1.3236 ], [ 100.9534, 1.4045 ], [ 100.9076, 1.0308 ], [ 100.7715, 0.8653 ], [ 100.6914, 0.8216 ], [ 100.7004, 0.8108 ], [ 100.6566, 0.7459 ], [ 100.594, 0.7001 ], [ 100.6768, 0.5895 ], [ 100.7716, 0.5282 ], [ 100.7932, 0.5449 ], [ 100.8086, 0.5294 ], [ 100.8387, 0.476 ], [ 100.8413, 0.4329 ] ] ] } },
{ "type": "Feature", "properties": { "province": "RIAU", "district": "SIAK", "id": "RIAU/SIAK", "name": "SIAK" }, "geometry": { "type": "Polygon", "coordinates": [ [ [ 101.8334, 0.5003 ], [ 101.8499, 0.4752 ], [ 101.8443, 0.4496 ], [ 101.7943, 0.4075 ], [ 101.7179, 0.4499 ], [ 101.6975, 0.4458 ], [ 101.6922, 0.4194 ], [ 101.6717, 0.4078 ], [ 101.6646, 0.5374 ], [ 101.593, 0.5293 ], [ 101.5776, 0.5434 ], [ 101.5785, 0.5971 ], [ 101.5914, 0.6066 ], [ 101.5714, 0.6387 ], [ 101.5498, 0.6384 ], [ 101.5403, 0.6581 ], [ 101.4891, 0.6513 ], [ 101.4408, 0.666 ], [ 101.3973, 0.6924 ], [ 101.3782, 0.6626 ], [ 101.3143, 0.6972 ], [ 101.3348, 0.7974 ], [ 101.3057, 0.8008 ], [ 101.2517, 0.84 ], [ 101.2414, 0.8818 ], [ 101.2255, 0.8904 ], [ 101.2304, 0.9257 ], [ 101.211, 0.9256 ], [ 101.2164, 1.0046 ], [ 101.1474, 1.0049 ], [ 101.1474, 0.9725 ], [ 101.0108, 0.9726 ], [ 100.9069, 1.0299 ], [ 100.9326, 1.2485 ], [ 101.2304, 1.0069 ], [ 101.2824, 1.0604 ], [ 101.3398, 1.0282 ], [ 101.4335, 1.0161 ], [ 101.5394, 0.9254 ], [ 101.7119, 1.1971 ], [ 101.8139, 1.1689 ], [ 101.8507, 1.1379 ], [ 101.8842, 1.0431 ], [ 101.8405, 0.9468 ], [ 101.9019, 0.9471 ], [ 101.9122, 0.9621 ], [ 101.969, 0.9605 ], [ 102.1319, 1.1769 ], [ 102.1633, 1.191 ], [ 102.1794, 1.2304 ], [ 102.2083, 1.1906 ], [ 102.192, 1.0872 ], [ 102.2259, 1.0001 ], [ 102.3349, 0.9045 ], [ 102.4109, 0.8081 ], [ 102.5288, 0.7444 ], [ 102.5939, 0.7366 ], [ 102.6952, 0.7549 ], [ 102.7674, 0.7312 ], [ 102.8496, 0.7388 ], [ 102.9007, 0.721 ], [ 102.8482, 0.6667 ], [ 101.9775, 0.5719 ], [ 101.9734, 0.5502 ], [ 101.9198, 0.5209 ], [ 101.9147, 0.4599 ], [ 101.8948, 0.4494 ], [ 101.8781, 0.4493 ], [ 101.8855, 0.5105 ], [ 101.8334, 0.5003 ] ] ] } },
{ "type": "Feature", "properties": { "province": "SULAWESI BARAT", "district": "MAJENE", "id": "SULAWESI BARAT/MAJENE", "name": "MAJENE" }, "geometry": { "type": "Polygon", "coordinates": [ [ [ 118.9448, -3.5576 ], [ 118.9351, -3.569 ], [ 118.8786, -3.4755 ], [ 118.8702, -3.3979 ], [ 118.8443, -3.3783 ], [ 118.8418, -3.3277 ], [ 118.8576, -3.3014 ], [ 118.8286, -3.2322 ], [ 118.8404, -3.2136 ], [ 118.8298, -3.1705 ], [ 118.7762, -3.1028 ], [ 118.7976, -3.0706 ], [ 118.8245, -3.089 ], [ 118.8396, -3.0814 ], [ 118.8607, -3.0318 ], [ 118.8484, -2.9898 ], [ 118.876, -2.9231 ], [ 118.8937, -2.9328 ], [ 118.9435, -2.9153 ], [ 118.9942, -2.9275 ], [ 119.0098, -2.9569 ], [ 119.0968, -3.0036 ], [ 119.0595, -3.0497 ], [ 119.0675, -3.1033 ], [ 119.0434, -3.0863 ], [ 118.9588, -3.0864 ], [ 118.9461, -3.1059 ], [ 118.9535, -3.1587 ], [ 118.9109, -3.1695 ], [ 118.8988, -3.1896 ], [ 118.9212, -3.2974 ], [ 118.9051, -3.3275 ], [ 118.9158, -3.4091 ], [ 119.0058, -3.5331 ], [ 119.0005, -3.5633 ], [ 118.9684, -3.5449 ], [ 118.9448, -3.5576 ] ] ] } },
{ "type": "Feature", "properties": { "province": "SULAWESI BARAT", "district": "MAMASA", "id": "SULAWESI BARAT/MAMASA", "name": "MAMASA" }, "geometry": { "type": "Polygon", "coordinates": [ [ [ 119.4368, -3.2976 ], [ 119.4452, -3.3321 ], [ 119.4402, -3.3383 ], [ 119.4327, -3.3227 ], [ 119.3043, -3.2632 ], [ 119.2238, -3.0724 ], [ 119.148, -3.1173 ], [ 119.1124, -3.0927 ], [ 119.0661, -3.1077 ], [ 119.0595, -3.0497 ], [ 119.0968, -3.0036 ], [ 119.0257, -2.9606 ], [ 119.0337, -2.9287 ], [ 119.0108, -2.854 ], [ 119.0251, -2.8061 ], [ 119.013, -2.7751 ], [ 119.061, -2.7048 ], [ 119.0808, -2.7024 ], [ 119.1229, -2.6568 ], [ 119.152, -2.6718 ], [ 119.192, -2.6619 ], [ 119.232, -2.7124 ], [ 119.2982, -2.7084 ], [ 119.3051, -2.729 ], [ 119.3769, -2.7469 ], [ 119.4107, -2.7821 ], [ 119.4849, -2.7405 ], [ 119.5528, -2.7285 ], [ 119.5834, -2.7476 ], [ 119.5615, -2.8122 ], [ 119.5688, -2.8704 ], [ 119.5507, -2.8978 ], [ 119.5767, -2.9511 ], [ 119.5652, -2.9965 ], [ 119.6366, -3.1277 ], [ 119.6066, -3.1192 ], [ 119.5362, -3.1393 ], [ 119.5156, -3.1717 ], [ 119.4756, -3.1911 ], [ 119.43, -3.1725 ], [ 119.3715, -3.1971 ], [ 119.4306, -3.2632 ], [ 119.4368, -3.2976 ] ] ] } },
{ "type": "Feature", "properties": { "province": "SULAWESI BARAT", "district": "MAMUJU", "id": "SULAWESI BARAT/MAMUJU", "name": "MAMUJU" }, "geometry": { "type": "MultiPolygon", "coordinates": [ [ [ [ 119.0109, -2.8534 ], [ 119.0337, -2.9287 ], [ 119.0272, -2.9637 ], [ 118.9769, -2.923 ], [ 118.9435, -2.9153 ], [ 118.8842, -2.9303 ], [ 118.886, -2.8873 ], [ 118.8512, -2.8522 ], [ 118.7695, -2.8669 ], [ 118.7583, -2.7605 ], [ 118.783, -2.7465 ], [ 118.7776, -2.6845 ], [ 118.8159, -2.6221 ], [ 118.8727, -2.681 ], [ 118.9996, -2.6145 ], [ 119.009, -2.5855 ], [ 119.031, -2.5814 ], [ 119.0408, -2.5084 ], [ 119.1447, -2.4675 ], [ 119.127, -2.4647 ], [ 119.1429, -2.3928 ], [ 119.1222, -2.3225 ], [ 119.1421, -2.2981 ], [ 119.1982, -2.3139 ], [ 119.2043, -2.2905 ], [ 119.2263, -2.286 ], [ 119.2291, -2.2679 ], [ 119.252, -2.2634 ], [ 119.2895, -2.2196 ], [ 119.3132, -2.228 ], [ 119.3351, -2.2014 ], [ 119.3554, -2.2088 ], [ 119.4116, -2.1847 ], [ 119.4339, -2.1941 ], [ 119.4783, -2.1398 ], [ 119.6373, -2.1469 ], [ 119.6516, -2.1977 ], [ 119.6743, -2.2103 ], [ 119.6322, -2.243 ], [ 119.6283, -2.2952 ], [ 119.6736, -2.3394 ], [ 119.6928, -2.3365 ], [ 119.7198, -2.4043 ], [ 119.6943, -2.4606 ], [ 119.7313, -2.5003 ], [ 119.7095, -2.5665 ], [ 119.797, -2.6405 ], [ 119.7525, -2.671 ], [ 119.7467, -2.7145 ], [ 119.6809, -2.7562 ], [ 119.5834, -2.7476 ], [ 119.5528, -2.7285 ], [ 119.4849, -2.7405 ], [ 119.4117, -2.7822 ], [ 119.3769, -2.7469 ], [ 119.3051, -2.729 ], [ 119.2982, -2.7084 ], [ 119.232, -2.7124 ], [ 119.192, -2.6619 ], [ 119.152, -2.6718 ], [ 119.1229, -2.6568 ], [ 119.0808, -2.7024 ], [ 119.061, -2.7048 ], [ 119.0397, -2.7514 ], [ 119.0246, -2.7504 ], [ 119.0109, -2.8534 ] ] ], [ [ [ 118.8906, -2.6515 ], [ 118.8783, -2.631 ], [ 118.8911, -2.6131 ], [ 118.8982, -2.631 ], [ 118.8906, -2.6515 ] ] ], [ [ [ 117.0812, -2.0509 ], [ 117.0869, -2.0732 ], [ 117.0795, -2.0772 ], [ 117.0695, -2.0533 ], [ 117.0812, -2.0509 ] ] ], [ [ [ 117.3525, -2.064 ], [ 117.3435, -2.0568 ], [ 117.3463, -2.0414 ], [ 117.3535, -2.0414 ], [ 117.3525, -2.064 ] ] ] ] } },
{ "type": "Feature", "properties": { "province": "SULAWESI BARAT", "district": "MAMUJU TENGAH", "id": "SULAWESI BARAT/MAMUJU TENGAH", "name": "MAMUJU TENGAH" }, "geometry": { "type": "Polygon", "coordinates": [ [ [ 119.2043, -2.2905 ], [ 119.1982, -2.3139 ], [ 119.1568, -2.299 ], [ 119.1336, -2.3077 ], [ 119.1302, -2.2768 ], [ 119.1522, -2.2394 ], [ 119.1454, -2.2005 ], [ 119.1659, -2.1611 ], [ 119.1879, -2.1525 ], [ 119.2233, -2.0131 ], [ 119.2127, -1.9978 ], [ 119.2899, -1.9525 ], [ 119.333, -1.9616 ], [ 119.3355, -1.914 ], [ 119.3642, -1.8564 ], [ 119.3398, -1.7931 ], [ 119.3713, -1.757 ], [ 119.4392, -1.7282 ], [ 119.4479, -1.7521 ], [ 119.5107, -1.7931 ], [ 119.6599, -1.8373 ], [ 119.705, -1.8376 ], [ 119.7988, -1.7944 ], [ 119.8393, -1.8034 ], [ 119.8713, -1.7809 ], [ 119.8579, -1.8221 ], [ 119.8754, -1.8626 ], [ 119.8569, -1.8763 ], [ 119.8692, -1.8911 ], [ 119.8703, -2.0181 ], [ 119.8212, -2.0541 ], [ 119.8142, -2.1019 ], [ 119.7669, -2.1235 ], [ 119.7619, -2.1454 ], [ 119.6955, -2.2069 ], [ 119.6516, -2.1977 ], [ 119.6373, -2.1469 ], [ 119.4783, -2.1398 ], [ 119.4339, -2.1941 ], [ 119.4116, -2.1847 ], [ 119.3554, -2.2088 ], [ 119.3351, -2.2014 ], [ 119.3132, -2.228 ], [ 119.2895, -2.2196 ], [ 119.252, -2.2634 ], [ 119.2291, -2.2679 ], [ 119.2263, -2.286 ], [ 119.2043, -2.2905 ] ] ] } },
{ "type": "Feature", "properties": { "province": "SULAWESI BARAT", "district": "MAMUJU UTARA", "id": "SULAWESI BARAT/MAMUJU UTARA", "name": "MAMUJU UTARA" }, "geometry": { "type": "Polygon", "coordinates": [ [ [ 119.3677, -1.765 ], [ 119.3459, -1.7784 ], [ 119.3352, -1.8184 ], [ 119.3114, -1.7976 ], [ 119.301, -1.707 ], [ 119.2814, -1.6886 ], [ 119.2849, -1.6582 ], [ 119.3104, -1.629 ], [ 119.3027, -1.6106 ], [ 119.3256, -1.5887 ], [ 119.2881, -1.45 ], [ 119.2905, -1.3923 ], [ 119.3324, -1.3495 ], [ 119.3028, -1.2735 ], [ 119.34, -1.1679 ], [ 119.367, -1.1712 ], [ 119.3857, -1.1371 ], [ 119.4606, -1.0738 ], [ 119.526, -0.8973 ], [ 119.5436, -0.8646 ], [ 119.5524, -0.8615 ], [ 119.5598, -0.8488 ], [ 119.5619, -0.8472 ], [ 119.5651, -0.8467 ], [ 119.5569, -1.0095 ], [ 119.5753, -1.0183 ], [ 119.6073, -1.1541 ], [ 119.5722, -1.149 ], [ 119.5648, -1.2013 ], [ 119.5421, -1.2005 ], [ 119.524, -1.2515 ], [ 119.4733, -1.2978 ], [ 119.4817, -1.3094 ], [ 119.5236, -1.2944 ], [ 119.5225, -1.3107 ], [ 119.4643, -1.3186 ], [ 119.4485, -1.3609 ], [ 119.4793, -1.399 ], [ 119.5022, -1.3929 ], [ 119.5094, -1.4169 ], [ 119.5187, -1.412 ], [ 119.5083, -1.4508 ], [ 119.5421, -1.4218 ], [ 119.5466, -1.4374 ], [ 119.5833, -1.4254 ], [ 119.5922, -1.3965 ], [ 119.6414, -1.4041 ], [ 119.6955, -1.4509 ], [ 119.6711, -1.544 ], [ 119.7334, -1.605 ], [ 119.7278, -1.6435 ], [ 119.7505, -1.6434 ], [ 119.7975, -1.7392 ], [ 119.8269, -1.7674 ], [ 119.8714, -1.7807 ], [ 119.8393, -1.8034 ], [ 119.7988, -1.7944 ], [ 119.705, -1.8376 ], [ 119.6599, -1.8373 ], [ 119.5107, -1.7931 ], [ 119.4479, -1.7521 ], [ 119.4392, -1.7282 ], [ 119.3677, -1.765 ] ] ] } },
{ "type": "Feature", "properties": { "province": "SULAWESI BARAT", "district": "POLEWALI MANDAR", "id": "SULAWESI BARAT/POLEWALI MANDAR", "name": "POLEWALI MANDAR" }, "geometry": { "type": "Polygon", "coordinates": [ [ [ 119.0187, -3.5198 ], [ 119.0057, -3.533 ], [ 118.9848, -3.4973 ], [ 118.97, -3.499 ], [ 118.9158, -3.4091 ], [ 118.9051, -3.3275 ], [ 118.9212, -3.2974 ], [ 118.9033, -3.1783 ], [ 118.9535, -3.1587 ], [ 118.9461, -3.1059 ], [ 118.9588, -3.0864 ], [ 119.0446, -3.0865 ], [ 119.0812, -3.1131 ], [ 119.123, -3.0941 ], [ 119.148, -3.1173 ], [ 119.2238, -3.0724 ], [ 119.2538, -3.1265 ], [ 119.2562, -3.1658 ], [ 119.2889, -3.2013 ], [ 119.2952, -3.2527 ], [ 119.4327, -3.3227 ], [ 119.4305, -3.3463 ], [ 119.4653, -3.3774 ], [ 119.4692, -3.4353 ], [ 119.4926, -3.4838 ], [ 119.4741, -3.5029 ], [ 119.4264, -3.4727 ], [ 119.4278, -3.4596 ], [ 119.4114, -3.4667 ], [ 119.3865, -3.4498 ], [ 119.3733, -3.4633 ], [ 119.3428, -3.4336 ], [ 119.2994, -3.4249 ], [ 119.2341, -3.4866 ], [ 119.136, -3.494 ], [ 119.111, -3.5168 ], [ 119.0647, -3.5025 ], [ 119.0187, -3.5198 ] ] ] } },
{ "type": "Feature", "properties": { "province": "SULAWESI SELATAN", "district": "BANTAENG", "id": "SULAWESI SELATAN/BANTAENG", "name": "BANTAENG" }, "geometry": { "type": "Polygon", "coordinates": [ [ [ 120.0985, -5.5702 ], [ 120.1013, -5.5857 ], [ 120.0836, -5.5883 ], [ 119.9369, -5.5443 ], [ 119.9073, -5.5768 ], [ 119.9001, -5.5572 ], [ 119.8563, -5.5543 ], [ 119.8536, -5.5158 ], [ 119.876, -5.5274 ], [ 119.8798, -5.4903 ], [ 119.9369, -5.4081 ], [ 119.9374, -5.3556 ], [ 119.9597, -5.3556 ], [ 119.9832, -5.3919 ], [ 120.0288, -5.3933 ], [ 120.0914, -5.4912 ], [ 120.0985, -5.5702 ] ] ] } },
{ "type": "Feature", "properties": { "province": "SULAWESI SELATAN", "district": "BARRU", "id": "SULAWESI SELATAN/BARRU", "name": "BARRU" }, "geometry": { "type": "Polygon", "coordinates": [ [ [ 119.77, -4.755 ], [ 119.7487, -4.7971 ], [ 119.692, -4.7829 ], [ 119.6814, -4.769 ], [ 119.6959, -4.7566 ], [ 119.6922, -4.7215 ], [ 119.6594, -4.7234 ], [ 119.6636, -4.6569 ], [ 119.6447, -4.6413 ], [ 119.6194, -4.5666 ], [ 119.5938, -4.5567 ], [ 119.5812, -4.5302 ], [ 119.6034, -4.4865 ], [ 119.5971, -4.4159 ], [ 119.6365, -4.319 ], [ 119.5952, -4.2431 ], [ 119.6254, -4.236 ], [ 119.6088, -4.2164 ], [ 119.6382, -4.1741 ], [ 119.6143, -4.1452 ], [ 119.6205, -4.1127 ], [ 119.6064, -4.1028 ], [ 119.6203, -4.0671 ], [ 119.7125, -4.0812 ], [ 119.7494, -4.129 ], [ 119.7297, -4.1739 ], [ 119.7564, -4.2065 ], [ 119.7061, -4.2305 ], [ 119.7548, -4.2847 ], [ 119.755, -4.4725 ], [ 119.7856, -4.4978 ], [ 119.8077, -4.5492 ], [ 119.7972, -4.5966 ], [ 119.7576, -4.6268 ], [ 119.7583, -4.6805 ], [ 119.8228, -4.7216 ], [ 119.8053, -4.7625 ], [ 119.77, -4.755 ] ] ] } },
{ "type": "Feature", "properties": { "province": "SULAWESI SELATAN", "district": "BONE", "id": "SULAWESI SELATAN/BONE", "name": "BONE" }, "geometry": { "type": "Polygon", "coordinates": [ [ [ 120.0339, -5.1289 ], [ 119.9239, -5.1333 ], [ 119.8934, -5.0967 ], [ 119.8614, -5.09 ], [ 119.846, -5.0566 ], [ 119.8848, -5.0008 ], [ 119.8971, -4.916 ], [ 119.9338, -4.8867 ], [ 119.921, -4.8574 ], [ 119.9711, -4.778 ], [ 119.8846, -4.7188 ], [ 119.8665, -4.7436 ], [ 119.8127, -4.7662 ], [ 119.8066, -4.8088 ], [ 119.7842, -4.8062 ], [ 119.7694, -4.8239 ], [ 119.7533, -4.8031 ], [ 119.7212, -4.8217 ], [ 119.6968, -4.788 ], [ 119.7487, -4.7971 ], [ 119.7698, -4.7551 ], [ 119.7998, -4.7653 ], [ 119.8219, -4.7417 ], [ 119.8135, -4.7049 ], [ 119.76, -4.6848 ], [ 119.7541, -4.6417 ], [ 119.7977, -4.5957 ], [ 119.803, -4.5356 ], [ 119.855, -4.5377 ], [ 119.9025, -4.5158 ], [ 119.9763, -4.5388 ], [ 119.9939, -4.5208 ], [ 120.0364, -4.5215 ], [ 120.0582, -4.5 ], [ 120.0647, -4.434 ], [ 120.049, -4.3974 ], [ 120.0799, -4.4015 ], [ 120.0962, -4.3856 ], [ 120.0768, -4.3461 ], [ 120.0763, -4.2474 ], [ 120.1107, -4.2482 ], [ 120.1386, -4.2196 ], [ 120.2254, -4.2354 ], [ 120.2518, -4.2726 ], [ 120.2834, -4.2466 ], [ 120.3675, -4.2226 ], [ 120.3649, -4.2986 ], [ 120.3933, -4.3361 ], [ 120.3609, -4.3707 ], [ 120.3473, -4.4257 ], [ 120.4019, -4.4812 ], [ 120.3767, -4.5119 ], [ 120.3849, -4.5487 ], [ 120.4074, -4.5444 ], [ 120.3839, -4.5548 ], [ 120.3989, -4.6072 ], [ 120.4613, -4.6583 ], [ 120.4003, -4.7094 ], [ 120.3833, -4.8379 ], [ 120.3378, -4.8402 ], [ 120.3049, -4.8757 ], [ 120.3147, -4.909 ], [ 120.2952, -4.9214 ], [ 120.311, -4.9382 ], [ 120.2969, -4.9486 ], [ 120.3086, -5.0005 ], [ 120.2837, -5.0553 ], [ 120.29, -5.1115 ], [ 120.2651, -5.1013 ], [ 120.2604, -5.1163 ], [ 120.232, -5.0874 ], [ 120.2074, -5.1003 ], [ 120.1884, -5.0693 ], [ 120.1643, -5.0786 ], [ 120.1312, -5.0443 ], [ 120.0812, -5.0783 ], [ 120.0609, -5.1226 ], [ 120.0339, -5.1289 ] ] ] } },
{ "type": "Feature", "properties": { "province": "SULAWESI SELATAN", "district": "BULUKUMBA", "id": "SULAWESI SELATAN/BULUKUMBA", "name": "BULUKUMBA" }, "geometry": { "type": "Polygon", "coordinates": [ [ [ 120.4577, -5.5718 ], [ 120.4721, -5.6227 ], [ 120.3943, -5.5869 ], [ 120.3521, -5.5195 ], [ 120.3149, -5.5072 ], [ 120.2763, -5.5377 ], [ 120.2204, -5.5402 ], [ 120.1903, -5.566 ], [ 120.1059, -5.5891 ], [ 120.0899, -5.4885 ], [ 120.0288, -5.3933 ], [ 119.9799, -5.3903 ], [ 119.9574, -5.3448 ], [ 120.0, -5.322 ], [ 120.0397, -5.347 ], [ 120.1248, -5.3119 ], [ 120.1405, -5.2883 ], [ 120.1771, -5.3128 ], [ 120.3362, -5.2871 ], [ 120.3618, -5.3246 ], [ 120.4047, -5.3416 ], [ 120.4027, -5.3784 ], [ 120.4337, -5.4452 ], [ 120.423, -5.4621 ], [ 120.4511, -5.4766 ], [ 120.4452, -5.5572 ], [ 120.4577, -5.5718 ] ] ] } },
{ "type": "Feature", "properties": { "province": "SULAWESI SELATAN", "district": "ENREKANG", "id": "SULAWESI SELATAN/ENREKANG", "name": "ENREKANG" }, "geometry": { "type": "Polygon", "coordinates": [ [ [ 119.9389, -3.804 ], [ 119.9011, -3.8241 ], [ 119.8612, -3.8112 ], [ 119.7965, -3.7233 ], [ 119.7593, -3.699 ], [ 119.7608, -3.6715 ], [ 119.7226, -3.6463 ], [ 119.7059, -3.4735 ], [ 119.6856, -3.446 ], [ 119.702, -3.424 ], [ 119.6902, -3.3601 ], [ 119.7213, -3.3525 ], [ 119.7294, -3.3299 ], [ 119.7164, -3.2988 ], [ 119.7705, -3.2739 ], [ 119.7808, -3.2402 ], [ 119.831, -3.2487 ], [ 119.8349, -3.2761 ], [ 119.8506, -3.2807 ], [ 119.8819, -3.257 ], [ 119.9066, -3.2597 ], [ 119.9493, -3.2967 ], [ 119.9964, -3.3026 ], [ 120.002, -3.3339 ], [ 120.0327, -3.3635 ], [ 120.0181, -3.3869 ], [ 120.053, -3.4045 ], [ 120.0988, -3.4765 ], [ 120.0949, -3.5027 ], [ 120.0429, -3.5393 ], [ 120.0153, -3.6092 ], [ 119.9915, -3.6293 ], [ 119.9952, -3.66 ], [ 119.951, -3.6601 ], [ 119.9227, -3.6858 ], [ 119.9406, -3.7619 ], [ 119.9693, -3.7887 ], [ 119.9389, -3.804 ] ] ] } },
{ "type": "Feature", "properties": { "province": "SULAWESI SELATAN", "district": "GOWA", "id": "SULAWESI SELATAN/GOWA", "name": "GOWA" }, "geometry": { "type": "MultiPolygon", "coordinates": [ [ [ [ 119.7799, -5.5628 ], [ 119.7789, -5.5614 ], [ 119.7766, -5.5615 ], [ 119.7692, -5.5696 ], [ 119.7303, -5.5613 ], [ 119.7048, -5.5429 ], [ 119.7053, -5.5054 ], [ 119.6705, -5.5148 ], [ 119.664, -5.4782 ], [ 119.6311, -5.4754 ], [ 119.6483, -5.4528 ], [ 119.6273, -5.4192 ], [ 119.647, -5.3967 ], [ 119.6177, -5.3678 ], [ 119.5861, -5.2898 ], [ 119.5419, -5.3063 ], [ 119.5289, -5.2975 ], [ 119.502, -5.3233 ], [ 119.4639, -5.313 ], [ 119.4563, -5.3298 ], [ 119.4755, -5.3302 ], [ 119.4497, -5.3542 ], [ 119.4571, -5.3755 ], [ 119.4265, -5.398 ], [ 119.4327, -5.4384 ], [ 119.4187, -5.4383 ], [ 119.4214, -5.4103 ], [ 119.3671, -5.4225 ], [ 119.3722, -5.3924 ], [ 119.3924, -5.3862 ], [ 119.4063, -5.3517 ], [ 119.3761, -5.292 ], [ 119.4092, -5.2484 ], [ 119.4109, -5.2063 ], [ 119.3952, -5.1877 ], [ 119.4611, -5.1946 ], [ 119.4636, -5.1771 ], [ 119.513, -5.1949 ], [ 119.5192, -5.1656 ], [ 119.5717, -5.1749 ], [ 119.6005, -5.1527 ], [ 119.6466, -5.1788 ], [ 119.6655, -5.1659 ], [ 119.7481, -5.182 ], [ 119.7984, -5.2114 ], [ 119.8632, -5.1613 ], [ 119.8707, -5.1195 ], [ 119.8585, -5.1073 ], [ 119.8794, -5.0906 ], [ 119.922, -5.1324 ], [ 119.9705, -5.1395 ], [ 119.9768, -5.1636 ], [ 120.0327, -5.1846 ], [ 120.026, -5.2004 ], [ 119.9919, -5.2059 ], [ 119.9977, -5.2307 ], [ 119.9291, -5.3382 ], [ 119.9374, -5.3867 ], [ 119.9084, -5.4202 ], [ 119.8712, -5.4349 ], [ 119.8042, -5.5552 ], [ 119.7799, -5.5628 ] ] ], [ [ [ 119.4294, -5.4526 ], [ 119.4313, -5.4586 ], [ 119.4225, -5.4693 ], [ 119.4191, -5.4542 ], [ 119.4294, -5.4526 ] ] ], [ [ [ 120.3012, -5.0436 ], [ 120.3005, -5.0552 ], [ 120.2836, -5.0657 ], [ 120.285, -5.0447 ], [ 120.3012, -5.0436 ] ] ] ] } },
{ "type": "Feature", "properties": { "province": "SULAWESI SELATAN", "district": "JENEPONTO", "id": "SULAWESI SELATAN/JENEPONTO", "name": "JENEPONTO" }, "geometry": { "type": "MultiPolygon", "coordinates": [ [ [ [ 119.7265, -5.7022 ], [ 119.6474, -5.6821 ], [ 119.6397, -5.6641 ], [ 119.6586, -5.6533 ], [ 119.6543, -5.6339 ], [ 119.6121, -5.6128 ], [ 119.5851, -5.6147 ], [ 119.578, -5.6583 ], [ 119.5542, -5.646 ], [ 119.545, -5.6192 ], [ 119.5732, -5.6069 ], [ 119.5123, -5.5688 ], [ 119.5184, -5.5484 ], [ 119.4871, -5.5107 ], [ 119.4871, -5.4919 ], [ 119.5217, -5.4852 ], [ 119.5059, -5.4566 ], [ 119.5304, -5.4317 ], [ 119.5734, -5.4469 ], [ 119.6391, -5.4308 ], [ 119.6483, -5.4528 ], [ 119.6311, -5.4754 ], [ 119.664, -5.4782 ], [ 119.6696, -5.5143 ], [ 119.6993, -5.5012 ], [ 119.7065, -5.5451 ], [ 119.7866, -5.5695 ], [ 119.8602, -5.4476 ], [ 119.9374, -5.3867 ], [ 119.9235, -5.435 ], [ 119.8795, -5.4909 ], [ 119.876, -5.5274 ], [ 119.8534, -5.5163 ], [ 119.8563, -5.5543 ], [ 119.9001, -5.5572 ], [ 119.9058, -5.583 ], [ 119.865, -5.6104 ], [ 119.8603, -5.6354 ], [ 119.84, -5.6345 ], [ 119.8545, -5.6567 ], [ 119.8442, -5.6696 ], [ 119.7928, -5.7014 ], [ 119.7265, -5.7022 ] ] ], [ [ [ 119.7933, -5.4636 ], [ 119.8041, -5.5005 ], [ 119.7707, -5.538 ], [ 119.7611, -5.5029 ], [ 119.776, -5.4908 ], [ 119.7802, -5.4424 ], [ 119.7933, -5.4636 ] ] ] ] } },
{ "type": "Feature", "properties": { "province": "SULAWESI SELATAN", "district": "KEPULAUAN SELAYAR", "id": "SULAWESI SELATAN/KEPULAUAN SELAYAR", "name": "KEPULAUAN SELAYAR" }, "geometry": { "type": "MultiPolygon", "coordinates": [ [ [ [ 121.7966, -7.4721 ], [ 121.7974, -7.4883 ], [ 121.7235, -7.4926 ], [ 121.7237, -7.4888 ], [ 121.7966, -7.4721 ] ] ], [ [ [ 121.7612, -7.2613 ], [ 121.7788, -7.2726 ], [ 121.7735, -7.2863 ], [ 121.7274, -7.2946 ], [ 121.7612, -7.2613 ] ] ], [ [ [ 121.4793, -7.1533 ], [ 121.4723, -7.1512 ], [ 121.4738, -7.1464 ], [ 121.4791, -7.1478 ], [ 121.4793, -7.1533 ] ] ], [ [ [ 120.7768, -7.1064 ], [ 120.7673, -7.1354 ], [ 120.6619, -7.121 ], [ 120.6536, -7.1275 ], [ 120.6803, -7.1428 ], [ 120.6698, -7.1505 ], [ 120.6333, -7.1334 ], [ 120.6239, -7.1136 ], [ 120.6354, -7.099 ], [ 120.6047, -7.0743 ], [ 120.6276, -7.0525 ], [ 120.6199, -7.0037 ], [ 120.7484, -7.0789 ], [ 120.7857, -7.0592 ], [ 120.7768, -7.1064 ] ] ], [ [ [ 121.782, -7.4213 ], [ 121.7456, -7.4134 ], [ 121.7541, -7.3522 ], [ 121.8272, -7.3329 ], [ 121.8397, -7.3718 ], [ 121.782, -7.4213 ] ] ], [ [ [ 121.103, -7.3933 ], [ 121.0602, -7.3715 ], [ 121.0825, -7.3619 ], [ 121.0821, -7.3038 ], [ 121.1678, -7.3522 ], [ 121.1567, -7.3718 ], [ 121.103, -7.3933 ] ] ], [ [ [ 120.9616, -7.2796 ], [ 121.0639, -7.301 ], [ 121.0515, -7.3266 ], [ 121.0039, -7.3327 ], [ 120.9283, -7.3064 ], [ 120.8304, -7.2985 ], [ 120.7957, -7.2704 ], [ 120.8193, -7.2586 ], [ 120.9191, -7.2845 ], [ 120.9616, -7.2796 ] ] ], [ [ [ 120.5614, -7.0734 ], [ 120.6095, -7.0802 ], [ 120.6119, -7.0901 ], [ 120.5641, -7.0928 ], [ 120.5614, -7.0734 ] ] ], [ [ [ 121.1214, -7.079 ], [ 121.1201, -7.0754 ], [ 121.1221, -7.0683 ], [ 121.1229, -7.0712 ], [ 121.1214, -7.079 ] ] ], [ [ [ 120.8135, -6.8312 ], [ 120.7958, -6.8664 ], [ 120.7796, -6.7996 ], [ 120.7887, -6.7787 ], [ 120.8074, -6.7946 ], [ 120.8135, -6.8312 ] ] ], [ [ [ 121.1553, -6.7163 ], [ 121.1478, -6.7357 ], [ 121.1424, -6.7385 ], [ 121.1412, -6.7455 ], [ 121.1417, -6.7376 ], [ 121.1553, -6.7163 ] ] ], [ [ [ 120.4383, -6.6543 ], [ 120.4421, -6.6773 ], [ 120.4285, -6.7169 ], [ 120.4297, -6.6587 ], [ 120.4383, -6.6543 ] ] ], [ [ [ 120.4363, -6.5807 ], [ 120.4439, -6.6228 ], [ 120.44, -6.6443 ], [ 120.4257, -6.64 ], [ 120.4205, -6.5986 ], [ 120.4363, -6.5807 ] ] ], [ [ [ 120.9997, -6.5446 ], [ 120.997, -6.538 ], [ 120.9996, -6.5313 ], [ 121.0004, -6.5325 ], [ 120.9997, -6.5446 ] ] ], [ [ [ 120.9929, -6.5033 ], [ 120.9859, -6.5039 ], [ 120.9803, -6.5051 ], [ 120.9799, -6.5049 ], [ 121.0015, -6.4941 ], [ 120.9929, -6.5033 ] ] ], [ [ [ 121.1355, -6.4965 ], [ 121.1327, -6.4954 ], [ 121.1318, -6.4904 ], [ 121.1351, -6.4933 ], [ 121.1355, -6.4965 ] ] ], [ [ [ 120.4338, -6.4648 ], [ 120.4324, -6.4836 ], [ 120.422, -6.4888 ], [ 120.4245, -6.4697 ], [ 120.4338, -6.4648 ] ] ], [ [ [ 120.5006, -6.4568 ], [ 120.4829, -6.4983 ], [ 120.4601, -6.4085 ], [ 120.4702, -6.4013 ], [ 120.454, -6.3817 ], [ 120.4719, -6.3814 ], [ 120.4813, -6.2831 ], [ 120.4455, -6.2664 ], [ 120.4451, -6.1981 ], [ 120.4265, -6.1807 ], [ 120.4478, -6.1623 ], [ 120.466, -6.0939 ], [ 120.4505, -6.0612 ], [ 120.4455, -5.9605 ], [ 120.4611, -5.7944 ], [ 120.4916, -5.7676 ], [ 120.5086, -5.7926 ], [ 120.5024, -5.8129 ], [ 120.5302, -5.8441 ], [ 120.5347, -5.9257 ], [ 120.5681, -6.0536 ], [ 120.5515, -6.075 ], [ 120.524, -6.2225 ], [ 120.5383, -6.2476 ], [ 120.5381, -6.3275 ], [ 120.4923, -6.4022 ], [ 120.5099, -6.4427 ], [ 120.5006, -6.4568 ] ] ], [ [ [ 120.4215, -6.1742 ], [ 120.4205, -6.2067 ], [ 120.3986, -6.2026 ], [ 120.4064, -6.128 ], [ 120.4315, -6.1058 ], [ 120.4165, -6.1386 ], [ 120.4215, -6.1742 ] ] ], [ [ [ 120.4898, -5.7395 ], [ 120.4914, -5.7529 ], [ 120.4738, -5.7497 ], [ 120.479, -5.7389 ], [ 120.4898, -5.7395 ] ] ] ] } },
{ "type": "Feature", "properties": { "province": "SULAWESI SELATAN", "district": "KOTA MAKASSAR", "id": "SULAWESI SELATAN/KOTA MAKASSAR", "name": "KOTA MAKASSAR" }, "geometry": { "type": "MultiPolygon", "coordinates": [ [ [ [ 119.3907, -5.1932 ], [ 119.4106, -5.2051 ], [ 119.4013, -5.2333 ], [ 119.3787, -5.195 ], [ 119.4103, -5.1123 ], [ 119.4515, -5.1025 ], [ 119.4467, -5.0855 ], [ 119.4778, -5.059 ], [ 119.5363, -5.0736 ], [ 119.5361, -5.1308 ], [ 119.518, -5.1505 ], [ 119.4932, -5.1507 ], [ 119.5192, -5.1656 ], [ 119.5159, -5.1928 ], [ 119.4636, -5.1771 ], [ 119.4611, -5.1946 ], [ 119.408, -5.1827 ], [ 119.3907, -5.1932 ] ] ], [ [ [ 119.3892, -5.131 ], [ 119.394, -5.1375 ], [ 119.3932, -5.1391 ], [ 119.3899, -5.1371 ], [ 119.3892, -5.131 ] ] ], [ [ [ 119.2879, -5.1026 ], [ 119.2898, -5.1049 ], [ 119.2856, -5.1104 ], [ 119.2841, -5.1044 ], [ 119.2879, -5.1026 ] ] ], [ [ [ 119.4031, -5.0868 ], [ 119.406, -5.0875 ], [ 119.4046, -5.1016 ], [ 119.3976, -5.0958 ], [ 119.4031, -5.0868 ] ] ], [ [ [ 119.3313, -5.0499 ], [ 119.3258, -5.0548 ], [ 119.3221, -5.043 ], [ 119.3291, -5.0416 ], [ 119.3313, -5.0499 ] ] ] ] } },
{ "type": "Feature", "properties": { "province": "SULAWESI SELATAN", "district": "KOTA PALOPO", "id": "SULAWESI SELATAN/KOTA PALOPO", "name": "KOTA PALOPO" }, "geometry": { "type": "Polygon", "coordinates": [ [ [ 120.2225, -3.021 ], [ 120.2298, -3.0429 ], [ 120.216, -3.0567 ], [ 120.1656, -3.0573 ], [ 120.1378, -3.0867 ], [ 120.0829, -3.0311 ], [ 120.0843, -3.0064 ], [ 120.053, -2.9844 ], [ 120.0483, -2.954 ], [ 120.1613, -2.8885 ], [ 120.2165, -2.8959 ], [ 120.2298, -2.9526 ], [ 120.1994, -2.9573 ], [ 120.1881, -2.977 ], [ 120.2108, -2.9874 ], [ 120.2225, -3.021 ] ] ] } },
{ "type": "Feature", "properties": { "province": "SULAWESI SELATAN", "district": "KOTA PARE PARE", "id": "SULAWESI SELATAN/KOTA PARE PARE", "name": "KOTA PARE PARE" }, "geometry": { "type": "Polygon", "coordinates": [ [ [ 119.6343, -4.0741 ], [ 119.6172, -4.0525 ], [ 119.6215, -4.0023 ], [ 119.6641, -3.9613 ], [ 119.6755, -3.9783 ], [ 119.6575, -3.9943 ], [ 119.6577, -4.0307 ], [ 119.6709, -4.0086 ], [ 119.6988, -4.014 ], [ 119.6979, -4.0515 ], [ 119.7146, -4.0768 ], [ 119.6343, -4.0741 ] ] ] } },
{ "type": "Feature", "properties": { "province": "SULAWESI SELATAN", "district": "LUWU", "id": "SULAWESI SELATAN/LUWU", "name": "LUWU" }, "geometry": { "type": "MultiPolygon", "coordinates": [ [ [ [ 120.4177, -3.6323 ], [ 120.4083, -3.6674 ], [ 120.3062, -3.6491 ], [ 120.2307, -3.5924 ], [ 120.2076, -3.5944 ], [ 120.1741, -3.5005 ], [ 120.0986, -3.4858 ], [ 120.053, -3.4045 ], [ 120.0181, -3.3869 ], [ 120.0439, -3.3532 ], [ 120.0248, -3.2816 ], [ 119.9822, -3.2504 ], [ 119.9841, -3.1887 ], [ 120.0076, -3.1726 ], [ 119.9991, -3.1564 ], [ 120.0214, -3.0807 ], [ 120.0664, -3.0505 ], [ 120.0728, -3.0298 ], [ 120.1388, -3.0868 ], [ 120.1727, -3.0546 ], [ 120.2501, -3.0475 ], [ 120.2611, -3.1056 ], [ 120.2357, -3.0993 ], [ 120.2141, -3.1288 ], [ 120.2602, -3.1064 ], [ 120.2556, -3.16 ], [ 120.3818, -3.2021 ], [ 120.3884, -3.2511 ], [ 120.4076, -3.2607 ], [ 120.4181, -3.249 ], [ 120.4196, -3.2696 ], [ 120.3988, -3.2893 ], [ 120.3916, -3.3822 ], [ 120.3974, -3.3856 ], [ 120.4037, -3.3837 ], [ 120.404, -3.3848 ], [ 120.4045, -3.4314 ], [ 120.3794, -3.4997 ], [ 120.4165, -3.5696 ], [ 120.4177, -3.6323 ] ] ], [ [ [ 120.2645, -2.9352 ], [ 120.2313, -2.9538 ], [ 120.2168, -2.8961 ], [ 120.1712, -2.8865 ], [ 120.0483, -2.954 ], [ 120.0431, -2.9229 ], [ 119.9554, -2.8472 ], [ 119.9602, -2.8064 ], [ 119.9413, -2.7807 ], [ 119.8979, -2.7757 ], [ 119.8721, -2.7407 ], [ 119.9953, -2.7011 ], [ 120.0822, -2.6954 ], [ 120.1019, -2.6659 ], [ 120.1298, -2.6737 ], [ 120.1309, -2.7031 ], [ 120.1824, -2.7639 ], [ 120.2604, -2.8238 ], [ 120.2768, -2.8676 ], [ 120.2672, -2.8942 ], [ 120.288, -2.9142 ], [ 120.2645, -2.9352 ] ] ] ] } },
{ "type": "Feature", "properties": { "province": "SULAWESI SELATAN", "district": "LUWU TIMUR", "id": "SULAWESI SELATAN/LUWU TIMUR", "name": "LUWU TIMUR" }, "geometry": { "type": "Polygon", "coordinates": [ [ [ 120.7098, -2.6417 ], [ 120.673, -2.6446 ], [ 120.6536, -2.6646 ], [ 120.6312, -2.6202 ], [ 120.636, -2.5902 ], [ 120.6207, -2.585 ], [ 120.574, -2.4567 ], [ 120.5424, -2.4284 ], [ 120.5446, -2.3964 ], [ 120.5226, -2.3798 ], [ 120.5305, -2.3316 ], [ 120.4742, -2.2625 ], [ 120.5202, -2.144 ], [ 120.5082, -2.0695 ], [ 120.5213, -2.051 ], [ 120.6151, -2.1567 ], [ 120.7238, -2.2262 ], [ 120.791, -2.2385 ], [ 120.8527, -2.2181 ], [ 120.9606, -2.2337 ], [ 121.0344, -2.2755 ], [ 121.1012, -2.2766 ], [ 121.181, -2.3749 ], [ 121.231, -2.3613 ], [ 121.408, -2.4103 ], [ 121.4421, -2.405 ], [ 121.5598, -2.4911 ], [ 121.6227, -2.488 ], [ 121.6532, -2.5395 ], [ 121.7041, -2.5382 ], [ 121.7904, -2.6604 ], [ 121.7222, -2.7683 ], [ 121.724, -2.808 ], [ 121.6698, -2.8426 ], [ 121.6726, -2.869 ], [ 121.6913, -2.8823 ], [ 121.6855, -2.9008 ], [ 121.6378, -2.8941 ], [ 121.5471, -2.9217 ], [ 121.5254, -2.9621 ], [ 121.4564, -3.0132 ], [ 121.3468, -2.9665 ], [ 121.3287, -2.936 ], [ 121.3577, -2.8993 ], [ 121.3187, -2.8077 ], [ 121.2378, -2.8268 ], [ 121.2201, -2.8585 ], [ 121.1984, -2.8553 ], [ 121.1701, -2.8165 ], [ 121.0817, -2.7794 ], [ 121.0316, -2.7935 ], [ 121.0169, -2.8213 ], [ 120.9779, -2.823 ], [ 120.9772, -2.8062 ], [ 120.9937, -2.8185 ], [ 121.0059, -2.7991 ], [ 121.0172, -2.8086 ], [ 121.0337, -2.7675 ], [ 121.0602, -2.7706 ], [ 121.0679, -2.7382 ], [ 121.0827, -2.7444 ], [ 121.0942, -2.7232 ], [ 121.0789, -2.6968 ], [ 121.037, -2.6943 ], [ 121.0361, -2.6648 ], [ 121.0512, -2.6562 ], [ 121.0211, -2.6504 ], [ 121.0198, -2.6726 ], [ 120.9947, -2.679 ], [ 120.9431, -2.658 ], [ 120.9067, -2.6624 ], [ 120.8913, -2.6403 ], [ 120.8547, -2.6566 ], [ 120.8092, -2.6188 ], [ 120.7554, -2.6201 ], [ 120.7461, -2.6371 ], [ 120.7098, -2.6417 ] ] ] } },
{ "type": "Feature", "properties": { "province": "SULAWESI SELATAN", "district": "LUWU UTARA", "id": "SULAWESI SELATAN/LUWU UTARA", "name": "LUWU UTARA" }, "geometry": { "type": "Polygon", "coordinates": [ [ [ 120.3327, -2.8866 ], [ 120.2953, -2.9181 ], [ 120.2673, -2.8945 ], [ 120.2768, -2.8676 ], [ 120.2604, -2.8238 ], [ 120.1824, -2.7639 ], [ 120.1309, -2.7031 ], [ 120.1298, -2.6737 ], [ 120.1019, -2.6659 ], [ 120.0822, -2.6954 ], [ 119.9953, -2.7011 ], [ 119.8721, -2.7407 ], [ 119.8524, -2.6984 ], [ 119.8476, -2.6118 ], [ 119.797, -2.6405 ], [ 119.7105, -2.5694 ], [ 119.7313, -2.5003 ], [ 119.6943, -2.4606 ], [ 119.7198, -2.4043 ], [ 119.6928, -2.3365 ], [ 119.6736, -2.3394 ], [ 119.6286, -2.2959 ], [ 119.6292, -2.2532 ], [ 119.7065, -2.1981 ], [ 119.7699, -2.121 ], [ 119.8054, -2.1111 ], [ 119.827, -2.0474 ], [ 119.8703, -2.0181 ], [ 119.8839, -2.0463 ], [ 119.9091, -2.0534 ], [ 119.991, -1.966 ], [ 120.0877, -1.9802 ], [ 120.1134, -1.992 ], [ 120.1194, -2.0124 ], [ 120.1791, -2.0344 ], [ 120.2706, -2.0283 ], [ 120.3398, -2.0613 ], [ 120.3888, -1.8975 ], [ 120.4034, -1.8955 ], [ 120.4705, -1.9629 ], [ 120.5213, -2.051 ], [ 120.5082, -2.0695 ], [ 120.5202, -2.144 ], [ 120.4717, -2.254 ], [ 120.5305, -2.3316 ], [ 120.5226, -2.3798 ], [ 120.5446, -2.3964 ], [ 120.5433, -2.43 ], [ 120.5748, -2.4582 ], [ 120.5929, -2.5497 ], [ 120.6044, -2.5394 ], [ 120.6207, -2.585 ], [ 120.6359, -2.59 ], [ 120.6312, -2.6202 ], [ 120.656, -2.6667 ], [ 120.5715, -2.6861 ], [ 120.5654, -2.7237 ], [ 120.518, -2.7697 ], [ 120.487, -2.7898 ], [ 120.4517, -2.7786 ], [ 120.4838, -2.7958 ], [ 120.3327, -2.8866 ] ] ] } },
{ "type": "Feature", "properties": { "province": "SULAWESI SELATAN", "district": "MAROS", "id": "SULAWESI SELATAN/MAROS", "name": "MAROS" }, "geometry": { "type": "Polygon", "coordinates": [ [ [ 119.8623, -5.1135 ], [ 119.8632, -5.1613 ], [ 119.7979, -5.2115 ], [ 119.7481, -5.182 ], [ 119.6655, -5.1659 ], [ 119.6466, -5.1788 ], [ 119.6019, -5.1529 ], [ 119.5717, -5.1749 ], [ 119.502, -5.1621 ], [ 119.4932, -5.1507 ], [ 119.518, -5.1505 ], [ 119.539, -5.1253 ], [ 119.5414, -5.0834 ], [ 119.5277, -5.064 ], [ 119.4781, -5.0592 ], [ 119.4664, -5.026 ], [ 119.5191, -4.9399 ], [ 119.5137, -4.8869 ], [ 119.5977, -4.9055 ], [ 119.6119, -4.8879 ], [ 119.6682, -4.9297 ], [ 119.6737, -4.9526 ], [ 119.7467, -4.929 ], [ 119.7741, -4.9428 ], [ 119.8053, -4.9253 ], [ 119.7937, -4.8676 ], [ 119.8127, -4.7662 ], [ 119.8665, -4.7436 ], [ 119.8846, -4.7188 ], [ 119.9112, -4.7324 ], [ 119.973, -4.7814 ], [ 119.948, -4.7992 ], [ 119.9177, -4.8673 ], [ 119.9338, -4.8867 ], [ 119.8971, -4.916 ], [ 119.8844, -5.0019 ], [ 119.8463, -5.0481 ], [ 119.8623, -5.1135 ] ] ] } },
{ "type": "Feature", "properties": { "province": "SULAWESI SELATAN", "district": "PANGKAJENE DAN KEPULAUAN", "id": "SULAWESI SELATAN/PANGKAJENE DAN KEPULAUAN", "name": "PANGKAJENE DAN KEPULAUAN" }, "geometry": { "type": "MultiPolygon", "coordinates": [ [ [ [ 117.4451, -7.575 ], [ 117.4497, -7.5784 ], [ 117.4555, -7.5885 ], [ 117.4412, -7.5829 ], [ 117.4451, -7.575 ] ] ], [ [ [ 117.1844, -7.4926 ], [ 117.1973, -7.5014 ], [ 117.1779, -7.5084 ], [ 117.1761, -7.4994 ], [ 117.1844, -7.4926 ] ] ], [ [ [ 117.2882, -7.5251 ], [ 117.3119, -7.5293 ], [ 117.3359, -7.528 ], [ 117.2842, -7.5389 ], [ 117.2882, -7.5251 ] ] ], [ [ [ 117.4434, -7.5121 ], [ 117.4399, -7.5304 ], [ 117.4311, -7.5393 ], [ 117.4237, -7.5189 ], [ 117.4434, -7.5121 ] ] ], [ [ [ 117.8119, -7.3964 ], [ 117.8163, -7.4054 ], [ 117.8016, -7.3921 ], [ 117.8081, -7.3919 ], [ 117.8119, -7.3964 ] ] ], [ [ [ 118.4056, -7.1775 ], [ 118.3973, -7.1924 ], [ 118.3845, -7.1975 ], [ 118.38, -7.1958 ], [ 118.37, -7.2004 ], [ 118.3677, -7.1991 ], [ 118.4056, -7.1775 ] ] ], [ [ [ 118.1776, -7.0731 ], [ 118.169, -7.0897 ], [ 118.1522, -7.0913 ], [ 118.1618, -7.0886 ], [ 118.1776, -7.0731 ] ] ], [ [ [ 119.1143, -6.8368 ], [ 119.1222, -6.859 ], [ 119.1012, -6.869 ], [ 119.0957, -6.8679 ], [ 119.1143, -6.8368 ] ] ], [ [ [ 118.8345, -6.57 ], [ 118.8411, -6.5748 ], [ 118.841, -6.5834 ], [ 118.8251, -6.5768 ], [ 118.8345, -6.57 ] ] ], [ [ [ 118.431, -5.414 ], [ 118.4267, -5.4184 ], [ 118.4284, -5.3948 ], [ 118.4368, -5.408 ], [ 118.431, -5.414 ] ] ], [ [ [ 117.9278, -5.3529 ], [ 117.9526, -5.3866 ], [ 117.9488, -5.4072 ], [ 117.9274, -5.3893 ], [ 117.9278, -5.3529 ] ] ], [ [ [ 117.8902, -5.2955 ], [ 117.8857, -5.2521 ], [ 117.8894, -5.234 ], [ 117.8986, -5.2614 ], [ 117.8902, -5.2955 ] ] ], [ [ [ 117.6555, -5.2221 ], [ 117.6525, -5.193 ], [ 117.6622, -5.1757 ], [ 117.6818, -5.1978 ], [ 117.6555, -5.2221 ] ] ], [ [ [ 118.1459, -5.1141 ], [ 118.1515, -5.1196 ], [ 118.1561, -5.1342 ], [ 118.1389, -5.1267 ], [ 118.1459, -5.1141 ] ] ], [ [ [ 117.0508, -5.0906 ], [ 117.0533, -5.0908 ], [ 117.0618, -5.0985 ], [ 117.0473, -5.0979 ], [ 117.0508, -5.0906 ] ] ], [ [ [ 117.0393, -5.0534 ], [ 117.0389, -5.0429 ], [ 117.0404, -5.0404 ], [ 117.0429, -5.0466 ], [ 117.0393, -5.0534 ] ] ], [ [ [ 119.2875, -4.9662 ], [ 119.2893, -4.9675 ], [ 119.2864, -4.9696 ], [ 119.2856, -4.9678 ], [ 119.2875, -4.9662 ] ] ], [ [ [ 119.7241, -4.9397 ], [ 119.6737, -4.9526 ], [ 119.6682, -4.9297 ], [ 119.6119, -4.8879 ], [ 119.598, -4.9055 ], [ 119.53, -4.8923 ], [ 119.507, -4.8683 ], [ 119.4996, -4.819 ], [ 119.4817, -4.8181 ], [ 119.4987, -4.8121 ], [ 119.4823, -4.7515 ], [ 119.5172, -4.7156 ], [ 119.5256, -4.6747 ], [ 119.5938, -4.5567 ], [ 119.6194, -4.5666 ], [ 119.6447, -4.6413 ], [ 119.6636, -4.6569 ], [ 119.6594, -4.7234 ], [ 119.6922, -4.7215 ], [ 119.6959, -4.7566 ], [ 119.6814, -4.769 ], [ 119.7008, -4.8022 ], [ 119.7263, -4.8235 ], [ 119.7533, -4.8031 ], [ 119.7677, -4.8243 ], [ 119.7845, -4.8061 ], [ 119.8102, -4.8192 ], [ 119.7937, -4.8676 ], [ 119.805, -4.9248 ], [ 119.7741, -4.9428 ], [ 119.7467, -4.929 ], [ 119.7241, -4.9397 ] ] ], [ [ [ 119.3209, -4.9305 ], [ 119.3195, -4.926 ], [ 119.3199, -4.9256 ], [ 119.3217, -4.9281 ], [ 119.3209, -4.9305 ] ] ], [ [ [ 119.3976, -4.9484 ], [ 119.3965, -4.9434 ], [ 119.3987, -4.9411 ], [ 119.401, -4.9452 ], [ 119.3976, -4.9484 ] ] ], [ [ [ 119.4197, -4.9402 ], [ 119.4205, -4.9434 ], [ 119.4184, -4.9446 ], [ 119.4179, -4.942 ], [ 119.4197, -4.9402 ] ] ], [ [ [ 119.3417, -4.9476 ], [ 119.3405, -4.9467 ], [ 119.341, -4.9441 ], [ 119.3423, -4.9455 ], [ 119.3417, -4.9476 ] ] ], [ [ [ 119.3403, -4.8852 ], [ 119.341, -4.8867 ], [ 119.3398, -4.8883 ], [ 119.3394, -4.8858 ], [ 119.3403, -4.8852 ] ] ], [ [ [ 119.2673, -4.8829 ], [ 119.2648, -4.8816 ], [ 119.266, -4.879 ], [ 119.2681, -4.8809 ], [ 119.2673, -4.8829 ] ] ], [ [ [ 119.3848, -4.8547 ], [ 119.3878, -4.8559 ], [ 119.3866, -4.8589 ], [ 119.3822, -4.8559 ], [ 119.3848, -4.8547 ] ] ], [ [ [ 119.4184, -4.8247 ], [ 119.4181, -4.8246 ], [ 119.4184, -4.8234 ], [ 119.4195, -4.8224 ], [ 119.4193, -4.8175 ], [ 119.4219, -4.8202 ], [ 119.4184, -4.8247 ] ] ], [ [ [ 119.4357, -4.7782 ], [ 119.4343, -4.7734 ], [ 119.4374, -4.7708 ], [ 119.4356, -4.775 ], [ 119.4357, -4.7782 ] ] ], [ [ [ 119.4477, -4.7731 ], [ 119.4461, -4.7727 ], [ 119.4485, -4.7699 ], [ 119.4487, -4.7701 ], [ 119.4477, -4.7731 ] ] ], [ [ [ 119.4342, -4.7473 ], [ 119.4346, -4.7527 ], [ 119.432, -4.7532 ], [ 119.4312, -4.7481 ], [ 119.4342, -4.7473 ] ] ], [ [ [ 119.0656, -4.7163 ], [ 119.0626, -4.7196 ], [ 119.0604, -4.7187 ], [ 119.0663, -4.7136 ], [ 119.0656, -4.7163 ] ] ], [ [ [ 119.4754, -4.7015 ], [ 119.4779, -4.7046 ], [ 119.4724, -4.7118 ], [ 119.4686, -4.7052 ], [ 119.4754, -4.7015 ] ] ], [ [ [ 119.3287, -4.7072 ], [ 119.3277, -4.7051 ], [ 119.3288, -4.7037 ], [ 119.3303, -4.7052 ], [ 119.3287, -4.7072 ] ] ], [ [ [ 118.9547, -4.6955 ], [ 118.9649, -4.701 ], [ 118.9654, -4.7058 ], [ 118.9508, -4.698 ], [ 118.9547, -4.6955 ] ] ] ] } },
{ "type": "Feature", "properties": { "province": "SULAWESI SELATAN", "district": "PINRANG", "id": "SULAWESI SELATAN/PINRANG", "name": "PINRANG" }, "geometry": { "type": "Polygon", "coordinates": [ [ [ 119.5945, -4.0377 ], [ 119.5844, -4.0332 ], [ 119.5708, -3.9477 ], [ 119.4524, -3.7137 ], [ 119.4581, -3.6418 ], [ 119.5102, -3.597 ], [ 119.5135, -3.5604 ], [ 119.4741, -3.5029 ], [ 119.4924, -3.4746 ], [ 119.475, -3.4576 ], [ 119.4653, -3.3774 ], [ 119.4297, -3.3441 ], [ 119.4452, -3.3321 ], [ 119.4406, -3.2538 ], [ 119.5055, -3.2975 ], [ 119.5555, -3.2701 ], [ 119.5806, -3.2884 ], [ 119.6039, -3.2825 ], [ 119.644, -3.3179 ], [ 119.65, -3.36 ], [ 119.6902, -3.3601 ], [ 119.702, -3.424 ], [ 119.6856, -3.446 ], [ 119.7059, -3.4735 ], [ 119.7226, -3.6463 ], [ 119.7608, -3.6715 ], [ 119.7593, -3.699 ], [ 119.7857, -3.7288 ], [ 119.7512, -3.7573 ], [ 119.7565, -3.8008 ], [ 119.7175, -3.9078 ], [ 119.7036, -3.9063 ], [ 119.6357, -3.9824 ], [ 119.6334, -3.9668 ], [ 119.6123, -3.9839 ], [ 119.5873, -3.9742 ], [ 119.5933, -4.0048 ], [ 119.6144, -4.0042 ], [ 119.5945, -4.0377 ] ] ] } },
{ "type": "Feature", "properties": { "province": "SULAWESI SELATAN", "district": "SIDENRENG RAPPANG", "id": "SULAWESI SELATAN/SIDENRENG RAPPANG", "name": "SIDENRENG RAPPANG" }, "geometry": { "type": "Polygon", "coordinates": [ [ [ 119.8323, -4.1072 ], [ 119.807, -4.1117 ], [ 119.8058, -4.1316 ], [ 119.7494, -4.129 ], [ 119.7072, -4.0793 ], [ 119.7019, -4.0192 ], [ 119.6641, -3.9613 ], [ 119.7246, -3.895 ], [ 119.7565, -3.8008 ], [ 119.7459, -3.784 ], [ 119.7564, -3.745 ], [ 119.7956, -3.7226 ], [ 119.8198, -3.7691 ], [ 119.8751, -3.8187 ], [ 119.9011, -3.8241 ], [ 119.9602, -3.802 ], [ 119.9693, -3.7887 ], [ 119.9406, -3.7619 ], [ 119.9271, -3.6792 ], [ 119.951, -3.6601 ], [ 119.9952, -3.66 ], [ 119.9915, -3.6293 ], [ 120.0153, -3.6092 ], [ 120.0413, -3.5415 ], [ 120.0949, -3.5027 ], [ 120.0961, -3.4831 ], [ 120.1706, -3.498 ], [ 120.1976, -3.5838 ], [ 120.3218, -3.6497 ], [ 120.3311, -3.6795 ], [ 120.292, -3.7197 ], [ 120.2371, -3.7076 ], [ 120.1915, -3.7748 ], [ 120.1503, -3.7731 ], [ 120.1543, -3.7975 ], [ 120.1301, -3.8462 ], [ 120.0575, -3.8549 ], [ 120.0229, -3.9361 ], [ 120.0057, -3.9255 ], [ 119.9162, -3.9325 ], [ 119.8867, -4.019 ], [ 119.9051, -4.0669 ], [ 119.8921, -4.1079 ], [ 119.8323, -4.1072 ] ] ] } },
{ "type": "Feature", "properties": { "province": "SULAWESI SELATAN", "district": "SINJAI", "id": "SULAWESI SELATAN/SINJAI", "name": "SINJAI" }, "geometry": { "type": "MultiPolygon", "coordinates": [ [ [ [ 120.0547, -5.3395 ], [ 120.0397, -5.347 ], [ 119.9979, -5.3221 ], [ 119.9546, -5.3556 ], [ 119.9332, -5.353 ], [ 119.9483, -5.3012 ], [ 119.998, -5.23 ], [ 119.9919, -5.2059 ], [ 120.026, -5.2004 ], [ 120.0327, -5.1846 ], [ 119.9768, -5.1636 ], [ 119.9706, -5.1319 ], [ 120.0556, -5.1259 ], [ 120.0812, -5.0783 ], [ 120.1312, -5.0443 ], [ 120.1643, -5.0786 ], [ 120.1884, -5.0693 ], [ 120.2074, -5.1003 ], [ 120.232, -5.0874 ], [ 120.2595, -5.1159 ], [ 120.2651, -5.1013 ], [ 120.2896, -5.1149 ], [ 120.2708, -5.1436 ], [ 120.3326, -5.29 ], [ 120.1765, -5.3128 ], [ 120.1405, -5.2883 ], [ 120.1248, -5.3119 ], [ 120.0547, -5.3395 ] ] ], [ [ [ 120.3921, -5.1259 ], [ 120.3876, -5.122 ], [ 120.3916, -5.1159 ], [ 120.3965, -5.1223 ], [ 120.3921, -5.1259 ] ] ], [ [ [ 120.4201, -5.102 ], [ 120.4179, -5.0986 ], [ 120.4209, -5.0935 ], [ 120.4219, -5.0954 ], [ 120.4201, -5.102 ] ] ], [ [ [ 120.4244, -5.0493 ], [ 120.4278, -5.0586 ], [ 120.4122, -5.0525 ], [ 120.4209, -5.0428 ], [ 120.4244, -5.0493 ] ] ], [ [ [ 120.3967, -5.0404 ], [ 120.3986, -5.0428 ], [ 120.3962, -5.047 ], [ 120.3955, -5.0421 ], [ 120.3967, -5.0404 ] ] ] ] } },
{ "type": "Feature", "properties": { "province": "SULAWESI SELATAN", "district": "SOPPENG", "id": "SULAWESI SELATAN/SOPPENG", "name": "SOPPENG" }, "geometry": { "type": "Polygon", "coordinates": [ [ [ 119.8319, -4.5294 ], [ 119.8063, -4.5366 ], [ 119.7568, -4.4782 ], [ 119.7548, -4.2847 ], [ 119.7061, -4.2305 ], [ 119.7564, -4.2065 ], [ 119.7297, -4.1739 ], [ 119.737, -4.1397 ], [ 119.7825, -4.1235 ], [ 119.8058, -4.1316 ], [ 119.807, -4.1117 ], [ 119.849, -4.0984 ], [ 119.9328, -4.1345 ], [ 119.9173, -4.1632 ], [ 119.9229, -4.1834 ], [ 119.9492, -4.1838 ], [ 119.9381, -4.2558 ], [ 119.9636, -4.2736 ], [ 120.0398, -4.2615 ], [ 120.0429, -4.2858 ], [ 120.0827, -4.2901 ], [ 120.0768, -4.3461 ], [ 120.0962, -4.3856 ], [ 120.0799, -4.4015 ], [ 120.049, -4.3974 ], [ 120.0646, -4.433 ], [ 120.0606, -4.4867 ], [ 120.0376, -4.5209 ], [ 119.9939, -4.5208 ], [ 119.9763, -4.5388 ], [ 119.9025, -4.5158 ], [ 119.855, -4.5377 ], [ 119.8319, -4.5294 ] ] ] } },
{ "type": "Feature", "properties": { "province": "SULAWESI SELATAN", "district": "TAKALAR", "id": "SULAWESI SELATAN/TAKALAR", "name": "TAKALAR" }, "geometry": { "type": "MultiPolygon", "coordinates": [ [ [ [ 119.4807, -5.5596 ], [ 119.4597, -5.5809 ], [ 119.4709, -5.5935 ], [ 119.4862, -5.584 ], [ 119.489, -5.604 ], [ 119.4399, -5.5964 ], [ 119.4178, -5.5601 ], [ 119.4358, -5.538 ], [ 119.4317, -5.5119 ], [ 119.3618, -5.4155 ], [ 119.354, -5.326 ], [ 119.3837, -5.2144 ], [ 119.4092, -5.2484 ], [ 119.3763, -5.2937 ], [ 119.4063, -5.3517 ], [ 119.3632, -5.4089 ], [ 119.3705, -5.4254 ], [ 119.4214, -5.4103 ], [ 119.4187, -5.441 ], [ 119.4327, -5.4384 ], [ 119.4265, -5.398 ], [ 119.4571, -5.3755 ], [ 119.4496, -5.3564 ], [ 119.4755, -5.3302 ], [ 119.4563, -5.3298 ], [ 119.4639, -5.313 ], [ 119.502, -5.3233 ], [ 119.5606, -5.2909 ], [ 119.5933, -5.2934 ], [ 119.5998, -5.3345 ], [ 119.647, -5.3967 ], [ 119.6273, -5.4192 ], [ 119.6325, -5.435 ], [ 119.5734, -5.4469 ], [ 119.5299, -5.4319 ], [ 119.5057, -5.457 ], [ 119.5217, -5.4852 ], [ 119.4868, -5.4925 ], [ 119.5112, -5.5375 ], [ 119.5024, -5.5588 ], [ 119.4807, -5.5596 ] ] ], [ [ [ 119.3082, -5.5209 ], [ 119.2729, -5.5364 ], [ 119.2723, -5.5201 ], [ 119.2605, -5.5266 ], [ 119.2435, -5.5068 ], [ 119.2545, -5.4839 ], [ 119.2593, -5.5032 ], [ 119.2767, -5.5007 ], [ 119.2689, -5.4504 ], [ 119.2945, -5.4491 ], [ 119.2935, -5.4701 ], [ 119.3203, -5.4756 ], [ 119.3082, -5.5209 ] ] ] ] } },
{ "type": "Feature", "properties": { "province": "SULAWESI SELATAN", "district": "TANA TORAJA", "id": "SULAWESI SELATAN/TANA TORAJA", "name": "TANA TORAJA" }, "geometry": { "type": "Polygon", "coordinates": [ [ [ 119.7135, -3.3119 ], [ 119.7294, -3.3299 ], [ 119.7213, -3.3525 ], [ 119.65, -3.36 ], [ 119.645, -3.3199 ], [ 119.6149, -3.2874 ], [ 119.5727, -3.286 ], [ 119.5584, -3.2697 ], [ 119.5051, -3.2974 ], [ 119.4435, -3.2547 ], [ 119.4322, -3.2677 ], [ 119.3704, -3.2014 ], [ 119.43, -3.1725 ], [ 119.4756, -3.1911 ], [ 119.5156, -3.1717 ], [ 119.5362, -3.1393 ], [ 119.6066, -3.1192 ], [ 119.6365, -3.128 ], [ 119.5652, -2.9965 ], [ 119.5767, -2.9511 ], [ 119.5507, -2.8978 ], [ 119.5688, -2.8704 ], [ 119.5615, -2.8122 ], [ 119.5895, -2.7427 ], [ 119.6884, -2.753 ], [ 119.6747, -2.7696 ], [ 119.6964, -2.8524 ], [ 119.687, -2.8771 ], [ 119.7105, -2.9425 ], [ 119.7331, -2.9526 ], [ 119.7461, -2.9361 ], [ 119.7833, -2.9333 ], [ 119.8035, -3.0291 ], [ 119.8224, -3.0294 ], [ 119.8385, -3.0004 ], [ 119.8535, -3.0459 ], [ 119.8959, -3.018 ], [ 119.8944, -3.0449 ], [ 119.9234, -3.0455 ], [ 119.9483, -3.0728 ], [ 119.967, -3.0635 ], [ 119.9765, -3.1294 ], [ 119.9562, -3.1731 ], [ 119.9851, -3.1872 ], [ 119.9822, -3.2504 ], [ 120.0248, -3.2816 ], [ 120.0438, -3.3587 ], [ 120.0293, -3.3727 ], [ 119.9991, -3.3048 ], [ 119.9483, -3.2962 ], [ 119.922, -3.2644 ], [ 119.8819, -3.257 ], [ 119.8506, -3.2807 ], [ 119.831, -3.2487 ], [ 119.7826, -3.2401 ], [ 119.7719, -3.2726 ], [ 119.7236, -3.2907 ], [ 119.7135, -3.3119 ] ] ] } },
{ "type": "Feature", "properties": { "province": "SULAWESI SELATAN", "district": "TORAJA UTARA", "id": "SULAWESI SELATAN/TORAJA UTARA", "name": "TORAJA UTARA" }, "geometry": { "type": "Polygon", "coordinates": [ [ [ 120.0184, -3.1052 ], [ 119.9991, -3.1564 ], [ 120.0057, -3.1765 ], [ 119.9851, -3.1872 ], [ 119.9562, -3.1731 ], [ 119.9765, -3.1294 ], [ 119.967, -3.0635 ], [ 119.9483, -3.0728 ], [ 119.9234, -3.0455 ], [ 119.8944, -3.0449 ], [ 119.8959, -3.018 ], [ 119.8535, -3.0459 ], [ 119.8385, -3.0004 ], [ 119.8224, -3.0294 ], [ 119.804, -3.0294 ], [ 119.7833, -2.9333 ], [ 119.7257, -2.9513 ], [ 119.6937, -2.8997 ], [ 119.675, -2.7687 ], [ 119.7471, -2.714 ], [ 119.7525, -2.671 ], [ 119.8393, -2.6113 ], [ 119.8544, -2.6238 ], [ 119.8524, -2.6984 ], [ 119.8743, -2.7544 ], [ 119.8979, -2.7757 ], [ 119.9413, -2.7807 ], [ 119.9602, -2.8064 ], [ 119.9554, -2.8472 ], [ 120.0431, -2.9229 ], [ 120.053, -2.9844 ], [ 120.0843, -3.0064 ], [ 120.0833, -3.0307 ], [ 120.0288, -3.0686 ], [ 120.0184, -3.1052 ] ] ] } },
{ "type": "Feature", "properties": { "province": "SULAWESI SELATAN", "district": "WAJO", "id": "SULAWESI SELATAN/WAJO", "name": "WAJO" }, "geometry": { "type": "Polygon", "coordinates": [ [ [ 120.133, -4.2228 ], [ 120.1107, -4.2482 ], [ 120.0763, -4.2474 ], [ 120.0732, -4.2851 ], [ 120.0429, -4.2858 ], [ 120.0398, -4.2615 ], [ 119.9636, -4.2736 ], [ 119.9366, -4.254 ], [ 119.9455, -4.1725 ], [ 119.9723, -4.1825 ], [ 119.9808, -4.1568 ], [ 119.9936, -4.1627 ], [ 119.9831, -4.1526 ], [ 120.0103, -4.1366 ], [ 120.022, -4.0723 ], [ 119.981, -4.0533 ], [ 119.9537, -4.0633 ], [ 119.9428, -4.049 ], [ 119.9479, -4.0692 ], [ 119.9019, -4.0594 ], [ 119.8867, -4.019 ], [ 119.9162, -3.9325 ], [ 120.0057, -3.9255 ], [ 120.0229, -3.9361 ], [ 120.0575, -3.8549 ], [ 120.1301, -3.8462 ], [ 120.1543, -3.7975 ], [ 120.1465, -3.7776 ], [ 120.1928, -3.774 ], [ 120.2371, -3.7076 ], [ 120.2969, -3.7178 ], [ 120.3311, -3.6795 ], [ 120.3281, -3.6499 ], [ 120.411, -3.6631 ], [ 120.438, -3.6889 ], [ 120.4408, -3.7424 ], [ 120.3615, -3.8487 ], [ 120.3359, -3.9377 ], [ 120.3532, -3.9742 ], [ 120.3413, -3.9954 ], [ 120.361, -4.0215 ], [ 120.3308, -4.1079 ], [ 120.3736, -4.1449 ], [ 120.3815, -4.1768 ], [ 120.3661, -4.2242 ], [ 120.2834, -4.2466 ], [ 120.25, -4.2727 ], [ 120.2254, -4.2354 ], [ 120.133, -4.2228 ] ] ] } },
{ "type": "Feature", "properties": { "province": "SULAWESI TENGAH", "district": "BANGGAI", "id": "SULAWESI TENGAH/BANGGAI", "name": "BANGGAI" }, "geometry": { "type": "MultiPolygon", "coordinates": [ [ [ [ 123.311, -1.0509 ], [ 123.2651, -1.0424 ], [ 123.2385, -1.0002 ], [ 123.1691, -0.9526 ], [ 123.1431, -0.9532 ], [ 123.134, -0.8994 ], [ 123.1521, -0.901 ], [ 123.1511, -0.8856 ], [ 123.1002, -0.8355 ], [ 123.06, -0.8715 ], [ 123.0742, -0.8824 ], [ 123.0592, -0.8967 ], [ 123.0372, -0.8943 ], [ 123.0427, -0.8718 ], [ 123.0276, -0.8815 ], [ 123.0395, -0.9089 ], [ 123.0056, -0.8936 ], [ 122.8898, -0.9296 ], [ 122.8563, -0.9173 ], [ 122.8094, -0.9369 ], [ 122.7863, -0.977 ], [ 122.7984, -1.0035 ], [ 122.7284, -1.0864 ], [ 122.7151, -1.1343 ], [ 122.6692, -1.1377 ], [ 122.6618, -1.1645 ], [ 122.6351, -1.1651 ], [ 122.6331, -1.2354 ], [ 122.5599, -1.2681 ], [ 122.56, -1.312 ], [ 122.4183, -1.4406 ], [ 122.3921, -1.493 ], [ 122.304, -1.5329 ], [ 122.2127, -1.606 ], [ 122.206, -1.578 ], [ 122.1805, -1.5881 ], [ 122.1521, -1.5743 ], [ 122.0864, -1.5965 ], [ 122.0437, -1.5922 ], [ 122.0336, -1.5778 ], [ 122.0427, -1.4929 ], [ 122.0127, -1.4531 ], [ 122.0434, -1.4406 ], [ 122.0362, -1.4257 ], [ 122.0541, -1.4116 ], [ 122.0074, -1.3385 ], [ 122.039, -1.3502 ], [ 122.0848, -1.3002 ], [ 122.1008, -1.249 ], [ 122.031, -1.12 ], [ 122.0062, -1.1423 ], [ 122.0031, -1.1284 ], [ 121.9559, -1.1105 ], [ 121.9374, -1.1294 ], [ 121.9195, -1.0942 ], [ 121.8776, -1.0723 ], [ 121.8519, -0.9836 ], [ 121.8637, -0.9668 ], [ 121.9437, -0.9883 ], [ 122.0052, -0.933 ], [ 122.1036, -0.9514 ], [ 122.1447, -0.9065 ], [ 122.1466, -0.8596 ], [ 122.1657, -0.838 ], [ 122.1585, -0.8141 ], [ 122.1867, -0.8119 ], [ 122.1997, -0.7876 ], [ 122.4141, -0.7833 ], [ 122.4589, -0.7587 ], [ 122.5097, -0.7669 ], [ 122.5248, -0.786 ], [ 122.5805, -0.7837 ], [ 122.615, -0.7615 ], [ 122.6856, -0.8103 ], [ 122.728, -0.8127 ], [ 122.7907, -0.776 ], [ 122.9612, -0.7542 ], [ 122.9503, -0.7356 ], [ 122.8937, -0.7386 ], [ 122.8694, -0.7111 ], [ 122.7816, -0.7049 ], [ 122.7251, -0.6625 ], [ 122.7814, -0.6695 ], [ 122.8073, -0.6341 ], [ 122.842, -0.6415 ], [ 122.8632, -0.6217 ], [ 122.8816, -0.6385 ], [ 122.8945, -0.6229 ], [ 122.9541, -0.6179 ], [ 122.9426, -0.6231 ], [ 122.94, -0.6272 ], [ 122.9573, -0.6441 ], [ 122.9681, -0.6189 ], [ 122.9894, -0.6233 ], [ 123.0516, -0.5906 ], [ 123.057, -0.5643 ], [ 123.1702, -0.5885 ], [ 123.198, -0.5691 ], [ 123.2615, -0.5795 ], [ 123.3945, -0.6418 ], [ 123.4112, -0.6552 ], [ 123.3815, -0.6628 ], [ 123.4015, -0.6934 ], [ 123.391, -0.6985 ], [ 123.4228, -0.7189 ], [ 123.4442, -0.7117 ], [ 123.4266, -0.7414 ], [ 123.4575, -0.7691 ], [ 123.4341, -0.7996 ], [ 123.4439, -0.838 ], [ 123.4106, -0.8554 ], [ 123.3916, -0.8902 ], [ 123.3836, -0.9313 ], [ 123.3974, -0.953 ], [ 123.3738, -1.0091 ], [ 123.311, -1.0509 ] ] ], [ [ [ 121.8518, -0.9615 ], [ 121.8489, -0.9686 ], [ 121.8432, -0.9685 ], [ 121.8425, -0.962 ], [ 121.8518, -0.9615 ] ] ], [ [ [ 122.7481, -0.6467 ], [ 122.7437, -0.6428 ], [ 122.7545, -0.6393 ], [ 122.754, -0.6435 ], [ 122.7481, -0.6467 ] ] ], [ [ [ 122.5894, -0.5039 ], [ 122.5624, -0.5203 ], [ 122.524, -0.4991 ], [ 122.6028, -0.4806 ], [ 122.6172, -0.5007 ], [ 122.5894, -0.5039 ] ] ] ] } },
{ "type": "Feature", "properties": { "province": "SULAWESI TENGAH", "district": "BANGGAI KEPULAUAN", "id": "SULAWESI TENGAH/BANGGAI KEPULAUAN", "name": "BANGGAI KEPULAUAN" }, "geometry": { "type": "MultiPolygon", "coordinates": [ [ [ [ 123.2595, -1.6263 ], [ 123.2406, -1.648 ], [ 123.2317, -1.6017 ], [ 123.2257, -1.5954 ], [ 123.2088, -1.62 ], [ 123.1926, -1.6087 ], [ 123.1799, -1.6328 ], [ 123.1549, -1.6409 ], [ 123.1546, -1.6136 ], [ 123.1149, -1.6122 ], [ 123.1114, -1.5912 ], [ 123.0986, -1.6005 ], [ 123.1074, -1.5666 ], [ 123.1282, -1.5681 ], [ 123.1848, -1.5144 ], [ 123.1632, -1.4532 ], [ 123.1659, -1.3033 ], [ 123.1471, -1.2964 ], [ 123.1219, -1.3186 ], [ 123.12, -1.2952 ], [ 123.0372, -1.4212 ], [ 123.0343, -1.4486 ], [ 123.0314, -1.4379 ], [ 122.996, -1.4266 ], [ 123.0296, -1.4426 ], [ 123.0169, -1.4905 ], [ 122.9633, -1.4673 ], [ 123.0167, -1.4907 ], [ 122.9988, -1.516 ], [ 122.9672, -1.5421 ], [ 122.9507, -1.5353 ], [ 122.9664, -1.5422 ], [ 122.9464, -1.5448 ], [ 122.9068, -1.5996 ], [ 122.879, -1.6006 ], [ 122.8491, -1.5782 ], [ 122.8389, -1.5107 ], [ 122.8379, -1.5244 ], [ 122.8205, -1.4823 ], [ 122.799, -1.4919 ], [ 122.7902, -1.481 ], [ 122.7935, -1.3854 ], [ 122.8167, -1.3335 ], [ 122.8133, -1.318 ], [ 122.8157, -1.3078 ], [ 122.8233, -1.296 ], [ 122.9, -1.298 ], [ 122.8233, -1.2959 ], [ 122.8709, -1.25 ], [ 122.9052, -1.1825 ], [ 122.9452, -1.1851 ], [ 122.972, -1.2162 ], [ 123.0329, -1.1778 ], [ 123.1055, -1.1607 ], [ 123.1449, -1.2112 ], [ 123.1639, -1.1516 ], [ 123.1905, -1.1511 ], [ 123.2487, -1.2293 ], [ 123.2292, -1.2323 ], [ 123.2176, -1.2705 ], [ 123.1861, -1.2623 ], [ 123.1979, -1.2844 ], [ 123.1836, -1.3206 ], [ 123.2166, -1.3648 ], [ 123.2198, -1.3518 ], [ 123.2274, -1.3593 ], [ 123.2416, -1.3996 ], [ 123.2839, -1.3582 ], [ 123.291, -1.3117 ], [ 123.2818, -1.3213 ], [ 123.2826, -1.3172 ], [ 123.2968, -1.305 ], [ 123.3141, -1.3039 ], [ 123.3753, -1.2217 ], [ 123.3982, -1.2351 ], [ 123.4127, -1.2247 ], [ 123.4038, -1.2524 ], [ 123.4296, -1.2699 ], [ 123.4456, -1.2669 ], [ 123.4423, -1.2344 ], [ 123.487, -1.2696 ], [ 123.522, -1.2644 ], [ 123.512, -1.2815 ], [ 123.5246, -1.269 ], [ 123.5594, -1.2815 ], [ 123.5575, -1.3304 ], [ 123.5344, -1.3634 ], [ 123.5395, -1.3958 ], [ 123.5295, -1.4144 ], [ 123.5112, -1.4115 ], [ 123.5268, -1.4235 ], [ 123.4706, -1.4081 ], [ 123.5268, -1.4236 ], [ 123.4973, -1.4667 ], [ 123.4694, -1.4504 ], [ 123.4581, -1.5189 ], [ 123.4396, -1.505 ], [ 123.4124, -1.5307 ], [ 123.3711, -1.498 ], [ 123.3543, -1.5256 ], [ 123.3554, -1.4732 ], [ 123.3289, -1.4545 ], [ 123.3257, -1.4153 ], [ 123.2945, -1.4114 ], [ 123.2758, -1.443 ], [ 123.2564, -1.4425 ], [ 123.2345, -1.5953 ], [ 123.254, -1.6019 ], [ 123.2595, -1.6263 ] ] ], [ [ [ 123.3001, -1.2838 ], [ 123.2748, -1.2152 ], [ 123.2807, -1.1936 ], [ 123.3133, -1.1741 ], [ 123.326, -1.2015 ], [ 123.3001, -1.2838 ] ] ] ] } },
{ "type": "Feature", "properties": { "province": "SULAWESI TENGAH", "district": "BANGGAI LAUT", "id": "SULAWESI TENGAH/BANGGAI LAUT", "name": "BANGGAI LAUT" }, "geometry": { "type": "MultiPolygon", "coordinates": [ [ [ [ 123.1471, -2.2235 ], [ 123.1447, -2.21 ], [ 123.1563, -2.1964 ], [ 123.1605, -2.2068 ], [ 123.1471, -2.2235 ] ] ], [ [ [ 123.8827, -2.0508 ], [ 123.8896, -2.0877 ], [ 123.8452, -2.0658 ], [ 123.8801, -2.0295 ], [ 123.8827, -2.0508 ] ] ], [ [ [ 123.8382, -2.0051 ], [ 123.8246, -2.027 ], [ 123.7849, -1.9831 ], [ 123.7821, -1.9295 ], [ 123.7777, -1.949 ], [ 123.7708, -1.9431 ], [ 123.7781, -1.9259 ], [ 123.7751, -1.9096 ], [ 123.7791, -1.9131 ], [ 123.7799, -1.9107 ], [ 123.776, -1.8922 ], [ 123.7838, -1.8793 ], [ 123.846, -1.9411 ], [ 123.8635, -1.9791 ], [ 123.8555, -2.0129 ], [ 123.841, -1.9912 ], [ 123.8382, -2.0051 ] ] ], [ [ [ 123.7674, -2.0075 ], [ 123.7848, -2.0283 ], [ 123.7623, -2.0604 ], [ 123.7568, -2.0269 ], [ 123.7674, -2.0075 ] ] ], [ [ [ 123.6527, -1.9028 ], [ 123.6638, -1.9578 ], [ 123.6586, -1.9663 ], [ 123.6479, -1.9613 ], [ 123.6447, -1.9558 ], [ 123.6527, -1.9028 ] ] ], [ [ [ 123.7386, -1.946 ], [ 123.699, -1.9582 ], [ 123.7284, -1.8977 ], [ 123.7386, -1.9157 ], [ 123.7386, -1.946 ] ] ], [ [ [ 123.7711, -1.9035 ], [ 123.7768, -1.9222 ], [ 123.7719, -1.9347 ], [ 123.7674, -1.924 ], [ 123.7711, -1.9035 ] ] ], [ [ [ 123.0635, -1.9261 ], [ 123.0479, -1.9107 ], [ 123.0694, -1.8872 ], [ 123.0587, -1.8304 ], [ 123.0959, -1.7605 ], [ 123.1446, -1.7991 ], [ 123.1469, -1.8401 ], [ 123.1344, -1.869 ], [ 123.1061, -1.8744 ], [ 123.0857, -1.915 ], [ 123.0635, -1.9261 ] ] ], [ [ [ 123.678, -1.8831 ], [ 123.6887, -1.9142 ], [ 123.6811, -1.9299 ], [ 123.6626, -1.8906 ], [ 123.678, -1.8831 ] ] ], [ [ [ 124.0292, -1.8954 ], [ 123.9884, -1.824 ], [ 123.9974, -1.8108 ], [ 124.0092, -1.8172 ], [ 124.0039, -1.818 ], [ 124.0005, -1.8329 ], [ 124.0238, -1.8439 ], [ 124.0292, -1.8954 ] ] ], [ [ [ 123.2865, -1.7944 ], [ 123.2697, -1.7852 ], [ 123.2895, -1.746 ], [ 123.3535, -1.6792 ], [ 123.3801, -1.6729 ], [ 123.3846, -1.7224 ], [ 123.3724, -1.7178 ], [ 123.3516, -1.7421 ], [ 123.3388, -1.7329 ], [ 123.3159, -1.7821 ], [ 123.2865, -1.7944 ] ] ], [ [ [ 124.1737, -1.7444 ], [ 124.1815, -1.7679 ], [ 124.1639, -1.7885 ], [ 124.15, -1.7706 ], [ 124.1602, -1.7817 ], [ 124.1686, -1.7515 ], [ 124.1533, -1.7683 ], [ 124.1404, -1.7459 ], [ 124.1737, -1.7444 ] ] ], [ [ [ 123.5788, -1.718 ], [ 123.5678, -1.7284 ], [ 123.5564, -1.7107 ], [ 123.5372, -1.7257 ], [ 123.5179, -1.7007 ], [ 123.5134, -1.725 ], [ 123.4899, -1.7145 ], [ 123.4726, -1.6536 ], [ 123.4886, -1.6368 ], [ 123.4797, -1.6149 ], [ 123.5006, -1.5972 ], [ 123.4925, -1.5797 ], [ 123.4802, -1.5843 ], [ 123.479, -1.5474 ], [ 123.5054, -1.4974 ], [ 123.5283, -1.5084 ], [ 123.5317, -1.4772 ], [ 123.5638, -1.5483 ], [ 123.5597, -1.5988 ], [ 123.5772, -1.6105 ], [ 123.5916, -1.594 ], [ 123.6229, -1.6244 ], [ 123.6205, -1.6398 ], [ 123.6039, -1.6305 ], [ 123.6201, -1.6519 ], [ 123.6128, -1.6984 ], [ 123.5788, -1.718 ] ] ] ] } },
{ "type": "Feature", "properties": { "province": "SULAWESI TENGAH", "district": "BUOL", "id": "SULAWESI TENGAH/BUOL", "name": "BUOL" }, "geometry": { "type": "MultiPolygon", "coordinates": [ [ [ [ 121.537, 1.0759 ], [ 121.5982, 1.055 ], [ 121.6324, 1.0611 ], [ 121.6515, 1.04 ], [ 121.6549, 1.0651 ], [ 121.685, 1.072 ], [ 121.7058, 1.0385 ], [ 121.7173, 1.0438 ], [ 121.7001, 1.0682 ], [ 121.7106, 1.0818 ], [ 121.741, 1.0619 ], [ 121.8236, 1.0921 ], [ 121.8632, 1.0943 ], [ 121.8792, 1.0802 ], [ 121.9284, 1.1026 ], [ 121.9574, 1.0612 ], [ 121.9411, 1.0526 ], [ 121.9463, 1.0401 ], [ 121.9818, 1.0234 ], [ 122.0417, 1.0476 ], [ 122.0653, 1.0744 ], [ 122.0747, 1.0595 ], [ 122.109, 1.0688 ], [ 122.1228, 1.0454 ], [ 122.1301, 1.0569 ], [ 122.1541, 1.0499 ], [ 122.1633, 1.0333 ], [ 122.1864, 1.057 ], [ 122.1955, 1.0385 ], [ 122.0423, 0.9895 ], [ 121.9758, 0.9042 ], [ 121.9222, 0.9274 ], [ 121.8903, 0.9748 ], [ 121.8515, 0.9927 ], [ 121.8119, 0.9502 ], [ 121.6031, 0.8729 ], [ 121.5369, 0.8759 ], [ 121.5324, 0.8527 ], [ 121.4937, 0.8395 ], [ 121.3499, 0.8508 ], [ 121.3646, 0.8057 ], [ 121.3533, 0.7953 ], [ 121.2153, 0.7915 ], [ 121.2136, 0.7734 ], [ 121.1864, 0.7572 ], [ 121.1874, 0.7221 ], [ 121.1607, 0.6759 ], [ 121.0106, 0.708 ], [ 120.9345, 0.6863 ], [ 120.8608, 0.7089 ], [ 120.8423, 0.6959 ], [ 120.8927, 0.7889 ], [ 120.9318, 0.8267 ], [ 120.9903, 0.8416 ], [ 121.006, 0.8615 ], [ 121.027, 1.002 ], [ 121.0068, 1.0322 ], [ 121.0951, 1.0934 ], [ 121.0802, 1.1516 ], [ 121.1816, 1.2651 ], [ 121.2701, 1.2323 ], [ 121.3372, 1.2624 ], [ 121.3538, 1.2484 ], [ 121.4045, 1.2621 ], [ 121.4353, 1.308 ], [ 121.4626, 1.3087 ], [ 121.4721, 1.2626 ], [ 121.4163, 1.2395 ], [ 121.4345, 1.2345 ], [ 121.4222, 1.186 ], [ 121.4838, 1.1081 ], [ 121.537, 1.0759 ] ] ], [ [ [ 121.9641, 1.0523 ], [ 121.9695, 1.0727 ], [ 121.9731, 1.0721 ], [ 121.9764, 1.0654 ], [ 121.9641, 1.0523 ] ] ] ] } },
{ "type": "Feature", "properties": { "province": "SULAWESI TENGAH", "district": "DONGGALA", "id": "SULAWESI TENGAH/DONGGALA", "name": "DONGGALA" }, "geometry": { "type": "MultiPolygon", "coordinates": [ [ [ [ 119.7438, -1.2586 ], [ 119.7505, -1.2907 ], [ 119.7286, -1.3591 ], [ 119.7636, -1.4235 ], [ 119.7279, -1.4203 ], [ 119.697, -1.4525 ], [ 119.6414, -1.4041 ], [ 119.5922, -1.3965 ], [ 119.5833, -1.4254 ], [ 119.5466, -1.4374 ], [ 119.5421, -1.4218 ], [ 119.5083, -1.4508 ], [ 119.5187, -1.412 ], [ 119.5094, -1.4169 ], [ 119.5022, -1.3929 ], [ 119.4793, -1.399 ], [ 119.4485, -1.3609 ], [ 119.4643, -1.3186 ], [ 119.5225, -1.3107 ], [ 119.5236, -1.2944 ], [ 119.4817, -1.3094 ], [ 119.4733, -1.2978 ], [ 119.524, -1.2515 ], [ 119.5421, -1.2005 ], [ 119.5648, -1.2013 ], [ 119.5722, -1.149 ], [ 119.6073, -1.1541 ], [ 119.5753, -1.0183 ], [ 119.5569, -1.0095 ], [ 119.554, -0.9314 ], [ 119.5728, -0.8801 ], [ 119.5618, -0.8497 ], [ 119.6137, -0.8346 ], [ 119.6295, -0.7957 ], [ 119.6471, -0.8122 ], [ 119.663, -0.8016 ], [ 119.6564, -0.7816 ], [ 119.682, -0.7687 ], [ 119.6863, -0.7477 ], [ 119.6609, -0.717 ], [ 119.7099, -0.6844 ], [ 119.7321, -0.6442 ], [ 119.8064, -0.8015 ], [ 119.7596, -0.835 ], [ 119.7684, -0.8932 ], [ 119.7846, -0.9041 ], [ 119.7456, -0.919 ], [ 119.731, -0.9005 ], [ 119.7054, -0.9354 ], [ 119.6543, -0.9512 ], [ 119.6479, -0.9695 ], [ 119.6497, -0.9936 ], [ 119.6605, -0.9884 ], [ 119.6829, -1.0145 ], [ 119.7535, -1.0087 ], [ 119.8042, -1.0886 ], [ 119.8052, -1.1427 ], [ 119.7438, -1.2586 ] ] ], [ [ [ 119.6514, -0.796 ], [ 119.6524, -0.8015 ], [ 119.641, -0.7954 ], [ 119.6561, -0.7861 ], [ 119.6514, -0.796 ] ] ], [ [ [ 120.0241, -0.7373 ], [ 120.0368, -0.848 ], [ 120.0149, -0.7945 ], [ 119.9741, -0.8083 ], [ 119.8741, -0.7691 ], [ 119.8953, -0.7512 ], [ 119.8779, -0.7277 ], [ 119.9605, -0.6981 ], [ 119.9548, -0.6807 ], [ 119.919, -0.6987 ], [ 119.8719, -0.6951 ], [ 119.9283, -0.6354 ], [ 119.8599, -0.6586 ], [ 119.8437, -0.6968 ], [ 119.8225, -0.6884 ], [ 119.7597, -0.4972 ], [ 119.7645, -0.4005 ], [ 119.7515, -0.3674 ], [ 119.8181, -0.196 ], [ 119.7987, -0.1554 ], [ 119.8103, -0.1367 ], [ 119.7938, -0.1218 ], [ 119.7377, -0.143 ], [ 119.7031, -0.1367 ], [ 119.6537, -0.0945 ], [ 119.6054, -0.0077 ], [ 119.6663, -0.0173 ], [ 119.6657, 0.02 ], [ 119.7327, -0.0211 ], [ 119.7387, -0.0613 ], [ 119.7689, -0.0768 ], [ 119.7776, -0.114 ], [ 119.8224, -0.1165 ], [ 119.8418, -0.0982 ], [ 119.8826, -0.0215 ], [ 119.8789, 0.0771 ], [ 119.8634, 0.1153 ], [ 119.7956, 0.1717 ], [ 119.7705, 0.2127 ], [ 119.808, 0.2364 ], [ 119.8342, 0.216 ], [ 119.9024, 0.2218 ], [ 119.8907, 0.2961 ], [ 119.8718, 0.2946 ], [ 119.8478, 0.3478 ], [ 119.9244, 0.3635 ], [ 119.9574, 0.4084 ], [ 119.8925, 0.3875 ], [ 119.8821, 0.4584 ], [ 119.9067, 0.481 ], [ 119.9989, 0.4833 ], [ 120.0466, 0.5133 ], [ 120.0141, 0.664 ], [ 120.0384, 0.7174 ], [ 120.0542, 0.7122 ], [ 120.0676, 0.7369 ], [ 120.1011, 0.7505 ], [ 120.1363, 0.7473 ], [ 120.1966, 0.7006 ], [ 120.2031, 0.5749 ], [ 120.1586, 0.5312 ], [ 120.1567, 0.4684 ], [ 120.1301, 0.4584 ], [ 120.1139, 0.4294 ], [ 120.1269, 0.4084 ], [ 120.0824, 0.3854 ], [ 120.075, 0.3461 ], [ 120.0567, 0.3345 ], [ 120.0546, 0.286 ], [ 120.0965, 0.2444 ], [ 120.0958, 0.207 ], [ 120.045, 0.1728 ], [ 120.0378, 0.1288 ], [ 120.0015, 0.1232 ], [ 119.9614, 0.0844 ], [ 119.9408, -0.0116 ], [ 119.9476, -0.0717 ], [ 119.8998, -0.1391 ], [ 119.9376, -0.2094 ], [ 119.905, -0.2701 ], [ 119.9289, -0.3039 ], [ 119.9132, -0.3701 ], [ 119.9227, -0.4436 ], [ 119.9411, -0.4603 ], [ 119.9313, -0.505 ], [ 120.0023, -0.5928 ], [ 120.0024, -0.6332 ], [ 120.0199, -0.6421 ], [ 120.0329, -0.684 ], [ 120.0241, -0.7373 ] ] ] ] } },
{ "type": "Feature", "properties": { "province": "SULAWESI TENGAH", "district": "KOTA PALU", "id": "SULAWESI TENGAH/KOTA PALU", "name": "KOTA PALU" }, "geometry": { "type": "Polygon", "coordinates": [ [ [ 119.9293, -0.9208 ], [ 119.9333, -0.9444 ], [ 119.8759, -0.9226 ], [ 119.8307, -0.9418 ], [ 119.8223, -0.8741 ], [ 119.8005, -0.8691 ], [ 119.7814, -0.8976 ], [ 119.7684, -0.8932 ], [ 119.7597, -0.8362 ], [ 119.8082, -0.8014 ], [ 119.8388, -0.8791 ], [ 119.8712, -0.8831 ], [ 119.8844, -0.8226 ], [ 119.8591, -0.7774 ], [ 119.8627, -0.7136 ], [ 119.8437, -0.6968 ], [ 119.855, -0.6627 ], [ 119.9044, -0.6348 ], [ 119.9283, -0.6354 ], [ 119.8719, -0.6951 ], [ 119.919, -0.6987 ], [ 119.9548, -0.6807 ], [ 119.9605, -0.6981 ], [ 119.8779, -0.7277 ], [ 119.8953, -0.7512 ], [ 119.8741, -0.7691 ], [ 119.9741, -0.8083 ], [ 120.0149, -0.7945 ], [ 120.0389, -0.8684 ], [ 120.0182, -0.8957 ], [ 119.9293, -0.9208 ] ] ] } },
{ "type": "Feature", "properties": { "province": "SULAWESI TENGAH", "district": "MOROWALI", "id": "SULAWESI TENGAH/MOROWALI", "name": "MOROWALI" }, "geometry": { "type": "MultiPolygon", "coordinates": [ [ [ [ 123.1795, -3.5984 ], [ 123.1778, -3.6211 ], [ 123.121, -3.613 ], [ 123.1178, -3.6407 ], [ 123.0738, -3.6247 ], [ 123.0439, -3.5928 ], [ 123.1564, -3.5562 ], [ 123.1795, -3.5984 ] ] ], [ [ [ 123.0463, -3.549 ], [ 123.0435, -3.5505 ], [ 123.0333, -3.5456 ], [ 123.0371, -3.5452 ], [ 123.0463, -3.549 ] ] ], [ [ [ 123.106, -3.5013 ], [ 123.0778, -3.5243 ], [ 123.0575, -3.5246 ], [ 123.0572, -3.5134 ], [ 123.106, -3.5013 ] ] ], [ [ [ 122.6043, -3.3788 ], [ 122.6028, -3.3776 ], [ 122.6053, -3.377 ], [ 122.6059, -3.3782 ], [ 122.6043, -3.3788 ] ] ], [ [ [ 122.6154, -3.3917 ], [ 122.6122, -3.3905 ], [ 122.6111, -3.3881 ], [ 122.6142, -3.3888 ], [ 122.6154, -3.3917 ] ] ], [ [ [ 122.8178, -3.3882 ], [ 122.8168, -3.3865 ], [ 122.8184, -3.3853 ], [ 122.819, -3.3868 ], [ 122.8178, -3.3882 ] ] ], [ [ [ 122.5927, -3.3636 ], [ 122.5905, -3.3626 ], [ 122.591, -3.3614 ], [ 122.5938, -3.3627 ], [ 122.5927, -3.3636 ] ] ], [ [ [ 122.4031, -3.3182 ], [ 122.4043, -3.3307 ], [ 122.3921, -3.3309 ], [ 122.3964, -3.3139 ], [ 122.4031, -3.3182 ] ] ], [ [ [ 122.5269, -3.2446 ], [ 122.5256, -3.2439 ], [ 122.5254, -3.2425 ], [ 122.5269, -3.2434 ], [ 122.5269, -3.2446 ] ] ], [ [ [ 122.4097, -3.2742 ], [ 122.4087, -3.2738 ], [ 122.4089, -3.2729 ], [ 122.4095, -3.2729 ], [ 122.4097, -3.2742 ] ] ], [ [ [ 122.4288, -3.1943 ], [ 122.4273, -3.2797 ], [ 122.4012, -3.2396 ], [ 122.3857, -3.2572 ], [ 122.3727, -3.2456 ], [ 122.3592, -3.2552 ], [ 122.3683, -3.2255 ], [ 122.3252, -3.2334 ], [ 122.3106, -3.2729 ], [ 122.2954, -3.2206 ], [ 122.3148, -3.1655 ], [ 122.2849, -3.1414 ], [ 122.2222, -3.1349 ], [ 122.1718, -3.084 ], [ 122.1794, -3.0326 ], [ 122.0982, -3.0077 ], [ 122.0689, -2.9517 ], [ 121.9207, -2.99 ], [ 121.7709, -2.9428 ], [ 121.7304, -2.9159 ], [ 121.7419, -2.8991 ], [ 121.7091, -2.9129 ], [ 121.6855, -2.9008 ], [ 121.6913, -2.8823 ], [ 121.6726, -2.869 ], [ 121.6698, -2.8426 ], [ 121.724, -2.808 ], [ 121.7222, -2.7683 ], [ 121.7415, -2.7563 ], [ 121.7898, -2.6564 ], [ 121.6985, -2.5327 ], [ 121.6532, -2.5395 ], [ 121.6263, -2.49 ], [ 121.5598, -2.4911 ], [ 121.4416, -2.4057 ], [ 121.4593, -2.3029 ], [ 121.4926, -2.2517 ], [ 121.491, -2.1843 ], [ 121.5445, -2.1484 ], [ 121.5609, -2.1735 ], [ 121.614, -2.1865 ], [ 121.6248, -2.2249 ], [ 121.6508, -2.2296 ], [ 121.6342, -2.1937 ], [ 121.666, -2.1908 ], [ 121.676, -2.172 ], [ 121.7264, -2.2014 ], [ 121.7401, -2.2467 ], [ 121.7295, -2.2538 ], [ 121.7718, -2.2554 ], [ 121.7952, -2.2882 ], [ 121.8248, -2.2939 ], [ 121.8749, -2.4029 ], [ 121.9682, -2.5283 ], [ 122.0014, -2.6276 ], [ 122.0352, -2.6571 ], [ 122.0327, -2.6738 ], [ 122.0105, -2.6741 ], [ 122.0101, -2.7181 ], [ 122.0599, -2.7495 ], [ 122.0856, -2.7887 ], [ 122.126, -2.7876 ], [ 122.1196, -2.8048 ], [ 122.1547, -2.8042 ], [ 122.1848, -2.8238 ], [ 122.1852, -2.8696 ], [ 122.2081, -2.9007 ], [ 122.2503, -2.8776 ], [ 122.2531, -2.8913 ], [ 122.2783, -2.8864 ], [ 122.3146, -2.9103 ], [ 122.319, -2.9276 ], [ 122.2773, -3.0014 ], [ 122.245, -3.0138 ], [ 122.3356, -3.0858 ], [ 122.3714, -3.1416 ], [ 122.4266, -3.1269 ], [ 122.4453, -3.1621 ], [ 122.4644, -3.1498 ], [ 122.4859, -3.1786 ], [ 122.4288, -3.1943 ] ] ], [ [ [ 122.5931, -3.1468 ], [ 122.5917, -3.1462 ], [ 122.5914, -3.1445 ], [ 122.5931, -3.1456 ], [ 122.5931, -3.1468 ] ] ], [ [ [ 122.614, -3.1306 ], [ 122.6087, -3.1309 ], [ 122.6071, -3.1281 ], [ 122.6129, -3.1235 ], [ 122.614, -3.1306 ] ] ], [ [ [ 122.4998, -3.0874 ], [ 122.4819, -3.0797 ], [ 122.4881, -3.0585 ], [ 122.5156, -3.0676 ], [ 122.5193, -3.0876 ], [ 122.4998, -3.0874 ] ] ], [ [ [ 122.4625, -3.0605 ], [ 122.4733, -3.0593 ], [ 122.4815, -3.0697 ], [ 122.4647, -3.0658 ], [ 122.4625, -3.0605 ] ] ], [ [ [ 122.4122, -3.0618 ], [ 122.3888, -3.0377 ], [ 122.3934, -3.0284 ], [ 122.4038, -3.0187 ], [ 122.4089, -3.0165 ], [ 122.4019, -3.0265 ], [ 122.427, -3.0525 ], [ 122.4122, -3.0618 ] ] ], [ [ [ 122.3869, -3.0601 ], [ 122.3796, -3.0553 ], [ 122.3879, -3.0514 ], [ 122.389, -3.0529 ], [ 122.3869, -3.0601 ] ] ], [ [ [ 122.3809, -3.0353 ], [ 122.3849, -3.0439 ], [ 122.3577, -3.0398 ], [ 122.3672, -3.0307 ], [ 122.3809, -3.0353 ] ] ], [ [ [ 122.3568, -3.0268 ], [ 122.3571, -3.0312 ], [ 122.3524, -3.0308 ], [ 122.3526, -3.0275 ], [ 122.3568, -3.0268 ] ] ], [ [ [ 122.3406, -3.0069 ], [ 122.3606, -3.0151 ], [ 122.3389, -3.0211 ], [ 122.3158, -3.0002 ], [ 122.3406, -3.0069 ] ] ] ] } },
{ "type": "Feature", "properties": { "province": "SULAWESI TENGAH", "district": "MOROWALI UTARA", "id": "SULAWESI TENGAH/MOROWALI UTARA", "name": "MOROWALI UTARA" }, "geometry": { "type": "MultiPolygon", "coordinates": [ [ [ [ 121.4667, -2.2913 ], [ 121.4416, -2.4057 ], [ 121.4097, -2.4106 ], [ 121.231, -2.3613 ], [ 121.1827, -2.3755 ], [ 121.1004, -2.2761 ], [ 121.0348, -2.2756 ], [ 120.9606, -2.2337 ], [ 120.8421, -2.2184 ], [ 120.8299, -2.0946 ], [ 120.8409, -2.0381 ], [ 120.9297, -1.913 ], [ 120.8638, -1.842 ], [ 120.8343, -1.7607 ], [ 120.8823, -1.625 ], [ 121.0071, -1.6242 ], [ 121.0737, -1.5804 ], [ 121.1615, -1.5749 ], [ 121.1627, -1.5583 ], [ 121.1878, -1.5668 ], [ 121.2106, -1.5125 ], [ 121.2573, -1.4755 ], [ 121.352, -1.4731 ], [ 121.4327, -1.4049 ], [ 121.4659, -1.4049 ], [ 121.4748, -1.3744 ], [ 121.5062, -1.3758 ], [ 121.5184, -1.3979 ], [ 121.5706, -1.425 ], [ 121.6637, -1.3644 ], [ 121.7243, -1.3589 ], [ 121.7497, -1.3338 ], [ 121.8008, -1.3254 ], [ 121.8232, -1.306 ], [ 121.8691, -1.3157 ], [ 121.9628, -1.2854 ], [ 121.9626, -1.3293 ], [ 121.9873, -1.3508 ], [ 122.0288, -1.3538 ], [ 122.0541, -1.4116 ], [ 122.0362, -1.4257 ], [ 122.0434, -1.4406 ], [ 122.0127, -1.4531 ], [ 122.0427, -1.4929 ], [ 122.0318, -1.5745 ], [ 122.064, -1.6164 ], [ 122.0297, -1.6123 ], [ 121.9592, -1.6792 ], [ 121.9255, -1.6806 ], [ 121.9043, -1.7013 ], [ 121.8887, -1.6755 ], [ 121.8831, -1.6888 ], [ 121.863, -1.6708 ], [ 121.8613, -1.7023 ], [ 121.8873, -1.706 ], [ 121.8586, -1.7093 ], [ 121.8513, -1.6932 ], [ 121.8076, -1.7308 ], [ 121.8071, -1.763 ], [ 121.7737, -1.7986 ], [ 121.7633, -1.8546 ], [ 121.7121, -1.9248 ], [ 121.6545, -1.9565 ], [ 121.5637, -1.9572 ], [ 121.4885, -1.8731 ], [ 121.4577, -1.8768 ], [ 121.4699, -1.857 ], [ 121.4485, -1.8672 ], [ 121.4681, -1.8364 ], [ 121.4456, -1.7951 ], [ 121.4184, -1.822 ], [ 121.4002, -1.805 ], [ 121.372, -1.8081 ], [ 121.341, -1.7724 ], [ 121.3108, -1.7701 ], [ 121.3206, -1.7837 ], [ 121.299, -1.7975 ], [ 121.2942, -1.857 ], [ 121.3272, -1.8639 ], [ 121.3443, -1.8417 ], [ 121.3449, -1.8651 ], [ 121.362, -1.8745 ], [ 121.3307, -1.8801 ], [ 121.3498, -1.8973 ], [ 121.3318, -1.8989 ], [ 121.3122, -1.9294 ], [ 121.3511, -1.9502 ], [ 121.3427, -2.0054 ], [ 121.381, -1.9768 ], [ 121.3774, -1.9156 ], [ 121.4091, -1.9061 ], [ 121.4208, -1.9568 ], [ 121.4525, -1.9998 ], [ 121.4988, -2.0264 ], [ 121.4931, -2.0415 ], [ 121.5111, -2.0579 ], [ 121.5297, -2.0455 ], [ 121.5314, -2.0697 ], [ 121.5347, -2.0486 ], [ 121.5448, -2.1096 ], [ 121.5401, -2.1337 ], [ 121.5383, -2.1307 ], [ 121.5359, -2.13 ], [ 121.5342, -2.1314 ], [ 121.5316, -2.1317 ], [ 121.5266, -2.1333 ], [ 121.5259, -2.1339 ], [ 121.5445, -2.1484 ], [ 121.4854, -2.1909 ], [ 121.4926, -2.2517 ], [ 121.4667, -2.2913 ] ] ], [ [ [ 121.4817, -1.9311 ], [ 121.489, -1.934 ], [ 121.4915, -1.9412 ], [ 121.4817, -1.9397 ], [ 121.4817, -1.9311 ] ] ] ] } },
{ "type": "Feature", "properties": { "province": "SULAWESI TENGAH", "district": "PARIGI MOUTONG", "id": "SULAWESI TENGAH/PARIGI MOUTONG", "name": "PARIGI MOUTONG" }, "geometry": { "type": "Polygon", "coordinates": [ [ [ 120.542, -1.0623 ], [ 120.5823, -1.1085 ], [ 120.3378, -1.1894 ], [ 120.3565, -1.1459 ], [ 120.34, -1.1551 ], [ 120.3269, -1.137 ], [ 120.2931, -1.133 ], [ 120.2672, -1.1518 ], [ 120.2283, -1.1256 ], [ 120.2189, -1.0654 ], [ 120.1289, -1.0444 ], [ 120.1128, -1.0161 ], [ 120.0988, -1.0271 ], [ 120.0762, -1.0173 ], [ 120.0784, -0.9877 ], [ 120.0573, -0.9676 ], [ 120.072, -0.9132 ], [ 120.0225, -0.8803 ], [ 120.0389, -0.8684 ], [ 120.0445, -0.8297 ], [ 120.0181, -0.7529 ], [ 120.0329, -0.684 ], [ 120.0199, -0.6421 ], [ 120.0024, -0.6332 ], [ 120.0015, -0.5911 ], [ 119.9315, -0.5057 ], [ 119.9411, -0.4603 ], [ 119.9191, -0.427 ], [ 119.9138, -0.3557 ], [ 119.9289, -0.3039 ], [ 119.905, -0.2701 ], [ 119.9376, -0.2094 ], [ 119.8998, -0.1391 ], [ 119.9476, -0.0717 ], [ 119.9408, -0.0116 ], [ 119.9576, 0.0739 ], [ 120.0015, 0.1232 ], [ 120.0378, 0.1288 ], [ 120.045, 0.1728 ], [ 120.0958, 0.207 ], [ 120.0965, 0.2444 ], [ 120.0546, 0.286 ], [ 120.0567, 0.3345 ], [ 120.075, 0.3461 ], [ 120.0824, 0.3854 ], [ 120.1269, 0.4084 ], [ 120.1139, 0.4294 ], [ 120.1301, 0.4584 ], [ 120.1567, 0.4684 ], [ 120.1586, 0.5312 ], [ 120.2031, 0.5749 ], [ 120.1928, 0.6158 ], [ 120.2304, 0.6083 ], [ 120.3557, 0.6782 ], [ 120.439, 0.6641 ], [ 120.4489, 0.6428 ], [ 120.5382, 0.6351 ], [ 120.5465, 0.5957 ], [ 120.5749, 0.6093 ], [ 120.623, 0.5871 ], [ 120.7064, 0.6686 ], [ 120.8146, 0.6759 ], [ 120.8603, 0.7089 ], [ 120.9333, 0.6864 ], [ 121.0106, 0.708 ], [ 121.1498, 0.6814 ], [ 121.1973, 0.6416 ], [ 121.2285, 0.6453 ], [ 121.2394, 0.6022 ], [ 121.3038, 0.5679 ], [ 121.3164, 0.5784 ], [ 121.3457, 0.5658 ], [ 121.3473, 0.5352 ], [ 121.3313, 0.5227 ], [ 121.3517, 0.492 ], [ 121.3373, 0.4734 ], [ 121.2904, 0.4951 ], [ 121.2583, 0.4894 ], [ 121.2329, 0.4583 ], [ 121.1853, 0.4617 ], [ 121.1608, 0.4364 ], [ 121.1619, 0.4155 ], [ 121.1113, 0.4011 ], [ 121.0747, 0.4 ], [ 121.0276, 0.4403 ], [ 120.8973, 0.3959 ], [ 120.8544, 0.4425 ], [ 120.8088, 0.4532 ], [ 120.8107, 0.475 ], [ 120.7668, 0.4568 ], [ 120.6954, 0.5098 ], [ 120.6466, 0.5213 ], [ 120.5073, 0.5133 ], [ 120.4357, 0.4658 ], [ 120.4101, 0.4769 ], [ 120.3046, 0.419 ], [ 120.2766, 0.3674 ], [ 120.2399, 0.3445 ], [ 120.202, 0.2643 ], [ 120.1582, 0.2276 ], [ 120.1244, 0.1661 ], [ 120.1349, 0.1318 ], [ 120.106, 0.0951 ], [ 120.0949, -0.0317 ], [ 120.0665, -0.0601 ], [ 120.0351, -0.0655 ], [ 120.0423, -0.1285 ], [ 120.0087, -0.1777 ], [ 120.0074, -0.2779 ], [ 120.0307, -0.3042 ], [ 120.0408, -0.3906 ], [ 120.0707, -0.4323 ], [ 120.0474, -0.5313 ], [ 120.0592, -0.6311 ], [ 120.0841, -0.6879 ], [ 120.1331, -0.7743 ], [ 120.1742, -0.7974 ], [ 120.1972, -0.8467 ], [ 120.2221, -0.8461 ], [ 120.3104, -0.9657 ], [ 120.3482, -0.9554 ], [ 120.3718, -0.9277 ], [ 120.4117, -0.9242 ], [ 120.4612, -0.9939 ], [ 120.5079, -0.997 ], [ 120.542, -1.0623 ] ] ] } },
{ "type": "Feature", "properties": { "province": "SULAWESI TENGAH", "district": "POSO", "id": "SULAWESI TENGAH/POSO", "name": "POSO" }, "geometry": { "type": "Polygon", "coordinates": [ [ [ 120.8371, -2.1482 ], [ 120.8421, -2.2184 ], [ 120.791, -2.2385 ], [ 120.7566, -2.239 ], [ 120.6853, -2.2054 ], [ 120.5864, -2.1295 ], [ 120.5028, -2.0296 ], [ 120.4705, -1.9629 ], [ 120.4034, -1.8955 ], [ 120.3888, -1.8975 ], [ 120.3398, -2.0613 ], [ 120.2706, -2.0283 ], [ 120.1791, -2.0344 ], [ 120.1194, -2.0124 ], [ 120.099, -1.9857 ], [ 120.103, -1.8994 ], [ 120.1245, -1.9056 ], [ 120.1448, -1.8862 ], [ 120.1006, -1.8236 ], [ 120.108, -1.802 ], [ 120.1776, -1.7801 ], [ 120.1359, -1.6508 ], [ 120.1431, -1.5711 ], [ 120.1336, -1.5567 ], [ 120.0988, -1.5569 ], [ 120.1107, -1.5199 ], [ 120.1665, -1.4607 ], [ 120.181, -1.4481 ], [ 120.2213, -1.4562 ], [ 120.25, -1.413 ], [ 120.2777, -1.4069 ], [ 120.2652, -1.3858 ], [ 120.288, -1.3786 ], [ 120.2574, -1.3219 ], [ 120.1858, -1.2735 ], [ 120.2249, -1.2511 ], [ 120.232, -1.2245 ], [ 120.2703, -1.2316 ], [ 120.3133, -1.1901 ], [ 120.5811, -1.1085 ], [ 120.5931, -1.1683 ], [ 120.5714, -1.1991 ], [ 120.565, -1.2329 ], [ 120.5721, -1.2574 ], [ 120.6382, -1.3082 ], [ 120.6465, -1.3686 ], [ 120.6302, -1.3828 ], [ 120.655, -1.3747 ], [ 120.6753, -1.4149 ], [ 120.6925, -1.4196 ], [ 120.721, -1.388 ], [ 120.7481, -1.3893 ], [ 120.7627, -1.365 ], [ 120.7847, -1.3721 ], [ 120.8022, -1.3505 ], [ 120.8403, -1.3581 ], [ 120.8425, -1.4029 ], [ 120.8905, -1.4133 ], [ 120.902, -1.5378 ], [ 120.9619, -1.6237 ], [ 120.8823, -1.625 ], [ 120.8337, -1.7522 ], [ 120.8736, -1.8535 ], [ 120.873, -1.8929 ], [ 120.8736, -1.8536 ], [ 120.9297, -1.9116 ], [ 120.8421, -2.0346 ], [ 120.8371, -2.1482 ] ] ] } },
{ "type": "Feature", "properties": { "province": "SULAWESI TENGAH", "district": "SIGI", "id": "SULAWESI TENGAH/SIGI", "name": "SIGI" }, "geometry": { "type": "Polygon", "coordinates": [ [ [ 120.0526, -1.9826 ], [ 119.991, -1.966 ], [ 119.9091, -2.0534 ], [ 119.8716, -2.0345 ], [ 119.8692, -1.8911 ], [ 119.8569, -1.8767 ], [ 119.8754, -1.8626 ], [ 119.8579, -1.8221 ], [ 119.8711, -1.7778 ], [ 119.8269, -1.7674 ], [ 119.7975, -1.7392 ], [ 119.7505, -1.6434 ], [ 119.7278, -1.6435 ], [ 119.7334, -1.605 ], [ 119.6668, -1.5316 ], [ 119.71, -1.434 ], [ 119.7279, -1.4203 ], [ 119.7636, -1.4235 ], [ 119.728, -1.3475 ], [ 119.7505, -1.2907 ], [ 119.7449, -1.2553 ], [ 119.7676, -1.2331 ], [ 119.7696, -1.1978 ], [ 119.8061, -1.1345 ], [ 119.7959, -1.1309 ], [ 119.8042, -1.0886 ], [ 119.7535, -1.0087 ], [ 119.6829, -1.0145 ], [ 119.6605, -0.9884 ], [ 119.6497, -0.9936 ], [ 119.6479, -0.9695 ], [ 119.6543, -0.9512 ], [ 119.7054, -0.9354 ], [ 119.731, -0.9005 ], [ 119.7456, -0.919 ], [ 119.7846, -0.9041 ], [ 119.8005, -0.8691 ], [ 119.8223, -0.8741 ], [ 119.8307, -0.9418 ], [ 119.8759, -0.9226 ], [ 119.9333, -0.9444 ], [ 119.9293, -0.9208 ], [ 120.0034, -0.9026 ], [ 120.0234, -0.8829 ], [ 120.072, -0.9132 ], [ 120.0573, -0.9676 ], [ 120.0784, -0.9877 ], [ 120.0762, -1.0173 ], [ 120.0988, -1.0271 ], [ 120.1128, -1.0161 ], [ 120.1289, -1.0444 ], [ 120.2189, -1.0654 ], [ 120.2283, -1.1256 ], [ 120.2672, -1.1518 ], [ 120.2931, -1.133 ], [ 120.3269, -1.137 ], [ 120.34, -1.1551 ], [ 120.3576, -1.1472 ], [ 120.3421, -1.1869 ], [ 120.2898, -1.2017 ], [ 120.2703, -1.2316 ], [ 120.232, -1.2245 ], [ 120.2249, -1.2511 ], [ 120.1858, -1.2735 ], [ 120.2574, -1.3219 ], [ 120.288, -1.3786 ], [ 120.2652, -1.3858 ], [ 120.2777, -1.4069 ], [ 120.25, -1.413 ], [ 120.2222, -1.4555 ], [ 120.1804, -1.4482 ], [ 120.1102, -1.521 ], [ 120.0986, -1.5576 ], [ 120.1336, -1.5567 ], [ 120.1431, -1.5711 ], [ 120.1359, -1.6508 ], [ 120.1776, -1.7809 ], [ 120.1091, -1.7999 ], [ 120.1006, -1.8236 ], [ 120.1446, -1.8872 ], [ 120.1245, -1.9056 ], [ 120.1111, -1.8956 ], [ 120.103, -1.8994 ], [ 120.099, -1.9857 ], [ 120.0526, -1.9826 ] ] ] } },
{ "type": "Feature", "properties": { "province": "SULAWESI TENGAH", "district": "TOJO UNA-UNA", "id": "SULAWESI TENGAH/TOJO UNA-UNA", "name": "TOJO UNA-UNA" }, "geometry": { "type": "MultiPolygon", "coordinates": [ [ [ [ 121.0786, -1.4364 ], [ 121.1124, -1.429 ], [ 121.1364, -1.3832 ], [ 121.1635, -1.3672 ], [ 121.2227, -1.2025 ], [ 121.2796, -1.1588 ], [ 121.3377, -1.0633 ], [ 121.3923, -1.035 ], [ 121.3963, -1.005 ], [ 121.45, -0.9723 ], [ 121.4798, -0.9001 ], [ 121.5888, -0.866 ], [ 121.597, -0.8251 ], [ 121.6539, -0.8021 ], [ 121.669, -0.8575 ], [ 121.6571, -0.9132 ], [ 121.7605, -0.971 ], [ 121.8159, -0.9561 ], [ 121.8559, -0.968 ], [ 121.8545, -1.0121 ], [ 121.8776, -1.0723 ], [ 121.9195, -1.0942 ], [ 121.9374, -1.1294 ], [ 121.9559, -1.1105 ], [ 122.0031, -1.1284 ], [ 122.0062, -1.1423 ], [ 122.031, -1.12 ], [ 122.1008, -1.249 ], [ 122.0848, -1.3002 ], [ 122.0374, -1.3513 ], [ 122.0119, -1.3362 ], [ 122.0019, -1.3544 ], [ 121.98, -1.3478 ], [ 121.962, -1.3277 ], [ 121.9682, -1.2914 ], [ 121.9493, -1.2828 ], [ 121.8691, -1.3157 ], [ 121.8232, -1.306 ], [ 121.8008, -1.3254 ], [ 121.7497, -1.3338 ], [ 121.7243, -1.3589 ], [ 121.6637, -1.3644 ], [ 121.5706, -1.425 ], [ 121.5184, -1.3979 ], [ 121.5062, -1.3758 ], [ 121.4748, -1.3744 ], [ 121.4659, -1.4049 ], [ 121.4327, -1.4049 ], [ 121.352, -1.4731 ], [ 121.2573, -1.4755 ], [ 121.2106, -1.5125 ], [ 121.1878, -1.5668 ], [ 121.1627, -1.5583 ], [ 121.1615, -1.5749 ], [ 121.0737, -1.5804 ], [ 121.0071, -1.6242 ], [ 120.9619, -1.6237 ], [ 120.902, -1.5378 ], [ 120.8893, -1.4107 ], [ 120.95, -1.4149 ], [ 120.9819, -1.3991 ], [ 121.0172, -1.4197 ], [ 121.0397, -1.4128 ], [ 121.0391, -1.4339 ], [ 121.0786, -1.4364 ] ] ], [ [ [ 121.6776, -0.5634 ], [ 121.6583, -0.5772 ], [ 121.6494, -0.5397 ], [ 121.6698, -0.5316 ], [ 121.693, -0.479 ], [ 121.7055, -0.4805 ], [ 121.6925, -0.4739 ], [ 121.6928, -0.4714 ], [ 121.7209, -0.4732 ], [ 121.7384, -0.4487 ], [ 121.7689, -0.461 ], [ 121.7549, -0.4296 ], [ 121.769, -0.4157 ], [ 121.7831, -0.4487 ], [ 121.8512, -0.4088 ], [ 121.9176, -0.4426 ], [ 121.9178, -0.516 ], [ 121.8861, -0.5397 ], [ 121.8712, -0.5346 ], [ 121.8631, -0.496 ], [ 121.8339, -0.496 ], [ 121.8626, -0.5186 ], [ 121.8311, -0.5322 ], [ 121.7832, -0.4942 ], [ 121.7473, -0.5122 ], [ 121.7412, -0.4954 ], [ 121.7002, -0.5631 ], [ 121.6776, -0.5634 ] ] ], [ [ [ 121.9384, -0.4294 ], [ 121.918, -0.4393 ], [ 121.8753, -0.4125 ], [ 121.8591, -0.3778 ], [ 121.8843, -0.3606 ], [ 121.872, -0.3591 ], [ 121.8824, -0.345 ], [ 121.8981, -0.3553 ], [ 121.888, -0.3415 ], [ 121.916, -0.3376 ], [ 121.9243, -0.3696 ], [ 121.9519, -0.3528 ], [ 121.9552, -0.3619 ], [ 121.9578, -0.3621 ], [ 121.9594, -0.3688 ], [ 121.9607, -0.3694 ], [ 121.9578, -0.3558 ], [ 121.9672, -0.3633 ], [ 121.9713, -0.3538 ], [ 121.9612, -0.3434 ], [ 121.9482, -0.3492 ], [ 121.9493, -0.3343 ], [ 121.9351, -0.3455 ], [ 121.9248, -0.3343 ], [ 121.9693, -0.3271 ], [ 121.9696, -0.3466 ], [ 121.991, -0.3414 ], [ 121.9791, -0.3556 ], [ 121.9974, -0.3516 ], [ 122.012, -0.375 ], [ 122.019, -0.3534 ], [ 122.0406, -0.3627 ], [ 122.0402, -0.339 ], [ 122.06, -0.3491 ], [ 122.0568, -0.3877 ], [ 122.0682, -0.3963 ], [ 122.053, -0.4015 ], [ 122.0546, -0.421 ], [ 122.0126, -0.4172 ], [ 122.0124, -0.4048 ], [ 122.0092, -0.3981 ], [ 122.0103, -0.4217 ], [ 121.972, -0.4157 ], [ 121.9384, -0.4294 ] ] ], [ [ [ 122.1414, -0.3578 ], [ 122.146, -0.4187 ], [ 122.1256, -0.423 ], [ 122.0945, -0.3992 ], [ 122.1084, -0.434 ], [ 122.0934, -0.4272 ], [ 122.0962, -0.4465 ], [ 122.0636, -0.4085 ], [ 122.0849, -0.3949 ], [ 122.0672, -0.391 ], [ 122.0613, -0.3551 ], [ 122.0758, -0.3445 ], [ 122.0698, -0.3032 ], [ 122.0806, -0.3065 ], [ 122.0907, -0.2708 ], [ 122.1109, -0.339 ], [ 122.1398, -0.3565 ], [ 122.1338, -0.3453 ], [ 122.1416, -0.3392 ], [ 122.1414, -0.3578 ] ] ], [ [ [ 122.3697, -0.3189 ], [ 122.3968, -0.3896 ], [ 122.3473, -0.3207 ], [ 122.3455, -0.2901 ], [ 122.3272, -0.2928 ], [ 122.3013, -0.2583 ], [ 122.2916, -0.2694 ], [ 122.2842, -0.2569 ], [ 122.278, -0.269 ], [ 122.2514, -0.2601 ], [ 122.2288, -0.2123 ], [ 122.2578, -0.2169 ], [ 122.2634, -0.2387 ], [ 122.2817, -0.2221 ], [ 122.2918, -0.2479 ], [ 122.3102, -0.2353 ], [ 122.3796, -0.2738 ], [ 122.3697, -0.3189 ] ] ], [ [ [ 122.2458, -0.281 ], [ 122.2336, -0.2976 ], [ 122.2396, -0.2806 ], [ 122.2133, -0.2915 ], [ 122.2047, -0.2719 ], [ 122.1804, -0.2793 ], [ 122.1782, -0.2511 ], [ 122.1515, -0.2623 ], [ 122.1475, -0.2437 ], [ 122.2087, -0.2103 ], [ 122.1881, -0.2504 ], [ 122.2184, -0.2485 ], [ 122.2147, -0.2618 ], [ 122.2298, -0.2563 ], [ 122.2281, -0.273 ], [ 122.2458, -0.281 ] ] ], [ [ [ 121.6575, -0.1736 ], [ 121.6397, -0.2064 ], [ 121.616, -0.2162 ], [ 121.5837, -0.2035 ], [ 121.5622, -0.1682 ], [ 121.6288, -0.1217 ], [ 121.6541, -0.1367 ], [ 121.6575, -0.1736 ] ] ], [ [ [ 122.1283, -0.2681 ], [ 122.1154, -0.2696 ], [ 122.1121, -0.2563 ], [ 122.1246, -0.2566 ], [ 122.1283, -0.2681 ] ] ], [ [ [ 122.0891, -0.2415 ], [ 122.0833, -0.2658 ], [ 122.0283, -0.2751 ], [ 122.0432, -0.2561 ], [ 122.0891, -0.2415 ] ] ] ] } },
{ "type": "Feature", "properties": { "province": "SULAWESI TENGAH", "district": "TOLITOLI", "id": "SULAWESI TENGAH/TOLITOLI", "name": "TOLITOLI" }, "geometry": { "type": "MultiPolygon", "coordinates": [ [ [ [ 120.7055, 0.6618 ], [ 120.623, 0.5871 ], [ 120.5749, 0.6093 ], [ 120.5465, 0.5957 ], [ 120.5382, 0.6351 ], [ 120.4489, 0.6428 ], [ 120.439, 0.6641 ], [ 120.3557, 0.6782 ], [ 120.2183, 0.605 ], [ 120.1928, 0.6158 ], [ 120.1966, 0.7006 ], [ 120.1367, 0.748 ], [ 120.1736, 0.7504 ], [ 120.2389, 0.8019 ], [ 120.2471, 0.9577 ], [ 120.2823, 0.9863 ], [ 120.3541, 0.9842 ], [ 120.3271, 0.8549 ], [ 120.3634, 0.8283 ], [ 120.3738, 0.8668 ], [ 120.3964, 0.7928 ], [ 120.4739, 0.778 ], [ 120.5343, 0.7923 ], [ 120.5565, 0.7704 ], [ 120.5472, 0.7557 ], [ 120.5929, 0.7493 ], [ 120.5739, 0.7696 ], [ 120.5967, 0.8093 ], [ 120.6103, 0.8093 ], [ 120.6037, 0.872 ], [ 120.6381, 0.919 ], [ 120.6353, 0.9395 ], [ 120.6706, 0.95 ], [ 120.6702, 0.9657 ], [ 120.6789, 0.9505 ], [ 120.689, 0.9535 ], [ 120.6807, 0.9612 ], [ 120.6926, 0.9568 ], [ 120.6959, 0.9659 ], [ 120.6787, 0.9701 ], [ 120.697, 0.9869 ], [ 120.7228, 0.9728 ], [ 120.7053, 0.9616 ], [ 120.7322, 0.9616 ], [ 120.7389, 0.9942 ], [ 120.7851, 1.0303 ], [ 120.8087, 1.0289 ], [ 120.8007, 1.082 ], [ 120.7769, 1.1108 ], [ 120.7882, 1.1641 ], [ 120.822, 1.1718 ], [ 120.8273, 1.192 ], [ 120.8103, 1.2193 ], [ 120.8216, 1.2939 ], [ 120.8076, 1.3254 ], [ 120.869, 1.3177 ], [ 120.9034, 1.3567 ], [ 120.9152, 1.3372 ], [ 120.8994, 1.3342 ], [ 120.9058, 1.318 ], [ 120.8915, 1.326 ], [ 120.8852, 1.3167 ], [ 120.901, 1.3135 ], [ 120.8952, 1.3039 ], [ 120.9184, 1.3261 ], [ 120.9283, 1.3186 ], [ 120.9217, 1.3306 ], [ 120.9422, 1.3504 ], [ 121.0627, 1.3028 ], [ 121.1001, 1.3164 ], [ 121.1556, 1.2848 ], [ 121.1775, 1.2679 ], [ 121.1773, 1.2483 ], [ 121.1496, 1.2414 ], [ 121.137, 1.2059 ], [ 121.0983, 1.1838 ], [ 121.0802, 1.1516 ], [ 121.0951, 1.0934 ], [ 121.0068, 1.0322 ], [ 121.027, 1.002 ], [ 121.0055, 0.8608 ], [ 120.9903, 0.8416 ], [ 120.9318, 0.8267 ], [ 120.8927, 0.7889 ], [ 120.8385, 0.6877 ], [ 120.7055, 0.6618 ] ] ], [ [ [ 120.4014, 1.0514 ], [ 120.3926, 1.0103 ], [ 120.3736, 1.0103 ], [ 120.3798, 1.0758 ], [ 120.4003, 1.0712 ], [ 120.4014, 1.0514 ] ] ], [ [ [ 120.6208, 1.0659 ], [ 120.6655, 1.0403 ], [ 120.6756, 1.0128 ], [ 120.6396, 1.0481 ], [ 120.608, 1.0643 ], [ 120.5987, 1.0546 ], [ 120.6048, 1.0678 ], [ 120.6208, 1.0659 ] ] ] ] } },
{ "type": "Feature", "properties": { "province": "SULAWESI TENGGARA", "district": "BOMBANA", "id": "SULAWESI TENGGARA/BOMBANA", "name": "BOMBANA" }, "geometry": { "type": "MultiPolygon", "coordinates": [ [ [ [ 121.9549, -5.4047 ], [ 121.9462, -5.4737 ], [ 121.9212, -5.4014 ], [ 121.8752, -5.3876 ], [ 121.8222, -5.2933 ], [ 121.7933, -5.2738 ], [ 121.8079, -5.2068 ], [ 121.8381, -5.1914 ], [ 121.8227, -5.1689 ], [ 121.8409, -5.1464 ], [ 121.8827, -5.1528 ], [ 121.8447, -5.1218 ], [ 121.877, -5.1118 ], [ 121.8498, -5.094 ], [ 121.8884, -5.056 ], [ 121.9046, -5.0696 ], [ 121.8954, -5.0894 ], [ 121.9363, -5.1109 ], [ 121.937, -5.0743 ], [ 121.9669, -5.0622 ], [ 121.9915, -5.1591 ], [ 122.0151, -5.1672 ], [ 122.0094, -5.1505 ], [ 122.035, -5.1491 ], [ 122.0558, -5.2007 ], [ 122.0692, -5.2012 ], [ 122.0725, -5.2339 ], [ 122.0327, -5.2414 ], [ 122.0511, -5.27 ], [ 122.0509, -5.3159 ], [ 122.0331, -5.3449 ], [ 122.037, -5.3696 ], [ 122.0476, -5.365 ], [ 122.0446, -5.4013 ], [ 121.9549, -5.4047 ] ] ], [ [ [ 121.8366, -5.1477 ], [ 121.8232, -5.151 ], [ 121.8393, -5.119 ], [ 121.844, -5.1344 ], [ 121.8366, -5.1477 ] ] ], [ [ [ 121.9476, -4.9128 ], [ 121.9462, -4.9116 ], [ 121.9467, -4.9079 ], [ 121.9478, -4.9111 ], [ 121.9476, -4.9128 ] ] ], [ [ [ 122.0751, -4.8494 ], [ 122.0345, -4.88 ], [ 122.0253, -4.8709 ], [ 122.022, -4.8925 ], [ 122.0018, -4.8989 ], [ 122.0051, -4.8837 ], [ 121.9837, -4.9015 ], [ 121.8796, -4.8762 ], [ 121.8122, -4.8352 ], [ 121.6837, -4.8515 ], [ 121.6637, -4.8113 ], [ 121.6314, -4.8042 ], [ 121.6283, -4.777 ], [ 121.6164, -4.7956 ], [ 121.549, -4.7735 ], [ 121.5054, -4.7352 ], [ 121.4948, -4.697 ], [ 121.4694, -4.6916 ], [ 121.4702, -4.5914 ], [ 121.558, -4.569 ], [ 121.6132, -4.5738 ], [ 121.6225, -4.5599 ], [ 121.6609, -4.5652 ], [ 121.7234, -4.5241 ], [ 121.724, -4.4916 ], [ 121.7825, -4.4557 ], [ 121.8065, -4.4049 ], [ 121.9105, -4.379 ], [ 122.0, -4.4283 ], [ 122.0515, -4.4875 ], [ 122.1071, -4.5078 ], [ 122.108, -4.5382 ], [ 122.0846, -4.5501 ], [ 122.0431, -4.6439 ], [ 122.0193, -4.647 ], [ 122.033, -4.6597 ], [ 122.0444, -4.7639 ], [ 122.1204, -4.819 ], [ 122.0915, -4.8252 ], [ 122.0751, -4.8494 ] ] ], [ [ [ 122.1186, -4.839 ], [ 122.1158, -4.8464 ], [ 122.111, -4.8472 ], [ 122.1184, -4.837 ], [ 122.1186, -4.839 ] ] ], [ [ [ 122.1338, -4.8252 ], [ 122.1357, -4.8279 ], [ 122.1207, -4.8324 ], [ 122.1207, -4.8201 ], [ 122.1407, -4.8164 ], [ 122.1338, -4.8252 ] ] ], [ [ [ 122.151, -4.8085 ], [ 122.1523, -4.8149 ], [ 122.1424, -4.8167 ], [ 122.1493, -4.808 ], [ 122.151, -4.8085 ] ] ] ] } },
{ "type": "Feature", "properties": { "province": "SULAWESI TENGGARA", "district": "BUTON", "id": "SULAWESI TENGGARA/BUTON", "name": "BUTON" }, "geometry": { "type": "MultiPolygon", "coordinates": [ [ [ [ 122.8524, -5.6175 ], [ 122.8341, -5.6397 ], [ 122.8069, -5.5319 ], [ 122.7389, -5.4911 ], [ 122.7698, -5.4125 ], [ 122.7601, -5.3786 ], [ 122.7269, -5.355 ], [ 122.7255, -5.3291 ], [ 122.6861, -5.321 ], [ 122.732, -5.2423 ], [ 122.771, -5.2541 ], [ 122.8067, -5.2215 ], [ 122.7888, -5.1834 ], [ 122.755, -5.229 ], [ 122.7583, -5.1876 ], [ 122.7375, -5.1704 ], [ 122.772, -5.1105 ], [ 122.7891, -5.1066 ], [ 122.7932, -5.0766 ], [ 122.819, -5.0813 ], [ 122.8425, -5.1154 ], [ 122.9006, -5.1197 ], [ 122.9489, -5.1483 ], [ 122.9197, -5.1772 ], [ 122.9441, -5.2161 ], [ 123.0046, -5.1476 ], [ 123.0332, -5.1355 ], [ 123.0679, -5.1606 ], [ 123.0588, -5.1916 ], [ 123.0826, -5.173 ], [ 123.1043, -5.1889 ], [ 123.0918, -5.2172 ], [ 123.1169, -5.2067 ], [ 123.1507, -5.2474 ], [ 123.1814, -5.247 ], [ 123.2243, -5.2787 ], [ 123.1311, -5.3988 ], [ 123.0155, -5.444 ], [ 123.0041, -5.4217 ], [ 123.0044, -5.4141 ], [ 123.0022, -5.4134 ], [ 123.0019, -5.4081 ], [ 122.997, -5.4008 ], [ 122.9749, -5.3941 ], [ 122.9231, -5.437 ], [ 122.8722, -5.455 ], [ 122.8422, -5.5184 ], [ 122.8472, -5.5284 ], [ 122.876, -5.5064 ], [ 122.8927, -5.514 ], [ 122.8985, -5.5605 ], [ 122.8524, -5.6175 ] ] ], [ [ [ 122.9997, -5.4084 ], [ 122.9989, -5.4069 ], [ 123.0006, -5.4065 ], [ 123.0011, -5.407 ], [ 122.9997, -5.4084 ] ] ], [ [ [ 123.161, -5.245 ], [ 123.1582, -5.2454 ], [ 123.1576, -5.2441 ], [ 123.1602, -5.2431 ], [ 123.161, -5.245 ] ] ], [ [ [ 122.7261, -5.2111 ], [ 122.717, -5.2124 ], [ 122.7382, -5.1888 ], [ 122.7384, -5.1968 ], [ 122.7261, -5.2111 ] ] ] ] } },
{ "type": "Feature", "properties": { "province": "SULAWESI TENGGARA", "district": "BUTON SELATAN", "id": "SULAWESI TENGGARA/BUTON SELATAN", "name": "BUTON SELATAN" }, "geometry": { "type": "MultiPolygon", "coordinates": [ [ [ [ 122.7269, -5.6742 ], [ 122.7255, -5.6919 ], [ 122.7101, -5.6786 ], [ 122.7227, -5.6288 ], [ 122.712, -5.6194 ], [ 122.6627, -5.6935 ], [ 122.6346, -5.6936 ], [ 122.5736, -5.5382 ], [ 122.6216, -5.5053 ], [ 122.6383, -5.5146 ], [ 122.6694, -5.4965 ], [ 122.7389, -5.4911 ], [ 122.8069, -5.5319 ], [ 122.8341, -5.6397 ], [ 122.803, -5.696 ], [ 122.7555, -5.6969 ], [ 122.773, -5.664 ], [ 122.7568, -5.6399 ], [ 122.7435, -5.6399 ], [ 122.7269, -5.6742 ] ] ], [ [ [ 122.7375, -6.2066 ], [ 122.6984, -6.2068 ], [ 122.6732, -6.1749 ], [ 122.6973, -6.1783 ], [ 122.7375, -6.2066 ] ] ], [ [ [ 122.4974, -5.6994 ], [ 122.4563, -5.6866 ], [ 122.5055, -5.6468 ], [ 122.5081, -5.6241 ], [ 122.5445, -5.627 ], [ 122.5506, -5.6777 ], [ 122.4974, -5.6994 ] ] ], [ [ [ 122.5037, -5.5629 ], [ 122.4858, -5.5608 ], [ 122.471, -5.5321 ], [ 122.5243, -5.4997 ], [ 122.5037, -5.5629 ] ] ] ] } },
{ "type": "Feature", "properties": { "province": "SULAWESI TENGGARA", "district": "BUTON TENGAH", "id": "SULAWESI TENGGARA/BUTON TENGAH", "name": "BUTON TENGAH" }, "geometry": { "type": "MultiPolygon", "coordinates": [ [ [ [ 122.0383, -5.4677 ], [ 121.9969, -5.4669 ], [ 121.9475, -5.493 ], [ 121.9549, -5.4047 ], [ 122.0446, -5.4013 ], [ 122.0499, -5.4607 ], [ 122.0383, -5.4677 ] ] ], [ [ [ 122.5182, -5.4281 ], [ 122.5124, -5.4062 ], [ 122.539, -5.3329 ], [ 122.5206, -5.3109 ], [ 122.5378, -5.2606 ], [ 122.4808, -5.3016 ], [ 122.4984, -5.3468 ], [ 122.4839, -5.3736 ], [ 122.4685, -5.3612 ], [ 122.4654, -5.4024 ], [ 122.4069, -5.3982 ], [ 122.3838, -5.3397 ], [ 122.3849, -5.3269 ], [ 122.4331, -5.3188 ], [ 122.4385, -5.313 ], [ 122.3773, -5.3246 ], [ 122.382, -5.3678 ], [ 122.3651, -5.389 ], [ 122.2723, -5.3882 ], [ 122.2684, -5.3135 ], [ 122.3154, -5.2371 ], [ 122.3031, -5.2012 ], [ 122.3156, -5.1866 ], [ 122.3105, -5.1441 ], [ 122.3542, -5.1514 ], [ 122.3546, -5.178 ], [ 122.4411, -5.2272 ], [ 122.5045, -5.225 ], [ 122.5208, -5.192 ], [ 122.5619, -5.217 ], [ 122.6263, -5.2038 ], [ 122.5772, -5.2487 ], [ 122.6215, -5.2494 ], [ 122.6398, -5.2647 ], [ 122.6401, -5.3562 ], [ 122.6194, -5.3718 ], [ 122.6221, -5.3471 ], [ 122.5954, -5.3617 ], [ 122.5948, -5.4345 ], [ 122.5665, -5.4114 ], [ 122.5452, -5.4411 ], [ 122.5182, -5.4281 ] ] ], [ [ [ 122.0906, -5.4843 ], [ 122.0855, -5.4941 ], [ 122.0706, -5.4873 ], [ 122.0749, -5.4731 ], [ 122.0906, -5.4843 ] ] ] ] } },
{ "type": "Feature", "properties": { "province": "SULAWESI TENGGARA", "district": "BUTON UTARA", "id": "SULAWESI TENGGARA/BUTON UTARA", "name": "BUTON UTARA" }, "geometry": { "type": "MultiPolygon", "coordinates": [ [ [ [ 122.9738, -5.0784 ], [ 122.9733, -5.1154 ], [ 122.9489, -5.1483 ], [ 122.9006, -5.1197 ], [ 122.8425, -5.1154 ], [ 122.8276, -5.0958 ], [ 122.8785, -5.0266 ], [ 122.9247, -4.8578 ], [ 122.9287, -4.6123 ], [ 122.849, -4.6093 ], [ 122.8483, -4.5915 ], [ 122.908, -4.4603 ], [ 122.9933, -4.3944 ], [ 123.0789, -4.3668 ], [ 123.0784, -4.4021 ], [ 123.0447, -4.4238 ], [ 123.0699, -4.4324 ], [ 123.0807, -4.4596 ], [ 123.1002, -4.4543 ], [ 123.1149, -4.4839 ], [ 123.139, -4.4824 ], [ 123.2087, -4.6129 ], [ 123.193, -4.6177 ], [ 123.1762, -4.6623 ], [ 123.1964, -4.6923 ], [ 123.208, -4.6851 ], [ 123.2073, -4.7552 ], [ 123.1956, -4.7753 ], [ 123.1335, -4.7573 ], [ 123.1526, -4.7451 ], [ 123.1487, -4.7288 ], [ 123.1054, -4.6941 ], [ 123.1153, -4.7266 ], [ 123.1025, -4.7351 ], [ 123.1002, -4.7946 ], [ 123.0753, -4.7886 ], [ 123.0852, -4.7757 ], [ 123.0787, -4.744 ], [ 123.0564, -4.7702 ], [ 123.0327, -4.746 ], [ 123.0236, -4.7653 ], [ 123.0399, -4.8018 ], [ 122.9938, -4.827 ], [ 123.0093, -4.9041 ], [ 123.0013, -4.9358 ], [ 122.969, -4.9518 ], [ 122.9514, -5.0193 ], [ 122.9692, -5.0279 ], [ 122.9738, -5.0784 ] ] ], [ [ [ 123.2135, -4.8415 ], [ 123.2086, -4.8661 ], [ 123.1832, -4.8505 ], [ 123.169, -4.7866 ], [ 123.2033, -4.7815 ], [ 123.2135, -4.8415 ] ] ], [ [ [ 123.0847, -4.7967 ], [ 123.1174, -4.7976 ], [ 123.1127, -4.8474 ], [ 123.0975, -4.848 ], [ 123.0951, -4.8293 ], [ 123.0889, -4.8538 ], [ 123.0344, -4.8334 ], [ 123.0569, -4.8307 ], [ 123.0606, -4.8123 ], [ 123.0447, -4.8145 ], [ 123.0847, -4.7967 ] ] ] ] } },
{ "type": "Feature", "properties": { "province": "SULAWESI TENGGARA", "district": "KOLAKA", "id": "SULAWESI TENGGARA/KOLAKA", "name": "KOLAKA" }, "geometry": { "type": "MultiPolygon", "coordinates": [ [ [ [ 121.4922, -4.5916 ], [ 121.4692, -4.5897 ], [ 121.5238, -4.4025 ], [ 121.5259, -4.246 ], [ 121.5603, -4.2436 ], [ 121.5404, -4.255 ], [ 121.5478, -4.2662 ], [ 121.579, -4.2458 ], [ 121.5997, -4.1883 ], [ 121.5887, -4.1776 ], [ 121.6062, -4.1814 ], [ 121.6164, -4.1404 ], [ 121.6385, -4.1303 ], [ 121.6211, -4.1151 ], [ 121.6305, -4.1065 ], [ 121.6039, -4.0611 ], [ 121.5621, -4.0386 ], [ 121.3584, -3.9955 ], [ 121.3596, -3.9687 ], [ 121.3837, -3.9701 ], [ 121.39, -3.9692 ], [ 121.3949, -3.9669 ], [ 121.4065, -3.9704 ], [ 121.4141, -3.9697 ], [ 121.4245, -3.9641 ], [ 121.4228, -3.9627 ], [ 121.3653, -3.9662 ], [ 121.3584, -3.9685 ], [ 121.3573, -3.9743 ], [ 121.3441, -3.9796 ], [ 121.3428, -3.985 ], [ 121.3275, -3.955 ], [ 121.3642, -3.9214 ], [ 121.3632, -3.9202 ], [ 121.3655, -3.9196 ], [ 121.3647, -3.9172 ], [ 121.3661, -3.9157 ], [ 121.3654, -3.9133 ], [ 121.3668, -3.9119 ], [ 121.3667, -3.9086 ], [ 121.3241, -3.9497 ], [ 121.3052, -3.8909 ], [ 121.2801, -3.8847 ], [ 121.2523, -3.9208 ], [ 121.2401, -3.903 ], [ 121.2618, -3.8829 ], [ 121.2333, -3.8701 ], [ 121.2588, -3.8549 ], [ 121.2455, -3.8294 ], [ 121.1698, -3.8255 ], [ 121.1742, -3.8152 ], [ 121.1758, -3.8172 ], [ 121.1857, -3.8098 ], [ 121.1873, -3.805 ], [ 121.1647, -3.8118 ], [ 121.1054, -3.7471 ], [ 121.2528, -3.6585 ], [ 121.2897, -3.6891 ], [ 121.3286, -3.6935 ], [ 121.3044, -3.7262 ], [ 121.3426, -3.6867 ], [ 121.3352, -3.6667 ], [ 121.3498, -3.6478 ], [ 121.4079, -3.6109 ], [ 121.4312, -3.6255 ], [ 121.4309, -3.7024 ], [ 121.5225, -3.7473 ], [ 121.6039, -3.8224 ], [ 121.6229, -3.8936 ], [ 121.6647, -3.9016 ], [ 121.6958, -3.9423 ], [ 121.6763, -3.9768 ], [ 121.7604, -4.0432 ], [ 121.7773, -4.1631 ], [ 121.7343, -4.2575 ], [ 121.7755, -4.2943 ], [ 121.8044, -4.3836 ], [ 121.8055, -4.4207 ], [ 121.7825, -4.4557 ], [ 121.724, -4.4916 ], [ 121.7118, -4.5356 ], [ 121.6609, -4.5652 ], [ 121.6225, -4.5599 ], [ 121.5718, -4.5798 ], [ 121.558, -4.569 ], [ 121.4922, -4.5916 ] ] ], [ [ [ 121.4264, -4.0854 ], [ 121.4158, -4.1111 ], [ 121.4644, -4.1042 ], [ 121.4634, -4.1341 ], [ 121.4303, -4.1296 ], [ 121.4434, -4.1687 ], [ 121.4186, -4.1558 ], [ 121.3928, -4.1669 ], [ 121.402, -4.1325 ], [ 121.3826, -4.1049 ], [ 121.4044, -4.1137 ], [ 121.4119, -4.0841 ], [ 121.4264, -4.0854 ] ] ] ] } },
{ "type": "Feature", "properties": { "province": "SULAWESI TENGGARA", "district": "KOLAKA TIMUR", "id": "SULAWESI TENGGARA/KOLAKA TIMUR", "name": "KOLAKA TIMUR" }, "geometry": { "type": "Polygon", "coordinates": [ [ [ 122.0106, -4.359 ], [ 121.9766, -4.3789 ], [ 121.882, -4.376 ], [ 121.8038, -4.4156 ], [ 121.7755, -4.2943 ], [ 121.7343, -4.2575 ], [ 121.7773, -4.1631 ], [ 121.7621, -4.047 ], [ 121.7184, -3.9977 ], [ 121.6763, -3.9768 ], [ 121.6958, -3.9423 ], [ 121.6647, -3.9016 ], [ 121.6229, -3.8936 ], [ 121.6039, -3.8224 ], [ 121.5756, -3.8039 ], [ 121.5769, -3.7718 ], [ 121.5479, -3.779 ], [ 121.5081, -3.7378 ], [ 121.4309, -3.7024 ], [ 121.4328, -3.6329 ], [ 121.4173, -3.6116 ], [ 121.3533, -3.6442 ], [ 121.3365, -3.6919 ], [ 121.2874, -3.6879 ], [ 121.2497, -3.6534 ], [ 121.2372, -3.6041 ], [ 121.1571, -3.5361 ], [ 121.1506, -3.5053 ], [ 121.1197, -3.49 ], [ 121.1552, -3.4361 ], [ 121.123, -3.411 ], [ 121.1578, -3.3397 ], [ 121.1576, -3.2975 ], [ 121.221, -3.2545 ], [ 121.2279, -3.2281 ], [ 121.2747, -3.2261 ], [ 121.3023, -3.3001 ], [ 121.3613, -3.3773 ], [ 121.4618, -3.3863 ], [ 121.5244, -3.4771 ], [ 121.5332, -3.542 ], [ 121.612, -3.6814 ], [ 121.6188, -3.7367 ], [ 121.6716, -3.7311 ], [ 121.7006, -3.7778 ], [ 121.7483, -3.7665 ], [ 121.7912, -3.7268 ], [ 121.8323, -3.733 ], [ 121.8645, -3.7565 ], [ 121.8627, -3.7925 ], [ 121.931, -3.8323 ], [ 121.9696, -3.901 ], [ 121.9532, -4.0033 ], [ 121.9615, -4.0721 ], [ 121.9878, -4.1062 ], [ 122.014, -4.1929 ], [ 122.0106, -4.359 ] ] ] } },
{ "type": "Feature", "properties": { "province": "SULAWESI TENGGARA", "district": "KOLAKA UTARA", "id": "SULAWESI TENGGARA/KOLAKA UTARA", "name": "KOLAKA UTARA" }, "geometry": { "type": "Polygon", "coordinates": [ [ [ 121.1857, -3.691 ], [ 121.1041, -3.7471 ], [ 121.0825, -3.7147 ], [ 121.0096, -3.6785 ], [ 120.8984, -3.566 ], [ 120.91, -3.5681 ], [ 120.8802, -3.5309 ], [ 120.8645, -3.4389 ], [ 120.9194, -3.3538 ], [ 120.9564, -3.3305 ], [ 120.9546, -3.2968 ], [ 120.9748, -3.2609 ], [ 121.0204, -3.2447 ], [ 121.0332, -3.2066 ], [ 121.0691, -3.2049 ], [ 121.0504, -3.1114 ], [ 121.0594, -3.0694 ], [ 121.0432, -3.0364 ], [ 121.0565, -3.0221 ], [ 121.0739, -3.0317 ], [ 121.0755, -3.0087 ], [ 121.0887, -3.0151 ], [ 121.0632, -2.9577 ], [ 121.081, -2.9717 ], [ 121.0897, -2.9449 ], [ 121.0788, -2.8664 ], [ 121.0666, -2.8535 ], [ 121.0648, -2.8773 ], [ 121.047, -2.8675 ], [ 121.0369, -2.8072 ], [ 121.0277, -2.8497 ], [ 120.9917, -2.8408 ], [ 121.0112, -2.8702 ], [ 120.9966, -2.8703 ], [ 120.987, -2.8358 ], [ 121.0194, -2.8198 ], [ 121.0316, -2.7935 ], [ 121.0801, -2.7794 ], [ 121.1727, -2.8181 ], [ 121.2036, -2.8577 ], [ 121.2209, -2.8581 ], [ 121.2378, -2.8268 ], [ 121.3189, -2.8079 ], [ 121.3577, -2.8993 ], [ 121.3286, -2.9376 ], [ 121.3699, -3.0099 ], [ 121.3613, -3.0521 ], [ 121.442, -3.1684 ], [ 121.4278, -3.3265 ], [ 121.4618, -3.3863 ], [ 121.3613, -3.3773 ], [ 121.3023, -3.3001 ], [ 121.2747, -3.2261 ], [ 121.2279, -3.2281 ], [ 121.221, -3.2545 ], [ 121.1576, -3.2975 ], [ 121.1578, -3.3397 ], [ 121.123, -3.411 ], [ 121.1552, -3.4361 ], [ 121.1197, -3.49 ], [ 121.1506, -3.5053 ], [ 121.1571, -3.5361 ], [ 121.2372, -3.6041 ], [ 121.2528, -3.6585 ], [ 121.1857, -3.691 ] ] ] } },
{ "type": "Feature", "properties": { "province": "SULAWESI TENGGARA", "district": "KONAWE", "id": "SULAWESI TENGGARA/KONAWE", "name": "KONAWE" }, "geometry": { "type": "MultiPolygon", "coordinates": [ [ [ [ 122.0922, -4.1037 ], [ 122.0839, -4.118 ], [ 121.9944, -4.1317 ], [ 121.9554, -4.0416 ], [ 121.9657, -3.8869 ], [ 121.9306, -3.8318 ], [ 121.8554, -3.7836 ], [ 121.8573, -3.7494 ], [ 121.7912, -3.7268 ], [ 121.7483, -3.7665 ], [ 121.7006, -3.7778 ], [ 121.6716, -3.7311 ], [ 121.6188, -3.7367 ], [ 121.612, -3.6814 ], [ 121.5804, -3.6448 ], [ 121.5033, -3.4495 ], [ 121.5313, -3.3993 ], [ 121.5543, -3.3861 ], [ 121.6186, -3.4236 ], [ 121.6628, -3.4189 ], [ 121.6698, -3.4705 ], [ 121.7259, -3.4896 ], [ 121.7636, -3.4825 ], [ 121.7748, -3.556 ], [ 121.7942, -3.5828 ], [ 121.8557, -3.5588 ], [ 121.9945, -3.5874 ], [ 122.0554, -3.6425 ], [ 122.0426, -3.6629 ], [ 122.0581, -3.698 ], [ 122.0808, -3.717 ], [ 122.1455, -3.7213 ], [ 122.1615, -3.7538 ], [ 122.1544, -3.7952 ], [ 122.1616, -3.7538 ], [ 122.1771, -3.7683 ], [ 122.2031, -3.7442 ], [ 122.2338, -3.7489 ], [ 122.2767, -3.7774 ], [ 122.314, -3.8686 ], [ 122.4145, -3.8671 ], [ 122.4321, -3.8383 ], [ 122.4781, -3.8198 ], [ 122.508, -3.8581 ], [ 122.5067, -3.8817 ], [ 122.5335, -3.8998 ], [ 122.6214, -3.8885 ], [ 122.6665, -3.8984 ], [ 122.6611, -3.9271 ], [ 122.6242, -3.9492 ], [ 122.5389, -3.9411 ], [ 122.5067, -3.9091 ], [ 122.4812, -3.9091 ], [ 122.4518, -3.9403 ], [ 122.4404, -4.0081 ], [ 122.363, -3.9966 ], [ 122.3458, -4.0256 ], [ 122.336, -4.0129 ], [ 122.3133, -4.022 ], [ 122.3106, -4.0023 ], [ 122.2962, -4.0246 ], [ 122.3026, -3.9975 ], [ 122.2846, -4.0055 ], [ 122.2707, -3.9835 ], [ 122.2685, -4.0039 ], [ 122.2339, -4.0007 ], [ 122.2035, -4.0199 ], [ 122.1788, -4.0652 ], [ 122.0922, -4.1037 ] ] ], [ [ [ 122.6974, -3.913 ], [ 122.692, -3.9251 ], [ 122.6783, -3.9111 ], [ 122.6943, -3.9084 ], [ 122.6974, -3.913 ] ] ], [ [ [ 122.7105, -3.9112 ], [ 122.699, -3.8942 ], [ 122.7264, -3.8961 ], [ 122.7229, -3.9046 ], [ 122.7105, -3.9112 ] ] ], [ [ [ 121.5815, -3.1722 ], [ 121.4313, -3.2733 ], [ 121.442, -3.1684 ], [ 121.3613, -3.0521 ], [ 121.3699, -3.0099 ], [ 121.3578, -2.9747 ], [ 121.4574, -3.0132 ], [ 121.5254, -2.9621 ], [ 121.5471, -2.9217 ], [ 121.6378, -2.8941 ], [ 121.7528, -2.9237 ], [ 121.8335, -2.9722 ], [ 121.8575, -2.9639 ], [ 121.9207, -2.99 ], [ 122.0062, -2.9576 ], [ 122.0612, -2.9491 ], [ 122.079, -2.9621 ], [ 121.8124, -3.2351 ], [ 121.735, -3.2447 ], [ 121.6722, -3.2189 ], [ 121.6779, -3.2006 ], [ 121.6495, -3.1673 ], [ 121.5914, -3.1604 ], [ 121.5815, -3.1722 ] ] ] ] } },
{ "type": "Feature", "properties": { "province": "SULAWESI TENGGARA", "district": "KONAWE KEPULAUAN", "id": "SULAWESI TENGGARA/KONAWE KEPULAUAN", "name": "KONAWE KEPULAUAN" }, "geometry": { "type": "Polygon", "coordinates": [ [ [ 123.1423, -4.2488 ], [ 123.1192, -4.2609 ], [ 123.0703, -4.2482 ], [ 122.9902, -4.201 ], [ 122.9636, -4.149 ], [ 122.9723, -4.1413 ], [ 122.9636, -4.1489 ], [ 122.9467, -4.1219 ], [ 122.9417, -4.0507 ], [ 122.97, -4.0542 ], [ 123.0119, -3.9779 ], [ 123.0867, -4.022 ], [ 123.1916, -4.0101 ], [ 123.2251, -4.0262 ], [ 123.2544, -4.0665 ], [ 123.2472, -4.1251 ], [ 123.1423, -4.2488 ] ] ] } },
{ "type": "Feature", "properties": { "province": "SULAWESI TENGGARA", "district": "KONAWE SELATAN", "id": "SULAWESI TENGGARA/KONAWE SELATAN", "name": "KONAWE SELATAN" }, "geometry": { "type": "MultiPolygon", "coordinates": [ [ [ [ 122.1894, -4.4723 ], [ 122.1984, -4.4759 ], [ 122.2159, -4.4746 ], [ 122.2174, -4.4816 ], [ 122.161, -4.5296 ], [ 122.113, -4.5361 ], [ 122.1046, -4.5009 ], [ 122.0515, -4.4875 ], [ 122.0, -4.4283 ], [ 121.9077, -4.3779 ], [ 121.9766, -4.3789 ], [ 122.0104, -4.3604 ], [ 122.0148, -4.2018 ], [ 121.9944, -4.1317 ], [ 122.0912, -4.1143 ], [ 122.1788, -4.0652 ], [ 122.1807, -4.0414 ], [ 122.2223, -4.005 ], [ 122.2647, -4.0056 ], [ 122.274, -3.9834 ], [ 122.2846, -4.0055 ], [ 122.3026, -3.9975 ], [ 122.2962, -4.0246 ], [ 122.3106, -4.0023 ], [ 122.3133, -4.022 ], [ 122.336, -4.0129 ], [ 122.3458, -4.0256 ], [ 122.363, -3.9966 ], [ 122.4404, -4.0081 ], [ 122.5279, -4.0913 ], [ 122.5729, -4.069 ], [ 122.5892, -4.084 ], [ 122.6159, -4.0256 ], [ 122.6511, -4.0027 ], [ 122.6726, -4.0363 ], [ 122.6492, -4.0579 ], [ 122.6641, -4.1473 ], [ 122.6765, -4.1579 ], [ 122.7135, -4.1638 ], [ 122.6959, -4.1373 ], [ 122.715, -4.1313 ], [ 122.7703, -4.1629 ], [ 122.8155, -4.136 ], [ 122.8334, -4.1539 ], [ 122.8343, -4.1238 ], [ 122.7772, -4.0918 ], [ 122.7663, -4.056 ], [ 122.8315, -4.0554 ], [ 122.8847, -4.1257 ], [ 122.8942, -4.2206 ], [ 122.907, -4.2306 ], [ 122.8812, -4.2953 ], [ 122.9082, -4.3235 ], [ 122.8832, -4.4139 ], [ 122.8828, -4.398 ], [ 122.8764, -4.4185 ], [ 122.8439, -4.4202 ], [ 122.832, -4.4488 ], [ 122.8164, -4.4255 ], [ 122.7699, -4.4088 ], [ 122.6965, -4.3278 ], [ 122.6561, -4.3454 ], [ 122.7042, -4.406 ], [ 122.7416, -4.4319 ], [ 122.7572, -4.4268 ], [ 122.7618, -4.4809 ], [ 122.7435, -4.5102 ], [ 122.7107, -4.4986 ], [ 122.6936, -4.47 ], [ 122.6766, -4.4834 ], [ 122.6948, -4.5017 ], [ 122.6717, -4.5079 ], [ 122.6629, -4.453 ], [ 122.5863, -4.3892 ], [ 122.5044, -4.4558 ], [ 122.5012, -4.4448 ], [ 122.4709, -4.453 ], [ 122.4678, -4.4373 ], [ 122.4506, -4.4517 ], [ 122.4208, -4.4292 ], [ 122.3417, -4.4747 ], [ 122.2607, -4.493 ], [ 122.2264, -4.483 ], [ 122.2289, -4.4624 ], [ 122.2441, -4.4591 ], [ 122.2183, -4.4507 ], [ 122.2093, -4.472 ], [ 122.1894, -4.4723 ] ] ], [ [ [ 122.2175, -4.4902 ], [ 122.2165, -4.4892 ], [ 122.2187, -4.4851 ], [ 122.2202, -4.4858 ], [ 122.2175, -4.4902 ] ] ] ] } },
{ "type": "Feature", "properties": { "province": "SULAWESI TENGGARA", "district": "KONAWE UTARA", "id": "SULAWESI TENGGARA/KONAWE UTARA", "name": "KONAWE UTARA" }, "geometry": { "type": "MultiPolygon", "coordinates": [ [ [ [ 122.4236, -3.8487 ], [ 122.4141, -3.8672 ], [ 122.314, -3.8686 ], [ 122.2692, -3.7694 ], [ 122.2125, -3.7442 ], [ 122.1771, -3.7683 ], [ 122.1455, -3.7213 ], [ 122.0808, -3.717 ], [ 122.0426, -3.6629 ], [ 122.0554, -3.6425 ], [ 122.0417, -3.6197 ], [ 121.9704, -3.5769 ], [ 121.8557, -3.5588 ], [ 121.7942, -3.5828 ], [ 121.7748, -3.556 ], [ 121.7636, -3.4825 ], [ 121.7259, -3.4896 ], [ 121.6698, -3.4705 ], [ 121.6628, -3.4189 ], [ 121.6186, -3.4236 ], [ 121.5543, -3.3861 ], [ 121.5033, -3.4495 ], [ 121.4299, -3.3334 ], [ 121.4313, -3.2733 ], [ 121.5537, -3.2027 ], [ 121.5914, -3.1604 ], [ 121.6495, -3.1673 ], [ 121.6779, -3.2006 ], [ 121.6722, -3.2189 ], [ 121.735, -3.2447 ], [ 121.8124, -3.2351 ], [ 122.079, -2.9621 ], [ 122.1, -3.009 ], [ 122.1794, -3.0326 ], [ 122.1718, -3.084 ], [ 122.2222, -3.1349 ], [ 122.2849, -3.1414 ], [ 122.3153, -3.1667 ], [ 122.2954, -3.2206 ], [ 122.3107, -3.2729 ], [ 122.2795, -3.3128 ], [ 122.2923, -3.3122 ], [ 122.2932, -3.3594 ], [ 122.3379, -3.3646 ], [ 122.3539, -3.3851 ], [ 122.3719, -3.3793 ], [ 122.3896, -3.4136 ], [ 122.325, -3.4034 ], [ 122.3282, -3.3733 ], [ 122.3091, -3.3847 ], [ 122.2762, -3.3631 ], [ 122.268, -3.3991 ], [ 122.2391, -3.3887 ], [ 122.3017, -3.468 ], [ 122.2878, -3.4924 ], [ 122.2824, -3.4807 ], [ 122.2619, -3.4828 ], [ 122.2471, -3.4953 ], [ 122.2839, -3.4886 ], [ 122.2818, -3.5486 ], [ 122.2673, -3.5211 ], [ 122.254, -3.5408 ], [ 122.2709, -3.5382 ], [ 122.267, -3.5591 ], [ 122.2, -3.565 ], [ 122.1958, -3.6065 ], [ 122.2466, -3.6646 ], [ 122.3008, -3.6915 ], [ 122.3408, -3.7446 ], [ 122.3631, -3.7528 ], [ 122.3929, -3.7266 ], [ 122.402, -3.7499 ], [ 122.4435, -3.7501 ], [ 122.4728, -3.8207 ], [ 122.4236, -3.8487 ] ] ], [ [ [ 122.4429, -3.5053 ], [ 122.4165, -3.4932 ], [ 122.3978, -3.4428 ], [ 122.4124, -3.3953 ], [ 122.4234, -3.4281 ], [ 122.4662, -3.4653 ], [ 122.4626, -3.484 ], [ 122.4391, -3.4771 ], [ 122.4429, -3.5053 ] ] ] ] } },
{ "type": "Feature", "properties": { "province": "SULAWESI TENGGARA", "district": "KOTA BAU BAU", "id": "SULAWESI TENGGARA/KOTA BAU BAU", "name": "KOTA BAU BAU" }, "geometry": { "type": "MultiPolygon", "coordinates": [ [ [ [ 122.6142, -5.5134 ], [ 122.5736, -5.5382 ], [ 122.5558, -5.5035 ], [ 122.5926, -5.4567 ], [ 122.604, -5.4525 ], [ 122.6277, -5.4597 ], [ 122.6467, -5.4437 ], [ 122.6411, -5.4117 ], [ 122.6186, -5.406 ], [ 122.6528, -5.3265 ], [ 122.6762, -5.3081 ], [ 122.6952, -5.3282 ], [ 122.7255, -5.3291 ], [ 122.7265, -5.3543 ], [ 122.7485, -5.361 ], [ 122.7698, -5.4118 ], [ 122.7412, -5.4889 ], [ 122.6142, -5.5134 ] ] ], [ [ [ 122.6159, -5.4565 ], [ 122.6154, -5.4564 ], [ 122.6155, -5.4561 ], [ 122.6159, -5.4562 ], [ 122.6159, -5.4565 ] ] ], [ [ [ 122.6277, -5.4356 ], [ 122.6239, -5.423 ], [ 122.6311, -5.4175 ], [ 122.631, -5.4299 ], [ 122.6277, -5.4356 ] ] ] ] } },
{ "type": "Feature", "properties": { "province": "SULAWESI TENGGARA", "district": "KOTA KENDARI", "id": "SULAWESI TENGGARA/KOTA KENDARI", "name": "KOTA KENDARI" }, "geometry": { "type": "MultiPolygon", "coordinates": [ [ [ [ 122.5485, -4.0766 ], [ 122.5099, -4.0851 ], [ 122.5141, -4.0681 ], [ 122.5, -4.0713 ], [ 122.4405, -4.0183 ], [ 122.4518, -3.9403 ], [ 122.4812, -3.9091 ], [ 122.5067, -3.9091 ], [ 122.5389, -3.9411 ], [ 122.6261, -3.9492 ], [ 122.5993, -3.9791 ], [ 122.537, -3.9666 ], [ 122.5359, -3.9894 ], [ 122.5899, -3.9782 ], [ 122.6192, -4.0029 ], [ 122.6511, -4.0027 ], [ 122.6159, -4.0256 ], [ 122.5892, -4.084 ], [ 122.5739, -4.069 ], [ 122.5485, -4.0766 ] ] ], [ [ [ 122.6044, -3.9758 ], [ 122.6114, -3.9775 ], [ 122.6182, -3.9907 ], [ 122.6115, -3.9923 ], [ 122.6103, -3.985 ], [ 122.5996, -3.9835 ], [ 122.6044, -3.9758 ] ] ] ] } },
{ "type": "Feature", "properties": { "province": "SULAWESI TENGGARA", "district": "MUNA", "id": "SULAWESI TENGGARA/MUNA", "name": "MUNA" }, "geometry": { "type": "MultiPolygon", "coordinates": [ [ [ [ 122.5045, -5.225 ], [ 122.4411, -5.2272 ], [ 122.3663, -5.186 ], [ 122.3542, -5.1514 ], [ 122.3167, -5.1454 ], [ 122.3277, -5.1037 ], [ 122.3941, -5.0716 ], [ 122.4042, -5.091 ], [ 122.4112, -5.0907 ], [ 122.4037, -5.0687 ], [ 122.3818, -5.0672 ], [ 122.3731, -5.0373 ], [ 122.389, -4.9964 ], [ 122.3792, -4.9518 ], [ 122.3585, -4.9315 ], [ 122.4196, -4.8963 ], [ 122.5245, -4.9378 ], [ 122.5865, -4.9972 ], [ 122.6609, -4.8904 ], [ 122.6353, -4.8693 ], [ 122.623, -4.8267 ], [ 122.5788, -4.8272 ], [ 122.5619, -4.8018 ], [ 122.6562, -4.7234 ], [ 122.6321, -4.695 ], [ 122.6312, -4.6257 ], [ 122.6823, -4.6112 ], [ 122.74, -4.6499 ], [ 122.7341, -4.683 ], [ 122.7148, -4.6876 ], [ 122.743, -4.7535 ], [ 122.7251, -4.8465 ], [ 122.7362, -4.8821 ], [ 122.7645, -4.8947 ], [ 122.7636, -4.9651 ], [ 122.7213, -4.9647 ], [ 122.7045, -5.0064 ], [ 122.6125, -5.0947 ], [ 122.6201, -5.1097 ], [ 122.5854, -5.1868 ], [ 122.6263, -5.2038 ], [ 122.5619, -5.217 ], [ 122.5208, -5.192 ], [ 122.5045, -5.225 ] ] ], [ [ [ 122.3498, -5.0883 ], [ 122.3447, -5.0869 ], [ 122.3446, -5.0857 ], [ 122.3495, -5.0845 ], [ 122.3498, -5.0883 ] ] ], [ [ [ 122.2894, -5.071 ], [ 122.2927, -5.0712 ], [ 122.2962, -5.0748 ], [ 122.2893, -5.0756 ], [ 122.2894, -5.071 ] ] ], [ [ [ 122.8786, -5.0261 ], [ 122.8276, -5.0958 ], [ 122.7932, -5.0766 ], [ 122.7577, -5.111 ], [ 122.8025, -5.0266 ], [ 122.7893, -5.0192 ], [ 122.7416, -5.0554 ], [ 122.7403, -5.0402 ], [ 122.8115, -4.9827 ], [ 122.8318, -4.9207 ], [ 122.8286, -4.8891 ], [ 122.8059, -4.8674 ], [ 122.8131, -4.8289 ], [ 122.8399, -4.8353 ], [ 122.8574, -4.7798 ], [ 122.8284, -4.6784 ], [ 122.8491, -4.6092 ], [ 122.9287, -4.6123 ], [ 122.9247, -4.8578 ], [ 122.8786, -5.0261 ] ] ], [ [ [ 122.7906, -4.9649 ], [ 122.7947, -4.9767 ], [ 122.7899, -4.979 ], [ 122.7857, -4.9694 ], [ 122.7906, -4.9649 ] ] ], [ [ [ 122.817, -4.9034 ], [ 122.8172, -4.914 ], [ 122.8145, -4.9161 ], [ 122.8118, -4.9059 ], [ 122.817, -4.9034 ] ] ], [ [ [ 122.7098, -4.5907 ], [ 122.7147, -4.5949 ], [ 122.7209, -4.5955 ], [ 122.732, -4.6027 ], [ 122.7187, -4.6021 ], [ 122.7098, -4.5907 ] ] ], [ [ [ 122.6895, -4.567 ], [ 122.6897, -4.5719 ], [ 122.699, -4.5767 ], [ 122.6828, -4.5782 ], [ 122.6895, -4.567 ] ] ], [ [ [ 122.7278, -4.5431 ], [ 122.742, -4.5488 ], [ 122.7427, -4.5758 ], [ 122.7095, -4.5466 ], [ 122.6999, -4.5625 ], [ 122.6866, -4.5387 ], [ 122.7145, -4.5165 ], [ 122.7427, -4.5309 ], [ 122.7278, -4.5431 ] ] ] ] } },
{ "type": "Feature", "properties": { "province": "SULAWESI TENGGARA", "district": "MUNA BARAT", "id": "SULAWESI TENGGARA/MUNA BARAT", "name": "MUNA BARAT" }, "geometry": { "type": "MultiPolygon", "coordinates": [ [ [ [ 122.5991, -4.9791 ], [ 122.5865, -4.9972 ], [ 122.5245, -4.9378 ], [ 122.4196, -4.8963 ], [ 122.3559, -4.9296 ], [ 122.318, -4.8325 ], [ 122.3736, -4.7406 ], [ 122.4676, -4.7431 ], [ 122.4778, -4.7238 ], [ 122.5292, -4.7109 ], [ 122.5291, -4.6972 ], [ 122.5846, -4.6697 ], [ 122.5996, -4.6269 ], [ 122.6195, -4.6369 ], [ 122.6312, -4.6257 ], [ 122.6321, -4.695 ], [ 122.6562, -4.7234 ], [ 122.5619, -4.8018 ], [ 122.5788, -4.8272 ], [ 122.623, -4.8267 ], [ 122.6353, -4.8693 ], [ 122.6609, -4.8904 ], [ 122.5991, -4.9791 ] ] ], [ [ [ 122.333, -4.932 ], [ 122.326, -4.9185 ], [ 122.3453, -4.9161 ], [ 122.3449, -4.926 ], [ 122.333, -4.932 ] ] ], [ [ [ 122.1807, -4.9115 ], [ 122.1744, -4.9202 ], [ 122.1681, -4.9202 ], [ 122.183, -4.9065 ], [ 122.1807, -4.9115 ] ] ], [ [ [ 122.1856, -4.8357 ], [ 122.1957, -4.834 ], [ 122.1965, -4.8365 ], [ 122.1845, -4.8401 ], [ 122.1856, -4.8357 ] ] ], [ [ [ 122.2849, -4.8418 ], [ 122.2788, -4.8402 ], [ 122.2783, -4.8327 ], [ 122.2812, -4.8315 ], [ 122.2849, -4.8418 ] ] ], [ [ [ 122.4648, -4.7091 ], [ 122.4679, -4.7158 ], [ 122.4493, -4.7107 ], [ 122.4586, -4.6963 ], [ 122.4648, -4.7091 ] ] ], [ [ [ 122.4163, -4.7066 ], [ 122.4073, -4.7084 ], [ 122.426, -4.6948 ], [ 122.4234, -4.6995 ], [ 122.4163, -4.7066 ] ] ], [ [ [ 122.3475, -4.7128 ], [ 122.3241, -4.7241 ], [ 122.3782, -4.6649 ], [ 122.3792, -4.6742 ], [ 122.3475, -4.7128 ] ] ], [ [ [ 122.3367, -4.634 ], [ 122.3285, -4.6508 ], [ 122.3159, -4.6579 ], [ 122.3163, -4.6451 ], [ 122.3485, -4.622 ], [ 122.3367, -4.634 ] ] ], [ [ [ 122.3502, -4.5838 ], [ 122.3522, -4.5851 ], [ 122.3474, -4.5903 ], [ 122.3479, -4.5846 ], [ 122.3502, -4.5838 ] ] ], [ [ [ 122.3238, -4.5635 ], [ 122.3208, -4.5556 ], [ 122.3292, -4.552 ], [ 122.3298, -4.5579 ], [ 122.3238, -4.5635 ] ] ], [ [ [ 122.2945, -4.5601 ], [ 122.2892, -4.5528 ], [ 122.2945, -4.5443 ], [ 122.2976, -4.5542 ], [ 122.2945, -4.5601 ] ] ] ] } },
{ "type": "Feature", "properties": { "province": "SULAWESI TENGGARA", "district": "WAKATOBI", "id": "SULAWESI TENGGARA/WAKATOBI", "name": "WAKATOBI" }, "geometry": { "type": "MultiPolygon", "coordinates": [ [ [ [ 124.061, -6.041 ], [ 124.0581, -5.98 ], [ 123.9906, -5.9683 ], [ 123.9729, -5.9361 ], [ 123.9927, -5.876 ], [ 124.0479, -5.907 ], [ 124.0882, -6.0009 ], [ 124.089, -6.0264 ], [ 124.061, -6.041 ] ] ], [ [ [ 123.9094, -5.802 ], [ 123.9496, -5.8069 ], [ 123.9462, -5.8215 ], [ 123.9183, -5.8154 ], [ 123.9094, -5.802 ] ] ], [ [ [ 123.9941, -5.771 ], [ 123.986, -5.7868 ], [ 123.9305, -5.7772 ], [ 123.8963, -5.7305 ], [ 123.9081, -5.7183 ], [ 123.9585, -5.7268 ], [ 124.009, -5.7583 ], [ 123.9941, -5.771 ] ] ], [ [ [ 123.9109, -5.7752 ], [ 123.8985, -5.7765 ], [ 123.8977, -5.7612 ], [ 123.9081, -5.7642 ], [ 123.9109, -5.7752 ] ] ], [ [ [ 124.0663, -5.6352 ], [ 124.0875, -5.6595 ], [ 124.0827, -5.6758 ], [ 124.0475, -5.626 ], [ 124.0663, -5.6352 ] ] ], [ [ [ 123.818, -5.5897 ], [ 123.82, -5.602 ], [ 123.7834, -5.5917 ], [ 123.6916, -5.472 ], [ 123.7326, -5.48 ], [ 123.7373, -5.49 ], [ 123.749, -5.4965 ], [ 123.732, -5.5057 ], [ 123.741, -5.5115 ], [ 123.7672, -5.5033 ], [ 123.8271, -5.5594 ], [ 123.811, -5.5773 ], [ 123.818, -5.5897 ] ] ], [ [ [ 123.8499, -5.5575 ], [ 123.883, -5.5723 ], [ 123.8841, -5.5841 ], [ 123.8333, -5.586 ], [ 123.8305, -5.5612 ], [ 123.8499, -5.5575 ] ] ], [ [ [ 123.8693, -5.5332 ], [ 123.8683, -5.5549 ], [ 123.8538, -5.5543 ], [ 123.8517, -5.5451 ], [ 123.8693, -5.5332 ] ] ], [ [ [ 123.7014, -5.5239 ], [ 123.695, -5.5203 ], [ 123.7079, -5.5046 ], [ 123.712, -5.5139 ], [ 123.7014, -5.5239 ] ] ], [ [ [ 123.759, -5.4875 ], [ 123.759, -5.4974 ], [ 123.7402, -5.489 ], [ 123.757, -5.4848 ], [ 123.759, -5.4875 ] ] ], [ [ [ 123.7728, -5.4578 ], [ 123.7841, -5.4717 ], [ 123.7859, -5.4773 ], [ 123.7602, -5.4748 ], [ 123.7728, -5.4578 ] ] ], [ [ [ 123.5283, -5.3716 ], [ 123.5417, -5.3773 ], [ 123.48, -5.3597 ], [ 123.4637, -5.3277 ], [ 123.4961, -5.3357 ], [ 123.5283, -5.3716 ] ] ], [ [ [ 123.5814, -5.3835 ], [ 123.5296, -5.317 ], [ 123.5193, -5.2633 ], [ 123.532, -5.2478 ], [ 123.5886, -5.2489 ], [ 123.6486, -5.2941 ], [ 123.6399, -5.3725 ], [ 123.5814, -5.3835 ] ] ], [ [ [ 123.5372, -5.3492 ], [ 123.539, -5.3524 ], [ 123.532, -5.3556 ], [ 123.529, -5.3484 ], [ 123.5372, -5.3492 ] ] ], [ [ [ 123.5369, -5.3419 ], [ 123.5349, -5.3433 ], [ 123.534, -5.3409 ], [ 123.536, -5.3397 ], [ 123.5369, -5.3419 ] ] ], [ [ [ 124.3358, -5.325 ], [ 124.3534, -5.3378 ], [ 124.3533, -5.352 ], [ 124.3348, -5.3405 ], [ 124.3358, -5.325 ] ] ], [ [ [ 123.536, -5.3395 ], [ 123.5339, -5.3406 ], [ 123.5329, -5.3365 ], [ 123.535, -5.3358 ], [ 123.536, -5.3395 ] ] ], [ [ [ 123.5327, -5.3364 ], [ 123.5326, -5.3343 ], [ 123.5346, -5.3341 ], [ 123.5346, -5.3358 ], [ 123.5327, -5.3364 ] ] ] ] } },
{ "type": "Feature", "properties": { "province": "SULAWESI UTARA", "district": "BOLAANG MONGONDOW", "id": "SULAWESI UTARA/BOLAANG MONGONDOW", "name": "BOLAANG MONGONDOW" }, "geometry": { "type": "Polygon", "coordinates": [ [ [ 124.0327, 0.4891 ], [ 123.9518, 0.4566 ], [ 123.9305, 0.4316 ], [ 123.8601, 0.4591 ], [ 123.7925, 0.4404 ], [ 123.7388, 0.4651 ], [ 123.6983, 0.4563 ], [ 123.6914, 0.4863 ], [ 123.7212, 0.5259 ], [ 123.7143, 0.563 ], [ 123.6437, 0.5735 ], [ 123.6334, 0.5997 ], [ 123.6655, 0.6171 ], [ 123.7006, 0.614 ], [ 123.7401, 0.6776 ], [ 123.7183, 0.7252 ], [ 123.6997, 0.7327 ], [ 123.7102, 0.7594 ], [ 123.676, 0.8188 ], [ 123.6896, 0.858 ], [ 123.713, 0.874 ], [ 123.736, 0.8657 ], [ 123.7525, 0.8307 ], [ 123.7653, 0.8378 ], [ 123.7569, 0.855 ], [ 123.7855, 0.8299 ], [ 123.8041, 0.8375 ], [ 123.7916, 0.8555 ], [ 123.828, 0.8404 ], [ 123.9134, 0.8522 ], [ 123.9593, 0.8371 ], [ 123.9295, 0.858 ], [ 124.0716, 0.9215 ], [ 124.1366, 0.9279 ], [ 124.2029, 0.9896 ], [ 124.2974, 1.0097 ], [ 124.3558, 0.9868 ], [ 124.3773, 0.953 ], [ 124.367, 0.9213 ], [ 124.379, 0.8702 ], [ 124.4346, 0.8326 ], [ 124.4187, 0.8082 ], [ 124.4338, 0.7929 ], [ 124.4158, 0.7686 ], [ 124.35, 0.7542 ], [ 124.3219, 0.7697 ], [ 124.2745, 0.7406 ], [ 124.2716, 0.7113 ], [ 124.2944, 0.6936 ], [ 124.332, 0.7139 ], [ 124.3605, 0.6826 ], [ 124.3201, 0.583 ], [ 124.274, 0.5444 ], [ 124.1787, 0.523 ], [ 124.1606, 0.5617 ], [ 124.1392, 0.5588 ], [ 124.1136, 0.5276 ], [ 124.0575, 0.516 ], [ 124.0327, 0.4891 ] ] ] } },
{ "type": "Feature", "properties": { "province": "SULAWESI UTARA", "district": "BOLAANG MONGONDOW SELATAN", "id": "SULAWESI UTARA/BOLAANG MONGONDOW SELATAN", "name": "BOLAANG MONGONDOW SELATAN" }, "geometry": { "type": "Polygon", "coordinates": [ [ [ 123.5742, 0.3203 ], [ 123.4944, 0.3065 ], [ 123.4766, 0.3166 ], [ 123.4979, 0.3821 ], [ 123.5501, 0.4335 ], [ 123.5236, 0.463 ], [ 123.523, 0.4904 ], [ 123.5523, 0.5107 ], [ 123.5279, 0.5409 ], [ 123.5363, 0.5792 ], [ 123.5878, 0.5868 ], [ 123.6107, 0.5618 ], [ 123.7102, 0.5705 ], [ 123.7212, 0.5259 ], [ 123.6914, 0.4863 ], [ 123.6986, 0.456 ], [ 123.7382, 0.4652 ], [ 123.7925, 0.4404 ], [ 123.8601, 0.4591 ], [ 123.9305, 0.4316 ], [ 123.9518, 0.4566 ], [ 124.0242, 0.4769 ], [ 124.0509, 0.5127 ], [ 124.1136, 0.5276 ], [ 124.1392, 0.5588 ], [ 124.1606, 0.5617 ], [ 124.1787, 0.523 ], [ 124.274, 0.5444 ], [ 124.3376, 0.6169 ], [ 124.3832, 0.581 ], [ 124.4395, 0.5669 ], [ 124.4357, 0.5345 ], [ 124.4641, 0.5109 ], [ 124.4759, 0.466 ], [ 124.45, 0.466 ], [ 124.4529, 0.444 ], [ 124.4129, 0.4546 ], [ 124.362, 0.4449 ], [ 124.3607, 0.4313 ], [ 124.3559, 0.4531 ], [ 124.3388, 0.4334 ], [ 124.3241, 0.4461 ], [ 124.3142, 0.4101 ], [ 124.3039, 0.4273 ], [ 124.2722, 0.4289 ], [ 124.2882, 0.4065 ], [ 124.2249, 0.3951 ], [ 124.2197, 0.3823 ], [ 124.2118, 0.3975 ], [ 124.0796, 0.3873 ], [ 124.0526, 0.3604 ], [ 124.0468, 0.3768 ], [ 123.9951, 0.3747 ], [ 123.9211, 0.3435 ], [ 123.8828, 0.348 ], [ 123.8589, 0.3277 ], [ 123.8082, 0.3339 ], [ 123.7874, 0.3139 ], [ 123.7073, 0.3194 ], [ 123.6764, 0.2955 ], [ 123.6479, 0.3074 ], [ 123.6222, 0.2935 ], [ 123.5742, 0.3203 ] ] ] } },
{ "type": "Feature", "properties": { "province": "SULAWESI UTARA", "district": "BOLAANG MONGONDOW TIMUR", "id": "SULAWESI UTARA/BOLAANG MONGONDOW TIMUR", "name": "BOLAANG MONGONDOW TIMUR" }, "geometry": { "type": "Polygon", "coordinates": [ [ [ 124.4903, 0.5271 ], [ 124.5139, 0.4738 ], [ 124.496, 0.4663 ], [ 124.4898, 0.4868 ], [ 124.4759, 0.466 ], [ 124.4641, 0.5109 ], [ 124.4357, 0.5345 ], [ 124.4395, 0.5669 ], [ 124.3832, 0.581 ], [ 124.3379, 0.6141 ], [ 124.3416, 0.6589 ], [ 124.3605, 0.6792 ], [ 124.3445, 0.7012 ], [ 124.3535, 0.7547 ], [ 124.4158, 0.7686 ], [ 124.4214, 0.7836 ], [ 124.4337, 0.7925 ], [ 124.4648, 0.7307 ], [ 124.4695, 0.7633 ], [ 124.4893, 0.7665 ], [ 124.4971, 0.8206 ], [ 124.5601, 0.8675 ], [ 124.5801, 0.9346 ], [ 124.6506, 0.9566 ], [ 124.6512, 0.8885 ], [ 124.6997, 0.841 ], [ 124.6705, 0.8287 ], [ 124.6285, 0.774 ], [ 124.6294, 0.7126 ], [ 124.598, 0.7062 ], [ 124.5933, 0.6833 ], [ 124.5815, 0.696 ], [ 124.5554, 0.6514 ], [ 124.5439, 0.6241 ], [ 124.5661, 0.6185 ], [ 124.569, 0.5791 ], [ 124.5356, 0.5851 ], [ 124.4903, 0.5271 ] ] ] } },
{ "type": "Feature", "properties": { "province": "SULAWESI UTARA", "district": "BOLAANG MONGONDOW UTARA", "id": "SULAWESI UTARA/BOLAANG MONGONDOW UTARA", "name": "BOLAANG MONGONDOW UTARA" }, "geometry": { "type": "Polygon", "coordinates": [ [ [ 123.4027, 0.64 ], [ 123.3594, 0.6514 ], [ 123.3221, 0.6987 ], [ 123.2742, 0.6979 ], [ 123.2471, 0.717 ], [ 123.2714, 0.8029 ], [ 123.2067, 0.8565 ], [ 123.121, 0.8899 ], [ 123.1109, 0.9213 ], [ 123.1413, 0.923 ], [ 123.1781, 0.9015 ], [ 123.1986, 0.9196 ], [ 123.1669, 0.9487 ], [ 123.1843, 0.9538 ], [ 123.2098, 0.9383 ], [ 123.2522, 0.9469 ], [ 123.2617, 0.9138 ], [ 123.2694, 0.9243 ], [ 123.3433, 0.9074 ], [ 123.3506, 0.92 ], [ 123.3505, 0.9049 ], [ 123.3729, 0.9129 ], [ 123.3946, 0.8983 ], [ 123.4004, 0.9154 ], [ 123.4167, 0.8909 ], [ 123.4426, 0.9043 ], [ 123.527, 0.886 ], [ 123.593, 0.9043 ], [ 123.6956, 0.864 ], [ 123.676, 0.8188 ], [ 123.7102, 0.7594 ], [ 123.6997, 0.7327 ], [ 123.7407, 0.6839 ], [ 123.7006, 0.614 ], [ 123.6427, 0.608 ], [ 123.6437, 0.5735 ], [ 123.6091, 0.5619 ], [ 123.5878, 0.5868 ], [ 123.5091, 0.5844 ], [ 123.4878, 0.6014 ], [ 123.491, 0.623 ], [ 123.45, 0.6437 ], [ 123.4027, 0.64 ] ] ] } },
{ "type": "Feature", "properties": { "province": "SULAWESI UTARA", "district": "KEP. SIAU TAGULANDANG BIARO", "id": "SULAWESI UTARA/KEP. SIAU TAGULANDANG BIARO", "name": "KEP. SIAU TAGULANDANG BIARO" }, "geometry": { "type": "MultiPolygon", "coordinates": [ [ [ [ 125.3612, 2.0835 ], [ 125.3464, 2.0696 ], [ 125.3366, 2.0821 ], [ 125.3643, 2.1049 ], [ 125.3541, 2.1256 ], [ 125.3911, 2.1125 ], [ 125.4106, 2.1336 ], [ 125.4091, 2.1029 ], [ 125.3612, 2.0835 ] ] ], [ [ [ 125.3814, 2.2976 ], [ 125.3652, 2.2865 ], [ 125.3428, 2.305 ], [ 125.3776, 2.3284 ], [ 125.3814, 2.2976 ] ] ], [ [ [ 125.44, 2.3176 ], [ 125.3866, 2.3323 ], [ 125.3699, 2.3563 ], [ 125.3769, 2.3757 ], [ 125.3921, 2.3837 ], [ 125.416, 2.3678 ], [ 125.4331, 2.3833 ], [ 125.4577, 2.3663 ], [ 125.4668, 2.3492 ], [ 125.44, 2.3176 ] ] ], [ [ [ 125.4187, 2.6352 ], [ 125.3772, 2.6499 ], [ 125.361, 2.7147 ], [ 125.3698, 2.7858 ], [ 125.3926, 2.8101 ], [ 125.4279, 2.8078 ], [ 125.4552, 2.7758 ], [ 125.4511, 2.753 ], [ 125.4086, 2.7295 ], [ 125.3937, 2.6911 ], [ 125.4299, 2.6539 ], [ 125.4187, 2.6352 ] ] ], [ [ [ 125.461, 2.6426 ], [ 125.4414, 2.6395 ], [ 125.4614, 2.6734 ], [ 125.4748, 2.6564 ], [ 125.461, 2.6426 ] ] ], [ [ [ 125.4606, 2.6791 ], [ 125.4525, 2.676 ], [ 125.4472, 2.6817 ], [ 125.463, 2.6891 ], [ 125.4606, 2.6791 ] ] ], [ [ [ 125.182, 2.7242 ], [ 125.1682, 2.7369 ], [ 125.1776, 2.7447 ], [ 125.1869, 2.7345 ], [ 125.182, 2.7242 ] ] ] ] } },
{ "type": "Feature", "properties": { "province": "SULAWESI UTARA", "district": "KEPULAUAN SANGIHE", "id": "SULAWESI UTARA/KEPULAUAN SANGIHE", "name": "KEPULAUAN SANGIHE" }, "geometry": { "type": "MultiPolygon", "coordinates": [ [ [ [ 125.5096, 3.0805 ], [ 125.5119, 3.0773 ], [ 125.5051, 3.058 ], [ 125.495, 3.0803 ], [ 125.5031, 3.0937 ], [ 125.5096, 3.0805 ] ] ], [ [ [ 125.4573, 3.1412 ], [ 125.4479, 3.1419 ], [ 125.4473, 3.1464 ], [ 125.4529, 3.1495 ], [ 125.4573, 3.1412 ] ] ], [ [ [ 125.521, 3.1593 ], [ 125.4988, 3.1719 ], [ 125.5159, 3.1707 ], [ 125.5029, 3.177 ], [ 125.5128, 3.1889 ], [ 125.5264, 3.1736 ], [ 125.5208, 3.1907 ], [ 125.527, 3.1923 ], [ 125.5403, 3.173 ], [ 125.521, 3.1593 ] ] ], [ [ [ 125.4605, 3.255 ], [ 125.4726, 3.2438 ], [ 125.4547, 3.2314 ], [ 125.4475, 3.2497 ], [ 125.4605, 3.255 ] ] ], [ [ [ 125.6214, 3.3607 ], [ 125.621, 3.3413 ], [ 125.6062, 3.3412 ], [ 125.6079, 3.3645 ], [ 125.6214, 3.3607 ] ] ], [ [ [ 125.6556, 3.3937 ], [ 125.6384, 3.3793 ], [ 125.6217, 3.3884 ], [ 125.622, 3.3725 ], [ 125.6053, 3.3681 ], [ 125.5814, 3.3753 ], [ 125.5861, 3.4045 ], [ 125.5583, 3.4216 ], [ 125.5709, 3.4392 ], [ 125.5495, 3.4352 ], [ 125.5447, 3.41 ], [ 125.5227, 3.413 ], [ 125.5259, 3.4377 ], [ 125.5028, 3.4349 ], [ 125.5065, 3.4584 ], [ 125.481, 3.4816 ], [ 125.513, 3.567 ], [ 125.4894, 3.5729 ], [ 125.4823, 3.5931 ], [ 125.5037, 3.6064 ], [ 125.4423, 3.6205 ], [ 125.4137, 3.6439 ], [ 125.3976, 3.6732 ], [ 125.4049, 3.7197 ], [ 125.4459, 3.737 ], [ 125.5078, 3.7229 ], [ 125.573, 3.6459 ], [ 125.5631, 3.6255 ], [ 125.5947, 3.611 ], [ 125.5728, 3.6045 ], [ 125.5825, 3.5973 ], [ 125.5624, 3.5898 ], [ 125.56, 3.5766 ], [ 125.5849, 3.5829 ], [ 125.5899, 3.5526 ], [ 125.6179, 3.5424 ], [ 125.6147, 3.5241 ], [ 125.6266, 3.5275 ], [ 125.6417, 3.4911 ], [ 125.6601, 3.4833 ], [ 125.6401, 3.5125 ], [ 125.6623, 3.5232 ], [ 125.6546, 3.5048 ], [ 125.6713, 3.4931 ], [ 125.6764, 3.429 ], [ 125.6556, 3.3937 ] ] ], [ [ [ 125.5738, 3.4068 ], [ 125.5781, 3.3893 ], [ 125.5552, 3.3951 ], [ 125.5638, 3.4169 ], [ 125.5738, 3.4068 ] ] ], [ [ [ 125.5803, 3.3426 ], [ 125.5707, 3.3317 ], [ 125.5677, 3.3328 ], [ 125.5655, 3.3373 ], [ 125.5803, 3.3426 ] ] ], [ [ [ 125.7114, 3.475 ], [ 125.7094, 3.4625 ], [ 125.702, 3.4518 ], [ 125.6907, 3.4636 ], [ 125.7114, 3.475 ] ] ], [ [ [ 125.7339, 3.4829 ], [ 125.736, 3.4804 ], [ 125.729, 3.4751 ], [ 125.7272, 3.4807 ], [ 125.7339, 3.4829 ] ] ], [ [ [ 125.6565, 3.5361 ], [ 125.662, 3.5341 ], [ 125.6626, 3.5298 ], [ 125.6563, 3.5274 ], [ 125.6565, 3.5361 ] ] ], [ [ [ 125.6429, 3.5524 ], [ 125.6455, 3.5432 ], [ 125.6353, 3.5379 ], [ 125.6337, 3.5518 ], [ 125.6429, 3.5524 ] ] ], [ [ [ 125.3907, 3.913 ], [ 125.3916, 3.9081 ], [ 125.3847, 3.9094 ], [ 125.3881, 3.9157 ], [ 125.3907, 3.913 ] ] ], [ [ [ 125.3201, 4.2368 ], [ 125.331, 4.2344 ], [ 125.3306, 4.2279 ], [ 125.3188, 4.2311 ], [ 125.3201, 4.2368 ] ] ], [ [ [ 125.5831, 3.7596 ], [ 125.5862, 3.7504 ], [ 125.5568, 3.7458 ], [ 125.567, 3.7693 ], [ 125.5831, 3.7596 ] ] ], [ [ [ 125.605, 3.7852 ], [ 125.5889, 3.7702 ], [ 125.5923, 3.7911 ], [ 125.6246, 3.7936 ], [ 125.6343, 3.7839 ], [ 125.605, 3.7852 ] ] ], [ [ [ 125.6933, 4.4372 ], [ 125.697, 4.4321 ], [ 125.6893, 4.432 ], [ 125.6882, 4.4373 ], [ 125.6933, 4.4372 ] ] ], [ [ [ 125.4382, 4.6514 ], [ 125.4335, 4.648 ], [ 125.4351, 4.6627 ], [ 125.438, 4.6591 ], [ 125.4382, 4.6514 ] ] ], [ [ [ 125.4912, 4.745 ], [ 125.4892, 4.7355 ], [ 125.4781, 4.7283 ], [ 125.4777, 4.7363 ], [ 125.4912, 4.745 ] ] ] ] } },
{ "type": "Feature", "properties": { "province": "SULAWESI UTARA", "district": "KEPULAUAN TALAUD", "id": "SULAWESI UTARA/KEPULAUAN TALAUD", "name": "KEPULAUAN TALAUD" }, "geometry": { "type": "MultiPolygon", "coordinates": [ [ [ [ 126.8282, 3.733 ], [ 126.7882, 3.744 ], [ 126.754, 3.7864 ], [ 126.7428, 3.8281 ], [ 126.7525, 3.8527 ], [ 126.8034, 3.834 ], [ 126.8352, 3.7935 ], [ 126.8516, 3.7533 ], [ 126.8282, 3.733 ] ] ], [ [ [ 126.6973, 3.8376 ], [ 126.7053, 3.8146 ], [ 126.6827, 3.8125 ], [ 126.6617, 3.8829 ], [ 126.6683, 3.9306 ], [ 126.6377, 3.9508 ], [ 126.6287, 3.9833 ], [ 126.6135, 3.9833 ], [ 126.6113, 4.0432 ], [ 126.6407, 4.0233 ], [ 126.6468, 3.9771 ], [ 126.7199, 3.9195 ], [ 126.7191, 3.8911 ], [ 126.6852, 3.8691 ], [ 126.6973, 3.8376 ] ] ], [ [ [ 126.6945, 4.0012 ], [ 126.6711, 4.0025 ], [ 126.6683, 4.0433 ], [ 126.7333, 4.1087 ], [ 126.7934, 4.2343 ], [ 126.7168, 4.2645 ], [ 126.708, 4.3222 ], [ 126.6802, 4.3342 ], [ 126.7034, 4.4288 ], [ 126.734, 4.4617 ], [ 126.7209, 4.5147 ], [ 126.747, 4.5458 ], [ 126.7853, 4.5247 ], [ 126.808, 4.5337 ], [ 126.8309, 4.4915 ], [ 126.8556, 4.4894 ], [ 126.8698, 4.4291 ], [ 126.8522, 4.4136 ], [ 126.8504, 4.3754 ], [ 126.9126, 4.2693 ], [ 126.8613, 4.2503 ], [ 126.8706, 4.2164 ], [ 126.7969, 4.1483 ], [ 126.8121, 4.1049 ], [ 126.8085, 4.0319 ], [ 126.7616, 3.9943 ], [ 126.6945, 4.0012 ] ] ], [ [ [ 127.1498, 4.6162 ], [ 127.1417, 4.6065 ], [ 127.1186, 4.6161 ], [ 127.1316, 4.6123 ], [ 127.1498, 4.6162 ] ] ], [ [ [ 127.0792, 4.7168 ], [ 127.0641, 4.7211 ], [ 127.0543, 4.7331 ], [ 127.0926, 4.7331 ], [ 127.0792, 4.7168 ] ] ], [ [ [ 127.116, 4.7315 ], [ 127.1116, 4.7514 ], [ 127.1335, 4.7783 ], [ 127.1437, 4.7418 ], [ 127.116, 4.7315 ] ] ], [ [ [ 127.0625, 4.8073 ], [ 127.0655, 4.7966 ], [ 127.0588, 4.7906 ], [ 127.0563, 4.7978 ], [ 127.0625, 4.8073 ] ] ], [ [ [ 126.5884, 5.5642 ], [ 126.5896, 5.5553 ], [ 126.5796, 5.5449 ], [ 126.577, 5.5576 ], [ 126.5884, 5.5642 ] ] ] ] } },
{ "type": "Feature", "properties": { "province": "SULAWESI UTARA", "district": "KOTA BITUNG", "id": "SULAWESI UTARA/KOTA BITUNG", "name": "KOTA BITUNG" }, "geometry": { "type": "MultiPolygon", "coordinates": [ [ [ [ 125.1976, 1.3986 ], [ 125.1737, 1.3872 ], [ 125.1801, 1.4055 ], [ 125.1669, 1.404 ], [ 125.1861, 1.432 ], [ 125.2401, 1.4428 ], [ 125.2374, 1.462 ], [ 125.2927, 1.55 ], [ 125.2598, 1.4127 ], [ 125.1976, 1.3986 ] ] ], [ [ [ 125.1211, 1.4072 ], [ 125.1034, 1.3981 ], [ 125.0921, 1.4472 ], [ 125.0307, 1.4536 ], [ 125.0835, 1.5132 ], [ 125.0717, 1.5364 ], [ 125.1374, 1.5647 ], [ 125.1466, 1.5901 ], [ 125.1551, 1.5957 ], [ 125.1694, 1.5663 ], [ 125.2078, 1.5505 ], [ 125.2479, 1.5084 ], [ 125.2338, 1.4665 ], [ 125.2095, 1.4468 ], [ 125.1416, 1.4375 ], [ 125.1211, 1.4072 ] ] ] ] } },
{ "type": "Feature", "properties": { "province": "SULAWESI UTARA", "district": "KOTA KOTAMOBAGU", "id": "SULAWESI UTARA/KOTA KOTAMOBAGU", "name": "KOTA KOTAMOBAGU" }, "geometry": { "type": "Polygon", "coordinates": [ [ [ 124.3284, 0.7126 ], [ 124.2944, 0.6936 ], [ 124.2716, 0.7113 ], [ 124.2745, 0.7406 ], [ 124.3219, 0.7697 ], [ 124.3446, 0.7677 ], [ 124.349, 0.7086 ], [ 124.3284, 0.7126 ] ] ] } },
{ "type": "Feature", "properties": { "province": "SULAWESI UTARA", "district": "KOTA MANADO", "id": "SULAWESI UTARA/KOTA MANADO", "name": "KOTA MANADO" }, "geometry": { "type": "MultiPolygon", "coordinates": [ [ [ [ 124.7367, 1.6244 ], [ 124.774, 1.6285 ], [ 124.7815, 1.5954 ], [ 124.7654, 1.6195 ], [ 124.7602, 1.6222 ], [ 124.7596, 1.6201 ], [ 124.7469, 1.6202 ], [ 124.7381, 1.6162 ], [ 124.7359, 1.6178 ], [ 124.7367, 1.6244 ] ] ], [ [ [ 124.8508, 1.4402 ], [ 124.8256, 1.4294 ], [ 124.7846, 1.4465 ], [ 124.7843, 1.4612 ], [ 124.8268, 1.4631 ], [ 124.845, 1.5152 ], [ 124.8058, 1.5763 ], [ 124.9281, 1.5644 ], [ 124.9332, 1.5076 ], [ 124.8941, 1.4847 ], [ 124.8868, 1.4544 ], [ 124.8727, 1.4657 ], [ 124.8619, 1.4372 ], [ 124.8508, 1.4402 ] ] ], [ [ [ 124.739, 1.6165 ], [ 124.7391, 1.6165 ], [ 124.7391, 1.6162 ], [ 124.739, 1.6162 ], [ 124.739, 1.6165 ] ] ], [ [ [ 124.7136, 1.6423 ], [ 124.711, 1.6237 ], [ 124.6833, 1.6217 ], [ 124.6905, 1.647 ], [ 124.7136, 1.6423 ] ] ] ] } },
{ "type": "Feature", "properties": { "province": "SULAWESI UTARA", "district": "KOTA TOMOHON", "id": "SULAWESI UTARA/KOTA TOMOHON", "name": "KOTA TOMOHON" }, "geometry": { "type": "Polygon", "coordinates": [ [ [ 124.8471, 1.2586 ], [ 124.8269, 1.2531 ], [ 124.7812, 1.2888 ], [ 124.753, 1.2797 ], [ 124.7411, 1.3079 ], [ 124.7702, 1.3679 ], [ 124.8043, 1.3601 ], [ 124.8116, 1.3973 ], [ 124.8285, 1.4054 ], [ 124.8621, 1.3502 ], [ 124.8929, 1.3517 ], [ 124.8471, 1.2586 ] ] ] } },
{ "type": "Feature", "properties": { "province": "SULAWESI UTARA", "district": "MINAHASA", "id": "SULAWESI UTARA/MINAHASA", "name": "MINAHASA" }, "geometry": { "type": "MultiPolygon", "coordinates": [ [ [ [ 124.9265, 1.0328 ], [ 124.9081, 1.0175 ], [ 124.8374, 1.1213 ], [ 124.7708, 1.0964 ], [ 124.7366, 1.115 ], [ 124.7442, 1.143 ], [ 124.7257, 1.1876 ], [ 124.7589, 1.2537 ], [ 124.7311, 1.2583 ], [ 124.705, 1.2863 ], [ 124.7252, 1.3011 ], [ 124.7171, 1.326 ], [ 124.6243, 1.3356 ], [ 124.5825, 1.3572 ], [ 124.5646, 1.3782 ], [ 124.5804, 1.3981 ], [ 124.6226, 1.419 ], [ 124.6392, 1.3991 ], [ 124.6736, 1.394 ], [ 124.7713, 1.4607 ], [ 124.8256, 1.4294 ], [ 124.8615, 1.4368 ], [ 124.8727, 1.4657 ], [ 124.908, 1.4562 ], [ 124.9315, 1.376 ], [ 124.9226, 1.3501 ], [ 124.9734, 1.299 ], [ 124.997, 1.3281 ], [ 125.0247, 1.2886 ], [ 125.0639, 1.2865 ], [ 125.0235, 1.1424 ], [ 124.9265, 1.0328 ] ] ], [ [ [ 124.7073, 1.4139 ], [ 124.7066, 1.4136 ], [ 124.7063, 1.4133 ], [ 124.7063, 1.4136 ], [ 124.7073, 1.4139 ] ] ] ] } },
{ "type": "Feature", "properties": { "province": "SULAWESI UTARA", "district": "MINAHASA SELATAN", "id": "SULAWESI UTARA/MINAHASA SELATAN", "name": "MINAHASA SELATAN" }, "geometry": { "type": "Polygon", "coordinates": [ [ [ 124.488, 0.8033 ], [ 124.4893, 0.7665 ], [ 124.4468, 0.7729 ], [ 124.4187, 0.8061 ], [ 124.4346, 0.8326 ], [ 124.379, 0.8702 ], [ 124.367, 0.9213 ], [ 124.3758, 0.9575 ], [ 124.3558, 0.9868 ], [ 124.3168, 1.0081 ], [ 124.2986, 1.0014 ], [ 124.298, 1.013 ], [ 124.3571, 1.1349 ], [ 124.3418, 1.1546 ], [ 124.3521, 1.1644 ], [ 124.4154, 1.1957 ], [ 124.5167, 1.188 ], [ 124.5277, 1.2153 ], [ 124.5641, 1.18 ], [ 124.585, 1.1967 ], [ 124.6116, 1.2538 ], [ 124.5716, 1.2818 ], [ 124.5431, 1.2758 ], [ 124.512, 1.3169 ], [ 124.5643, 1.379 ], [ 124.6224, 1.3361 ], [ 124.7171, 1.326 ], [ 124.7252, 1.3011 ], [ 124.705, 1.2863 ], [ 124.7591, 1.2521 ], [ 124.7257, 1.1876 ], [ 124.7442, 1.143 ], [ 124.7346, 1.1123 ], [ 124.5875, 1.0836 ], [ 124.5798, 1.1085 ], [ 124.5495, 1.0885 ], [ 124.5664, 1.0444 ], [ 124.5552, 1.0309 ], [ 124.5791, 1.0069 ], [ 124.5789, 0.9193 ], [ 124.55, 0.8546 ], [ 124.488, 0.8033 ] ] ] } },
{ "type": "Feature", "properties": { "province": "SULAWESI UTARA", "district": "MINAHASA TENGGARA", "id": "SULAWESI UTARA/MINAHASA TENGGARA", "name": "MINAHASA TENGGARA" }, "geometry": { "type": "Polygon", "coordinates": [ [ [ 124.7092, 0.8666 ], [ 124.7093, 0.8471 ], [ 124.7218, 0.85 ], [ 124.7078, 0.8419 ], [ 124.6709, 0.8715 ], [ 124.6511, 0.9564 ], [ 124.5806, 0.9348 ], [ 124.5791, 1.0069 ], [ 124.5552, 1.0309 ], [ 124.5664, 1.0444 ], [ 124.5495, 1.0885 ], [ 124.5798, 1.1085 ], [ 124.5875, 1.0836 ], [ 124.6265, 1.1008 ], [ 124.665, 1.0498 ], [ 124.6323, 1.0973 ], [ 124.7366, 1.115 ], [ 124.7708, 1.0964 ], [ 124.8374, 1.1213 ], [ 124.9078, 1.0192 ], [ 124.8947, 0.9809 ], [ 124.887, 0.9905 ], [ 124.8848, 0.9711 ], [ 124.792, 0.9466 ], [ 124.7678, 0.8915 ], [ 124.7327, 0.8845 ], [ 124.7165, 0.8963 ], [ 124.7092, 0.8666 ] ] ] } },
{ "type": "Feature", "properties": { "province": "SULAWESI UTARA", "district": "MINAHASA UTARA", "id": "SULAWESI UTARA/MINAHASA UTARA", "name": "MINAHASA UTARA" }, "geometry": { "type": "MultiPolygon", "coordinates": [ [ [ [ 125.0657, 1.2973 ], [ 125.0247, 1.2886 ], [ 124.997, 1.3281 ], [ 124.9734, 1.299 ], [ 124.9226, 1.3501 ], [ 124.9315, 1.376 ], [ 124.9147, 1.4446 ], [ 124.8916, 1.4584 ], [ 124.8905, 1.4784 ], [ 124.9332, 1.5076 ], [ 124.9282, 1.5642 ], [ 124.9026, 1.5754 ], [ 124.8437, 1.5645 ], [ 124.8207, 1.5814 ], [ 124.8655, 1.5978 ], [ 124.9183, 1.6631 ], [ 124.9171, 1.6514 ], [ 124.9315, 1.6564 ], [ 124.924, 1.673 ], [ 124.9398, 1.693 ], [ 124.9612, 1.6785 ], [ 124.9496, 1.6983 ], [ 124.9601, 1.6927 ], [ 124.9732, 1.7028 ], [ 124.9655, 1.7314 ], [ 124.9837, 1.7195 ], [ 124.9814, 1.75 ], [ 125.0259, 1.7334 ], [ 125.0132, 1.6923 ], [ 125.0398, 1.6773 ], [ 125.1112, 1.6621 ], [ 125.1441, 1.688 ], [ 125.177, 1.678 ], [ 125.1434, 1.6229 ], [ 125.1557, 1.5963 ], [ 125.145, 1.5747 ], [ 125.0717, 1.5364 ], [ 125.0835, 1.5132 ], [ 125.0307, 1.4536 ], [ 125.0921, 1.4472 ], [ 125.1045, 1.3968 ], [ 125.0703, 1.3527 ], [ 125.0657, 1.2973 ] ] ], [ [ [ 124.7803, 1.6982 ], [ 124.7515, 1.6988 ], [ 124.7314, 1.728 ], [ 124.7522, 1.7184 ], [ 124.7667, 1.7446 ], [ 124.7803, 1.6982 ] ] ], [ [ [ 125.0584, 1.7746 ], [ 125.0581, 1.7654 ], [ 125.0511, 1.7597 ], [ 125.0573, 1.7867 ], [ 125.0584, 1.7746 ] ] ], [ [ [ 125.1867, 1.7882 ], [ 125.1857, 1.7746 ], [ 125.1472, 1.7578 ], [ 125.161, 1.7477 ], [ 125.151, 1.7348 ], [ 125.1345, 1.7481 ], [ 125.1134, 1.8141 ], [ 125.136, 1.8225 ], [ 125.1242, 1.8275 ], [ 125.1326, 1.8463 ], [ 125.1867, 1.7882 ] ] ], [ [ [ 124.7962, 1.7847 ], [ 124.7904, 1.7772 ], [ 124.7925, 1.7952 ], [ 124.7986, 1.7939 ], [ 124.7962, 1.7847 ] ] ], [ [ [ 124.8048, 1.7839 ], [ 124.8038, 1.7841 ], [ 124.8047, 1.7853 ], [ 124.8051, 1.7848 ], [ 124.8048, 1.7839 ] ] ], [ [ [ 125.0529, 1.8039 ], [ 125.0645, 1.8561 ], [ 125.0992, 1.8879 ], [ 125.0876, 1.8393 ], [ 125.0529, 1.8039 ] ] ], [ [ [ 125.1006, 1.8373 ], [ 125.0992, 1.8318 ], [ 125.0905, 1.836 ], [ 125.0983, 1.8443 ], [ 125.1006, 1.8373 ] ] ] ] } },
{ "type": "Feature", "properties": { "province": "SUMATERA BARAT", "district": "AGAM", "id": "SUMATERA BARAT/AGAM", "name": "AGAM" }, "geometry": { "type": "Polygon", "coordinates": [ [ [ 100.3246, -0.4093 ], [ 100.2853, -0.4618 ], [ 100.2461, -0.4675 ], [ 100.2169, -0.4149 ], [ 100.1884, -0.4144 ], [ 100.1578, -0.3902 ], [ 100.1585, -0.3601 ], [ 100.1311, -0.3163 ], [ 100.1159, -0.331 ], [ 100.0667, -0.3293 ], [ 100.0481, -0.3638 ], [ 99.9933, -0.3597 ], [ 99.9999, -0.3978 ], [ 99.9859, -0.3954 ], [ 99.9625, -0.4326 ], [ 99.9136, -0.4006 ], [ 99.8881, -0.3439 ], [ 99.8196, -0.3006 ], [ 99.7982, -0.2192 ], [ 99.7679, -0.1709 ], [ 100.0011, -0.1438 ], [ 100.0153, -0.0977 ], [ 100.0375, -0.0815 ], [ 100.1056, -0.0755 ], [ 100.1601, -0.1076 ], [ 100.2515, -0.0645 ], [ 100.2644, -0.0348 ], [ 100.3018, -0.0556 ], [ 100.3168, -0.0461 ], [ 100.3321, -0.0767 ], [ 100.3554, -0.0859 ], [ 100.3785, -0.1457 ], [ 100.4398, -0.1723 ], [ 100.4475, -0.2033 ], [ 100.5396, -0.2591 ], [ 100.4693, -0.3903 ], [ 100.3811, -0.3839 ], [ 100.3335, -0.392 ], [ 100.3246, -0.4093 ] ] ] } },
{ "type": "Feature", "properties": { "province": "SUMATERA BARAT", "district": "DHARMASRAYA", "id": "SUMATERA BARAT/DHARMASRAYA", "name": "DHARMASRAYA" }, "geometry": { "type": "Polygon", "coordinates": [ [ [ 101.5644, -1.586 ], [ 101.5016, -1.6792 ], [ 101.4314, -1.689 ], [ 101.4322, -1.64 ], [ 101.5078, -1.5732 ], [ 101.5392, -1.5132 ], [ 101.5257, -1.4857 ], [ 101.5595, -1.4447 ], [ 101.6073, -1.4375 ], [ 101.6712, -1.3897 ], [ 101.586, -1.326 ], [ 101.5145, -1.3383 ], [ 101.5238, -1.304 ], [ 101.4676, -1.2824 ], [ 101.4495, -1.2101 ], [ 101.4104, -1.1838 ], [ 101.4039, -1.1488 ], [ 101.4405, -1.0871 ], [ 101.4538, -1.0121 ], [ 101.425, -1.0061 ], [ 101.4048, -1.0378 ], [ 101.3435, -1.0447 ], [ 101.3485, -1.1338 ], [ 101.2346, -1.1515 ], [ 101.1956, -1.1079 ], [ 101.1683, -1.1021 ], [ 101.1457, -1.0349 ], [ 101.1779, -1.0325 ], [ 101.2026, -0.978 ], [ 101.1872, -0.9507 ], [ 101.1943, -0.9059 ], [ 101.2734, -0.9496 ], [ 101.3379, -0.9584 ], [ 101.3531, -0.9478 ], [ 101.3516, -0.9237 ], [ 101.3741, -0.9395 ], [ 101.4271, -0.9318 ], [ 101.41, -0.9211 ], [ 101.4058, -0.888 ], [ 101.4397, -0.8403 ], [ 101.464, -0.8397 ], [ 101.495, -0.8055 ], [ 101.5582, -0.8345 ], [ 101.6536, -0.828 ], [ 101.6886, -0.8702 ], [ 101.7118, -0.8655 ], [ 101.7139, -0.9003 ], [ 101.6903, -0.9419 ], [ 101.7557, -0.9749 ], [ 101.7987, -0.9684 ], [ 101.8334, -0.9815 ], [ 101.822, -0.9958 ], [ 101.8308, -1.1026 ], [ 101.8929, -1.1026 ], [ 101.8843, -1.1359 ], [ 101.8138, -1.221 ], [ 101.7217, -1.2411 ], [ 101.6953, -1.2913 ], [ 101.7246, -1.3617 ], [ 101.6968, -1.3941 ], [ 101.7236, -1.4387 ], [ 101.671, -1.508 ], [ 101.5644, -1.586 ] ] ] } },
{ "type": "Feature", "properties": { "province": "SUMATERA BARAT", "district": "KEPULAUAN MENTAWAI", "id": "SUMATERA BARAT/KEPULAUAN MENTAWAI", "name": "KEPULAUAN MENTAWAI" }, "geometry": { "type": "MultiPolygon", "coordinates": [ [ [ [ 100.4724, -3.3448 ], [ 100.4399, -3.3444 ], [ 100.417, -3.308 ], [ 100.3779, -3.2843 ], [ 100.3823, -3.2582 ], [ 100.3365, -3.2466 ], [ 100.3244, -3.2074 ], [ 100.3439, -3.2292 ], [ 100.3686, -3.2269 ], [ 100.3267, -3.1782 ], [ 100.3394, -3.1408 ], [ 100.2927, -3.0811 ], [ 100.2711, -3.0772 ], [ 100.2634, -3.0909 ], [ 100.2469, -3.0807 ], [ 100.2621, -3.0677 ], [ 100.2481, -3.0623 ], [ 100.2545, -3.0493 ], [ 100.2314, -3.0571 ], [ 100.223, -3.023 ], [ 100.1865, -2.989 ], [ 100.1818, -2.9551 ], [ 100.2213, -2.8886 ], [ 100.1922, -2.823 ], [ 100.2007, -2.7853 ], [ 100.2348, -2.7835 ], [ 100.257, -2.8014 ], [ 100.2667, -2.8425 ], [ 100.3549, -2.9016 ], [ 100.4216, -2.9742 ], [ 100.429, -3.0033 ], [ 100.4686, -3.0196 ], [ 100.4618, -3.0346 ], [ 100.4461, -3.0225 ], [ 100.4576, -3.0511 ], [ 100.4684, -3.0437 ], [ 100.4559, -3.1012 ], [ 100.4708, -3.1432 ], [ 100.3591, -3.1635 ], [ 100.4021, -3.1812 ], [ 100.4095, -3.1954 ], [ 100.3973, -3.1991 ], [ 100.3914, -3.1967 ], [ 100.3894, -3.1905 ], [ 100.3736, -3.1796 ], [ 100.4327, -3.28 ], [ 100.4705, -3.3148 ], [ 100.4724, -3.3448 ] ] ], [ [ [ 100.1209, -2.8364 ], [ 100.0914, -2.8297 ], [ 100.0738, -2.8418 ], [ 100.0482, -2.8154 ], [ 100.0404, -2.8518 ], [ 100.0193, -2.8509 ], [ 99.9957, -2.8311 ], [ 100.017, -2.8195 ], [ 99.994, -2.7766 ], [ 99.9733, -2.786 ], [ 100.012, -2.7407 ], [ 99.9989, -2.6969 ], [ 100.0098, -2.6749 ], [ 99.975, -2.6299 ], [ 99.988, -2.6074 ], [ 99.9587, -2.5704 ], [ 99.9738, -2.567 ], [ 99.976, -2.5076 ], [ 99.9985, -2.5028 ], [ 100.0613, -2.572 ], [ 100.1721, -2.6477 ], [ 100.2185, -2.7374 ], [ 100.1753, -2.7604 ], [ 100.1853, -2.7842 ], [ 100.1408, -2.8087 ], [ 100.1474, -2.838 ], [ 100.1209, -2.8364 ] ] ], [ [ [ 99.8123, -2.303 ], [ 99.8472, -2.3366 ], [ 99.8606, -2.4026 ], [ 99.8426, -2.3952 ], [ 99.8365, -2.3631 ], [ 99.7986, -2.3709 ], [ 99.7878, -2.3464 ], [ 99.7382, -2.3452 ], [ 99.674, -2.289 ], [ 99.6322, -2.2903 ], [ 99.6262, -2.2727 ], [ 99.6148, -2.2931 ], [ 99.6007, -2.2836 ], [ 99.6102, -2.2466 ], [ 99.5925, -2.2525 ], [ 99.5892, -2.2221 ], [ 99.5749, -2.2456 ], [ 99.5285, -2.1553 ], [ 99.5741, -2.146 ], [ 99.5469, -2.0786 ], [ 99.5665, -2.063 ], [ 99.5592, -2.0451 ], [ 99.5882, -2.0252 ], [ 99.584, -2.0404 ], [ 99.6211, -2.0274 ], [ 99.6163, -2.0399 ], [ 99.6371, -2.0352 ], [ 99.6375, -2.0508 ], [ 99.7018, -2.0849 ], [ 99.7204, -2.1823 ], [ 99.7807, -2.2551 ], [ 99.7818, -2.2913 ], [ 99.8123, -2.303 ] ] ], [ [ [ 99.1761, -1.6569 ], [ 99.2206, -1.6957 ], [ 99.2441, -1.7942 ], [ 99.1673, -1.7795 ], [ 99.1114, -1.8131 ], [ 98.8796, -1.6804 ], [ 98.8256, -1.6164 ], [ 98.837, -1.5858 ], [ 98.804, -1.5184 ], [ 98.654, -1.3136 ], [ 98.5977, -1.2063 ], [ 98.6536, -1.1003 ], [ 98.6635, -0.9798 ], [ 98.6856, -0.9588 ], [ 98.7208, -0.9439 ], [ 98.7418, -0.9591 ], [ 98.7991, -0.9562 ], [ 98.8991, -0.9059 ], [ 98.9126, -0.9146 ], [ 98.911, -0.9407 ], [ 98.902, -0.9266 ], [ 98.8987, -0.9417 ], [ 98.9073, -0.9457 ], [ 98.9301, -0.9334 ], [ 98.94, -0.9724 ], [ 98.916, -0.9865 ], [ 98.9354, -1.0607 ], [ 98.949, -1.0893 ], [ 98.958, -1.0759 ], [ 99.0023, -1.1149 ], [ 99.0082, -1.1634 ], [ 99.0415, -1.2056 ], [ 99.0241, -1.2207 ], [ 99.0509, -1.2264 ], [ 99.0685, -1.2529 ], [ 99.0692, -1.2727 ], [ 99.0524, -1.2744 ], [ 99.0646, -1.2895 ], [ 99.054, -1.2897 ], [ 99.0504, -1.2943 ], [ 99.0811, -1.2943 ], [ 99.0991, -1.3653 ], [ 99.1171, -1.3782 ], [ 99.1017, -1.3883 ], [ 99.1032, -1.3918 ], [ 99.129, -1.3861 ], [ 99.1275, -1.408 ], [ 99.145, -1.3979 ], [ 99.1667, -1.4308 ], [ 99.1686, -1.4715 ], [ 99.1149, -1.4408 ], [ 99.1853, -1.5211 ], [ 99.2014, -1.5164 ], [ 99.1978, -1.5791 ], [ 99.23, -1.609 ], [ 99.2599, -1.5947 ], [ 99.2877, -1.6322 ], [ 99.27, -1.6458 ], [ 99.2924, -1.6529 ], [ 99.275, -1.6617 ], [ 99.2783, -1.6777 ], [ 99.2869, -1.6822 ], [ 99.2898, -1.6804 ], [ 99.2868, -1.6632 ], [ 99.3044, -1.6851 ], [ 99.2916, -1.6873 ], [ 99.3024, -1.7203 ], [ 99.2861, -1.7272 ], [ 99.2921, -1.7505 ], [ 99.2624, -1.7367 ], [ 99.2208, -1.6265 ], [ 99.206, -1.6244 ], [ 99.1985, -1.6424 ], [ 99.2194, -1.6482 ], [ 99.1761, -1.6569 ] ] ] ] } },
{ "type": "Feature", "properties": { "province": "SUMATERA BARAT", "district": "KOTA BUKITTINGGI", "id": "SUMATERA BARAT/KOTA BUKITTINGGI", "name": "KOTA BUKITTINGGI" }, "geometry": { "type": "Polygon", "coordinates": [ [ [ 100.4014, -0.3116 ], [ 100.3952, -0.3258 ], [ 100.3709, -0.3223 ], [ 100.3328, -0.2793 ], [ 100.3868, -0.2836 ], [ 100.4014, -0.3116 ] ] ] } },
{ "type": "Feature", "properties": { "province": "SUMATERA BARAT", "district": "KOTA PADANG", "id": "SUMATERA BARAT/KOTA PADANG", "name": "KOTA PADANG" }, "geometry": { "type": "Polygon", "coordinates": [ [ [ 100.4121, -1.0937 ], [ 100.4207, -1.1085 ], [ 100.3625, -1.1438 ], [ 100.3624, -1.1238 ], [ 100.3878, -1.1233 ], [ 100.3635, -1.0754 ], [ 100.381, -1.0624 ], [ 100.3883, -1.0763 ], [ 100.3969, -1.065 ], [ 100.409, -1.0738 ], [ 100.4125, -1.0437 ], [ 100.3981, -1.0288 ], [ 100.378, -1.0406 ], [ 100.3904, -1.0086 ], [ 100.3824, -0.9931 ], [ 100.365, -1.0057 ], [ 100.3469, -0.966 ], [ 100.3422, -0.884 ], [ 100.2906, -0.8071 ], [ 100.3374, -0.8011 ], [ 100.401, -0.7482 ], [ 100.4735, -0.7314 ], [ 100.4791, -0.7525 ], [ 100.5025, -0.7568 ], [ 100.5045, -0.7863 ], [ 100.5448, -0.8149 ], [ 100.5313, -0.8445 ], [ 100.5649, -0.9052 ], [ 100.5238, -0.9861 ], [ 100.4791, -1.0034 ], [ 100.4121, -1.0937 ] ] ] } },
{ "type": "Feature", "properties": { "province": "SUMATERA BARAT", "district": "KOTA PADANG PANJANG", "id": "SUMATERA BARAT/KOTA PADANG PANJANG", "name": "KOTA PADANG PANJANG" }, "geometry": { "type": "Polygon", "coordinates": [ [ [ 100.4327, -0.473 ], [ 100.4328, -0.4891 ], [ 100.3663, -0.4766 ], [ 100.3987, -0.45 ], [ 100.4327, -0.473 ] ] ] } },
{ "type": "Feature", "properties": { "province": "SUMATERA BARAT", "district": "KOTA PARIAMAN", "id": "SUMATERA BARAT/KOTA PARIAMAN", "name": "KOTA PARIAMAN" }, "geometry": { "type": "Polygon", "coordinates": [ [ [ 100.1536, -0.6661 ], [ 100.1593, -0.6757 ], [ 100.116, -0.6287 ], [ 100.0927, -0.5616 ], [ 100.131, -0.5488 ], [ 100.1265, -0.5704 ], [ 100.1495, -0.5707 ], [ 100.1467, -0.5884 ], [ 100.1803, -0.6086 ], [ 100.1728, -0.6521 ], [ 100.1536, -0.6661 ] ] ] } },
{ "type": "Feature", "properties": { "province": "SUMATERA BARAT", "district": "KOTA PAYAKUMBUH", "id": "SUMATERA BARAT/KOTA PAYAKUMBUH", "name": "KOTA PAYAKUMBUH" }, "geometry": { "type": "Polygon", "coordinates": [ [ [ 100.6759, -0.2232 ], [ 100.6462, -0.25 ], [ 100.6494, -0.2739 ], [ 100.6058, -0.2705 ], [ 100.5796, -0.243 ], [ 100.5993, -0.2196 ], [ 100.5828, -0.2095 ], [ 100.5984, -0.1914 ], [ 100.6718, -0.1893 ], [ 100.6859, -0.2105 ], [ 100.6759, -0.2232 ] ] ] } },
{ "type": "Feature", "properties": { "province": "SUMATERA BARAT", "district": "KOTA SAWAHLUNTO", "id": "SUMATERA BARAT/KOTA SAWAHLUNTO", "name": "KOTA SAWAHLUNTO" }, "geometry": { "type": "Polygon", "coordinates": [ [ [ 100.8018, -0.7189 ], [ 100.8226, -0.763 ], [ 100.8042, -0.7735 ], [ 100.7466, -0.7239 ], [ 100.7141, -0.7345 ], [ 100.6958, -0.7242 ], [ 100.71, -0.6606 ], [ 100.6907, -0.6286 ], [ 100.7032, -0.6167 ], [ 100.697, -0.5943 ], [ 100.7288, -0.5543 ], [ 100.7799, -0.5616 ], [ 100.785, -0.5494 ], [ 100.8126, -0.5787 ], [ 100.8013, -0.5948 ], [ 100.8144, -0.6154 ], [ 100.7908, -0.6684 ], [ 100.8018, -0.7189 ] ] ] } },
{ "type": "Feature", "properties": { "province": "SUMATERA BARAT", "district": "KOTA SOLOK", "id": "SUMATERA BARAT/KOTA SOLOK", "name": "KOTA SOLOK" }, "geometry": { "type": "Polygon", "coordinates": [ [ [ 100.6672, -0.8108 ], [ 100.6361, -0.7952 ], [ 100.5613, -0.819 ], [ 100.5414, -0.8091 ], [ 100.6751, -0.7387 ], [ 100.6889, -0.7465 ], [ 100.6672, -0.8108 ] ] ] } },
{ "type": "Feature", "properties": { "province": "SUMATERA BARAT", "district": "LIMA PULUH KOTA", "id": "SUMATERA BARAT/LIMA PULUH KOTA", "name": "LIMA PULUH KOTA" }, "geometry": { "type": "Polygon", "coordinates": [ [ [ 100.8415, -0.3309 ], [ 100.8397, -0.3475 ], [ 100.7784, -0.3464 ], [ 100.7568, -0.3661 ], [ 100.6739, -0.3249 ], [ 100.6605, -0.3498 ], [ 100.606, -0.3513 ], [ 100.6009, -0.3141 ], [ 100.58, -0.3089 ], [ 100.5746, -0.2838 ], [ 100.538, -0.283 ], [ 100.5355, -0.2532 ], [ 100.4475, -0.2033 ], [ 100.4398, -0.1723 ], [ 100.3785, -0.1457 ], [ 100.3554, -0.0859 ], [ 100.3321, -0.0767 ], [ 100.3168, -0.0461 ], [ 100.3018, -0.0556 ], [ 100.2644, -0.0348 ], [ 100.2617, -0.0195 ], [ 100.3083, -0.0024 ], [ 100.3364, 0.0397 ], [ 100.3158, 0.0878 ], [ 100.3282, 0.1497 ], [ 100.3515, 0.1776 ], [ 100.3087, 0.3002 ], [ 100.3333, 0.3521 ], [ 100.3005, 0.3966 ], [ 100.3758, 0.3893 ], [ 100.4221, 0.4244 ], [ 100.4651, 0.3979 ], [ 100.4742, 0.4058 ], [ 100.5341, 0.3406 ], [ 100.5375, 0.31 ], [ 100.6762, 0.1862 ], [ 100.7015, 0.246 ], [ 100.7648, 0.2369 ], [ 100.8004, 0.2579 ], [ 100.8413, 0.226 ], [ 100.8407, 0.1456 ], [ 100.7878, 0.128 ], [ 100.7744, 0.1021 ], [ 100.8011, 0.0495 ], [ 100.8325, 0.0669 ], [ 100.8502, 0.0533 ], [ 100.8477, 0.0 ], [ 100.8145, -0.0403 ], [ 100.7753, -0.0143 ], [ 100.7427, -0.0633 ], [ 100.7682, -0.1615 ], [ 100.7631, -0.2123 ], [ 100.8015, -0.2431 ], [ 100.806, -0.2715 ], [ 100.8375, -0.2893 ], [ 100.8415, -0.3309 ] ] ] } },
{ "type": "Feature", "properties": { "province": "SUMATERA BARAT", "district": "PADANG PARIAMAN", "id": "SUMATERA BARAT/PADANG PARIAMAN", "name": "PADANG PARIAMAN" }, "geometry": { "type": "Polygon", "coordinates": [ [ [ 100.3758, -0.7682 ], [ 100.2909, -0.8171 ], [ 100.1542, -0.6683 ], [ 100.1821, -0.6148 ], [ 100.1467, -0.5884 ], [ 100.1501, -0.5712 ], [ 100.1312, -0.5714 ], [ 100.1333, -0.551 ], [ 100.0905, -0.5682 ], [ 99.9618, -0.4342 ], [ 99.9859, -0.3954 ], [ 99.9999, -0.3978 ], [ 99.988, -0.3635 ], [ 100.0481, -0.3638 ], [ 100.0667, -0.3293 ], [ 100.1159, -0.331 ], [ 100.1311, -0.3163 ], [ 100.1585, -0.3601 ], [ 100.1578, -0.3902 ], [ 100.1884, -0.4144 ], [ 100.2169, -0.4149 ], [ 100.2461, -0.4675 ], [ 100.2853, -0.4618 ], [ 100.3156, -0.4292 ], [ 100.331, -0.4877 ], [ 100.3929, -0.4911 ], [ 100.3826, -0.5256 ], [ 100.418, -0.5994 ], [ 100.3756, -0.6219 ], [ 100.431, -0.6377 ], [ 100.4579, -0.7253 ], [ 100.3758, -0.7682 ] ] ] } },
{ "type": "Feature", "properties": { "province": "SUMATERA BARAT", "district": "PASAMAN", "id": "SUMATERA BARAT/PASAMAN", "name": "PASAMAN" }, "geometry": { "type": "Polygon", "coordinates": [ [ [ 100.261, -0.0418 ], [ 100.25, -0.0655 ], [ 100.1601, -0.1076 ], [ 100.1056, -0.0755 ], [ 100.0375, -0.0815 ], [ 100.0307, -0.0582 ], [ 100.0476, -0.0326 ], [ 99.9589, 0.0595 ], [ 99.9945, 0.089 ], [ 100.0108, 0.1269 ], [ 100.0271, 0.2567 ], [ 100.0129, 0.275 ], [ 99.968, 0.2776 ], [ 99.9196, 0.3188 ], [ 99.8631, 0.2916 ], [ 99.8249, 0.3077 ], [ 99.7951, 0.2983 ], [ 99.7873, 0.3206 ], [ 99.7684, 0.3099 ], [ 99.7547, 0.32 ], [ 99.7768, 0.3586 ], [ 99.7437, 0.3822 ], [ 99.7501, 0.3973 ], [ 99.7744, 0.4015 ], [ 99.7782, 0.4187 ], [ 99.8254, 0.417 ], [ 99.8203, 0.4605 ], [ 99.9042, 0.4704 ], [ 99.9611, 0.5136 ], [ 99.9502, 0.5242 ], [ 99.9598, 0.5695 ], [ 99.9088, 0.6268 ], [ 99.9252, 0.6329 ], [ 99.9111, 0.6799 ], [ 99.8309, 0.6962 ], [ 99.8253, 0.7359 ], [ 99.8468, 0.7911 ], [ 99.8307, 0.8795 ], [ 99.8663, 0.9065 ], [ 99.9517, 0.8793 ], [ 99.9675, 0.8507 ], [ 100.2399, 0.7332 ], [ 100.2408, 0.6793 ], [ 100.1868, 0.6266 ], [ 100.1765, 0.5739 ], [ 100.2372, 0.5426 ], [ 100.2166, 0.5116 ], [ 100.242, 0.4908 ], [ 100.259, 0.4323 ], [ 100.3333, 0.3521 ], [ 100.3087, 0.3002 ], [ 100.3515, 0.1804 ], [ 100.3282, 0.1497 ], [ 100.3158, 0.0878 ], [ 100.3364, 0.0397 ], [ 100.3083, -0.0024 ], [ 100.2617, -0.0195 ], [ 100.261, -0.0418 ] ] ] } },
{ "type": "Feature", "properties": { "province": "SUMATERA BARAT", "district": "PASAMAN BARAT", "id": "SUMATERA BARAT/PASAMAN BARAT", "name": "PASAMAN BARAT" }, "geometry": { "type": "Polygon", "coordinates": [ [ [ 99.7457, -0.1441 ], [ 99.7593, -0.1117 ], [ 99.7557, -0.0492 ], [ 99.6171, 0.0659 ], [ 99.4779, 0.1328 ], [ 99.3983, 0.1512 ], [ 99.3924, 0.1865 ], [ 99.3739, 0.1909 ], [ 99.3775, 0.2073 ], [ 99.3477, 0.234 ], [ 99.2682, 0.2229 ], [ 99.2639, 0.2022 ], [ 99.2095, 0.2158 ], [ 99.1896, 0.2537 ], [ 99.1673, 0.2284 ], [ 99.1998, 0.2896 ], [ 99.2487, 0.3325 ], [ 99.3174, 0.3346 ], [ 99.4075, 0.491 ], [ 99.4373, 0.4957 ], [ 99.5192, 0.552 ], [ 99.5134, 0.5377 ], [ 99.5305, 0.5218 ], [ 99.573, 0.5095 ], [ 99.6425, 0.5455 ], [ 99.6789, 0.4601 ], [ 99.6794, 0.4726 ], [ 99.7267, 0.4532 ], [ 99.7405, 0.4768 ], [ 99.7831, 0.4823 ], [ 99.8203, 0.4605 ], [ 99.8254, 0.417 ], [ 99.7782, 0.4187 ], [ 99.7435, 0.3856 ], [ 99.7768, 0.3586 ], [ 99.7524, 0.332 ], [ 99.7657, 0.3107 ], [ 99.7873, 0.3206 ], [ 99.7951, 0.2983 ], [ 99.8249, 0.3077 ], [ 99.8631, 0.2916 ], [ 99.9136, 0.304 ], [ 99.968, 0.2776 ], [ 100.0129, 0.275 ], [ 100.0271, 0.2567 ], [ 100.0108, 0.1269 ], [ 99.9945, 0.089 ], [ 99.9589, 0.0617 ], [ 100.0482, -0.0341 ], [ 100.0307, -0.0582 ], [ 100.0382, -0.0833 ], [ 100.0153, -0.0977 ], [ 100.0011, -0.1438 ], [ 99.9668, -0.1388 ], [ 99.9147, -0.1627 ], [ 99.8045, -0.1762 ], [ 99.7679, -0.1709 ], [ 99.7457, -0.1441 ] ] ] } },
{ "type": "Feature", "properties": { "province": "SUMATERA BARAT", "district": "PESISIR SELATAN", "id": "SUMATERA BARAT/PESISIR SELATAN", "name": "PESISIR SELATAN" }, "geometry": { "type": "Polygon", "coordinates": [ [ [ 101.072, -2.4437 ], [ 101.0228, -2.4784 ], [ 100.8918, -2.3281 ], [ 100.8751, -2.2451 ], [ 100.8207, -2.1583 ], [ 100.8723, -2.0822 ], [ 100.8729, -1.9992 ], [ 100.8964, -1.992 ], [ 100.8835, -1.9754 ], [ 100.8704, -1.9861 ], [ 100.8422, -1.8836 ], [ 100.644, -1.6214 ], [ 100.6233, -1.5013 ], [ 100.5976, -1.4924 ], [ 100.5614, -1.441 ], [ 100.5841, -1.4213 ], [ 100.5583, -1.4065 ], [ 100.5926, -1.3942 ], [ 100.5784, -1.3699 ], [ 100.5606, -1.372 ], [ 100.5746, -1.3583 ], [ 100.5681, -1.3368 ], [ 100.5428, -1.31 ], [ 100.4902, -1.2991 ], [ 100.454, -1.2588 ], [ 100.4223, -1.2773 ], [ 100.401, -1.2709 ], [ 100.4068, -1.2368 ], [ 100.4326, -1.2549 ], [ 100.436, -1.2316 ], [ 100.4214, -1.2247 ], [ 100.4318, -1.2009 ], [ 100.3811, -1.1784 ], [ 100.38, -1.1457 ], [ 100.3556, -1.1612 ], [ 100.4207, -1.1085 ], [ 100.4124, -1.0882 ], [ 100.4299, -1.0591 ], [ 100.4791, -1.0034 ], [ 100.5198, -0.9908 ], [ 100.5366, -0.9571 ], [ 100.5583, -1.0457 ], [ 100.5857, -1.0736 ], [ 100.6208, -1.0611 ], [ 100.6227, -1.0979 ], [ 100.6618, -1.1064 ], [ 100.6487, -1.1301 ], [ 100.6619, -1.1064 ], [ 100.7111, -1.0926 ], [ 100.7365, -1.1181 ], [ 100.7368, -1.1538 ], [ 100.7767, -1.162 ], [ 100.8085, -1.2403 ], [ 100.7988, -1.2804 ], [ 100.8213, -1.2823 ], [ 100.837, -1.3056 ], [ 100.859, -1.2979 ], [ 100.8959, -1.3298 ], [ 100.9105, -1.3764 ], [ 100.8938, -1.3877 ], [ 100.9417, -1.4229 ], [ 100.9344, -1.4627 ], [ 100.9775, -1.4867 ], [ 100.9831, -1.5254 ], [ 101.0202, -1.5655 ], [ 101.0173, -1.6059 ], [ 101.0627, -1.6347 ], [ 101.0678, -1.6592 ], [ 101.1316, -1.6852 ], [ 101.1286, -1.7639 ], [ 101.1786, -1.8611 ], [ 101.1636, -1.8944 ], [ 101.1418, -1.9024 ], [ 101.1423, -1.9241 ], [ 101.2061, -1.9811 ], [ 101.2068, -2.0093 ], [ 101.2647, -2.1018 ], [ 101.2855, -2.2768 ], [ 101.2377, -2.32 ], [ 101.237, -2.3424 ], [ 101.072, -2.4437 ] ] ] } },
{ "type": "Feature", "properties": { "province": "SUMATERA BARAT", "district": "SIJUNJUNG", "id": "SUMATERA BARAT/SIJUNJUNG", "name": "SIJUNJUNG" }, "geometry": { "type": "Polygon", "coordinates": [ [ [ 101.2306, -0.9302 ], [ 101.1943, -0.9059 ], [ 101.1879, -0.9503 ], [ 101.0697, -0.9864 ], [ 101.0527, -0.973 ], [ 101.0688, -0.9487 ], [ 101.0426, -0.8816 ], [ 100.9991, -0.8757 ], [ 100.9923, -0.8493 ], [ 100.9251, -0.8067 ], [ 100.888, -0.8249 ], [ 100.85, -0.7793 ], [ 100.8116, -0.77 ], [ 100.8221, -0.7583 ], [ 100.7908, -0.6684 ], [ 100.8136, -0.5825 ], [ 100.7978, -0.5645 ], [ 100.8522, -0.522 ], [ 100.8401, -0.4941 ], [ 100.8165, -0.4881 ], [ 100.837, -0.3931 ], [ 100.8247, -0.3474 ], [ 100.9032, -0.3349 ], [ 100.9477, -0.3108 ], [ 101.0058, -0.3237 ], [ 101.041, -0.3627 ], [ 101.0258, -0.398 ], [ 101.0713, -0.5031 ], [ 101.1097, -0.5021 ], [ 101.1679, -0.5396 ], [ 101.2496, -0.6255 ], [ 101.3074, -0.6293 ], [ 101.495, -0.8055 ], [ 101.464, -0.8397 ], [ 101.4397, -0.8403 ], [ 101.4058, -0.888 ], [ 101.41, -0.9211 ], [ 101.4271, -0.9318 ], [ 101.3741, -0.9395 ], [ 101.3516, -0.9237 ], [ 101.3531, -0.9478 ], [ 101.3379, -0.9584 ], [ 101.2306, -0.9302 ] ] ] } },
{ "type": "Feature", "properties": { "province": "SUMATERA BARAT", "district": "SOLOK", "id": "SUMATERA BARAT/SOLOK", "name": "SOLOK" }, "geometry": { "type": "Polygon", "coordinates": [ [ [ 100.9906, -1.2612 ], [ 100.9091, -1.2914 ], [ 100.876, -1.3205 ], [ 100.8564, -1.2968 ], [ 100.837, -1.3056 ], [ 100.8213, -1.2823 ], [ 100.7988, -1.2804 ], [ 100.8005, -1.203 ], [ 100.7767, -1.162 ], [ 100.7368, -1.1538 ], [ 100.7206, -1.0963 ], [ 100.6374, -1.1099 ], [ 100.6215, -1.0958 ], [ 100.6208, -1.0611 ], [ 100.5789, -1.0697 ], [ 100.5575, -1.0441 ], [ 100.5363, -0.9546 ], [ 100.5651, -0.8965 ], [ 100.5313, -0.8445 ], [ 100.5448, -0.8149 ], [ 100.6361, -0.7952 ], [ 100.679, -0.8062 ], [ 100.6726, -0.7689 ], [ 100.6889, -0.7465 ], [ 100.6429, -0.7445 ], [ 100.6269, -0.7703 ], [ 100.5414, -0.8091 ], [ 100.5045, -0.7863 ], [ 100.5025, -0.7568 ], [ 100.4561, -0.729 ], [ 100.431, -0.6573 ], [ 100.4858, -0.659 ], [ 100.5205, -0.6355 ], [ 100.5615, -0.6719 ], [ 100.5621, -0.691 ], [ 100.5865, -0.6975 ], [ 100.5987, -0.6858 ], [ 100.5729, -0.6194 ], [ 100.5831, -0.5843 ], [ 100.6041, -0.5517 ], [ 100.6755, -0.5357 ], [ 100.6777, -0.5544 ], [ 100.6986, -0.5553 ], [ 100.7073, -0.5739 ], [ 100.6907, -0.6286 ], [ 100.71, -0.6606 ], [ 100.6958, -0.7242 ], [ 100.7141, -0.7345 ], [ 100.7466, -0.7239 ], [ 100.7891, -0.7701 ], [ 100.85, -0.7793 ], [ 100.888, -0.8249 ], [ 100.9251, -0.8067 ], [ 100.9923, -0.8493 ], [ 100.9991, -0.8757 ], [ 101.041, -0.8803 ], [ 101.0688, -0.9487 ], [ 101.0527, -0.973 ], [ 101.0697, -0.9864 ], [ 101.1954, -0.9522 ], [ 101.2026, -0.978 ], [ 101.1816, -1.0286 ], [ 101.1457, -1.0349 ], [ 101.1766, -1.1344 ], [ 101.2454, -1.2138 ], [ 101.2339, -1.2464 ], [ 101.1675, -1.2275 ], [ 101.0934, -1.1501 ], [ 101.0126, -1.1327 ], [ 100.9966, -1.1358 ], [ 101.0192, -1.1688 ], [ 101.0195, -1.2185 ], [ 100.9906, -1.2612 ] ] ] } },
{ "type": "Feature", "properties": { "province": "SUMATERA BARAT", "district": "SOLOK SELATAN", "id": "SUMATERA BARAT/SOLOK SELATAN", "name": "SOLOK SELATAN" }, "geometry": { "type": "Polygon", "coordinates": [ [ [ 101.2763, -1.696 ], [ 101.212, -1.7239 ], [ 101.1904, -1.6777 ], [ 101.1689, -1.7107 ], [ 101.0656, -1.6574 ], [ 101.0627, -1.6347 ], [ 101.0173, -1.6059 ], [ 101.0202, -1.5655 ], [ 100.9831, -1.5254 ], [ 100.9775, -1.4867 ], [ 100.9351, -1.4641 ], [ 100.9417, -1.4229 ], [ 100.8952, -1.3902 ], [ 100.9104, -1.3735 ], [ 100.8959, -1.3298 ], [ 100.8845, -1.3286 ], [ 100.8804, -1.3252 ], [ 100.876, -1.3202 ], [ 101.0089, -1.2411 ], [ 101.0221, -1.2017 ], [ 100.9966, -1.1358 ], [ 101.007, -1.1332 ], [ 101.0934, -1.1501 ], [ 101.1675, -1.2275 ], [ 101.2339, -1.2464 ], [ 101.2454, -1.2138 ], [ 101.1766, -1.1344 ], [ 101.1683, -1.1021 ], [ 101.1956, -1.1079 ], [ 101.2323, -1.1511 ], [ 101.3485, -1.1338 ], [ 101.3435, -1.0447 ], [ 101.4048, -1.0378 ], [ 101.4317, -1.0051 ], [ 101.4538, -1.0121 ], [ 101.4592, -1.0322 ], [ 101.403, -1.159 ], [ 101.4193, -1.1942 ], [ 101.4495, -1.2101 ], [ 101.4676, -1.2824 ], [ 101.5238, -1.304 ], [ 101.5145, -1.3383 ], [ 101.586, -1.326 ], [ 101.6712, -1.3897 ], [ 101.6073, -1.4375 ], [ 101.5589, -1.4454 ], [ 101.5257, -1.4857 ], [ 101.5392, -1.5132 ], [ 101.5084, -1.5724 ], [ 101.4401, -1.6283 ], [ 101.4284, -1.6786 ], [ 101.2763, -1.696 ] ] ] } },
{ "type": "Feature", "properties": { "province": "SUMATERA BARAT", "district": "TANAH DATAR", "id": "SUMATERA BARAT/TANAH DATAR", "name": "TANAH DATAR" }, "geometry": { "type": "Polygon", "coordinates": [ [ [ 100.4961, -0.5926 ], [ 100.5204, -0.6355 ], [ 100.4858, -0.659 ], [ 100.431, -0.6573 ], [ 100.4304, -0.6372 ], [ 100.3756, -0.6219 ], [ 100.4163, -0.6022 ], [ 100.4307, -0.5705 ], [ 100.4169, -0.5787 ], [ 100.3965, -0.5637 ], [ 100.3824, -0.5245 ], [ 100.3929, -0.4911 ], [ 100.3201, -0.4779 ], [ 100.3136, -0.4423 ], [ 100.3327, -0.3924 ], [ 100.4693, -0.3903 ], [ 100.5096, -0.3034 ], [ 100.5356, -0.2805 ], [ 100.5795, -0.2884 ], [ 100.608, -0.3522 ], [ 100.6622, -0.3491 ], [ 100.6739, -0.3249 ], [ 100.7543, -0.3662 ], [ 100.7784, -0.3464 ], [ 100.8258, -0.3522 ], [ 100.837, -0.3931 ], [ 100.8164, -0.4872 ], [ 100.848, -0.5076 ], [ 100.8394, -0.5351 ], [ 100.8135, -0.5406 ], [ 100.7977, -0.5647 ], [ 100.785, -0.5494 ], [ 100.7799, -0.5616 ], [ 100.7311, -0.5536 ], [ 100.7073, -0.5739 ], [ 100.6986, -0.5553 ], [ 100.6777, -0.5544 ], [ 100.6779, -0.5367 ], [ 100.6372, -0.5384 ], [ 100.5995, -0.5547 ], [ 100.5717, -0.6084 ], [ 100.5433, -0.5532 ], [ 100.4957, -0.5354 ], [ 100.4827, -0.5486 ], [ 100.4961, -0.5926 ] ] ] } },
{ "type": "Feature", "properties": { "province": "SUMATERA SELATAN", "district": "BANYUASIN", "id": "SUMATERA SELATAN/BANYUASIN", "name": "BANYUASIN" }, "geometry": { "type": "Polygon", "coordinates": [ [ [ 105.0333, -3.0728 ], [ 105.0286, -3.1126 ], [ 104.9995, -3.1316 ], [ 105.0016, -3.1451 ], [ 104.9429, -3.1719 ], [ 104.8985, -3.1557 ], [ 104.9079, -3.1301 ], [ 104.8834, -3.1027 ], [ 104.8503, -3.0995 ], [ 104.8282, -3.0687 ], [ 104.8056, -3.0635 ], [ 104.8339, -2.9879 ], [ 104.8609, -2.9719 ], [ 104.8613, -2.9483 ], [ 104.8412, -2.9503 ], [ 104.8514, -2.9249 ], [ 104.8147, -2.9443 ], [ 104.7952, -2.9219 ], [ 104.8111, -2.9094 ], [ 104.7538, -2.9156 ], [ 104.7338, -2.9034 ], [ 104.7301, -2.8778 ], [ 104.6815, -2.865 ], [ 104.6668, -2.8834 ], [ 104.6768, -2.9355 ], [ 104.6477, -2.9223 ], [ 104.6236, -2.975 ], [ 104.6449, -3.0254 ], [ 104.6121, -3.0143 ], [ 104.597, -3.0506 ], [ 104.542, -3.0273 ], [ 104.4916, -3.0627 ], [ 104.4747, -3.0302 ], [ 104.343, -3.0173 ], [ 104.3558, -3.0484 ], [ 104.3182, -3.0218 ], [ 104.2843, -3.0354 ], [ 104.2643, -3.0265 ], [ 104.2484, -3.0843 ], [ 104.1545, -3.1025 ], [ 104.1674, -3.0548 ], [ 104.1876, -3.0525 ], [ 104.1755, -2.969 ], [ 104.1844, -2.9027 ], [ 104.1321, -2.8517 ], [ 104.1446, -2.8222 ], [ 104.1644, -2.8188 ], [ 104.2473, -2.7245 ], [ 104.2311, -2.7039 ], [ 104.2829, -2.6624 ], [ 104.2389, -2.6452 ], [ 104.2437, -2.6292 ], [ 104.2099, -2.6205 ], [ 104.2221, -2.6001 ], [ 104.159, -2.5616 ], [ 104.1343, -2.55 ], [ 104.1132, -2.565 ], [ 104.0731, -2.5391 ], [ 104.1023, -2.5071 ], [ 104.0662, -2.4541 ], [ 104.1169, -2.4277 ], [ 104.2224, -2.511 ], [ 104.2754, -2.5185 ], [ 104.36, -2.4552 ], [ 104.4594, -2.4383 ], [ 104.5771, -2.383 ], [ 104.6569, -2.3221 ], [ 104.6242, -2.2522 ], [ 104.5449, -2.2633 ], [ 104.4262, -2.1829 ], [ 104.3604, -2.0709 ], [ 104.2125, -1.8888 ], [ 104.1628, -1.7932 ], [ 104.1527, -1.7249 ], [ 104.3423, -1.6756 ], [ 104.3718, -1.6343 ], [ 104.4527, -1.6332 ], [ 104.5176, -1.6771 ], [ 104.5415, -1.7358 ], [ 104.5374, -1.7879 ], [ 104.5086, -1.7989 ], [ 104.4638, -1.8614 ], [ 104.4735, -1.8756 ], [ 104.4643, -1.9271 ], [ 104.4729, -1.9641 ], [ 104.4686, -1.9145 ], [ 104.4868, -1.9073 ], [ 104.5062, -1.9621 ], [ 104.5739, -1.9988 ], [ 104.6163, -1.996 ], [ 104.6529, -1.9596 ], [ 104.6868, -1.985 ], [ 104.6716, -2.0105 ], [ 104.682, -2.0498 ], [ 104.6518, -2.0455 ], [ 104.6304, -2.0551 ], [ 104.6245, -2.1087 ], [ 104.5955, -2.1054 ], [ 104.6273, -2.1126 ], [ 104.6375, -2.0568 ], [ 104.6874, -2.055 ], [ 104.6915, -2.0055 ], [ 104.7172, -1.9883 ], [ 104.8381, -2.0015 ], [ 104.8746, -2.042 ], [ 104.9006, -2.1166 ], [ 104.905, -2.1893 ], [ 104.7766, -2.2922 ], [ 104.7473, -2.3552 ], [ 104.6974, -2.342 ], [ 104.73, -2.3799 ], [ 104.743, -2.4508 ], [ 104.7202, -2.5319 ], [ 104.7269, -2.5962 ], [ 104.7559, -2.4708 ], [ 104.7533, -2.3946 ], [ 104.8263, -2.3549 ], [ 104.8482, -2.2844 ], [ 104.9171, -2.2873 ], [ 104.9012, -2.3684 ], [ 104.9338, -2.44 ], [ 104.9263, -2.3408 ], [ 104.9631, -2.3313 ], [ 105.0041, -2.3338 ], [ 105.0507, -2.3754 ], [ 105.081, -2.3617 ], [ 105.1209, -2.3738 ], [ 105.2109, -2.3261 ], [ 105.2972, -2.3718 ], [ 105.4307, -2.3888 ], [ 105.4713, -2.3797 ], [ 105.5679, -2.4028 ], [ 105.4717, -2.4626 ], [ 105.4285, -2.4474 ], [ 105.3365, -2.4479 ], [ 105.3132, -2.4983 ], [ 105.2856, -2.5101 ], [ 105.2284, -2.5871 ], [ 105.2037, -2.5833 ], [ 105.2059, -2.6325 ], [ 105.1756, -2.6416 ], [ 105.2159, -2.6854 ], [ 105.2079, -2.7298 ], [ 105.0909, -2.7161 ], [ 105.075, -2.7716 ], [ 105.0906, -2.8417 ], [ 105.0671, -2.9033 ], [ 105.0938, -2.9151 ], [ 105.096, -2.9318 ], [ 105.0098, -2.9711 ], [ 105.0355, -2.9821 ], [ 105.0196, -3.0073 ], [ 105.0414, -3.0128 ], [ 105.0333, -3.0728 ] ] ] } },
{ "type": "Feature", "properties": { "province": "SUMATERA SELATAN", "district": "EMPAT LAWANG", "id": "SUMATERA SELATAN/EMPAT LAWANG", "name": "EMPAT LAWANG" }, "geometry": { "type": "Polygon", "coordinates": [ [ [ 103.036, -4.0189 ], [ 102.9628, -4.0207 ], [ 102.9113, -3.971 ], [ 102.86, -3.9926 ], [ 102.845, -3.9769 ], [ 102.8164, -3.9815 ], [ 102.7757, -3.9158 ], [ 102.69, -3.8616 ], [ 102.6598, -3.8175 ], [ 102.6186, -3.8011 ], [ 102.6559, -3.7718 ], [ 102.7388, -3.7476 ], [ 102.7522, -3.6668 ], [ 102.8085, -3.6095 ], [ 102.7945, -3.5857 ], [ 102.8103, -3.53 ], [ 102.8601, -3.5481 ], [ 102.9028, -3.6163 ], [ 102.9403, -3.5694 ], [ 102.9466, -3.5358 ], [ 102.9908, -3.5167 ], [ 102.9914, -3.4121 ], [ 103.0476, -3.4265 ], [ 103.1118, -3.4876 ], [ 103.176, -3.4639 ], [ 103.1947, -3.4898 ], [ 103.1692, -3.5062 ], [ 103.1637, -3.5491 ], [ 103.1258, -3.6031 ], [ 103.128, -3.6524 ], [ 103.1576, -3.6741 ], [ 103.1457, -3.7502 ], [ 103.1716, -3.8004 ], [ 103.1075, -3.8819 ], [ 103.1082, -3.9199 ], [ 103.1282, -3.9466 ], [ 103.1432, -3.9441 ], [ 103.142, -3.9787 ], [ 103.1141, -4.022 ], [ 103.0892, -4.0077 ], [ 103.036, -4.0189 ] ] ] } },
{ "type": "Feature", "properties": { "province": "SUMATERA SELATAN", "district": "KOTA LUBUKLINGGAU", "id": "SUMATERA SELATAN/KOTA LUBUKLINGGAU", "name": "KOTA LUBUKLINGGAU" }, "geometry": { "type": "Polygon", "coordinates": [ [ [ 102.9284, -3.3688 ], [ 102.8924, -3.3759 ], [ 102.8829, -3.3472 ], [ 102.8948, -3.328 ], [ 102.87, -3.3445 ], [ 102.8131, -3.3366 ], [ 102.7907, -3.2896 ], [ 102.7532, -3.2834 ], [ 102.816, -3.2364 ], [ 102.8104, -3.1773 ], [ 102.8321, -3.175 ], [ 102.8603, -3.1293 ], [ 102.8811, -3.1567 ], [ 102.9239, -3.1696 ], [ 102.9162, -3.1906 ], [ 102.9561, -3.2354 ], [ 102.9378, -3.2612 ], [ 102.9711, -3.2626 ], [ 102.966, -3.3621 ], [ 102.9284, -3.3688 ] ] ] } },
{ "type": "Feature", "properties": { "province": "SUMATERA SELATAN", "district": "KOTA PAGAR ALAM", "id": "SUMATERA SELATAN/KOTA PAGAR ALAM", "name": "KOTA PAGAR ALAM" }, "geometry": { "type": "Polygon", "coordinates": [ [ [ 103.2702, -4.2562 ], [ 103.1793, -4.2343 ], [ 103.1853, -4.1641 ], [ 103.1214, -4.0156 ], [ 103.2203, -3.9879 ], [ 103.2864, -4.0069 ], [ 103.2829, -4.0428 ], [ 103.3284, -4.044 ], [ 103.357, -3.9985 ], [ 103.4154, -3.9848 ], [ 103.3956, -4.0631 ], [ 103.3593, -4.0981 ], [ 103.363, -4.1576 ], [ 103.3307, -4.1864 ], [ 103.3094, -4.2513 ], [ 103.2702, -4.2562 ] ] ] } },
{ "type": "Feature", "properties": { "province": "SUMATERA SELATAN", "district": "KOTA PALEMBANG", "id": "SUMATERA SELATAN/KOTA PALEMBANG", "name": "KOTA PALEMBANG" }, "geometry": { "type": "Polygon", "coordinates": [ [ [ 104.7442, -3.047 ], [ 104.7194, -3.0945 ], [ 104.7171, -3.0687 ], [ 104.6641, -3.0417 ], [ 104.6258, -3.0006 ], [ 104.636, -2.9323 ], [ 104.6517, -2.9212 ], [ 104.6768, -2.9355 ], [ 104.6749, -2.8654 ], [ 104.7301, -2.8778 ], [ 104.7338, -2.9034 ], [ 104.7538, -2.9156 ], [ 104.8111, -2.9094 ], [ 104.7952, -2.9219 ], [ 104.8147, -2.9443 ], [ 104.8403, -2.9298 ], [ 104.8514, -2.9249 ], [ 104.8412, -2.9503 ], [ 104.8646, -2.952 ], [ 104.8099, -3.039 ], [ 104.7867, -3.0298 ], [ 104.7442, -3.047 ] ] ] } },
{ "type": "Feature", "properties": { "province": "SUMATERA SELATAN", "district": "KOTA PRABUMULIH", "id": "SUMATERA SELATAN/KOTA PRABUMULIH", "name": "KOTA PRABUMULIH" }, "geometry": { "type": "Polygon", "coordinates": [ [ [ 104.2791, -3.5722 ], [ 104.2425, -3.5676 ], [ 104.2502, -3.5361 ], [ 104.1502, -3.5439 ], [ 104.1314, -3.5198 ], [ 104.1519, -3.4115 ], [ 104.1301, -3.3367 ], [ 104.2417, -3.3736 ], [ 104.2979, -3.3568 ], [ 104.3482, -3.3715 ], [ 104.2928, -3.4784 ], [ 104.311, -3.512 ], [ 104.3054, -3.567 ], [ 104.2791, -3.5722 ] ] ] } },
{ "type": "Feature", "properties": { "province": "SUMATERA SELATAN", "district": "LAHAT", "id": "SUMATERA SELATAN/LAHAT", "name": "LAHAT" }, "geometry": { "type": "MultiPolygon", "coordinates": [ [ [ [ 103.4541, -4.1118 ], [ 103.4389, -4.1705 ], [ 103.3092, -4.2519 ], [ 103.3307, -4.1864 ], [ 103.363, -4.1576 ], [ 103.3593, -4.0981 ], [ 103.3956, -4.0631 ], [ 103.4154, -3.9848 ], [ 103.357, -3.9985 ], [ 103.3284, -4.044 ], [ 103.2829, -4.0428 ], [ 103.2864, -4.0069 ], [ 103.2203, -3.9879 ], [ 103.121, -4.0156 ], [ 103.1432, -3.9441 ], [ 103.1282, -3.9466 ], [ 103.1082, -3.9199 ], [ 103.1075, -3.8819 ], [ 103.1716, -3.8004 ], [ 103.1457, -3.7502 ], [ 103.1576, -3.6741 ], [ 103.128, -3.6524 ], [ 103.1258, -3.6031 ], [ 103.1637, -3.5491 ], [ 103.1692, -3.5062 ], [ 103.1935, -3.4902 ], [ 103.2016, -3.5022 ], [ 103.2659, -3.4971 ], [ 103.3745, -3.5348 ], [ 103.493, -3.51 ], [ 103.5157, -3.5979 ], [ 103.5384, -3.5935 ], [ 103.5386, -3.5478 ], [ 103.5744, -3.5498 ], [ 103.6283, -3.5121 ], [ 103.7291, -3.5755 ], [ 103.773, -3.5841 ], [ 103.7568, -3.6051 ], [ 103.7675, -3.6316 ], [ 103.7402, -3.647 ], [ 103.7659, -3.6607 ], [ 103.7671, -3.6877 ], [ 103.7333, -3.6917 ], [ 103.7629, -3.7389 ], [ 103.7245, -3.7647 ], [ 103.7038, -3.901 ], [ 103.6317, -3.9415 ], [ 103.644, -3.9653 ], [ 103.604, -3.9473 ], [ 103.5763, -3.9439 ], [ 103.6395, -3.9694 ], [ 103.5954, -3.9975 ], [ 103.5912, -4.0474 ], [ 103.554, -4.1209 ], [ 103.5124, -4.1074 ], [ 103.4961, -4.1292 ], [ 103.4682, -4.0996 ], [ 103.4541, -4.1118 ] ] ], [ [ [ 103.1811, -4.1567 ], [ 103.1809, -4.2361 ], [ 103.0758, -4.2625 ], [ 103.0515, -4.2192 ], [ 103.0614, -4.196 ], [ 102.9196, -4.0966 ], [ 102.9146, -4.0602 ], [ 102.9305, -4.0474 ], [ 102.9567, -4.056 ], [ 103.0091, -4.0156 ], [ 103.1214, -4.0157 ], [ 103.1811, -4.1567 ] ] ], [ [ [ 103.9407, -4.8125 ], [ 104.0031, -4.8448 ], [ 104.0111, -4.8755 ], [ 103.9664, -4.8699 ], [ 103.8661, -4.9171 ], [ 103.8645, -4.8944 ], [ 103.9128, -4.8168 ], [ 103.9407, -4.8125 ] ] ] ] } },
{ "type": "Feature", "properties": { "province": "SUMATERA SELATAN", "district": "MUARA ENIM", "id": "SUMATERA SELATAN/MUARA ENIM", "name": "MUARA ENIM" }, "geometry": { "type": "MultiPolygon", "coordinates": [ [ [ [ 103.5535, -4.3566 ], [ 103.5476, -4.371 ], [ 103.5149, -4.3761 ], [ 103.4577, -4.333 ], [ 103.3285, -4.2922 ], [ 103.3051, -4.2545 ], [ 103.4389, -4.1705 ], [ 103.4669, -4.0997 ], [ 103.4961, -4.1292 ], [ 103.5124, -4.1074 ], [ 103.554, -4.1209 ], [ 103.5912, -4.0474 ], [ 103.5954, -3.9975 ], [ 103.6441, -3.9657 ], [ 103.6317, -3.9415 ], [ 103.7038, -3.901 ], [ 103.7245, -3.7647 ], [ 103.7629, -3.7389 ], [ 103.7333, -3.6917 ], [ 103.7671, -3.6877 ], [ 103.7659, -3.6607 ], [ 103.7402, -3.647 ], [ 103.7675, -3.6316 ], [ 103.7568, -3.6051 ], [ 103.7717, -3.5824 ], [ 103.7291, -3.5755 ], [ 103.6283, -3.5121 ], [ 103.5744, -3.5498 ], [ 103.5388, -3.5478 ], [ 103.5406, -3.4928 ], [ 103.5722, -3.4554 ], [ 103.5906, -3.4572 ], [ 103.6141, -3.4196 ], [ 103.6175, -3.33 ], [ 103.6723, -3.375 ], [ 103.6813, -3.3368 ], [ 103.7237, -3.3512 ], [ 103.8043, -3.3165 ], [ 103.8145, -3.3276 ], [ 103.8496, -3.3201 ], [ 103.8586, -3.3386 ], [ 103.8863, -3.33 ], [ 103.9328, -3.3963 ], [ 104.0187, -3.4137 ], [ 104.0248, -3.3625 ], [ 104.1313, -3.3588 ], [ 104.1515, -3.3961 ], [ 104.1512, -3.4454 ], [ 104.1285, -3.4909 ], [ 104.1436, -3.491 ], [ 104.1314, -3.5198 ], [ 104.1466, -3.5423 ], [ 104.2502, -3.5361 ], [ 104.2431, -3.5679 ], [ 104.3065, -3.5619 ], [ 104.3039, -3.6037 ], [ 104.3224, -3.6217 ], [ 104.4071, -3.5834 ], [ 104.4224, -3.5569 ], [ 104.4679, -3.5895 ], [ 104.4779, -3.6142 ], [ 104.4536, -3.6689 ], [ 104.3753, -3.7197 ], [ 104.3824, -3.7599 ], [ 104.3067, -3.7735 ], [ 104.2881, -3.7551 ], [ 104.2378, -3.7842 ], [ 104.2082, -3.8461 ], [ 104.1229, -3.8956 ], [ 103.9947, -3.9197 ], [ 103.9656, -3.8886 ], [ 103.893, -3.9248 ], [ 103.8905, -3.9651 ], [ 103.8489, -4.007 ], [ 103.7501, -4.0827 ], [ 103.7049, -4.0853 ], [ 103.706, -4.1833 ], [ 103.6219, -4.214 ], [ 103.6248, -4.2913 ], [ 103.5984, -4.3625 ], [ 103.5535, -4.3566 ] ] ], [ [ [ 104.389, -3.5056 ], [ 104.3176, -3.5034 ], [ 104.2931, -3.4876 ], [ 104.3482, -3.3715 ], [ 104.3059, -3.3568 ], [ 104.2127, -3.3678 ], [ 104.21, -3.3342 ], [ 104.238, -3.2661 ], [ 104.2067, -3.2457 ], [ 104.2301, -3.2122 ], [ 104.2566, -3.0332 ], [ 104.3182, -3.0218 ], [ 104.3558, -3.0484 ], [ 104.343, -3.0173 ], [ 104.405, -3.0192 ], [ 104.4786, -3.0317 ], [ 104.4857, -3.0608 ], [ 104.4991, -3.0629 ], [ 104.5379, -3.0278 ], [ 104.5827, -3.035 ], [ 104.5925, -3.0516 ], [ 104.6121, -3.0143 ], [ 104.6359, -3.019 ], [ 104.6905, -3.056 ], [ 104.6182, -3.1114 ], [ 104.5128, -3.0895 ], [ 104.4788, -3.1159 ], [ 104.5107, -3.2006 ], [ 104.5634, -3.2152 ], [ 104.5715, -3.2418 ], [ 104.5399, -3.2684 ], [ 104.528, -3.3021 ], [ 104.5362, -3.3538 ], [ 104.5133, -3.3882 ], [ 104.5075, -3.3795 ], [ 104.4475, -3.4251 ], [ 104.4459, -3.4953 ], [ 104.389, -3.5056 ] ] ] ] } },
{ "type": "Feature", "properties": { "province": "SUMATERA SELATAN", "district": "MUSI BANYUASIN", "id": "SUMATERA SELATAN/MUSI BANYUASIN", "name": "MUSI BANYUASIN" }, "geometry": { "type": "Polygon", "coordinates": [ [ [ 103.7838, -3.1757 ], [ 103.7707, -3.2569 ], [ 103.7165, -3.2623 ], [ 103.7064, -3.2383 ], [ 103.6792, -3.2569 ], [ 103.648, -3.2501 ], [ 103.6379, -3.1883 ], [ 103.6092, -3.1797 ], [ 103.5938, -3.1361 ], [ 103.5739, -3.1378 ], [ 103.5778, -3.1113 ], [ 103.5121, -3.0781 ], [ 103.4999, -3.0323 ], [ 103.4815, -3.0366 ], [ 103.4385, -2.9476 ], [ 103.4111, -2.9246 ], [ 103.4313, -2.8771 ], [ 103.3536, -2.8511 ], [ 103.2712, -2.753 ], [ 103.3416, -2.6946 ], [ 103.3664, -2.6059 ], [ 103.3432, -2.5445 ], [ 103.2757, -2.4987 ], [ 103.2736, -2.4659 ], [ 103.2491, -2.479 ], [ 103.241, -2.5145 ], [ 103.2156, -2.5384 ], [ 103.1853, -2.5046 ], [ 103.1624, -2.5091 ], [ 103.1552, -2.4678 ], [ 103.1153, -2.4669 ], [ 103.0681, -2.4413 ], [ 103.0531, -2.4023 ], [ 103.0188, -2.4029 ], [ 103.004, -2.3361 ], [ 103.0342, -2.3393 ], [ 103.033, -2.3205 ], [ 103.0548, -2.3122 ], [ 103.1426, -2.361 ], [ 103.2125, -2.3171 ], [ 103.2067, -2.2775 ], [ 103.1796, -2.2489 ], [ 103.182, -2.1762 ], [ 103.2067, -2.1423 ], [ 103.2544, -2.1314 ], [ 103.3478, -2.2655 ], [ 103.4474, -2.3564 ], [ 103.4659, -2.2556 ], [ 103.4515, -2.2094 ], [ 103.4599, -2.1755 ], [ 103.4987, -2.1773 ], [ 103.5597, -2.1414 ], [ 103.5309, -2.1254 ], [ 103.5141, -2.0837 ], [ 103.5516, -2.0484 ], [ 103.5602, -2.0 ], [ 103.5096, -1.9624 ], [ 103.5342, -1.8913 ], [ 103.6256, -1.8435 ], [ 103.6643, -1.849 ], [ 104.1527, -1.7249 ], [ 104.1628, -1.7932 ], [ 104.2125, -1.8888 ], [ 104.3604, -2.0709 ], [ 104.4262, -2.1829 ], [ 104.5449, -2.2633 ], [ 104.6242, -2.2522 ], [ 104.6569, -2.3221 ], [ 104.5771, -2.383 ], [ 104.4594, -2.4383 ], [ 104.36, -2.4552 ], [ 104.2754, -2.5185 ], [ 104.2224, -2.511 ], [ 104.1169, -2.4277 ], [ 104.0689, -2.4512 ], [ 104.1023, -2.5071 ], [ 104.0731, -2.5391 ], [ 104.1132, -2.565 ], [ 104.1343, -2.55 ], [ 104.159, -2.5616 ], [ 104.2221, -2.6001 ], [ 104.2099, -2.6205 ], [ 104.2437, -2.6292 ], [ 104.2389, -2.6452 ], [ 104.2829, -2.6624 ], [ 104.2311, -2.7039 ], [ 104.2466, -2.725 ], [ 104.1644, -2.8188 ], [ 104.1446, -2.8222 ], [ 104.1321, -2.8517 ], [ 104.183, -2.8961 ], [ 104.1876, -3.0525 ], [ 104.1413, -3.0464 ], [ 104.1282, -3.0073 ], [ 104.0666, -3.0039 ], [ 104.0205, -3.0303 ], [ 103.9489, -3.0054 ], [ 103.9121, -3.0244 ], [ 103.8859, -3.0795 ], [ 103.8522, -3.0847 ], [ 103.8168, -3.1153 ], [ 103.7838, -3.1757 ] ] ] } },
{ "type": "Feature", "properties": { "province": "SUMATERA SELATAN", "district": "MUSI RAWAS", "id": "SUMATERA SELATAN/MUSI RAWAS", "name": "MUSI RAWAS" }, "geometry": { "type": "Polygon", "coordinates": [ [ [ 103.385, -3.5306 ], [ 103.3393, -3.5309 ], [ 103.2659, -3.4971 ], [ 103.2011, -3.5021 ], [ 103.176, -3.4639 ], [ 103.1118, -3.4876 ], [ 103.0476, -3.4265 ], [ 102.9916, -3.4121 ], [ 102.9894, -3.3697 ], [ 102.966, -3.3621 ], [ 102.9704, -3.2607 ], [ 102.9378, -3.2612 ], [ 102.9561, -3.2354 ], [ 102.9162, -3.1906 ], [ 102.9239, -3.1696 ], [ 102.8811, -3.1567 ], [ 102.8603, -3.1293 ], [ 102.8321, -3.175 ], [ 102.8104, -3.1773 ], [ 102.816, -3.2364 ], [ 102.764, -3.2692 ], [ 102.7437, -3.3158 ], [ 102.6753, -3.3222 ], [ 102.6365, -3.3528 ], [ 102.4981, -3.263 ], [ 102.4898, -3.2394 ], [ 102.5057, -3.2152 ], [ 102.4874, -3.2049 ], [ 102.4863, -3.1079 ], [ 102.5489, -3.0898 ], [ 102.6903, -3.0092 ], [ 102.7376, -3.0131 ], [ 102.7696, -2.9924 ], [ 102.8063, -2.9991 ], [ 102.8594, -2.9752 ], [ 102.8811, -2.9811 ], [ 102.8758, -2.924 ], [ 102.9151, -2.9324 ], [ 102.9038, -2.8834 ], [ 103.017, -2.8517 ], [ 103.0983, -2.8473 ], [ 103.101, -2.7821 ], [ 103.129, -2.7702 ], [ 103.1475, -2.7799 ], [ 103.1743, -2.7581 ], [ 103.2706, -2.7525 ], [ 103.3536, -2.8511 ], [ 103.4313, -2.8771 ], [ 103.4111, -2.9246 ], [ 103.4385, -2.9476 ], [ 103.4815, -3.0366 ], [ 103.4999, -3.0323 ], [ 103.5121, -3.0781 ], [ 103.5778, -3.1113 ], [ 103.5739, -3.1378 ], [ 103.5938, -3.1361 ], [ 103.6092, -3.1797 ], [ 103.6448, -3.2046 ], [ 103.633, -3.2159 ], [ 103.6493, -3.2456 ], [ 103.6069, -3.2893 ], [ 103.6252, -3.3568 ], [ 103.6142, -3.4193 ], [ 103.5906, -3.4572 ], [ 103.5722, -3.4554 ], [ 103.5406, -3.4928 ], [ 103.5384, -3.5935 ], [ 103.5112, -3.593 ], [ 103.493, -3.51 ], [ 103.385, -3.5306 ] ] ] } },
{ "type": "Feature", "properties": { "province": "SUMATERA SELATAN", "district": "MUSI RAWAS UTARA", "id": "SUMATERA SELATAN/MUSI RAWAS UTARA", "name": "MUSI RAWAS UTARA" }, "geometry": { "type": "Polygon", "coordinates": [ [ [ 102.5845, -3.0617 ], [ 102.5489, -3.0898 ], [ 102.4852, -3.1079 ], [ 102.4356, -3.0552 ], [ 102.3899, -3.0443 ], [ 102.3205, -3.0698 ], [ 102.2836, -3.038 ], [ 102.2569, -3.0368 ], [ 102.2252, -2.9285 ], [ 102.1329, -2.8758 ], [ 102.1303, -2.8364 ], [ 102.0723, -2.7934 ], [ 102.0694, -2.7652 ], [ 102.0915, -2.7699 ], [ 102.1257, -2.7293 ], [ 102.2345, -2.6914 ], [ 102.251, -2.6312 ], [ 102.2765, -2.6139 ], [ 102.3278, -2.655 ], [ 102.3872, -2.647 ], [ 102.4062, -2.6891 ], [ 102.4682, -2.7035 ], [ 102.4899, -2.7053 ], [ 102.5189, -2.6765 ], [ 102.602, -2.6754 ], [ 102.6406, -2.611 ], [ 102.6666, -2.6096 ], [ 102.7159, -2.5704 ], [ 102.7283, -2.5861 ], [ 102.7962, -2.5332 ], [ 102.7935, -2.5047 ], [ 102.8754, -2.4098 ], [ 102.8719, -2.3851 ], [ 102.8498, -2.386 ], [ 102.8396, -2.3588 ], [ 102.8406, -2.3379 ], [ 102.8769, -2.3045 ], [ 103.0046, -2.336 ], [ 103.0191, -2.4032 ], [ 103.0531, -2.4023 ], [ 103.0681, -2.4413 ], [ 103.1153, -2.4669 ], [ 103.1552, -2.4678 ], [ 103.1612, -2.5083 ], [ 103.1853, -2.5046 ], [ 103.2156, -2.5384 ], [ 103.241, -2.5145 ], [ 103.2491, -2.479 ], [ 103.2736, -2.4659 ], [ 103.2757, -2.4987 ], [ 103.3432, -2.5445 ], [ 103.3664, -2.6059 ], [ 103.3416, -2.6946 ], [ 103.309, -2.7312 ], [ 103.2461, -2.7624 ], [ 103.184, -2.7567 ], [ 103.1475, -2.7799 ], [ 103.129, -2.7702 ], [ 103.101, -2.7821 ], [ 103.0983, -2.8473 ], [ 103.017, -2.8517 ], [ 102.9038, -2.8834 ], [ 102.9151, -2.9324 ], [ 102.8758, -2.924 ], [ 102.8811, -2.9811 ], [ 102.8594, -2.9752 ], [ 102.8063, -2.9991 ], [ 102.7696, -2.9924 ], [ 102.7376, -3.0131 ], [ 102.6903, -3.0092 ], [ 102.5845, -3.0617 ] ] ] } },
{ "type": "Feature", "properties": { "province": "SUMATERA SELATAN", "district": "OGAN ILIR", "id": "SUMATERA SELATAN/OGAN ILIR", "name": "OGAN ILIR" }, "geometry": { "type": "Polygon", "coordinates": [ [ [ 104.5727, -3.7942 ], [ 104.559, -3.8069 ], [ 104.4604, -3.7603 ], [ 104.4641, -3.7755 ], [ 104.4104, -3.7847 ], [ 104.3796, -3.7693 ], [ 104.3753, -3.7197 ], [ 104.442, -3.6831 ], [ 104.4778, -3.613 ], [ 104.435, -3.5564 ], [ 104.3661, -3.6084 ], [ 104.3156, -3.6193 ], [ 104.301, -3.4976 ], [ 104.4055, -3.5074 ], [ 104.4459, -3.4953 ], [ 104.4475, -3.4251 ], [ 104.5075, -3.3795 ], [ 104.5133, -3.3882 ], [ 104.5362, -3.3538 ], [ 104.5309, -3.2915 ], [ 104.5715, -3.2395 ], [ 104.5634, -3.2152 ], [ 104.5107, -3.2006 ], [ 104.4791, -3.1208 ], [ 104.4874, -3.1032 ], [ 104.5424, -3.0908 ], [ 104.6182, -3.1114 ], [ 104.6905, -3.056 ], [ 104.7179, -3.0696 ], [ 104.7194, -3.0945 ], [ 104.7507, -3.0394 ], [ 104.7743, -3.0324 ], [ 104.7807, -3.0526 ], [ 104.7994, -3.0548 ], [ 104.7923, -3.0772 ], [ 104.8097, -3.0817 ], [ 104.7931, -3.1311 ], [ 104.8183, -3.1441 ], [ 104.796, -3.1807 ], [ 104.8161, -3.2158 ], [ 104.7982, -3.2985 ], [ 104.8155, -3.3111 ], [ 104.8141, -3.4577 ], [ 104.7744, -3.4609 ], [ 104.7391, -3.4865 ], [ 104.7086, -3.4653 ], [ 104.6788, -3.4933 ], [ 104.6509, -3.5673 ], [ 104.6436, -3.6536 ], [ 104.5727, -3.7942 ] ] ] } },
{ "type": "Feature", "properties": { "province": "SUMATERA SELATAN", "district": "OGAN KOMERING ILIR", "id": "SUMATERA SELATAN/OGAN KOMERING ILIR", "name": "OGAN KOMERING ILIR" }, "geometry": { "type": "Polygon", "coordinates": [ [ [ 104.847, -4.2383 ], [ 104.7962, -4.2508 ], [ 104.7923, -4.2647 ], [ 104.7558, -4.2458 ], [ 104.7477, -4.2231 ], [ 104.7877, -4.1707 ], [ 104.7941, -4.1254 ], [ 104.8341, -4.0995 ], [ 104.8329, -4.0615 ], [ 104.9128, -4.0063 ], [ 104.9303, -3.9496 ], [ 104.9, -3.9421 ], [ 104.8615, -3.9588 ], [ 104.8522, -3.9366 ], [ 104.8736, -3.9073 ], [ 104.8548, -3.8885 ], [ 104.8739, -3.8616 ], [ 104.8764, -3.8053 ], [ 104.8575, -3.7764 ], [ 104.7728, -3.725 ], [ 104.774, -3.6861 ], [ 104.7213, -3.6533 ], [ 104.6419, -3.6475 ], [ 104.6788, -3.4933 ], [ 104.7086, -3.4653 ], [ 104.7066, -3.484 ], [ 104.7109, -3.4665 ], [ 104.7391, -3.4865 ], [ 104.7744, -3.4609 ], [ 104.8141, -3.4577 ], [ 104.8155, -3.3111 ], [ 104.7982, -3.2985 ], [ 104.8161, -3.2158 ], [ 104.796, -3.1807 ], [ 104.8183, -3.1441 ], [ 104.7931, -3.1311 ], [ 104.8098, -3.0824 ], [ 104.7923, -3.0772 ], [ 104.7942, -3.063 ], [ 104.8282, -3.0687 ], [ 104.8546, -3.1014 ], [ 104.8793, -3.0991 ], [ 104.9079, -3.1301 ], [ 104.8985, -3.1557 ], [ 104.9302, -3.1698 ], [ 105.0016, -3.1451 ], [ 105.0313, -3.1047 ], [ 105.0414, -3.0128 ], [ 105.0196, -3.0073 ], [ 105.0355, -2.9821 ], [ 105.0098, -2.9711 ], [ 105.096, -2.9318 ], [ 105.0938, -2.9151 ], [ 105.0671, -2.9033 ], [ 105.0906, -2.8417 ], [ 105.075, -2.7716 ], [ 105.0909, -2.7161 ], [ 105.2079, -2.7298 ], [ 105.2159, -2.6854 ], [ 105.1756, -2.6416 ], [ 105.2059, -2.6325 ], [ 105.2037, -2.5833 ], [ 105.2284, -2.5871 ], [ 105.2856, -2.5101 ], [ 105.3132, -2.4983 ], [ 105.3365, -2.4479 ], [ 105.4285, -2.4474 ], [ 105.4717, -2.4626 ], [ 105.5321, -2.4181 ], [ 105.5817, -2.4149 ], [ 105.6192, -2.3888 ], [ 105.6337, -2.4341 ], [ 105.6034, -2.5386 ], [ 105.6277, -2.6323 ], [ 105.6889, -2.6821 ], [ 105.7967, -2.6922 ], [ 105.7982, -2.8769 ], [ 105.8318, -2.9291 ], [ 105.9017, -2.9736 ], [ 105.9789, -2.9532 ], [ 105.9888, -2.9709 ], [ 106.0513, -2.9871 ], [ 106.0706, -3.0651 ], [ 106.0601, -3.1188 ], [ 106.0981, -3.2282 ], [ 106.0876, -3.2561 ], [ 105.9873, -3.3115 ], [ 105.9331, -3.3608 ], [ 105.8908, -3.4246 ], [ 105.8336, -3.5676 ], [ 105.8199, -3.639 ], [ 105.8296, -3.7118 ], [ 105.8503, -3.7493 ], [ 105.8651, -3.7378 ], [ 105.9069, -3.7613 ], [ 105.9605, -3.8231 ], [ 105.9432, -3.8856 ], [ 105.8722, -4.0121 ], [ 105.851, -4.1575 ], [ 105.8362, -4.1701 ], [ 105.8083, -4.1235 ], [ 105.7767, -4.1125 ], [ 105.7501, -4.1488 ], [ 105.7294, -4.1345 ], [ 105.702, -4.14 ], [ 105.711, -4.1083 ], [ 105.6871, -4.1013 ], [ 105.6842, -4.0795 ], [ 105.6631, -4.0955 ], [ 105.651, -4.0862 ], [ 105.6605, -4.0482 ], [ 105.6254, -4.0435 ], [ 105.6068, -4.0583 ], [ 105.6307, -4.0058 ], [ 105.5901, -3.9538 ], [ 105.6114, -3.9406 ], [ 105.5997, -3.9269 ], [ 105.5869, -3.9392 ], [ 105.563, -3.9289 ], [ 105.5735, -3.9013 ], [ 105.5483, -3.8818 ], [ 105.5231, -3.8926 ], [ 105.5123, -3.8725 ], [ 105.5241, -3.8405 ], [ 105.4924, -3.8409 ], [ 105.4798, -3.8218 ], [ 105.4324, -3.8264 ], [ 105.4362, -3.7873 ], [ 105.421, -3.7789 ], [ 105.3587, -3.7973 ], [ 105.3332, -3.7238 ], [ 105.3187, -3.7319 ], [ 105.3045, -3.7916 ], [ 105.2837, -3.7981 ], [ 105.2925, -3.846 ], [ 105.2768, -3.8774 ], [ 105.2437, -3.9062 ], [ 105.2298, -3.8895 ], [ 105.204, -3.8911 ], [ 105.1802, -3.9038 ], [ 105.1649, -3.9376 ], [ 105.1394, -3.9342 ], [ 105.1422, -3.9726 ], [ 105.1057, -4.0181 ], [ 105.1199, -4.0483 ], [ 105.0952, -4.0465 ], [ 105.05, -4.1413 ], [ 105.0286, -4.144 ], [ 105.0131, -4.1737 ], [ 104.9673, -4.1718 ], [ 104.847, -4.2383 ] ] ] } },
{ "type": "Feature", "properties": { "province": "SUMATERA SELATAN", "district": "OGAN KOMERING ULU", "id": "SUMATERA SELATAN/OGAN KOMERING ULU", "name": "OGAN KOMERING ULU" }, "geometry": { "type": "Polygon", "coordinates": [ [ [ 104.0525, -4.4534 ], [ 104.0015, -4.4472 ], [ 103.9714, -4.466 ], [ 103.9034, -4.3832 ], [ 103.8512, -4.3769 ], [ 103.8419, -4.2776 ], [ 103.7991, -4.21 ], [ 103.699, -4.2853 ], [ 103.637, -4.2875 ], [ 103.6216, -4.3059 ], [ 103.6219, -4.214 ], [ 103.706, -4.1833 ], [ 103.7049, -4.0853 ], [ 103.7501, -4.0827 ], [ 103.8489, -4.007 ], [ 103.8905, -3.9651 ], [ 103.893, -3.9248 ], [ 103.9401, -3.8976 ], [ 103.9656, -3.8886 ], [ 103.9947, -3.9197 ], [ 104.1229, -3.8956 ], [ 104.2082, -3.8461 ], [ 104.2378, -3.7842 ], [ 104.2881, -3.7551 ], [ 104.3067, -3.7735 ], [ 104.3808, -3.7634 ], [ 104.4104, -3.7847 ], [ 104.4641, -3.7755 ], [ 104.4604, -3.7603 ], [ 104.5516, -3.801 ], [ 104.5578, -3.8249 ], [ 104.5089, -3.8713 ], [ 104.5052, -3.9354 ], [ 104.4046, -3.9821 ], [ 104.3987, -4.005 ], [ 104.3567, -4.0091 ], [ 104.3391, -4.0547 ], [ 104.3082, -4.0765 ], [ 104.3356, -4.1785 ], [ 104.3259, -4.1979 ], [ 104.2866, -4.2125 ], [ 104.2803, -4.2403 ], [ 104.2254, -4.2356 ], [ 104.2192, -4.3528 ], [ 104.1587, -4.4028 ], [ 104.0525, -4.4534 ] ] ] } },
{ "type": "Feature", "properties": { "province": "SUMATERA SELATAN", "district": "OGAN KOMERING ULU SELATAN", "id": "SUMATERA SELATAN/OGAN KOMERING ULU SELATAN", "name": "OGAN KOMERING ULU SELATAN" }, "geometry": { "type": "Polygon", "coordinates": [ [ [ 104.0496, -4.8965 ], [ 103.9598, -4.9109 ], [ 103.9356, -4.8839 ], [ 103.9779, -4.8679 ], [ 103.9948, -4.8822 ], [ 104.0155, -4.8632 ], [ 103.9769, -4.8246 ], [ 103.9407, -4.8125 ], [ 103.9128, -4.8168 ], [ 103.8745, -4.8831 ], [ 103.8637, -4.8441 ], [ 103.8237, -4.8208 ], [ 103.825, -4.8005 ], [ 103.779, -4.795 ], [ 103.7454, -4.7412 ], [ 103.7014, -4.7249 ], [ 103.6729, -4.7319 ], [ 103.7045, -4.6984 ], [ 103.6947, -4.6539 ], [ 103.6407, -4.5949 ], [ 103.5966, -4.595 ], [ 103.6301, -4.5562 ], [ 103.6149, -4.5305 ], [ 103.5706, -4.5248 ], [ 103.5302, -4.5688 ], [ 103.4848, -4.5791 ], [ 103.437, -4.5313 ], [ 103.3982, -4.5175 ], [ 103.4483, -4.372 ], [ 103.4681, -4.3531 ], [ 103.5197, -4.3768 ], [ 103.5534, -4.3566 ], [ 103.5984, -4.3625 ], [ 103.637, -4.2875 ], [ 103.699, -4.2853 ], [ 103.7991, -4.21 ], [ 103.8419, -4.2776 ], [ 103.8511, -4.3768 ], [ 103.9034, -4.3832 ], [ 103.967, -4.4636 ], [ 104.0137, -4.4456 ], [ 104.0451, -4.4584 ], [ 104.1587, -4.4028 ], [ 104.2059, -4.4419 ], [ 104.268, -4.5413 ], [ 104.326, -4.5577 ], [ 104.3343, -4.6054 ], [ 104.2951, -4.6463 ], [ 104.2879, -4.6987 ], [ 104.3158, -4.6921 ], [ 104.2948, -4.7126 ], [ 104.3288, -4.8124 ], [ 104.3717, -4.8179 ], [ 104.3138, -4.8838 ], [ 104.2866, -4.8557 ], [ 104.2441, -4.8817 ], [ 104.2173, -4.859 ], [ 104.1944, -4.862 ], [ 104.1521, -4.9253 ], [ 104.0496, -4.8965 ] ] ] } },
{ "type": "Feature", "properties": { "province": "SUMATERA SELATAN", "district": "OGAN KOMERING ULU TIMUR", "id": "SUMATERA SELATAN/OGAN KOMERING ULU TIMUR", "name": "OGAN KOMERING ULU TIMUR" }, "geometry": { "type": "Polygon", "coordinates": [ [ [ 104.3315, -4.458 ], [ 104.3333, -4.5003 ], [ 104.3135, -4.5226 ], [ 104.3256, -4.5606 ], [ 104.3096, -4.5634 ], [ 104.268, -4.5413 ], [ 104.2059, -4.4419 ], [ 104.1524, -4.408 ], [ 104.2192, -4.3528 ], [ 104.2411, -4.246 ], [ 104.2822, -4.2391 ], [ 104.2866, -4.2125 ], [ 104.3259, -4.1979 ], [ 104.3356, -4.1785 ], [ 104.3082, -4.0765 ], [ 104.3391, -4.0547 ], [ 104.3567, -4.0091 ], [ 104.3987, -4.005 ], [ 104.4046, -3.9821 ], [ 104.5052, -3.9354 ], [ 104.5099, -3.8692 ], [ 104.5578, -3.8249 ], [ 104.5557, -3.8052 ], [ 104.5887, -3.7676 ], [ 104.637, -3.6593 ], [ 104.7285, -3.6567 ], [ 104.774, -3.6861 ], [ 104.7728, -3.725 ], [ 104.8739, -3.7995 ], [ 104.8752, -3.856 ], [ 104.8548, -3.8885 ], [ 104.8734, -3.9099 ], [ 104.8516, -3.9403 ], [ 104.869, -3.9624 ], [ 104.8925, -3.9437 ], [ 104.9275, -3.9462 ], [ 104.9137, -4.0052 ], [ 104.8329, -4.0615 ], [ 104.8341, -4.0995 ], [ 104.7941, -4.1254 ], [ 104.7877, -4.1707 ], [ 104.7477, -4.2231 ], [ 104.7558, -4.2496 ], [ 104.6626, -4.2614 ], [ 104.6231, -4.2424 ], [ 104.621, -4.2129 ], [ 104.5911, -4.2432 ], [ 104.4836, -4.2913 ], [ 104.4721, -4.3112 ], [ 104.4469, -4.2999 ], [ 104.3841, -4.3475 ], [ 104.3358, -4.4235 ], [ 104.3315, -4.458 ] ] ] } },
{ "type": "Feature", "properties": { "province": "SUMATERA SELATAN", "district": "PENUKAL ABAB LEMATANG ILIR", "id": "SUMATERA SELATAN/PENUKAL ABAB LEMATANG ILIR", "name": "PENUKAL ABAB LEMATANG ILIR" }, "geometry": { "type": "Polygon", "coordinates": [ [ [ 103.9782, -3.4079 ], [ 103.9328, -3.3963 ], [ 103.8863, -3.33 ], [ 103.8586, -3.3386 ], [ 103.8496, -3.3201 ], [ 103.8145, -3.3276 ], [ 103.8043, -3.3165 ], [ 103.7237, -3.3512 ], [ 103.6813, -3.3368 ], [ 103.6723, -3.375 ], [ 103.6175, -3.33 ], [ 103.6069, -3.2893 ], [ 103.6493, -3.2456 ], [ 103.6792, -3.2569 ], [ 103.7064, -3.2383 ], [ 103.7165, -3.2623 ], [ 103.7413, -3.2668 ], [ 103.7741, -3.2542 ], [ 103.7935, -3.1413 ], [ 103.8442, -3.0889 ], [ 103.8859, -3.0795 ], [ 103.9121, -3.0244 ], [ 103.9489, -3.0054 ], [ 104.0205, -3.0303 ], [ 104.0666, -3.0039 ], [ 104.1282, -3.0073 ], [ 104.1413, -3.0464 ], [ 104.1681, -3.0509 ], [ 104.1545, -3.1025 ], [ 104.2484, -3.0843 ], [ 104.2301, -3.2122 ], [ 104.2067, -3.2457 ], [ 104.238, -3.2661 ], [ 104.21, -3.3342 ], [ 104.2127, -3.3678 ], [ 104.1312, -3.3365 ], [ 104.1371, -3.3572 ], [ 104.1169, -3.3693 ], [ 104.0937, -3.3535 ], [ 104.0248, -3.3625 ], [ 104.0187, -3.4137 ], [ 103.9782, -3.4079 ] ] ] } },
{ "type": "Feature", "properties": { "province": "SUMATERA UTARA", "district": "ASAHAN", "id": "SUMATERA UTARA/ASAHAN", "name": "ASAHAN" }, "geometry": { "type": "Polygon", "coordinates": [ [ [ 99.7424, 2.6763 ], [ 99.7739, 2.6466 ], [ 99.697, 2.587 ], [ 99.6088, 2.5752 ], [ 99.5696, 2.585 ], [ 99.5558, 2.6062 ], [ 99.5, 2.5852 ], [ 99.4612, 2.5508 ], [ 99.4585, 2.6008 ], [ 99.4154, 2.5605 ], [ 99.4257, 2.5976 ], [ 99.3863, 2.5638 ], [ 99.3088, 2.5541 ], [ 99.3039, 2.5743 ], [ 99.2898, 2.5628 ], [ 99.3224, 2.6632 ], [ 99.2797, 2.6734 ], [ 99.2614, 2.6625 ], [ 99.248, 2.6804 ], [ 99.245, 2.6407 ], [ 99.2214, 2.6177 ], [ 99.2246, 2.5837 ], [ 99.1915, 2.5314 ], [ 99.1614, 2.568 ], [ 99.0949, 2.575 ], [ 99.0729, 2.6126 ], [ 99.0891, 2.6683 ], [ 99.1193, 2.6811 ], [ 99.1695, 2.7484 ], [ 99.2483, 2.8125 ], [ 99.2656, 2.8605 ], [ 99.3335, 2.8944 ], [ 99.3713, 2.8833 ], [ 99.3983, 2.9149 ], [ 99.4438, 2.9304 ], [ 99.5612, 3.0702 ], [ 99.5718, 3.0491 ], [ 99.5572, 3.0491 ], [ 99.5496, 3.0181 ], [ 99.5913, 3.0393 ], [ 99.6111, 3.1004 ], [ 99.589, 3.1107 ], [ 99.6076, 3.1269 ], [ 99.6483, 3.1055 ], [ 99.6936, 3.1054 ], [ 99.7523, 3.1708 ], [ 99.7951, 3.1056 ], [ 99.7872, 3.0935 ], [ 99.7989, 3.0994 ], [ 99.8691, 3.029 ], [ 99.8908, 3.0376 ], [ 99.9088, 2.987 ], [ 99.9773, 2.9404 ], [ 99.9896, 2.9583 ], [ 99.9953, 2.9386 ], [ 99.9868, 2.8554 ], [ 99.8222, 2.6885 ], [ 99.8052, 2.7104 ], [ 99.828, 2.7985 ], [ 99.8459, 2.8154 ], [ 99.827, 2.842 ], [ 99.8477, 2.865 ], [ 99.8491, 2.9011 ], [ 99.8122, 2.9014 ], [ 99.8023, 2.8681 ], [ 99.7717, 2.8669 ], [ 99.7481, 2.8081 ], [ 99.725, 2.7957 ], [ 99.7424, 2.6763 ] ] ] } },
{ "type": "Feature", "properties": { "province": "SUMATERA UTARA", "district": "BATU BARA", "id": "SUMATERA UTARA/BATU BARA", "name": "BATU BARA" }, "geometry": { "type": "Polygon", "coordinates": [ [ [ 99.7359, 3.1756 ], [ 99.7523, 3.1708 ], [ 99.7476, 3.1601 ], [ 99.6936, 3.1054 ], [ 99.6483, 3.1055 ], [ 99.6218, 3.1304 ], [ 99.5998, 3.1203 ], [ 99.589, 3.1107 ], [ 99.6111, 3.0991 ], [ 99.5957, 3.0454 ], [ 99.5538, 3.0162 ], [ 99.5494, 3.0361 ], [ 99.5718, 3.0491 ], [ 99.5724, 3.0698 ], [ 99.549, 3.0955 ], [ 99.5656, 3.1167 ], [ 99.5758, 3.0982 ], [ 99.573, 3.1354 ], [ 99.590730935251798, 3.165474676258993 ], [ 99.568, 3.1606 ], [ 99.5369, 3.0989 ], [ 99.5372, 3.1178 ], [ 99.5094, 3.1063 ], [ 99.4987, 3.1063 ], [ 99.5112, 3.113 ], [ 99.4911, 3.1082 ], [ 99.4821, 3.1119 ], [ 99.5017, 3.113 ], [ 99.5035, 3.1225 ], [ 99.3631, 3.1511 ], [ 99.407, 3.2516 ], [ 99.374, 3.247 ], [ 99.3581, 3.2135 ], [ 99.342, 3.238 ], [ 99.3442, 3.2877 ], [ 99.3086, 3.2998 ], [ 99.2945, 3.2728 ], [ 99.2693, 3.2768 ], [ 99.2634, 3.2563 ], [ 99.2407, 3.2524 ], [ 99.2304, 3.1997 ], [ 99.208, 3.2236 ], [ 99.2352, 3.2524 ], [ 99.3153, 3.444 ], [ 99.3657, 3.4009 ], [ 99.486, 3.3462 ], [ 99.4862, 3.3178 ], [ 99.5585, 3.2361 ], [ 99.6848, 3.2081 ], [ 99.7359, 3.1756 ] ] ] } },
{ "type": "Feature", "properties": { "province": "SUMATERA UTARA", "district": "DAIRI", "id": "SUMATERA UTARA/DAIRI", "name": "DAIRI" }, "geometry": { "type": "Polygon", "coordinates": [ [ [ 98.5151, 2.5633 ], [ 98.4905, 2.5469 ], [ 98.4669, 2.5528 ], [ 98.4199, 2.638 ], [ 98.3564, 2.6609 ], [ 98.3286, 2.6969 ], [ 98.2716, 2.7203 ], [ 98.2513, 2.7083 ], [ 98.2002, 2.7332 ], [ 98.1674, 2.7646 ], [ 98.1051, 2.7903 ], [ 98.099, 2.8228 ], [ 98.0557, 2.8187 ], [ 98.0064, 2.8723 ], [ 97.9487, 2.8953 ], [ 97.9646, 2.9732 ], [ 97.9351, 2.9895 ], [ 97.9469, 3.0057 ], [ 97.932, 3.0694 ], [ 97.9605, 3.0655 ], [ 97.9904, 3.092 ], [ 98.0374, 3.078 ], [ 98.028, 3.1217 ], [ 98.0504, 3.121 ], [ 98.0773, 3.0746 ], [ 98.1093, 3.0554 ], [ 98.1391, 3.0484 ], [ 98.1738, 3.0796 ], [ 98.198, 3.0456 ], [ 98.2064, 2.9723 ], [ 98.2488, 2.9312 ], [ 98.2955, 2.9659 ], [ 98.3443, 2.9662 ], [ 98.3685, 2.9325 ], [ 98.4294, 2.9174 ], [ 98.44, 2.8903 ], [ 98.4895, 2.8691 ], [ 98.5239, 2.8746 ], [ 98.5281, 2.7937 ], [ 98.5629, 2.77 ], [ 98.5789, 2.7354 ], [ 98.5541, 2.5837 ], [ 98.5151, 2.5633 ] ] ] } },
{ "type": "Feature", "properties": { "province": "SUMATERA UTARA", "district": "DELI SERDANG", "id": "SUMATERA UTARA/DELI SERDANG", "name": "DELI SERDANG" }, "geometry": { "type": "Polygon", "coordinates": [ [ [ 98.7138, 3.1207 ], [ 98.6945, 3.0518 ], [ 98.6734, 3.0713 ], [ 98.6247, 3.0635 ], [ 98.6055, 3.1077 ], [ 98.622, 3.1048 ], [ 98.6286, 3.1222 ], [ 98.6012, 3.1639 ], [ 98.6222, 3.2323 ], [ 98.559, 3.1993 ], [ 98.5373, 3.2382 ], [ 98.4652, 3.2309 ], [ 98.4707, 3.2778 ], [ 98.5095, 3.3085 ], [ 98.4956, 3.3908 ], [ 98.5246, 3.5222 ], [ 98.5008, 3.5695 ], [ 98.5367, 3.5726 ], [ 98.5328, 3.6208 ], [ 98.5106, 3.6336 ], [ 98.5183, 3.6674 ], [ 98.5015, 3.6725 ], [ 98.5067, 3.7374 ], [ 98.5317, 3.7865 ], [ 98.5831, 3.8343 ], [ 98.6008, 3.8343 ], [ 98.6004, 3.8674 ], [ 98.669, 3.9096 ], [ 98.6977, 3.8744 ], [ 98.7088, 3.7999 ], [ 98.6814, 3.7885 ], [ 98.6802, 3.7674 ], [ 98.6537, 3.7819 ], [ 98.6275, 3.7672 ], [ 98.6534, 3.7378 ], [ 98.6248, 3.6997 ], [ 98.6578, 3.675 ], [ 98.6665, 3.635 ], [ 98.6526, 3.6152 ], [ 98.5993, 3.6203 ], [ 98.6119, 3.5558 ], [ 98.5931, 3.5403 ], [ 98.5972, 3.4929 ], [ 98.6257, 3.5188 ], [ 98.6446, 3.4881 ], [ 98.6567, 3.5191 ], [ 98.7447, 3.528 ], [ 98.7289, 3.5409 ], [ 98.7389, 3.5702 ], [ 98.7913, 3.6041 ], [ 98.7066, 3.6024 ], [ 98.7099, 3.6266 ], [ 98.6933, 3.6283 ], [ 98.703, 3.6626 ], [ 98.6685, 3.6718 ], [ 98.7033, 3.667 ], [ 98.7047, 3.715 ], [ 98.731, 3.7204 ], [ 98.7045, 3.7409 ], [ 98.707, 3.7726 ], [ 98.7596, 3.7599 ], [ 98.7872, 3.7129 ], [ 98.949, 3.6647 ], [ 98.9188, 3.6 ], [ 98.9368, 3.519 ], [ 98.9143, 3.449 ], [ 98.9191, 3.367 ], [ 98.8445, 3.3372 ], [ 98.796, 3.2983 ], [ 98.7481, 3.2184 ], [ 98.7302, 3.2203 ], [ 98.7138, 3.1207 ] ] ] } },
{ "type": "Feature", "properties": { "province": "SUMATERA UTARA", "district": "HUMBANG HASUNDUTAN", "id": "SUMATERA UTARA/HUMBANG HASUNDUTAN", "name": "HUMBANG HASUNDUTAN" }, "geometry": { "type": "Polygon", "coordinates": [ [ [ 98.699, 2.0474 ], [ 98.6871, 2.0183 ], [ 98.6231, 2.0126 ], [ 98.6064, 2.0226 ], [ 98.592, 2.083 ], [ 98.5539, 2.074 ], [ 98.4497, 2.0927 ], [ 98.3038, 2.1613 ], [ 98.2686, 2.2033 ], [ 98.2416, 2.3573 ], [ 98.2954, 2.3406 ], [ 98.2887, 2.4213 ], [ 98.3382, 2.4251 ], [ 98.3557, 2.4621 ], [ 98.4036, 2.4661 ], [ 98.4311, 2.4871 ], [ 98.4737, 2.4646 ], [ 98.5106, 2.4871 ], [ 98.5818, 2.4866 ], [ 98.6109, 2.4534 ], [ 98.6161, 2.399 ], [ 98.6595, 2.4258 ], [ 98.7528, 2.4397 ], [ 98.834, 2.3606 ], [ 98.8163, 2.3462 ], [ 98.8265, 2.3218 ], [ 98.8543, 2.3381 ], [ 98.9539, 2.3213 ], [ 98.9724, 2.2725 ], [ 98.9407, 2.2624 ], [ 98.9216, 2.2293 ], [ 98.8111, 2.1881 ], [ 98.8165, 2.1611 ], [ 98.725, 2.1262 ], [ 98.699, 2.0474 ] ] ] } },
{ "type": "Feature", "properties": { "province": "SUMATERA UTARA", "district": "KARO", "id": "SUMATERA UTARA/KARO", "name": "KARO" }, "geometry": { "type": "Polygon", "coordinates": [ [ [ 98.5348, 2.9282 ], [ 98.5327, 2.9043 ], [ 98.5548, 2.8758 ], [ 98.5284, 2.8977 ], [ 98.5215, 2.8748 ], [ 98.4974, 2.8682 ], [ 98.4369, 2.8923 ], [ 98.4294, 2.9174 ], [ 98.3685, 2.9325 ], [ 98.3443, 2.9662 ], [ 98.2955, 2.9659 ], [ 98.2488, 2.9312 ], [ 98.2064, 2.9723 ], [ 98.198, 3.0456 ], [ 98.1738, 3.0796 ], [ 98.1391, 3.0484 ], [ 98.1093, 3.0554 ], [ 98.0359, 3.1239 ], [ 98.0384, 3.0786 ], [ 97.9831, 3.0865 ], [ 97.9693, 3.1428 ], [ 97.9385, 3.1635 ], [ 97.9413, 3.2055 ], [ 97.8706, 3.2511 ], [ 97.9366, 3.2654 ], [ 97.9653, 3.2873 ], [ 97.993, 3.2817 ], [ 98.0208, 3.3026 ], [ 98.0288, 3.3311 ], [ 98.0991, 3.314 ], [ 98.1208, 3.2663 ], [ 98.2179, 3.2839 ], [ 98.2327, 3.2637 ], [ 98.2875, 3.2548 ], [ 98.298, 3.2289 ], [ 98.3354, 3.2194 ], [ 98.3663, 3.2453 ], [ 98.3522, 3.2876 ], [ 98.3993, 3.2496 ], [ 98.4319, 3.236 ], [ 98.4478, 3.2483 ], [ 98.4756, 3.2225 ], [ 98.4998, 3.2416 ], [ 98.538, 3.2379 ], [ 98.5579, 3.1994 ], [ 98.6222, 3.2323 ], [ 98.6012, 3.1639 ], [ 98.6288, 3.1158 ], [ 98.6064, 3.1096 ], [ 98.5565, 3.0272 ], [ 98.5348, 2.9282 ] ] ] } },
{ "type": "Feature", "properties": { "province": "SUMATERA UTARA", "district": "KOTA BINJAI", "id": "SUMATERA UTARA/KOTA BINJAI", "name": "KOTA BINJAI" }, "geometry": { "type": "Polygon", "coordinates": [ [ [ 98.5354, 3.6041 ], [ 98.5334, 3.5678 ], [ 98.4757, 3.5564 ], [ 98.4773, 3.528 ], [ 98.4457, 3.5379 ], [ 98.4609, 3.5943 ], [ 98.4407, 3.6086 ], [ 98.4738, 3.6167 ], [ 98.4744, 3.6356 ], [ 98.4467, 3.6559 ], [ 98.4725, 3.6478 ], [ 98.5109, 3.6728 ], [ 98.5106, 3.6336 ], [ 98.5354, 3.6041 ] ] ] } },
{ "type": "Feature", "properties": { "province": "SUMATERA UTARA", "district": "KOTA GUNUNGSITOLI", "id": "SUMATERA UTARA/KOTA GUNUNGSITOLI", "name": "KOTA GUNUNGSITOLI" }, "geometry": { "type": "MultiPolygon", "coordinates": [ [ [ [ 97.6323, 1.0955 ], [ 97.649, 1.094 ], [ 97.6553, 1.0828 ], [ 97.6324, 1.0816 ], [ 97.6323, 1.0955 ] ] ], [ [ [ 97.6468, 1.1124 ], [ 97.6851, 1.1173 ], [ 97.646, 1.1001 ], [ 97.6302, 1.1166 ], [ 97.5912, 1.112 ], [ 97.6263, 1.1739 ], [ 97.621, 1.195 ], [ 97.5812, 1.1944 ], [ 97.5783, 1.2151 ], [ 97.5603, 1.2212 ], [ 97.5799, 1.2688 ], [ 97.5413, 1.2849 ], [ 97.5102, 1.2745 ], [ 97.4707, 1.3467 ], [ 97.5213, 1.4234 ], [ 97.54, 1.4199 ], [ 97.5415, 1.3881 ], [ 97.6788, 1.214 ], [ 97.6902, 1.1785 ], [ 97.6468, 1.1124 ] ] ] ] } },
{ "type": "Feature", "properties": { "province": "SUMATERA UTARA", "district": "KOTA MEDAN", "id": "SUMATERA UTARA/KOTA MEDAN", "name": "KOTA MEDAN" }, "geometry": { "type": "Polygon", "coordinates": [ [ [ 98.6595, 3.508 ], [ 98.6446, 3.4881 ], [ 98.6257, 3.5188 ], [ 98.6172, 3.4983 ], [ 98.5925, 3.4975 ], [ 98.5931, 3.5403 ], [ 98.6119, 3.5558 ], [ 98.5993, 3.6203 ], [ 98.6526, 3.6152 ], [ 98.6665, 3.635 ], [ 98.6578, 3.675 ], [ 98.6248, 3.6997 ], [ 98.6534, 3.7381 ], [ 98.6253, 3.7596 ], [ 98.6512, 3.7817 ], [ 98.6802, 3.7674 ], [ 98.6814, 3.7885 ], [ 98.7041, 3.7827 ], [ 98.7179, 3.7975 ], [ 98.7019, 3.7512 ], [ 98.731, 3.7204 ], [ 98.7047, 3.715 ], [ 98.7033, 3.667 ], [ 98.6966, 3.6779 ], [ 98.6686, 3.6736 ], [ 98.703, 3.6626 ], [ 98.7017, 3.6451 ], [ 98.6676, 3.643 ], [ 98.7097, 3.6269 ], [ 98.7066, 3.6024 ], [ 98.7415, 3.599 ], [ 98.7201, 3.5516 ], [ 98.7453, 3.5296 ], [ 98.6983, 3.5315 ], [ 98.6982, 3.5184 ], [ 98.6567, 3.5191 ], [ 98.6595, 3.508 ] ] ] } },
{ "type": "Feature", "properties": { "province": "SUMATERA UTARA", "district": "KOTA PADANG SIDIMPUAN", "id": "SUMATERA UTARA/KOTA PADANG SIDIMPUAN", "name": "KOTA PADANG SIDIMPUAN" }, "geometry": { "type": "Polygon", "coordinates": [ [ [ 99.3255, 1.3089 ], [ 99.3099, 1.3043 ], [ 99.2781, 1.3581 ], [ 99.2457, 1.3641 ], [ 99.2218, 1.4094 ], [ 99.2367, 1.468 ], [ 99.2987, 1.4667 ], [ 99.3258, 1.4041 ], [ 99.3058, 1.4064 ], [ 99.3082, 1.3878 ], [ 99.3499, 1.3158 ], [ 99.3255, 1.3089 ] ] ] } },
{ "type": "Feature", "properties": { "province": "SUMATERA UTARA", "district": "KOTA PEMATANGSIANTAR", "id": "SUMATERA UTARA/KOTA PEMATANGSIANTAR", "name": "KOTA PEMATANGSIANTAR" }, "geometry": { "type": "Polygon", "coordinates": [ [ [ 99.0351, 2.9046 ], [ 99.0175, 2.8905 ], [ 99.0413, 2.925 ], [ 99.019, 2.9494 ], [ 99.0253, 2.9894 ], [ 99.0384, 3.0076 ], [ 99.1105, 3.0158 ], [ 99.0815, 2.9786 ], [ 99.0814, 2.9566 ], [ 99.0983, 2.9629 ], [ 99.1058, 2.9412 ], [ 99.0351, 2.9046 ] ] ] } },
{ "type": "Feature", "properties": { "province": "SUMATERA UTARA", "district": "KOTA SIBOLGA", "id": "SUMATERA UTARA/KOTA SIBOLGA", "name": "KOTA SIBOLGA" }, "geometry": { "type": "MultiPolygon", "coordinates": [ [ [ [ 98.7683, 1.7156 ], [ 98.7693, 1.7062 ], [ 98.7621, 1.7053 ], [ 98.7595, 1.7135 ], [ 98.7683, 1.7156 ] ] ], [ [ [ 98.8036, 1.726 ], [ 98.782, 1.7298 ], [ 98.7687, 1.7564 ], [ 98.7948, 1.7564 ], [ 98.8036, 1.726 ] ] ] ] } },
{ "type": "Feature", "properties": { "province": "SUMATERA UTARA", "district": "KOTA TANJUNG BALAI", "id": "SUMATERA UTARA/KOTA TANJUNG BALAI", "name": "KOTA TANJUNG BALAI" }, "geometry": { "type": "Polygon", "coordinates": [ [ [ 99.7885, 2.9234 ], [ 99.753, 2.9421 ], [ 99.7625, 2.969 ], [ 99.7817, 2.97 ], [ 99.766, 3.009 ], [ 99.8193, 3.0248 ], [ 99.8086, 2.9704 ], [ 99.8346, 2.9558 ], [ 99.8375, 2.937 ], [ 99.7885, 2.9234 ] ] ] } },
{ "type": "Feature", "properties": { "province": "SUMATERA UTARA", "district": "KOTA TEBING TINGGI", "id": "SUMATERA UTARA/KOTA TEBING TINGGI", "name": "KOTA TEBING TINGGI" }, "geometry": { "type": "Polygon", "coordinates": [ [ [ 99.137, 3.3051 ], [ 99.1363, 3.2776 ], [ 99.119, 3.3016 ], [ 99.1324, 3.3083 ], [ 99.1288, 3.3288 ], [ 99.1144, 3.3371 ], [ 99.1289, 3.3499 ], [ 99.1544, 3.3416 ], [ 99.1689, 3.3785 ], [ 99.1677, 3.3504 ], [ 99.1938, 3.3515 ], [ 99.1824, 3.3321 ], [ 99.1926, 3.3107 ], [ 99.137, 3.3051 ] ] ] } },
{ "type": "Feature", "properties": { "province": "SUMATERA UTARA", "district": "LABUHANBATU", "id": "SUMATERA UTARA/LABUHANBATU", "name": "LABUHANBATU" }, "geometry": { "type": "Polygon", "coordinates": [ [ [ 99.8563, 1.9037 ], [ 99.86, 1.8159 ], [ 99.8394, 1.7994 ], [ 99.8086, 1.9036 ], [ 99.8347, 1.9148 ], [ 99.8419, 1.978 ], [ 99.8284, 1.9936 ], [ 99.8465, 2.0167 ], [ 99.7908, 2.0245 ], [ 99.7468, 2.0037 ], [ 99.7047, 1.9299 ], [ 99.6775, 1.9373 ], [ 99.6902, 2.0017 ], [ 99.6835, 2.0365 ], [ 99.6619, 2.038 ], [ 99.6715, 2.069 ], [ 99.7178, 2.0861 ], [ 99.7529, 2.1353 ], [ 99.7725, 2.132 ], [ 99.7739, 2.1818 ], [ 99.8987, 2.1813 ], [ 99.9636, 2.2029 ], [ 99.9333, 2.262 ], [ 100.0746, 2.5447 ], [ 100.0492, 2.7358 ], [ 100.1001, 2.6745 ], [ 100.1045, 2.5457 ], [ 100.1366, 2.5433 ], [ 100.1212, 2.62 ], [ 100.1334, 2.681 ], [ 100.1709, 2.7095 ], [ 100.2182, 2.7063 ], [ 100.2357, 2.6417 ], [ 100.3229, 2.5454 ], [ 100.2955, 2.4282 ], [ 100.3008, 2.3401 ], [ 100.3651, 2.2102 ], [ 100.2131, 2.2096 ], [ 100.2104, 2.1932 ], [ 100.1352, 2.191 ], [ 100.0951, 2.1082 ], [ 100.0445, 2.0855 ], [ 100.0449, 2.0304 ], [ 100.0147, 1.9997 ], [ 100.0587, 1.9853 ], [ 100.033, 1.9365 ], [ 100.0021, 1.9355 ], [ 99.9993, 1.9825 ], [ 99.979, 1.9614 ], [ 99.9402, 1.9712 ], [ 99.9036, 1.9579 ], [ 99.8563, 1.9037 ] ] ] } },
{ "type": "Feature", "properties": { "province": "SUMATERA UTARA", "district": "LABUHANBATU SELATAN", "id": "SUMATERA UTARA/LABUHANBATU SELATAN", "name": "LABUHANBATU SELATAN" }, "geometry": { "type": "Polygon", "coordinates": [ [ [ 100.3852, 1.4598 ], [ 100.3237, 1.4595 ], [ 100.3107, 1.5112 ], [ 100.1726, 1.5956 ], [ 100.1643, 1.6226 ], [ 100.0722, 1.7238 ], [ 100.049, 1.7205 ], [ 100.0034, 1.6404 ], [ 99.9533, 1.6246 ], [ 99.9132, 1.7154 ], [ 99.8992, 1.7163 ], [ 99.8463, 1.637 ], [ 99.7022, 1.7628 ], [ 99.6953, 1.8062 ], [ 99.7271, 1.8281 ], [ 99.8301, 1.7975 ], [ 99.8557, 1.8061 ], [ 99.8564, 1.9058 ], [ 99.9036, 1.9579 ], [ 99.9402, 1.9712 ], [ 99.979, 1.9614 ], [ 100.0007, 1.9826 ], [ 100.0021, 1.9355 ], [ 100.033, 1.9365 ], [ 100.0587, 1.9853 ], [ 100.0147, 1.9997 ], [ 100.0449, 2.0304 ], [ 100.0445, 2.0855 ], [ 100.0951, 2.1082 ], [ 100.1352, 2.191 ], [ 100.2104, 2.1932 ], [ 100.2131, 2.2096 ], [ 100.3651, 2.2102 ], [ 100.3636, 2.1689 ], [ 100.3155, 2.0524 ], [ 100.3112, 1.8928 ], [ 100.2815, 1.8651 ], [ 100.2777, 1.8135 ], [ 100.2962, 1.7912 ], [ 100.3537, 1.7822 ], [ 100.3523, 1.7378 ], [ 100.3203, 1.6805 ], [ 100.407, 1.6728 ], [ 100.412, 1.6612 ], [ 100.404, 1.5859 ], [ 100.4258, 1.502 ], [ 100.4131, 1.465 ], [ 100.3852, 1.4598 ] ] ] } },
{ "type": "Feature", "properties": { "province": "SUMATERA UTARA", "district": "LABUHANBATU UTARA", "id": "SUMATERA UTARA/LABUHANBATU UTARA", "name": "LABUHANBATU UTARA" }, "geometry": { "type": "Polygon", "coordinates": [ [ [ 99.693, 2.0791 ], [ 99.6715, 2.069 ], [ 99.6558, 2.0294 ], [ 99.6169, 2.0411 ], [ 99.6271, 2.0004 ], [ 99.6089, 1.9967 ], [ 99.556, 2.0418 ], [ 99.5506, 2.0788 ], [ 99.5226, 2.0913 ], [ 99.512, 2.1231 ], [ 99.4357, 2.1238 ], [ 99.3983, 2.1563 ], [ 99.4171, 2.2134 ], [ 99.482, 2.2427 ], [ 99.537, 2.2481 ], [ 99.549, 2.3071 ], [ 99.5853, 2.3146 ], [ 99.5828, 2.3281 ], [ 99.5198, 2.3513 ], [ 99.524, 2.4602 ], [ 99.5098, 2.4141 ], [ 99.5196, 2.3994 ], [ 99.5031, 2.3953 ], [ 99.4192, 2.4605 ], [ 99.45, 2.5 ], [ 99.453, 2.5412 ], [ 99.4972, 2.5833 ], [ 99.5558, 2.6062 ], [ 99.5696, 2.585 ], [ 99.6088, 2.5752 ], [ 99.697, 2.587 ], [ 99.8672, 2.73 ], [ 99.9847, 2.8527 ], [ 99.9909, 2.7546 ], [ 99.9512, 2.6974 ], [ 99.9688, 2.674 ], [ 99.989, 2.675 ], [ 100.0061, 2.7223 ], [ 100.0492, 2.7357 ], [ 100.0745, 2.5447 ], [ 99.9333, 2.262 ], [ 99.9636, 2.2029 ], [ 99.8987, 2.1813 ], [ 99.7739, 2.1818 ], [ 99.7663, 2.1378 ], [ 99.7303, 2.1155 ], [ 99.7178, 2.0861 ], [ 99.693, 2.0791 ] ] ] } },
{ "type": "Feature", "properties": { "province": "SUMATERA UTARA", "district": "LANGKAT", "id": "SUMATERA UTARA/LANGKAT", "name": "LANGKAT" }, "geometry": { "type": "MultiPolygon", "coordinates": [ [ [ [ 98.3335, 3.2259 ], [ 98.298, 3.2289 ], [ 98.2875, 3.2548 ], [ 98.2624, 3.2493 ], [ 98.2589, 3.25 ], [ 98.2551, 3.2522 ], [ 98.2522, 3.2542 ], [ 98.2243, 3.3338 ], [ 98.0789, 3.393 ], [ 98.0523, 3.4552 ], [ 98.1486, 3.4994 ], [ 98.1025, 3.5278 ], [ 98.0999, 3.6148 ], [ 98.0743, 3.5912 ], [ 98.0088, 3.6118 ], [ 97.9205, 3.587 ], [ 97.8644, 3.592 ], [ 97.8719, 3.6121 ], [ 97.8003, 3.7227 ], [ 97.9093, 3.8188 ], [ 97.9222, 3.8452 ], [ 97.9094, 3.8786 ], [ 97.952, 3.8897 ], [ 97.9576, 3.9289 ], [ 98.0235, 3.9676 ], [ 98.0267, 4.018 ], [ 98.0463, 4.0243 ], [ 98.0338, 4.0572 ], [ 98.0471, 4.1199 ], [ 98.0719, 4.1427 ], [ 98.0605, 4.1871 ], [ 98.0928, 4.2071 ], [ 98.0685, 4.2477 ], [ 98.1434, 4.2598 ], [ 98.1541, 4.2873 ], [ 98.1913, 4.3015 ], [ 98.2511, 4.2904 ], [ 98.2545, 4.2027 ], [ 98.2452, 4.1863 ], [ 98.1559, 4.155 ], [ 98.1781, 4.1454 ], [ 98.157, 4.0822 ], [ 98.1684, 4.0739 ], [ 98.1847, 4.1101 ], [ 98.1964, 4.1089 ], [ 98.1804, 4.0993 ], [ 98.2097, 4.1044 ], [ 98.2115, 4.1248 ], [ 98.2492, 4.1304 ], [ 98.2984, 4.1063 ], [ 98.3112, 4.0616 ], [ 98.3903, 4.0777 ], [ 98.4344, 4.0411 ], [ 98.4906, 4.0303 ], [ 98.4891, 4.0117 ], [ 98.5362, 4.0128 ], [ 98.5573, 3.9385 ], [ 98.6074, 3.9135 ], [ 98.661, 3.9089 ], [ 98.6004, 3.8674 ], [ 98.6008, 3.8343 ], [ 98.5831, 3.8343 ], [ 98.5317, 3.7865 ], [ 98.5067, 3.7374 ], [ 98.501, 3.6683 ], [ 98.4724, 3.6478 ], [ 98.4594, 3.6547 ], [ 98.4467, 3.6559 ], [ 98.4744, 3.6356 ], [ 98.4738, 3.6169 ], [ 98.4407, 3.6086 ], [ 98.4609, 3.5943 ], [ 98.4457, 3.5379 ], [ 98.4779, 3.5283 ], [ 98.4757, 3.5564 ], [ 98.5008, 3.5695 ], [ 98.5246, 3.5222 ], [ 98.4956, 3.3908 ], [ 98.5095, 3.3085 ], [ 98.4707, 3.2778 ], [ 98.4656, 3.2304 ], [ 98.4478, 3.2483 ], [ 98.4319, 3.236 ], [ 98.4028, 3.2478 ], [ 98.3522, 3.2876 ], [ 98.3663, 3.2453 ], [ 98.3485, 3.2221 ], [ 98.3335, 3.2259 ] ] ], [ [ [ 98.2025, 4.1308 ], [ 98.2042, 4.1194 ], [ 98.1839, 4.1145 ], [ 98.1928, 4.1285 ], [ 98.2025, 4.1308 ] ] ], [ [ [ 98.2619, 4.1761 ], [ 98.2722, 4.1424 ], [ 98.2526, 4.1333 ], [ 98.2326, 4.147 ], [ 98.2431, 4.1755 ], [ 98.2619, 4.1761 ] ] ] ] } },
{ "type": "Feature", "properties": { "province": "SUMATERA UTARA", "district": "MANDAILING NATAL", "id": "SUMATERA UTARA/MANDAILING NATAL", "name": "MANDAILING NATAL" }, "geometry": { "type": "MultiPolygon", "coordinates": [ [ [ [ 99.1735, 0.3439 ], [ 99.1717, 0.2737 ], [ 99.1547, 0.2473 ], [ 99.1403, 0.2505 ], [ 99.1605, 0.2909 ], [ 99.1475, 0.3315 ], [ 99.1089, 0.3459 ], [ 99.1341, 0.3783 ], [ 99.1398, 0.4204 ], [ 99.1168, 0.509 ], [ 99.0919, 0.5087 ], [ 99.0887, 0.5319 ], [ 99.1019, 0.5292 ], [ 99.115, 0.5488 ], [ 99.1047, 0.5851 ], [ 99.0749, 0.6302 ], [ 99.0489, 0.624 ], [ 99.0467, 0.644 ], [ 99.0586, 0.6391 ], [ 99.066, 0.6595 ], [ 99.0485, 0.6715 ], [ 99.0621, 0.6902 ], [ 99.0583, 0.7433 ], [ 99.0137, 0.8187 ], [ 99.0229, 0.8233 ], [ 98.9963, 0.8201 ], [ 98.9707, 0.8453 ], [ 98.9857, 0.8541 ], [ 98.9743, 0.9215 ], [ 98.8441, 1.2779 ], [ 98.8452, 1.2989 ], [ 98.8678, 1.2792 ], [ 98.8819, 1.2987 ], [ 98.9081, 1.2939 ], [ 98.9368, 1.3291 ], [ 99.0295, 1.2721 ], [ 99.0496, 1.2045 ], [ 99.1386, 1.1592 ], [ 99.118, 1.1011 ], [ 99.1326, 1.1106 ], [ 99.1986, 1.0904 ], [ 99.2218, 1.0439 ], [ 99.2615, 1.053 ], [ 99.2718, 1.097 ], [ 99.3363, 1.0244 ], [ 99.3764, 1.0227 ], [ 99.4394, 0.9758 ], [ 99.4444, 1.0524 ], [ 99.4243, 1.0716 ], [ 99.428, 1.0923 ], [ 99.4435, 1.1119 ], [ 99.5136, 1.1297 ], [ 99.5966, 1.0081 ], [ 99.5863, 0.9708 ], [ 99.6012, 0.9511 ], [ 99.6435, 0.919 ], [ 99.6897, 0.9331 ], [ 99.7446, 0.8651 ], [ 99.8, 0.8573 ], [ 99.844, 0.8156 ], [ 99.8309, 0.6962 ], [ 99.9111, 0.6799 ], [ 99.9252, 0.6329 ], [ 99.9092, 0.6256 ], [ 99.9649, 0.5544 ], [ 99.9502, 0.5242 ], [ 99.9611, 0.5136 ], [ 99.9042, 0.4704 ], [ 99.8346, 0.4584 ], [ 99.7768, 0.4818 ], [ 99.7405, 0.4768 ], [ 99.7221, 0.4524 ], [ 99.6763, 0.476 ], [ 99.6419, 0.5458 ], [ 99.573, 0.5095 ], [ 99.5305, 0.5218 ], [ 99.5134, 0.5377 ], [ 99.5192, 0.552 ], [ 99.4057, 0.4892 ], [ 99.3156, 0.3335 ], [ 99.3072, 0.3379 ], [ 99.3065, 0.3739 ], [ 99.3053, 0.3795 ], [ 99.2993, 0.3818 ], [ 99.2101, 0.3843 ], [ 99.194, 0.367 ], [ 99.1902, 0.3467 ], [ 99.1735, 0.3439 ] ] ], [ [ [ 99.3047, 0.3779 ], [ 99.304, 0.3514 ], [ 99.2586, 0.3642 ], [ 99.2594, 0.3793 ], [ 99.3047, 0.3779 ] ] ], [ [ [ 99.2336, 0.3588 ], [ 99.2474, 0.3571 ], [ 99.2511, 0.3401 ], [ 99.2265, 0.3378 ], [ 99.2217, 0.3604 ], [ 99.2214, 0.3729 ], [ 99.2471, 0.3793 ], [ 99.2336, 0.3588 ] ] ], [ [ [ 99.2086, 0.3557 ], [ 99.2187, 0.3576 ], [ 99.2192, 0.3405 ], [ 99.1986, 0.3405 ], [ 99.2011, 0.3724 ], [ 99.2086, 0.3557 ] ] ], [ [ [ 99.1062, 0.3654 ], [ 99.1035, 0.3621 ], [ 99.089, 0.3622 ], [ 99.1037, 0.3738 ], [ 99.1062, 0.3654 ] ] ] ] } },
{ "type": "Feature", "properties": { "province": "SUMATERA UTARA", "district": "NIAS", "id": "SUMATERA UTARA/NIAS", "name": "NIAS" }, "geometry": { "type": "Polygon", "coordinates": [ [ [ 97.9037, 0.8959 ], [ 97.9008, 0.8843 ], [ 97.8572, 0.8846 ], [ 97.8489, 0.9316 ], [ 97.8097, 0.9198 ], [ 97.7513, 0.9502 ], [ 97.6945, 0.9328 ], [ 97.685, 1.0069 ], [ 97.6489, 1.0008 ], [ 97.6128, 1.0302 ], [ 97.6508, 1.0613 ], [ 97.6124, 1.0547 ], [ 97.6105, 1.0796 ], [ 97.5704, 1.0953 ], [ 97.572, 1.1306 ], [ 97.489, 1.1533 ], [ 97.4937, 1.2606 ], [ 97.5412, 1.2849 ], [ 97.5823, 1.2652 ], [ 97.5653, 1.2582 ], [ 97.5603, 1.2212 ], [ 97.5783, 1.2151 ], [ 97.5813, 1.1943 ], [ 97.6156, 1.1999 ], [ 97.6263, 1.1739 ], [ 97.606, 1.1301 ], [ 97.5862, 1.1204 ], [ 97.5932, 1.1101 ], [ 97.6302, 1.1166 ], [ 97.646, 1.1001 ], [ 97.6774, 1.1116 ], [ 97.6807, 1.1218 ], [ 97.6436, 1.1202 ], [ 97.6902, 1.1785 ], [ 97.8043, 1.1473 ], [ 97.8645, 1.0551 ], [ 97.9001, 1.0507 ], [ 97.9317, 0.9895 ], [ 97.9143, 0.9963 ], [ 97.9439, 0.9712 ], [ 97.9463, 0.9536 ], [ 97.9037, 0.8959 ] ] ] } },
{ "type": "Feature", "properties": { "province": "SUMATERA UTARA", "district": "NIAS BARAT", "id": "SUMATERA UTARA/NIAS BARAT", "name": "NIAS BARAT" }, "geometry": { "type": "MultiPolygon", "coordinates": [ [ [ [ 97.359, 0.8248 ], [ 97.3555, 0.8109 ], [ 97.3324, 0.8323 ], [ 97.3462, 0.8431 ], [ 97.359, 0.8248 ] ] ], [ [ [ 97.3769, 0.8585 ], [ 97.3813, 0.8471 ], [ 97.3637, 0.8521 ], [ 97.3713, 0.8629 ], [ 97.3769, 0.8585 ] ] ], [ [ [ 97.3171, 0.8465 ], [ 97.3251, 0.8571 ], [ 97.3334, 0.85 ], [ 97.3284, 0.845 ], [ 97.3171, 0.8465 ] ] ], [ [ [ 97.3381, 0.8583 ], [ 97.338, 0.872 ], [ 97.3554, 0.8687 ], [ 97.3488, 0.8672 ], [ 97.3381, 0.8583 ] ] ], [ [ [ 97.3559, 0.8695 ], [ 97.3529, 0.8707 ], [ 97.3493, 0.8743 ], [ 97.3553, 0.8747 ], [ 97.3559, 0.8695 ] ] ], [ [ [ 97.2737, 0.9153 ], [ 97.2845, 0.9007 ], [ 97.2839, 0.8963 ], [ 97.2659, 0.9079 ], [ 97.2737, 0.9153 ] ] ], [ [ [ 97.561, 0.9319 ], [ 97.5443, 0.8866 ], [ 97.4839, 0.9391 ], [ 97.4187, 0.9499 ], [ 97.4061, 0.9399 ], [ 97.4063, 0.982 ], [ 97.3695, 1.0788 ], [ 97.4497, 1.0965 ], [ 97.4463, 1.1192 ], [ 97.4775, 1.0874 ], [ 97.4889, 1.0928 ], [ 97.4689, 1.1251 ], [ 97.489, 1.1533 ], [ 97.572, 1.1306 ], [ 97.5704, 1.0953 ], [ 97.6105, 1.0796 ], [ 97.6124, 1.0547 ], [ 97.6508, 1.0613 ], [ 97.6128, 1.0302 ], [ 97.5901, 1.0348 ], [ 97.5963, 1.0206 ], [ 97.5807, 1.0066 ], [ 97.5366, 1.0085 ], [ 97.5407, 0.9383 ], [ 97.561, 0.9319 ] ] ] ] } },
{ "type": "Feature", "properties": { "province": "SUMATERA UTARA", "district": "NIAS SELATAN", "id": "SUMATERA UTARA/NIAS SELATAN", "name": "NIAS SELATAN" }, "geometry": { "type": "MultiPolygon", "coordinates": [ [ [ [ 98.5018, -0.5947 ], [ 98.5209, -0.6202 ], [ 98.5178, -0.6388 ], [ 98.4895, -0.6192 ], [ 98.5018, -0.5947 ] ] ], [ [ [ 98.5067, -0.5451 ], [ 98.48, -0.5468 ], [ 98.4702, -0.5315 ], [ 98.4255, -0.5429 ], [ 98.4176, -0.598 ], [ 98.3949, -0.5635 ], [ 98.2876, -0.5215 ], [ 98.3225, -0.5074 ], [ 98.3266, -0.522 ], [ 98.3452, -0.5189 ], [ 98.3549, -0.4706 ], [ 98.3748, -0.4615 ], [ 98.3839, -0.3426 ], [ 98.4408, -0.3008 ], [ 98.4168, -0.2407 ], [ 98.4474, -0.2475 ], [ 98.5224, -0.3599 ], [ 98.5156, -0.3962 ], [ 98.5058, -0.3966 ], [ 98.5043, -0.3883 ], [ 98.4987, -0.3873 ], [ 98.5144, -0.4142 ], [ 98.5057, -0.4939 ], [ 98.4812, -0.5156 ], [ 98.5067, -0.5451 ] ] ], [ [ [ 98.5469, -0.342 ], [ 98.5539, -0.392 ], [ 98.4963, -0.2784 ], [ 98.3681, -0.1078 ], [ 98.3811, -0.1047 ], [ 98.3623, -0.0587 ], [ 98.3422, -0.0329 ], [ 98.2952, -0.0181 ], [ 98.3526, 0.006 ], [ 98.3901, 0.0057 ], [ 98.3959, -0.0143 ], [ 98.4153, 0.0021 ], [ 98.4187, -0.0373 ], [ 98.4838, -0.1231 ], [ 98.4751, -0.1475 ], [ 98.4933, -0.2096 ], [ 98.5732, -0.2798 ], [ 98.5697, -0.3271 ], [ 98.5469, -0.342 ] ] ], [ [ [ 98.1947, -0.137 ], [ 98.1817, -0.121 ], [ 98.199, -0.1069 ], [ 98.2078, -0.1223 ], [ 98.1947, -0.137 ] ] ], [ [ [ 98.3233, -0.0987 ], [ 98.3355, -0.1026 ], [ 98.3473, -0.1427 ], [ 98.3203, -0.1253 ], [ 98.3233, -0.0987 ] ] ], [ [ [ 98.3115, -0.0955 ], [ 98.3162, -0.0971 ], [ 98.3203, -0.1153 ], [ 98.3042, -0.1119 ], [ 98.3115, -0.0955 ] ] ], [ [ [ 98.2284, -0.1093 ], [ 98.222, -0.1093 ], [ 98.2213, -0.101 ], [ 98.2287, -0.104 ], [ 98.2284, -0.1093 ] ] ], [ [ [ 98.2871, -0.0982 ], [ 98.2893, -0.1014 ], [ 98.2854, -0.1098 ], [ 98.2803, -0.1018 ], [ 98.2871, -0.0982 ] ] ], [ [ [ 98.2638, -0.1005 ], [ 98.2587, -0.0967 ], [ 98.2634, -0.0916 ], [ 98.2651, -0.0937 ], [ 98.2638, -0.1005 ] ] ], [ [ [ 97.8921, -0.0766 ], [ 97.8885, -0.1062 ], [ 97.8366, -0.0655 ], [ 97.8892, -0.0611 ], [ 97.8921, -0.0766 ] ] ], [ [ [ 98.2899, -0.0833 ], [ 98.283, -0.0939 ], [ 98.2647, -0.0633 ], [ 98.2699, -0.0332 ], [ 98.2899, -0.0833 ] ] ], [ [ [ 98.3126, -0.0464 ], [ 98.3311, -0.0732 ], [ 98.3436, -0.067 ], [ 98.3573, -0.0894 ], [ 98.3481, -0.0973 ], [ 98.2955, -0.0709 ], [ 98.297, -0.0588 ], [ 98.3137, -0.0678 ], [ 98.3215, -0.0632 ], [ 98.3126, -0.0464 ] ] ], [ [ [ 98.5371, -0.0582 ], [ 98.5464, -0.0624 ], [ 98.5459, -0.0713 ], [ 98.5266, -0.047 ], [ 98.5371, -0.0582 ] ] ], [ [ [ 98.5064, -0.0509 ], [ 98.4997, -0.0707 ], [ 98.492, -0.0282 ], [ 98.4997, -0.0333 ], [ 98.5064, -0.0509 ] ] ], [ [ [ 98.2576, -0.0414 ], [ 98.2547, -0.0412 ], [ 98.2572, -0.0354 ], [ 98.2604, -0.0375 ], [ 98.2576, -0.0414 ] ] ], [ [ [ 98.3008, 0.0481 ], [ 98.2984, 0.0476 ], [ 98.2928, 0.051 ], [ 98.2999, 0.0532 ], [ 98.3008, 0.0481 ] ] ], [ [ [ 98.24, 0.0585 ], [ 98.2336, 0.0512 ], [ 98.2266, 0.0619 ], [ 98.2336, 0.0624 ], [ 98.24, 0.0585 ] ] ], [ [ [ 98.228, -0.0016 ], [ 98.2216, -0.0091 ], [ 98.2172, -0.0076 ], [ 98.2322, 0.0088 ], [ 98.228, -0.0016 ] ] ], [ [ [ 98.2644, 0.0089 ], [ 98.2491, -0.0008 ], [ 98.2459, -0.0007 ], [ 98.2542, 0.0124 ], [ 98.2644, 0.0089 ] ] ], [ [ [ 98.6893, 0.076 ], [ 98.5553, 0.0908 ], [ 98.5358, 0.1026 ], [ 98.5254, 0.1411 ], [ 98.566, 0.1734 ], [ 98.6104, 0.1813 ], [ 98.6806, 0.1685 ], [ 98.7088, 0.1783 ], [ 98.7227, 0.1572 ], [ 98.754, 0.156 ], [ 98.7757, 0.1746 ], [ 98.8004, 0.1703 ], [ 98.8545, 0.1156 ], [ 98.854, 0.0807 ], [ 98.7832, 0.0963 ], [ 98.749, 0.071 ], [ 98.6893, 0.076 ] ] ], [ [ [ 97.8207, 0.5617 ], [ 97.8271, 0.5443 ], [ 97.7936, 0.5617 ], [ 97.781, 0.553 ], [ 97.779, 0.5803 ], [ 97.7669, 0.5576 ], [ 97.744, 0.5537 ], [ 97.7424, 0.5799 ], [ 97.7101, 0.5613 ], [ 97.6836, 0.5851 ], [ 97.6956, 0.6172 ], [ 97.6613, 0.6772 ], [ 97.6661, 0.701 ], [ 97.6325, 0.7986 ], [ 97.5448, 0.8872 ], [ 97.5696, 0.9218 ], [ 97.5407, 0.9383 ], [ 97.5508, 0.9501 ], [ 97.5366, 1.0085 ], [ 97.5807, 1.0066 ], [ 97.5963, 1.0206 ], [ 97.5901, 1.0348 ], [ 97.6489, 1.0008 ], [ 97.685, 1.0069 ], [ 97.6945, 0.9328 ], [ 97.7513, 0.9502 ], [ 97.8097, 0.9198 ], [ 97.8489, 0.9316 ], [ 97.8572, 0.8846 ], [ 97.9031, 0.8831 ], [ 97.895, 0.8254 ], [ 97.9119, 0.7986 ], [ 97.887, 0.7433 ], [ 97.9006, 0.6262 ], [ 97.8367, 0.5584 ], [ 97.8207, 0.5617 ] ] ] ] } },
{ "type": "Feature", "properties": { "province": "SUMATERA UTARA", "district": "NIAS UTARA", "id": "SUMATERA UTARA/NIAS UTARA", "name": "NIAS UTARA" }, "geometry": { "type": "Polygon", "coordinates": [ [ [ 97.4801, 1.113 ], [ 97.4889, 1.0928 ], [ 97.4775, 1.0874 ], [ 97.4463, 1.1192 ], [ 97.4497, 1.0965 ], [ 97.3695, 1.0788 ], [ 97.3201, 1.1589 ], [ 97.2958, 1.1682 ], [ 97.2844, 1.2057 ], [ 97.2574, 1.2163 ], [ 97.2496, 1.2586 ], [ 97.2069, 1.2675 ], [ 97.1546, 1.3623 ], [ 97.0975, 1.4073 ], [ 97.0737, 1.3899 ], [ 97.0607, 1.4149 ], [ 97.1365, 1.4319 ], [ 97.1714, 1.3954 ], [ 97.1888, 1.418 ], [ 97.2075, 1.4011 ], [ 97.2755, 1.4185 ], [ 97.2904, 1.449 ], [ 97.3458, 1.4819 ], [ 97.3515, 1.5034 ], [ 97.3346, 1.5241 ], [ 97.3494, 1.5414 ], [ 97.3909, 1.4999 ], [ 97.4222, 1.5179 ], [ 97.4416, 1.4725 ], [ 97.4834, 1.4789 ], [ 97.5213, 1.4234 ], [ 97.4707, 1.3467 ], [ 97.5102, 1.2745 ], [ 97.4835, 1.2142 ], [ 97.4909, 1.1602 ], [ 97.4689, 1.1251 ], [ 97.4801, 1.113 ] ] ] } },
{ "type": "Feature", "properties": { "province": "SUMATERA UTARA", "district": "PADANG LAWAS", "id": "SUMATERA UTARA/PADANG LAWAS", "name": "PADANG LAWAS" }, "geometry": { "type": "Polygon", "coordinates": [ [ [ 100.1389, 1.0369 ], [ 100.1666, 0.9984 ], [ 100.1395, 0.9842 ], [ 100.1479, 0.9658 ], [ 100.1284, 0.9368 ], [ 100.1379, 0.8442 ], [ 100.1239, 0.8469 ], [ 100.1193, 0.83 ], [ 100.1786, 0.7644 ], [ 99.9675, 0.8507 ], [ 99.953, 0.8779 ], [ 99.9668, 0.8954 ], [ 99.9529, 0.8779 ], [ 99.8716, 0.9074 ], [ 99.8407, 0.8929 ], [ 99.8395, 0.8175 ], [ 99.8004, 0.8571 ], [ 99.7446, 0.8651 ], [ 99.694, 0.9305 ], [ 99.704, 0.9456 ], [ 99.6471, 0.9185 ], [ 99.6012, 0.9511 ], [ 99.5863, 0.9708 ], [ 99.5973, 1.0064 ], [ 99.5695, 1.0417 ], [ 99.5813, 1.0635 ], [ 99.5467, 1.0709 ], [ 99.5136, 1.1297 ], [ 99.4333, 1.1832 ], [ 99.4191, 1.2273 ], [ 99.6261, 1.315 ], [ 99.7028, 1.3784 ], [ 99.7163, 1.4149 ], [ 99.7436, 1.4197 ], [ 99.8279, 1.4879 ], [ 99.8494, 1.5248 ], [ 99.8975, 1.5487 ], [ 99.9195, 1.5255 ], [ 99.9543, 1.3676 ], [ 99.9929, 1.382 ], [ 100.0254, 1.3569 ], [ 100.0294, 1.3261 ], [ 100.0744, 1.2761 ], [ 100.1207, 1.2541 ], [ 100.1354, 1.1683 ], [ 100.1838, 1.1248 ], [ 100.1418, 1.1172 ], [ 100.1232, 1.0941 ], [ 100.1389, 1.0369 ] ] ] } },
{ "type": "Feature", "properties": { "province": "SUMATERA UTARA", "district": "PADANG LAWAS UTARA", "id": "SUMATERA UTARA/PADANG LAWAS UTARA", "name": "PADANG LAWAS UTARA" }, "geometry": { "type": "Polygon", "coordinates": [ [ [ 99.4709, 1.2581 ], [ 99.4612, 1.2396 ], [ 99.4212, 1.2306 ], [ 99.4192, 1.2784 ], [ 99.3458, 1.429 ], [ 99.3998, 1.4136 ], [ 99.4036, 1.4836 ], [ 99.4413, 1.519 ], [ 99.3906, 1.5721 ], [ 99.4542, 1.5927 ], [ 99.4349, 1.6252 ], [ 99.4391, 1.6633 ], [ 99.465, 1.6726 ], [ 99.5114, 1.7263 ], [ 99.5506, 1.7175 ], [ 99.5708, 1.8111 ], [ 99.5481, 1.8636 ], [ 99.5764, 1.9097 ], [ 99.5451, 1.9512 ], [ 99.5545, 2.0085 ], [ 99.5723, 2.0295 ], [ 99.6247, 1.997 ], [ 99.618, 2.0416 ], [ 99.6835, 2.0365 ], [ 99.6906, 1.9696 ], [ 99.6775, 1.9373 ], [ 99.7047, 1.9299 ], [ 99.7468, 2.0037 ], [ 99.7914, 2.0247 ], [ 99.8465, 2.0167 ], [ 99.8284, 1.9936 ], [ 99.8419, 1.978 ], [ 99.8347, 1.9148 ], [ 99.8086, 1.9036 ], [ 99.8394, 1.7994 ], [ 99.746, 1.8298 ], [ 99.7058, 1.8187 ], [ 99.7022, 1.7628 ], [ 99.7335, 1.7241 ], [ 99.8166, 1.673 ], [ 99.8463, 1.637 ], [ 99.8992, 1.7163 ], [ 99.9128, 1.7156 ], [ 99.9533, 1.6246 ], [ 100.0034, 1.6404 ], [ 100.049, 1.7205 ], [ 100.0722, 1.7238 ], [ 100.1643, 1.6226 ], [ 100.1726, 1.5956 ], [ 100.3112, 1.5106 ], [ 100.3168, 1.4761 ], [ 100.2859, 1.4789 ], [ 100.2794, 1.4662 ], [ 100.3454, 1.4363 ], [ 100.2005, 1.3987 ], [ 100.0517, 1.395 ], [ 100.0254, 1.3569 ], [ 99.9929, 1.382 ], [ 99.9543, 1.3676 ], [ 99.9195, 1.5255 ], [ 99.8975, 1.5487 ], [ 99.8494, 1.5248 ], [ 99.8376, 1.4976 ], [ 99.7436, 1.4197 ], [ 99.7163, 1.4149 ], [ 99.7028, 1.3784 ], [ 99.6261, 1.315 ], [ 99.5785, 1.3045 ], [ 99.5624, 1.2794 ], [ 99.4709, 1.2581 ] ] ] } },
{ "type": "Feature", "properties": { "province": "SUMATERA UTARA", "district": "PAKPAK BHARAT", "id": "SUMATERA UTARA/PAKPAK BHARAT", "name": "PAKPAK BHARAT" }, "geometry": { "type": "Polygon", "coordinates": [ [ [ 98.2417, 2.3593 ], [ 98.2527, 2.2761 ], [ 98.1971, 2.3115 ], [ 98.1474, 2.4237 ], [ 98.0826, 2.5124 ], [ 98.0848, 2.6024 ], [ 98.1126, 2.6134 ], [ 98.104, 2.6821 ], [ 98.0696, 2.764 ], [ 98.1169, 2.785 ], [ 98.2464, 2.7102 ], [ 98.2716, 2.7203 ], [ 98.3307, 2.6957 ], [ 98.3564, 2.6609 ], [ 98.4225, 2.6356 ], [ 98.4655, 2.5604 ], [ 98.4491, 2.5258 ], [ 98.3997, 2.5201 ], [ 98.4174, 2.4803 ], [ 98.4036, 2.4661 ], [ 98.3629, 2.4658 ], [ 98.3382, 2.4251 ], [ 98.2887, 2.4213 ], [ 98.2933, 2.3379 ], [ 98.2417, 2.3593 ] ] ] } },
{ "type": "Feature", "properties": { "province": "SUMATERA UTARA", "district": "SAMOSIR", "id": "SUMATERA UTARA/SAMOSIR", "name": "SAMOSIR" }, "geometry": { "type": "MultiPolygon", "coordinates": [ [ [ [ 98.815, 2.4045 ], [ 98.8088, 2.3952 ], [ 98.8417, 2.3633 ], [ 98.8383, 2.3509 ], [ 98.7528, 2.4397 ], [ 98.6595, 2.4258 ], [ 98.6161, 2.399 ], [ 98.6109, 2.4534 ], [ 98.5818, 2.4866 ], [ 98.5106, 2.4871 ], [ 98.4737, 2.4646 ], [ 98.4458, 2.4871 ], [ 98.4174, 2.4803 ], [ 98.3997, 2.5201 ], [ 98.4491, 2.5258 ], [ 98.4669, 2.5528 ], [ 98.4905, 2.5469 ], [ 98.5523, 2.5815 ], [ 98.5731, 2.7311 ], [ 98.5945, 2.7331 ], [ 98.6268, 2.6845 ], [ 98.6157, 2.643 ], [ 98.6926, 2.6103 ], [ 98.673, 2.5769 ], [ 98.6895, 2.5657 ], [ 98.6562, 2.5607 ], [ 98.6936, 2.5331 ], [ 98.7154, 2.5505 ], [ 98.7493, 2.4911 ], [ 98.7685, 2.4791 ], [ 98.7793, 2.4379 ], [ 98.7961, 2.4405 ], [ 98.815, 2.4045 ] ] ], [ [ [ 98.9146, 2.4364 ], [ 98.8745, 2.4308 ], [ 98.8191, 2.4731 ], [ 98.8026, 2.4642 ], [ 98.7778, 2.509 ], [ 98.7843, 2.5488 ], [ 98.8422, 2.5805 ], [ 98.8342, 2.596 ], [ 98.7785, 2.5497 ], [ 98.7585, 2.5021 ], [ 98.7241, 2.5378 ], [ 98.6829, 2.642 ], [ 98.6962, 2.7303 ], [ 98.7263, 2.7588 ], [ 98.7969, 2.7324 ], [ 98.8304, 2.6845 ], [ 98.8636, 2.6725 ], [ 98.8517, 2.664 ], [ 98.8882, 2.622 ], [ 98.9077, 2.5654 ], [ 98.9741, 2.5083 ], [ 98.9915, 2.462 ], [ 98.9146, 2.4364 ] ] ] ] } },
{ "type": "Feature", "properties": { "province": "SUMATERA UTARA", "district": "SERDANG BEDAGAI", "id": "SUMATERA UTARA/SERDANG BEDAGAI", "name": "SERDANG BEDAGAI" }, "geometry": { "type": "Polygon", "coordinates": [ [ [ 99.008, 3.0721 ], [ 98.9996, 3.027 ], [ 98.9275, 3.0159 ], [ 98.9814, 3.0805 ], [ 98.9868, 3.124 ], [ 98.9649, 3.1438 ], [ 99.0052, 3.2055 ], [ 99.0215, 3.2036 ], [ 99.0397, 3.2281 ], [ 98.9897, 3.2066 ], [ 98.9399, 3.2075 ], [ 98.9648, 3.268 ], [ 98.9553, 3.2818 ], [ 98.9091, 3.2539 ], [ 98.8649, 3.2609 ], [ 98.8407, 3.2224 ], [ 98.786, 3.2165 ], [ 98.7872, 3.2372 ], [ 98.7765, 3.2142 ], [ 98.7481, 3.2148 ], [ 98.7707, 3.2625 ], [ 98.7795, 3.2509 ], [ 98.7851, 3.2584 ], [ 98.7961, 3.2984 ], [ 98.8448, 3.3374 ], [ 98.9191, 3.367 ], [ 98.9143, 3.449 ], [ 98.9368, 3.519 ], [ 98.9188, 3.6 ], [ 98.9385, 3.6245 ], [ 98.9436, 3.6756 ], [ 99.2085, 3.5303 ], [ 99.2487, 3.496 ], [ 99.25, 3.477 ], [ 99.3153, 3.4441 ], [ 99.2349, 3.2519 ], [ 99.2138, 3.2264 ], [ 99.1903, 3.2484 ], [ 99.1817, 3.237 ], [ 99.208, 3.2236 ], [ 99.2003, 3.2042 ], [ 99.172, 3.1969 ], [ 99.1572, 3.1672 ], [ 99.1179, 3.1473 ], [ 99.1128, 3.1585 ], [ 99.1129, 3.143 ], [ 99.0754, 3.1383 ], [ 99.0743, 3.1281 ], [ 99.0326, 3.1093 ], [ 99.008, 3.0721 ] ] ] } },
{ "type": "Feature", "properties": { "province": "SUMATERA UTARA", "district": "SIMALUNGUN", "id": "SUMATERA UTARA/SIMALUNGUN", "name": "SIMALUNGUN" }, "geometry": { "type": "Polygon", "coordinates": [ [ [ 99.1302, 2.7051 ], [ 99.0751, 2.6463 ], [ 99.0741, 2.6046 ], [ 99.0423, 2.6337 ], [ 98.9772, 2.6016 ], [ 98.961, 2.6139 ], [ 98.9582, 2.6471 ], [ 98.9248, 2.6742 ], [ 98.9241, 2.6967 ], [ 98.8956, 2.701 ], [ 98.7917, 2.7936 ], [ 98.6918, 2.8507 ], [ 98.6803, 2.8732 ], [ 98.6419, 2.8572 ], [ 98.5404, 2.8972 ], [ 98.5562, 3.0266 ], [ 98.5859, 3.0612 ], [ 98.5837, 3.0799 ], [ 98.607, 3.1043 ], [ 98.6247, 3.0635 ], [ 98.6734, 3.0713 ], [ 98.6945, 3.0518 ], [ 98.7302, 3.2203 ], [ 98.7515, 3.209 ], [ 98.8407, 3.2224 ], [ 98.8649, 3.2609 ], [ 98.9091, 3.2539 ], [ 98.9553, 3.2818 ], [ 98.9648, 3.268 ], [ 98.9399, 3.2075 ], [ 99.0052, 3.2055 ], [ 98.9649, 3.1438 ], [ 98.9869, 3.1236 ], [ 98.9807, 3.0785 ], [ 98.9275, 3.0159 ], [ 98.9776, 3.0188 ], [ 99.0, 3.0273 ], [ 99.0326, 3.1093 ], [ 99.1572, 3.1672 ], [ 99.208, 3.2236 ], [ 99.2304, 3.1997 ], [ 99.2407, 3.2524 ], [ 99.2634, 3.2563 ], [ 99.2693, 3.2768 ], [ 99.2945, 3.2728 ], [ 99.3086, 3.2998 ], [ 99.3442, 3.2877 ], [ 99.342, 3.238 ], [ 99.3581, 3.2135 ], [ 99.3725, 3.2458 ], [ 99.4064, 3.2524 ], [ 99.3631, 3.1511 ], [ 99.4915, 3.1219 ], [ 99.4821, 3.1119 ], [ 99.5465, 3.0982 ], [ 99.5659, 3.0775 ], [ 99.4451, 2.9315 ], [ 99.3983, 2.9149 ], [ 99.3713, 2.8833 ], [ 99.3335, 2.8944 ], [ 99.2656, 2.8605 ], [ 99.2483, 2.8125 ], [ 99.1302, 2.7051 ] ] ] } },
{ "type": "Feature", "properties": { "province": "SUMATERA UTARA", "district": "TAPANULI SELATAN", "id": "SUMATERA UTARA/TAPANULI SELATAN", "name": "TAPANULI SELATAN" }, "geometry": { "type": "MultiPolygon", "coordinates": [ [ [ [ 99.4401, 1.0099 ], [ 99.4431, 0.9806 ], [ 99.4217, 0.979 ], [ 99.3764, 1.0227 ], [ 99.3363, 1.0244 ], [ 99.2718, 1.097 ], [ 99.2631, 1.0556 ], [ 99.2402, 1.0421 ], [ 99.221, 1.0445 ], [ 99.2106, 1.0806 ], [ 99.1876, 1.0958 ], [ 99.1326, 1.1106 ], [ 99.118, 1.1011 ], [ 99.1386, 1.1592 ], [ 99.0494, 1.2047 ], [ 99.0294, 1.2722 ], [ 98.9706, 1.2999 ], [ 98.947, 1.3295 ], [ 98.9057, 1.2923 ], [ 98.8883, 1.3004 ], [ 98.8678, 1.2792 ], [ 98.8526, 1.286 ], [ 98.8372, 1.3545 ], [ 98.7797, 1.4316 ], [ 98.8429, 1.4309 ], [ 98.832, 1.4512 ], [ 98.8561, 1.4674 ], [ 98.9024, 1.4393 ], [ 98.9855, 1.4474 ], [ 98.9619, 1.46 ], [ 99.012, 1.4818 ], [ 98.9883, 1.5224 ], [ 99.0572, 1.6434 ], [ 99.0517, 1.7001 ], [ 99.0778, 1.6987 ], [ 99.1163, 1.6489 ], [ 99.1427, 1.6399 ], [ 99.258, 1.7443 ], [ 99.2823, 1.8171 ], [ 99.3308, 1.8159 ], [ 99.3494, 1.8747 ], [ 99.3395, 1.9049 ], [ 99.3646, 1.9369 ], [ 99.457, 1.9543 ], [ 99.4454, 2.0282 ], [ 99.4605, 2.1264 ], [ 99.5113, 2.1235 ], [ 99.5226, 2.0913 ], [ 99.5506, 2.0788 ], [ 99.5658, 2.0294 ], [ 99.545, 1.9518 ], [ 99.5552, 1.9213 ], [ 99.5764, 1.9097 ], [ 99.5481, 1.8636 ], [ 99.5708, 1.8111 ], [ 99.5506, 1.7175 ], [ 99.5114, 1.7263 ], [ 99.465, 1.6726 ], [ 99.4391, 1.6633 ], [ 99.4349, 1.6252 ], [ 99.4542, 1.5927 ], [ 99.3906, 1.5721 ], [ 99.4382, 1.5184 ], [ 99.4029, 1.4817 ], [ 99.3998, 1.4136 ], [ 99.3922, 1.4289 ], [ 99.3899, 1.4167 ], [ 99.3458, 1.429 ], [ 99.4192, 1.2784 ], [ 99.431, 1.1862 ], [ 99.5097, 1.1332 ], [ 99.4429, 1.1116 ], [ 99.428, 1.0923 ], [ 99.4243, 1.0716 ], [ 99.4444, 1.0524 ], [ 99.4401, 1.0099 ] ] ], [ [ [ 99.4367, 1.4753 ], [ 99.4443, 1.4449 ], [ 99.4354, 1.4321 ], [ 99.4189, 1.4469 ], [ 99.4231, 1.4765 ], [ 99.4367, 1.4753 ] ] ] ] } },
{ "type": "Feature", "properties": { "province": "SUMATERA UTARA", "district": "TAPANULI TENGAH", "id": "SUMATERA UTARA/TAPANULI TENGAH", "name": "TAPANULI TENGAH" }, "geometry": { "type": "MultiPolygon", "coordinates": [ [ [ [ 98.9135, 1.4476 ], [ 98.902, 1.4394 ], [ 98.8561, 1.4674 ], [ 98.832, 1.4512 ], [ 98.8429, 1.4309 ], [ 98.7797, 1.4316 ], [ 98.7647, 1.4947 ], [ 98.712, 1.5644 ], [ 98.7311, 1.5682 ], [ 98.7663, 1.5285 ], [ 98.7826, 1.5809 ], [ 98.8073, 1.5679 ], [ 98.8007, 1.5979 ], [ 98.8206, 1.6009 ], [ 98.8401, 1.6291 ], [ 98.8188, 1.6613 ], [ 98.8254, 1.6778 ], [ 98.7817, 1.7009 ], [ 98.7849, 1.7225 ], [ 98.8086, 1.7295 ], [ 98.7948, 1.7564 ], [ 98.7597, 1.7644 ], [ 98.7674, 1.7928 ], [ 98.7303, 1.7748 ], [ 98.7071, 1.7856 ], [ 98.6979, 1.7709 ], [ 98.6772, 1.7821 ], [ 98.6581, 1.7723 ], [ 98.447, 1.9997 ], [ 98.3772, 2.0165 ], [ 98.357, 2.0033 ], [ 98.3687, 2.0181 ], [ 98.34, 2.0464 ], [ 98.3101, 2.0332 ], [ 98.2833, 2.0428 ], [ 98.2661, 2.0267 ], [ 98.2609, 2.0642 ], [ 98.1305, 2.166 ], [ 98.1788, 2.2399 ], [ 98.1971, 2.3117 ], [ 98.2676, 2.2568 ], [ 98.2686, 2.2033 ], [ 98.3038, 2.1613 ], [ 98.4497, 2.0927 ], [ 98.5539, 2.074 ], [ 98.592, 2.083 ], [ 98.6128, 2.0178 ], [ 98.6871, 2.0183 ], [ 98.6794, 1.9895 ], [ 98.7084, 1.9661 ], [ 98.8071, 1.9565 ], [ 98.8249, 1.9117 ], [ 98.8138, 1.8862 ], [ 98.7909, 1.8894 ], [ 98.7885, 1.8615 ], [ 98.8158, 1.8685 ], [ 98.8918, 1.7544 ], [ 98.9853, 1.7719 ], [ 98.9696, 1.6784 ], [ 98.9892, 1.6508 ], [ 99.0534, 1.7124 ], [ 99.0572, 1.6434 ], [ 98.9883, 1.5224 ], [ 99.0137, 1.498 ], [ 99.0088, 1.4743 ], [ 98.9682, 1.4663 ], [ 98.9883, 1.4542 ], [ 98.9711, 1.4392 ], [ 98.9135, 1.4476 ] ] ], [ [ [ 98.4896, 1.6884 ], [ 98.5054, 1.6814 ], [ 98.4919, 1.656 ], [ 98.5344, 1.641 ], [ 98.5451, 1.6819 ], [ 98.5717, 1.6706 ], [ 98.5708, 1.6481 ], [ 98.5871, 1.6659 ], [ 98.6109, 1.6133 ], [ 98.4602, 1.6372 ], [ 98.4415, 1.6696 ], [ 98.456, 1.702 ], [ 98.4821, 1.7034 ], [ 98.4896, 1.6884 ] ] ], [ [ [ 97.9333, 2.8061 ], [ 97.9716, 2.8108 ], [ 97.9811, 2.8324 ], [ 97.9774, 2.7986 ], [ 97.9355, 2.7856 ], [ 97.9333, 2.8061 ] ] ] ] } },
{ "type": "Feature", "properties": { "province": "SUMATERA UTARA", "district": "TAPANULI UTARA", "id": "SUMATERA UTARA/TAPANULI UTARA", "name": "TAPANULI UTARA" }, "geometry": { "type": "MultiPolygon", "coordinates": [ [ [ [ 99.1542, 1.6536 ], [ 99.1427, 1.6399 ], [ 99.1163, 1.6489 ], [ 99.0516, 1.7141 ], [ 98.9892, 1.6508 ], [ 98.9696, 1.6784 ], [ 98.9853, 1.7719 ], [ 98.8918, 1.7544 ], [ 98.8158, 1.8685 ], [ 98.7855, 1.8685 ], [ 98.7909, 1.8894 ], [ 98.8138, 1.8862 ], [ 98.8249, 1.9117 ], [ 98.8071, 1.9565 ], [ 98.7255, 1.9587 ], [ 98.6794, 1.9895 ], [ 98.725, 2.1262 ], [ 98.8165, 2.1611 ], [ 98.8111, 2.1881 ], [ 98.9216, 2.2293 ], [ 98.9407, 2.2624 ], [ 98.9724, 2.2725 ], [ 98.971, 2.298 ], [ 98.9481, 2.3254 ], [ 98.8584, 2.3317 ], [ 98.8597, 2.3491 ], [ 98.9028, 2.3344 ], [ 98.9448, 2.3597 ], [ 98.9758, 2.3391 ], [ 98.9854, 2.3482 ], [ 99.0025, 2.2531 ], [ 99.0843, 2.2722 ], [ 99.1988, 2.2309 ], [ 99.2197, 2.1651 ], [ 99.2474, 2.1272 ], [ 99.2776, 2.1145 ], [ 99.3344, 2.1233 ], [ 99.3896, 2.1691 ], [ 99.4357, 2.1238 ], [ 99.4595, 2.1262 ], [ 99.4454, 2.0282 ], [ 99.4576, 1.9552 ], [ 99.3649, 1.9372 ], [ 99.3393, 1.9041 ], [ 99.3466, 1.8535 ], [ 99.3119, 1.8302 ], [ 99.2877, 1.8373 ], [ 99.258, 1.7443 ], [ 99.1542, 1.6536 ] ] ], [ [ [ 98.8946, 2.3483 ], [ 98.8841, 2.3634 ], [ 98.9016, 2.3823 ], [ 98.9112, 2.3536 ], [ 98.8946, 2.3483 ] ] ] ] } },
{ "type": "Feature", "properties": { "province": "SUMATERA UTARA", "district": "TOBA SAMOSIR", "id": "SUMATERA UTARA/TOBA SAMOSIR", "name": "TOBA SAMOSIR" }, "geometry": { "type": "Polygon", "coordinates": [ [ [ 99.2932, 2.1127 ], [ 99.2474, 2.1272 ], [ 99.208, 2.1863 ], [ 99.1988, 2.2309 ], [ 99.0843, 2.2722 ], [ 99.0022, 2.2534 ], [ 98.9893, 2.3371 ], [ 98.9991, 2.3215 ], [ 99.0283, 2.3639 ], [ 99.0539, 2.3347 ], [ 99.0828, 2.3448 ], [ 99.114, 2.3759 ], [ 99.1475, 2.3846 ], [ 99.1545, 2.4197 ], [ 99.13, 2.438 ], [ 99.0989, 2.406 ], [ 99.0483, 2.3956 ], [ 99.0585, 2.4429 ], [ 99.0405, 2.5115 ], [ 98.9244, 2.5853 ], [ 98.908, 2.6287 ], [ 98.9248, 2.6538 ], [ 98.9582, 2.6471 ], [ 98.961, 2.6139 ], [ 98.9772, 2.6016 ], [ 99.0423, 2.6337 ], [ 99.0981, 2.5729 ], [ 99.1614, 2.568 ], [ 99.1837, 2.5329 ], [ 99.2136, 2.5237 ], [ 99.2304, 2.5448 ], [ 99.2567, 2.5412 ], [ 99.3039, 2.5743 ], [ 99.3088, 2.5541 ], [ 99.3863, 2.5638 ], [ 99.4257, 2.5976 ], [ 99.4154, 2.5605 ], [ 99.4586, 2.6007 ], [ 99.4429, 2.5625 ], [ 99.4612, 2.5508 ], [ 99.4506, 2.5018 ], [ 99.4192, 2.46 ], [ 99.5031, 2.3953 ], [ 99.5196, 2.3994 ], [ 99.5098, 2.4141 ], [ 99.524, 2.4602 ], [ 99.5198, 2.3513 ], [ 99.5828, 2.3281 ], [ 99.585, 2.3134 ], [ 99.549, 2.3071 ], [ 99.537, 2.2481 ], [ 99.482, 2.2427 ], [ 99.4171, 2.2134 ], [ 99.4092, 2.1828 ], [ 99.3694, 2.1436 ], [ 99.2932, 2.1127 ] ] ] } }
]
}
